action,source_id,target_source_id,chunk_id,claim_id,tier_from,tier_to,tier_before_1008,verified_title_from,evidence,title
SET_TIER_BY_SPEC,src_ae1a4594498309f6,,chk_c5e27029c994e910|chk_76a3b541bd8f7e27,A1-020|A2-046,4,3,3,,"EVIDENCE_TIER_SPEC.md section 3 tier 3 = controlled trials, cohort and primary peer-reviewed research; PubMed 31379253: Journal Article; primary study: 6-week intervention, 33 junior tennis players, three practice groups",Enhancing skill transfer in tennis using representative learning design
SET_TIER_BY_SPEC,src_9c9f4b290773f51e,,chk_5b260c255c431989|chk_4584bf23a41203a6,A1-021|A2-047,4,3,3,,"EVIDENCE_TIER_SPEC.md section 3 tier 3 = controlled trials, cohort and primary peer-reviewed research; PubMed 28905685: Journal Article; primary study: 4-round Delphi study developing and validating a practice assessment tool",Helping coaches apply the principles of representative learning design: validati
SET_TIER_BY_SPEC,src_49ce1140e323ce20,,,,4,4,4,,"EVIDENCE_TIER_SPEC.md section 3 tier 4 = narrative reviews, opinion, editorials, commentary; PubMed 29433921: Journal Article, Review; narrative review: abstract describes a ""short literature review and opinion article""",Modified perceptual training in sport: A new classification framework
SET_TIER_BY_SPEC,src_360144ca30330cbd,,chk_66998929dcaf0013,A2-097,4,4,4,,"EVIDENCE_TIER_SPEC.md section 3 tier 4 = narrative reviews, opinion, editorials, commentary; PubMed 34049152: Journal Article; review: historical overview plus a review of 20 years of literature; PubMed indexes it as Journal Article only","Individual differences in motor skill learning: Past, present and future"
SET_TIER_BY_SPEC,src_02ac7d718015f5fc,,chk_99909b5069825b63|chk_d808c87759076666|chk_7fb3a128257dc4c3,A1-057|A2-004|A2-011,4,3,3,,"EVIDENCE_TIER_SPEC.md section 3 tier 3 = controlled trials, cohort and primary peer-reviewed research; PubMed 41463652: Journal Article; primary study: 10 amateur boxers, force plates, pre/post fatigue",The Role of Lower Limb Kinetics in Boxing Punches and the Impact of Fatigue on B
SET_TIER_BY_SPEC,src_2b13e10db18c4be2,,chk_69ed9e41eb310f50|chk_d0b1a1719b2adf46|chk_8ccbb577ffe31976|chk_0dba4f8754809808,A1-061|A3-028|A5-007|A7-068,4,4,4,,"EVIDENCE_TIER_SPEC.md section 3 tier 4 = narrative reviews, opinion, editorials, commentary; PubMed 25358529: Journal Article, Review; narrative review of boxer physical and physiological attributes",Amateur Boxing: Physical and Physiological Attributes
SET_TIER_BY_SPEC,src_7383361f54acaff2,,chk_5ab1ec9466262a5b|chk_d01015e24b06d3ec,A1-064|A2-003,4,3,3,,"EVIDENCE_TIER_SPEC.md section 3 tier 3 = controlled trials, cohort and primary peer-reviewed research; PubMed 24404907: Journal Article; primary study: 9 expert boxers, motion capture and accelerometer",Transfer of momentum from different arm segments to a light movable target durin
SET_TIER_BY_SPEC,src_83658722e5cff5d1,,chk_764c21a2bd0ac389|chk_c07ee8423c222d2e|chk_13bb82084c38fead|chk_5a0fbc0272da9d0a|chk_48a06769d1bd9987,A1-067|A3-045|A5-082|B1-064|B3-020,2,2,2,,"EVIDENCE_TIER_SPEC.md section 3 tier 2 = systematic reviews and meta-analyses; PubMed 37862081: Meta-Analysis, Systematic Review, Journal Article; systematic review and meta-analysis (PRISMA)",A Systematic Review and Meta-Analysis Investigating Head Trauma in Boxing
SET_TIER_BY_SPEC,src_606873807a38d054,,chk_beb8357cb9f33a17|chk_52387296e325eaad,A2-080|A3-046,2,2,2,,"EVIDENCE_TIER_SPEC.md section 3 tier 2 = systematic reviews and meta-analyses; PubMed 17916811: Journal Article, Meta-Analysis, Systematic Review; systematic review of observational studies (MOOSE)",Amateur boxing and risk of chronic traumatic brain injury: systematic review of 
SET_TIER_BY_SPEC,src_1e9a92bf4787b14b,,chk_fb5ffbf050dacb9d|chk_6256f627807b8f70,A2-013|A3-030,4,4,4,,"EVIDENCE_TIER_SPEC.md section 3 tier 4 = narrative reviews, opinion, editorials, commentary; PubMed 35836314: Journal Article, Review; narrative review of strength and punch impact force",The Role of Strength on Punch Impact Force in Boxing
SET_TIER_BY_SPEC,src_07a12a44088278f0,,chk_3c2d40e8a740b3f2|chk_69977396b88863ae,A2-036|B2-035,4,3,3,,"EVIDENCE_TIER_SPEC.md section 3 tier 3 = controlled trials, cohort and primary peer-reviewed research; PubMed 41024724: Journal Article; primary study: 84 novice players randomised to 7 practice groups",Effect of Contextual Interference and Differential Learning on Motor Skill Devel
SET_TIER_BY_SPEC,src_a43f5d5523ba4e3b,,chk_6f305d9ee71ad4e5|chk_782e8ea60d7e6156|chk_59512a637c9c67b9|chk_952cdeeee8d13aae,A2-073|A3-053|A5-095|B1-065,4,1,4,,"EVIDENCE_TIER_SPEC.md section 3 tier 1 = consensus statements and position stands (governing-body and professional-society statements); PubMed 37559553: Journal Article, Consensus Statement; position statement of the Association of Ringside Physicians",Headguard use in combat sports: position statement of the Association of Ringsid
SET_TIER_BY_SPEC,src_9fe2690355aaa819,,chk_fd1f4dcdd388f2b5|chk_c15610571b7f049c|chk_624d139e6e18cdca,A2-075|A3-056|A5-097,4,4,2,,"EVIDENCE_TIER_SPEC.md section 3 tier 4 = narrative reviews, opinion, editorials, commentary; PubMed 40377858: Journal Article; current opinion article",The Case for Protective Headguards in Amateur Boxing and Implications for Intern
SET_TIER_BY_SPEC,src_04799ac793776425,,chk_08117dc52c83bb2f|chk_09f6f33430ccb838,A3-043|A5-074,4,3,4,,"EVIDENCE_TIER_SPEC.md section 3 tier 3 = controlled trials, cohort and primary peer-reviewed research; PubMed 25376728: Journal Article, Research Support, Non-U.S. Gov't; primary study: prospective injury survey of 44 competitive boxers",Injuries in Competitive Boxing. A Prospective Study
SET_TIER_BY_SPEC,src_7c83077fe2582df8,,chk_58d60e19aa382422|chk_d5a5324946525946,A3-060|A5-094,2,2,2,,"EVIDENCE_TIER_SPEC.md section 3 tier 2 = systematic reviews and meta-analyses; PubMed 37316182: Meta-Analysis, Systematic Review, Journal Article; systematic review and meta-analysis (PROSPERO-registered)",Prevention strategies and modifiable risk factors for sport-related concussions 
SET_TIER_BY_SPEC,src_0f5b11a6ddf2ef1b,,chk_e8f37844318c2299|chk_31c45d686b952ed4|chk_4bf69bd31889d50c|chk_3be18c5145dc3b69|chk_0d71b4526a888cb4,A3-074|A5-113|B1-069|B2-022|B6-043,4,1,4,,"EVIDENCE_TIER_SPEC.md section 3 tier 1 = consensus statements and position stands (governing-body and professional-society statements); PubMed 19620931: Comparative Study, Journal Article, Review; position statement of the National Strength and Conditioning Association",Youth Resistance Training: Updated Position Statement Paper From the National St
SET_TIER_BY_SPEC,src_4215cbfcface6504,,chk_7d316cfd68506f86|chk_ea9353111b08d2b3,A3-110|A5-118,3,2,2,,"EVIDENCE_TIER_SPEC.md section 3 tier 2 = systematic reviews and meta-analyses; PubMed 32661839: Journal Article, Systematic Review, Network Meta-Analysis; systematic review with (network) meta-analysis",The Effects of Menstrual Cycle Phase on Exercise Performance in Eumenorrheic Wom
SET_TIER_BY_SPEC,src_b1999e45c85bae34,,chk_b3adef3f1ae7bb1d|chk_27ba941e8e2093a8,A4-043|B3-053,3,1,3,,"EVIDENCE_TIER_SPEC.md section 3 tier 1 = consensus statements and position stands (governing-body and professional-society statements); PubMed 24463910: Journal Article, Review; PubMed 24366013: Journal Article, Review; position statement of the American Medical Society for Sports Medicine",Overuse injuries and burnout in youth sports: a position statement from the Amer
SET_TIER_BY_SPEC,src_00c5cf14f2692175,,chk_e1096ae2ee7f8fa2|chk_5c408aead22b31ea|chk_566151a90a7d57c5|chk_b7b84d921fad55bd,A4-062|B1-031|B2-030|B6-002,3,1,3,,"EVIDENCE_TIER_SPEC.md section 3 tier 1 = consensus statements and position stands (governing-body and professional-society statements); PubMed 26084527: Journal Article, Review; IOC-issued safeguarding recommendations (PubMed types it Review); owner may override; PROVISIONAL (owner may override)","Safeguarding the child athlete in sport: a review, a framework and recommendatio"
SET_TIER_BY_SPEC,src_f176039eb7ccdcdd,,chk_cb4c0e490e83e827|chk_170c95d71dc6eae8,A5-040|B6-035,2,2,2,,"EVIDENCE_TIER_SPEC.md section 3 tier 2 = systematic reviews and meta-analyses; PubMed 26423706: Journal Article, Research Support, Non-U.S. Gov't, Systematic Review; systematic review of 56 studies",Monitoring the athlete training response: subjective self-reported measures trum
SET_TIER_BY_SPEC,src_f0f72349d5029e9c,,chk_144e435dd93778c4|chk_13141d3a9cebb9e2,A5-073|A6-013,4,3,4,,"EVIDENCE_TIER_SPEC.md section 3 tier 3 = controlled trials, cohort and primary peer-reviewed research; PubMed 37193531: Journal Article; primary study: injury surveillance of 235 boxers at one championship",Injury surveillance during elite women's national boxing championship in India
SET_TIER_BY_SPEC,src_9b44730ebb92f513,,chk_898318e7b7e884cb,A5-075,3,3,3,,"EVIDENCE_TIER_SPEC.md section 3 tier 3 = controlled trials, cohort and primary peer-reviewed research; PubMed 15665199: Journal Article; primary study: ocular records of 956 boxers over 16 years with 80 controls; owner may override; PROVISIONAL (owner may override)",Ocular complications of boxing
SET_TIER_BY_SPEC,src_1f93a95cc72950c3,,chk_9cef86075710f624|chk_0bc9498fb74d149e|chk_3178b759d015e899|chk_fff8b01b836b254b,A5-079|B2-020|B3-021|B4-014,4,3,4,,"EVIDENCE_TIER_SPEC.md section 3 tier 3 = controlled trials, cohort and primary peer-reviewed research; PubMed 37948285: Journal Article, Research Support, Non-U.S. Gov't; primary study: instrumented mouthguards on 22 cadets",Measurement of Head Kinematics Using Instrumented Mouthguards During Introductor
SET_TIER_BY_SPEC,src_eacdd76be260882e,,chk_5828c36b19976807|chk_43acbedd427b4f2c,A5-124|A7-004,4,4,3,,"EVIDENCE_TIER_SPEC.md section 3 tier 4 = narrative reviews, opinion, editorials, commentary; PubMed 39287777: Journal Article, Review; narrative critical review",Does Relative Energy Deficiency in Sport (REDs) Syndrome Exist?
SET_TIER_BY_SPEC,src_b6292c09e6883927,,chk_dd082f359edda84c|chk_caba73ed2ca23478,A5-091|A6-094,4,3,4,,"EVIDENCE_TIER_SPEC.md section 3 tier 3 = controlled trials, cohort and primary peer-reviewed research; PubMed 31551732: Journal Article; primary study: 20 amateur boxers after sparring vs 20 controls (TMS, EMG, memory); not in the lane list of changes -- set by the spec, owner may override; PROVISIONAL (owner may override)",Understanding the Consequences of Repetitive Subconcussive Head Impacts in Sport
MERGE_DUPLICATE,src_7a531f4464e16a38,src_f93352cde371c9f9,chk_a90b6f92025db8bf,A3-022,3,3,3,,same paper: PubMed 24572964 (this row's PMID) carries doi 10.1123/IJSPP.2013-0006 = the target row's DOI,The energetics of semicontact 3 x 2-min amateur boxing.
MERGE_DUPLICATE,src_9307cce068abb7d8,src_e769b84d1a7e7781,chk_c3236416e245921b|chk_0b37aadaa6cf7514|chk_21cc6b83e87525c9|chk_b35383a064f86bd2|chk_cc043c8e03a13a17,A3-051|A6-058|A8-038|A8-079|B3-048,1,1,1,,same paper: PubMed 21873697 (this row's PMID) carries doi 10.1542/peds.2011-1165 = the target row's DOI,Policy statement—Boxing participation by children and adolescents.
MERGE_DUPLICATE,src_ad4617c1c507aa04,src_f01b3100d054b184,chk_113d212a1302b757,A3-083,2,2,2,,same paper: PubMed 17762369 (this row's PMID) carries doi 10.1249/mss.0b013e31806010e0 = the target row's DOI,Effects of tapering on performance: a meta-analysis.
MERGE_DUPLICATE,src_8b938b8efcdf5996,src_e8c041af371947bd,chk_19842182719ac1ff,A6-002,3,3,3,,same paper: PubMed 28344531 (this row's PMID) carries doi 10.1177/1558944716642756 = the target row's DOI,Hand and Wrist Injuries in Elite Boxing: A Longitudinal Prospective Study (2005-
SET_TIER_BY_SPEC,src_f93352cde371c9f9,,chk_a90b6f92025db8bf|chk_5d21a2677ca974d6,A3-022|A5-002,3,3,3,,"EVIDENCE_TIER_SPEC.md section 3 tier 3 = controlled trials, cohort and primary peer-reviewed research; PubMed 24572964: Journal Article; primary study: energetics of a semicontact bout, 10 boxers",The Energetics of Semicontact 3 × 2-min Amateur Boxing
SET_TIER_BY_SPEC,src_e769b84d1a7e7781,,chk_c3236416e245921b|chk_a0ba4d29381abaf7|chk_0b37aadaa6cf7514|chk_21cc6b83e87525c9|chk_b35383a064f86bd2|chk_cc043c8e03a13a17,A3-051|A5-151|A6-058|A8-038|A8-079|B3-048,4,1,4,,"EVIDENCE_TIER_SPEC.md section 3 tier 1 = consensus statements and position stands (governing-body and professional-society statements); PubMed 21873697: Consensus Statement, Journal Article; American Academy of Pediatrics policy statement",Boxing Participation by Children and Adolescents
SET_TIER_BY_SPEC,src_f01b3100d054b184,,chk_113d212a1302b757|chk_56a1158dcff5170b,A3-083|A5-062,2,2,2,,"EVIDENCE_TIER_SPEC.md section 3 tier 2 = systematic reviews and meta-analyses; PubMed 17762369: Journal Article, Meta-Analysis; meta-analysis",Effects of Tapering on Performance
SET_TIER_BY_SPEC,src_e8c041af371947bd,,chk_e832a0635d1af3ad|chk_19842182719ac1ff,A5-068|A6-002,3,3,3,,"EVIDENCE_TIER_SPEC.md section 3 tier 3 = controlled trials, cohort and primary peer-reviewed research; PubMed 28344531: Journal Article; primary study: longitudinal prospective injury surveillance of the GB squad",Hand and Wrist Injuries in Elite Boxing
DELETE_DEAD_BOGUS_SOURCE,src_f47a5187b38b172d,,,,,,2,,"PMID 1778075 is a numeric segment of corpus DOI 10.1080/14763141.2020.1778075; PubMed 1778075 = ""Current perspectives on anxiety disorders in children and adolescents:"" (Compr Psychiatry 1991; doi 10.1016/0010-440x(91)90027-a, not in the corpus); no chunk, document or seed file references it",Current perspectives on anxiety disorders in children and adolescents: an overvi
DELETE_DEAD_BOGUS_SOURCE,src_1265786e255add66,,,,,,3,,"PMID 1916085 is a numeric segment of corpus DOI 10.1080/17461391.2021.1916085; PubMed 1916085 = ""Indirect costs: FASEB looks for the answers."" (FASEB J 1991; doi 10.1096/fasebj.5.12.1916085, not in the corpus); no chunk, document or seed file references it",Indirect costs: FASEB looks for the answers.
DELETE_DEAD_BOGUS_SOURCE,src_8b0d3b0720230fe6,,,,,,2,,"PMID 2072265 is a numeric segment of corpus DOI 10.1080/00222895.2022.2072265; PubMed 2072265 = ""An Asian patient: how does culture affect care? A family member respon"" (J Christ Nurs 1991; doi 10.1097/00005217-199108030-00003, not in the corpus); no chunk, document or seed file references it",An Asian patient: how does culture affect care? A family member responds: please
DELETE_DEAD_BOGUS_SOURCE,src_9ee26cd8b5525aab,,,,,,3,,"PMID 2325683 is a numeric segment of corpus DOI 10.1080/02701367.2024.2325683; PubMed 2325683 = ""Parkinson's disease: a reduced ability to shift to a new grouping if n"" (Mov Disord 1990; doi 10.1002/mds.870050218, not in the corpus); no chunk, document or seed file references it",Parkinson's disease: a reduced ability to shift to a new grouping if not prompte
DELETE_DEAD_BOGUS_SOURCE,src_5c379d755a71544a,,,,,,2,,"PMID 1555906 is a numeric segment of corpus DOI 10.1080/02640414.2018.1555906; PubMed 1555906 = ""Effects of iron supplementation in female athletes with low serum ferr"" (Int J Sports Med 1992; doi 10.1055/s-2007-1021248, not in the corpus); no chunk, document or seed file references it",Effects of iron supplementation in female athletes with low serum ferritin conce
DELETE_DEAD_BOGUS_SOURCE,src_9f3942f344cee368,,,,,,3,,"PMID 1228421 is a numeric segment of corpus DOI 10.1080/00913847.2016.1228421; PubMed 1228421 = ""[Lessons of physical climatology for physicians]."" (Minerva Ecol Idroclimatol Fis Sanit 1975; doi none, not in the corpus); no chunk, document or seed file references it",[Lessons of physical climatology for physicians].
DELETE_DEAD_BOGUS_SOURCE,src_23b516d709ede63a,,,,,,2,,"PMID 1718529 is a numeric segment of corpus DOI 10.1080/17437199.2020.1718529; PubMed 1718529 = ""Evaluation of palliative surgical procedures in unresectable pancreati"" (Br J Surg 1991; doi 10.1002/bjs.1800780909, not in the corpus); no chunk, document or seed file references it",Evaluation of palliative surgical procedures in unresectable pancreatic cancer.
DELETE_DEAD_BOGUS_SOURCE,src_9a5aac26caf0b9a2,,,,,,3,,"PMID 2185699 is a numeric segment of corpus DOI 10.1080/10413200.2023.2185699; PubMed 2185699 = ""Haemophilus infection in cystic fibrosis."" (Arch Dis Child 1990; doi 10.1136/adc.65.3.255, not in the corpus); no chunk, document or seed file references it",Haemophilus infection in cystic fibrosis.
DELETE_DEAD_BOGUS_SOURCE,src_055eed241e48688d,,,,,,3,,"PMID 2268555 is a numeric segment of corpus DOI 10.1080/17430437.2023.2268555; PubMed 2268555 = ""Rates of dissociation of steroid and thyroid hormones from human serum"" (J Steroid Biochem Mol Biol 1990; doi 10.1016/0960-0760(90)90333-g, not in the corpus); no chunk, document or seed file references it",Rates of dissociation of steroid and thyroid hormones from human serum albumin.
DELETE_DEAD_BOGUS_SOURCE,src_ff1b021436693b69,,,,,,3,,"PMID 1930951 is a numeric segment of corpus DOI 10.1080/14413523.2021.1930951; PubMed 1930951 = ""A principal components analysis of the Comprehensive Test of Adaptive "" (Am J Ment Retard 1991; doi none, not in the corpus); no chunk, document or seed file references it",A principal components analysis of the Comprehensive Test of Adaptive Behavior.
DELETE_DEAD_BOGUS_SOURCE,src_7cd7d117ede43127,,,,,,3,,"PMID 2487754 is a numeric segment of corpus DOI 10.1080/21640629.2025.2487754; PubMed 2487754 = ""Characteristics of lead adaptation in a rat kidney cell line. I. Uptak"" (Mol Toxicol 1989; doi none, not in the corpus); no chunk, document or seed file references it",Characteristics of lead adaptation in a rat kidney cell line. I. Uptake and subc
DELETE_DEAD_BOGUS_SOURCE,src_728bf6e8e1413257,,,,,,3,,"PMID 1086447 is a numeric segment of corpus DOI 10.1080/10413200.2015.1086447; PubMed 1086447 = ""Tuberculosis in the paediatric population."" (N Z Med J 1976; doi none, not in the corpus); no chunk, document or seed file references it",Tuberculosis in the paediatric population.
DELETE_DEAD_BOGUS_SOURCE,src_04f3cca2743a7757,,,,,,3,,"PMID 1765007 is a numeric segment of corpus DOI 10.1080/24733938.2020.1765007; PubMed 1765007 = ""Glucose transporter gene expression in early mouse embryos."" (Development 1991; doi 10.1242/dev.113.1.363, not in the corpus); no chunk, document or seed file references it",Glucose transporter gene expression in early mouse embryos.
DELETE_DEAD_BOGUS_SOURCE,src_d694405d424675f2,,,,,,2,,"PMID 1736183 is a numeric segment of corpus DOI 10.1080/17461391.2020.1736183; PubMed 1736183 = ""Anti-inflammatory agents as a therapeutic approach to Alzheimer's dise"" (Neurology 1992; doi 10.1212/wnl.42.2.447, not in the corpus); no chunk, document or seed file references it",Anti-inflammatory agents as a therapeutic approach to Alzheimer's disease.
DELETE_DEAD_BOGUS_SOURCE,src_f7f15a8d9cd2a1a2,,,,,,3,,"PMID 1616826 is a numeric segment of corpus DOI 10.1080/17461391.2019.1616826; PubMed 1616826 = ""The influence of aging on the stereoselective pharmacokinetics of prop"" (Chirality 1992; doi 10.1002/chir.530040202, not in the corpus); no chunk, document or seed file references it",The influence of aging on the stereoselective pharmacokinetics of propranolol in
DELETE_DEAD_BOGUS_SOURCE,src_79d5bd7bc1be0ef3,,,,,,3,,"PMID 1358224 is a numeric segment of corpus DOI 10.3389/fspor.2024.1358224; PubMed 1358224 = ""Regional intra-arterial thrombolytic treatment of venous gangrene of t"" (Eur J Surg 1992; doi none, not in the corpus); no chunk, document or seed file references it",Regional intra-arterial thrombolytic treatment of venous gangrene of the foot.
DELETE_DEAD_BOGUS_SOURCE,src_a3cf4368b8ade116,,,,,,3,,"PMID 1955604 is a numeric segment of corpus DOI 10.1080/00913847.2021.1955604; PubMed 1955604 = ""Mothers' and sons' cognitive and emotional reactions to stimulated mar"" (J Consult Clin Psychol 1991; doi 10.1037//0022-006x.59.5.692, not in the corpus); no chunk, document or seed file references it",Mothers' and sons' cognitive and emotional reactions to stimulated marital and f
DELETE_DEAD_BOGUS_SOURCE,src_91f0d454a10a6fa4,,,,,,2,,"PMID 2057417 is a numeric segment of corpus DOI 10.1080/10408398.2022.2057417; PubMed 2057417 = ""[Comparison of the diagnostic value of echocardiographic, ecg and enzy"" (Pol Arch Med Wewn 1991; doi none, not in the corpus); no chunk, document or seed file references it","[Comparison of the diagnostic value of echocardiographic, ecg and enzymatic inve"
DELETE_DEAD_BOGUS_SOURCE,src_5e54ca6b3b0cfbdc,,,,,,2,,"PMID 2449812 is a numeric segment of corpus DOI 10.1080/00913847.2025.2449812; PubMed 2449812 = ""Viroids: molecular infectious agents."" (Acta Virol 1987; doi none, not in the corpus); no chunk, document or seed file references it",Viroids: molecular infectious agents.
DELETE_DEAD_BOGUS_SOURCE,src_62cbc814c6c7767e,,,,,,3,,"PMID 1581698 is a numeric segment of corpus DOI 10.3389/fnut.2025.1581698; PubMed 1581698 = ""[Terson syndrome. Complicated clinical course]."" (Ophthalmologe 1992; doi none, not in the corpus); no chunk, document or seed file references it",[Terson syndrome. Complicated clinical course].
DELETE_DEAD_BOGUS_SOURCE,src_0185518d337b2fda,,,,,,1,,"PMID 2204066 is a numeric segment of corpus DOI 10.1080/15502783.2023.2204066; PubMed 2204066 = ""Purification to homogeneity and partial characterization of cytotoxic "" (Proc Natl Acad Sci U S A 1990; doi 10.1073/pnas.87.17.6808, not in the corpus); no chunk, document or seed file references it",Purification to homogeneity and partial characterization of cytotoxic lymphocyte
DELETE_DEAD_BOGUS_SOURCE,src_c43dcd322b570df3,,,,,,3,,"PMID 1297489 is a numeric segment of corpus DOI 10.1080/17461391.2017.1297489; PubMed 1297489 = ""[Adaptation to anthropogenic chemical compounds in human applied ecolo"" (Aviakosm Ekolog Med 1992; doi none, not in the corpus); no chunk, document or seed file references it",[Adaptation to anthropogenic chemical compounds in human applied ecology].
DELETE_DEAD_BOGUS_SOURCE,src_ff6c95d9a1e19003,,,,,,3,,"PMID 1298003 is a numeric segment of corpus DOI 10.3389/fspor.2023.1298003; PubMed 1298003 = ""[Weight gain during antidepressant therapy]."" (Psychiatr Pol 1992; doi none, not in the corpus); no chunk, document or seed file references it",[Weight gain during antidepressant therapy].
DELETE_DEAD_BOGUS_SOURCE,src_ba3db705e5e557c5,,,,,,3,,"PMID 2561346 is a numeric segment of corpus DOI 10.1080/02640414.2025.2561346; PubMed 2561346 = ""Structural analysis of prokaryotic and eukaryotic 5S rRNAs by RNase H."" (Biochimie 1989; doi 10.1016/0300-9084(89)90022-9, not in the corpus); no chunk, document or seed file references it",Structural analysis of prokaryotic and eukaryotic 5S rRNAs by RNase H.
DELETE_DEAD_BOGUS_SOURCE,src_67b1c387aa543202,,,,,,3,,"PMID 2416812 is a numeric segment of corpus DOI 10.1080/02640414.2024.2416812; PubMed 2416812 = ""Human T4+ lymphocytes produce a phagocytosis-inducing factor (PIF) dis"" (J Immunol 1986; doi none, not in the corpus); no chunk, document or seed file references it",Human T4+ lymphocytes produce a phagocytosis-inducing factor (PIF) distinct from
DELETE_DEAD_BOGUS_SOURCE,src_89997485cb458902,,,,,,3,,"PMID 1430719 is a numeric segment of corpus DOI 10.3389/fspor.2024.1430719; PubMed 1430719 = ""Determinants of weight gain in pregnant adolescents."" (J Am Diet Assoc 1992; doi none, not in the corpus); no chunk, document or seed file references it",Determinants of weight gain in pregnant adolescents.
DELETE_DEAD_BOGUS_SOURCE,src_b5d165cc8a972a80,,,,,,3,,"PMID 1468209 is a numeric segment of corpus DOI 10.3389/fspor.2024.1468209; PubMed 1468209 = ""Partial protein sequence of the globular domain of alpha 4(IV) collage"" (Connect Tissue Res 1992; doi 10.3109/03008209209015039, not in the corpus); no chunk, document or seed file references it",Partial protein sequence of the globular domain of alpha 4(IV) collagen chain: s
DELETE_DEAD_BOGUS_SOURCE,src_ace39b22e37c86a7,,,,,,3,,"PMID 1465599 is a numeric segment of corpus DOI 10.1080/17461391.2018.1465599; PubMed 1465599 = ""Confidentiality: jaded ideal or relevant aspiration."" (S D J Med 1992; doi none, not in the corpus); no chunk, document or seed file references it",Confidentiality: jaded ideal or relevant aspiration.
DELETE_DEAD_BOGUS_SOURCE,src_26f66c9b5400d0fb,,,,,,1,,"PMID 10538712 is a numeric segment of corpus DOI 10.1080/10538712.2022.2133042; PubMed 10538712 = ""Ten predictions of the future of electronic medical record systems."" (Hosp Q 1999; doi 10.12927/hcq..16554, not in the corpus); no chunk, document or seed file references it",Ten predictions of the future of electronic medical record systems.
DELETE_DEAD_BOGUS_SOURCE,src_78b11092915d061d,,,,,,1,,"PMID 2133042 is a numeric segment of corpus DOI 10.1080/10538712.2022.2133042; PubMed 2133042 = ""Brain neurotransmitter changes in three patients who had a fatal hyper"" (Am J Psychiatry 1990; doi 10.1176/ajp.147.10.1358, not in the corpus); no chunk, document or seed file references it",Brain neurotransmitter changes in three patients who had a fatal hyperthermia sy
DELETE_DEAD_BOGUS_SOURCE,src_d27f8e431727c2e7,,,,,,3,,"PMID 1963854 is a numeric segment of corpus DOI 10.1080/09638288.2021.1963854; PubMed 1963854 = ""[The molecular mechanisms of the interaction of hormonal receptors cou"" (Fiziol Zh SSSR Im I M Sechenova 1990; doi none, not in the corpus); no chunk, document or seed file references it",[The molecular mechanisms of the interaction of hormonal receptors coupled with 
DELETE_DEAD_BOGUS_SOURCE,src_a845ca2ad90fcc1f,,,,,,4,,"PMID 1784555 is a numeric segment of corpus DOI 10.3389/fspor.2026.1784555; PubMed 1784555 = ""[Changes in the yeast oral flora in patients in orthodontic treatment]"" (Prev Assist Dent 1991; doi none, not in the corpus); no chunk, document or seed file references it",[Changes in the yeast oral flora in patients in orthodontic treatment].
DELETE_DEAD_BOGUS_SOURCE,src_da1ba3956f73b813,,,,,,3,,"PMID 1339137 is a numeric segment of corpus DOI 10.3389/fphys.2024.1339137; PubMed 1339137 = ""[Uptake of 86Rb by human erythrocytes: modification of the method and "" (Boll Soc Ital Biol Sper 1992; doi none, not in the corpus); no chunk, document or seed file references it",[Uptake of 86Rb by human erythrocytes: modification of the method and applicatio
DELETE_DEAD_BOGUS_SOURCE,src_87789427169bfc6e,,,,,,3,,"PMID 1509306 is a numeric segment of corpus DOI 10.3389/fspor.2025.1509306; PubMed 1509306 = ""Kidney procurement policies in the Eurotransplant region. 'Opting in' "" (Soc Sci Med 1992; doi 10.1016/0277-9536(92)90164-l, not in the corpus); no chunk, document or seed file references it",Kidney procurement policies in the Eurotransplant region. 'Opting in' versus 'op
DELETE_DEAD_BOGUS_SOURCE,src_70529e8420745da2,,,,,,3,,"PMID 1910977 is a numeric segment of corpus DOI 10.1080/1750984x.2021.1910977; PubMed 1910977 = ""'Domestic water treatment appliances and the fluoride ion'."" (Br Dent J 1991; doi 10.1038/sj.bdj.4807657, not in the corpus); no chunk, document or seed file references it",'Domestic water treatment appliances and the fluoride ion'.
DELETE_DEAD_BOGUS_SOURCE,src_65b11bbdccacc1e5,,,,,,3,,"PMID 1432702 is a numeric segment of corpus DOI 10.1080/09638288.2018.1432702; PubMed 1432702 = ""Ontogeny of N-methyl-D-aspartate-induced current in cultured hippocamp"" (J Pharmacol Exp Ther 1992; doi none, not in the corpus); no chunk, document or seed file references it",Ontogeny of N-methyl-D-aspartate-induced current in cultured hippocampal neurons
DELETE_DEAD_BOGUS_SOURCE,src_7e95a5d634009c4a,,,,,,2,,"PMID 14651858 is a numeric segment of corpus DOI 10.1002/14651858.cd005186.pub4; PubMed 14651858 = ""Building a BRIDGE for the integration of heterogeneous data from funct"" (J Biotechnol 2003; doi 10.1016/j.jbiotec.2003.08.007, not in the corpus); no chunk, document or seed file references it",Building a BRIDGE for the integration of heterogeneous data from functional geno
CLEAR_MISRESOLVED_VERIFIED_TITLE,src_f65a5ff611275aa6,,,,,,,"Summing Up Hours of Any Type of Practice Versus Identifying Optimal Practice Activities: Commentary on Macnamara, Moreau, & Hambrick (2016).","verified_title = PubMed 27217247 ""Summing Up Hours of Any Type of Practice Versus Identifying Optimal Practice Activities: Commentary on Macnamara, Moreau, & Hambrick (2016)."" (doi 10.1177/1745691616635600; Perspect Psychol Sci 2016); this row: Perspectives on psychological science : a journal of the Ass 2016; PubMed 27217248 title = ""How Important Is Deliberate Practice? Reply to Ericsson (2016).""",How Important Is Deliberate Practice? Reply to Ericsson (2016).
CLEAR_MISRESOLVED_VERIFIED_TITLE,src_3ca2059fb5ba13f6,,,,,,,Analysis of the pancreatic-ribonuclease-digestion products of alfalfa-mosaic-virus ribonucleic acid. Sequence homologies between the different RNAs.,"verified_title = PubMed 1175651 ""Analysis of the pancreatic-ribonuclease-digestion products of alfalfa-mosaic-virus ribonucleic acid. Sequence homologies between the different RNAs."" (doi 10.1111/j.1432-1033.1975.tb02319.x; Eur J Biochem 1975); this row: Journal of sports sciences 2017; PubMed 27088370 title = ""The effects of attentional focus instructions on punching velocity and impact forces among trained combat athletes.""",The effects of attentional focus instructions on punching velocity and impact fo
CLEAR_MISRESOLVED_VERIFIED_TITLE,src_1bb859f4784346a6,,,,,,,Development of a Skill Acquisition Periodisation Framework for High-Performance Sport,"verified_title = PubMed 27873190 ""Development of a Skill Acquisition Periodisation Framework for High-Performance Sport."" (doi 10.1007/s40279-016-0646-2; Sports Med 2017); this row: Frontiers in Sports and Active Living 2019; PubMed record(s) for doi 10.3389/fspor.2019.00061: 33344984 ""Skill Training Periodization in ""Specialist"" Sports Coaching-An Introduction of the ""PoST"" Framework for Skill Development.""",Skill Training Periodization in “Specialist” Sports Coaching—An Introduction of 
CLEAR_MISRESOLVED_VERIFIED_TITLE,src_1c5e3e2954e97434,,,,,,,Genotoxic markers among butadiene polymer workers in China.,"verified_title = PubMed 10607734 ""Genotoxic markers among butadiene polymer workers in China."" (doi 10.1093/carcin/21.1.55; Carcinogenesis 2000); this row: Research quarterly for exercise and sport 1999; PubMed 10100339 title = ""Bandwidth knowledge of results enhances generalized motor program learning.""",Bandwidth knowledge of results enhances generalized motor program learning.
CLEAR_MISRESOLVED_VERIFIED_TITLE,src_c429bbe5ed919e45,,,,,,,Genotoxic markers among butadiene polymer workers in China.,"verified_title = PubMed 10607734 ""Genotoxic markers among butadiene polymer workers in China."" (doi 10.1093/carcin/21.1.55; Carcinogenesis 2000); this row: Research quarterly for exercise and sport 1994; PubMed 7973073 title = ""Effects of bandwidth goals and bandwidth knowledge of results on motor learning.""",Effects of bandwidth goals and bandwidth knowledge of results on motor learning.
CLEAR_MISRESOLVED_VERIFIED_TITLE,src_b8a081d0756bc553,,,,,,,Genotoxic markers among butadiene polymer workers in China.,"verified_title = PubMed 10607734 ""Genotoxic markers among butadiene polymer workers in China."" (doi 10.1093/carcin/21.1.55; Carcinogenesis 2000); this row: Research quarterly for exercise and sport 1995; PubMed 7644839 title = ""Using bandwidth knowledge of results to alter relative frequencies during motor skill acquisition.""",Using bandwidth knowledge of results to alter relative frequencies during motor 
CLEAR_MISRESOLVED_VERIFIED_TITLE,src_358e44c99587fa1e,,,,,,,Hiroshima-like neutrons from A-bomb replica: physical basis for their use in biological experiments.,"verified_title = PubMed 1947010 ""Hiroshima-like neutrons from A-bomb replica: physical basis for their use in biological experiments."" (doi none; Radiat Res 1991); this row: Journal of sports sciences 2021; PubMed 34219609 title = ""Implicit motor learning in primary school children: A systematic review.""",Implicit motor learning in primary school children: A systematic review.
CLEAR_MISRESOLVED_VERIFIED_TITLE,src_f49fc40efd14febb,,,,,,,[Clinical effect of recombinant human granulocyte colony-stimulating factor in bone marrow transplantation. The Japan rhG-CSF Clinical Study Group].,"verified_title = PubMed 1693489 ""[Clinical effect of recombinant human granulocyte colony-stimulating factor in bone marrow transplantation. The Japan rhG-CSF Clinical Study Group]."" (doi none; Gan To Kagaku Ryoho 1990); this row: Research quarterly for exercise and sport 2020; PubMed 32004119 title = ""Revisiting the Applied Model for the Use of Observation: A Review of Articles Spanning 2011-2018.""",Revisiting the Applied Model for the Use of Observation: A Review of Articles Sp
CLEAR_MISRESOLVED_VERIFIED_TITLE,src_a1cb6aeb15cedcd3,,,,,,,[Clinical effect of recombinant human granulocyte colony-stimulating factor in bone marrow transplantation. The Japan rhG-CSF Clinical Study Group].,"verified_title = PubMed 1693489 ""[Clinical effect of recombinant human granulocyte colony-stimulating factor in bone marrow transplantation. The Japan rhG-CSF Clinical Study Group]."" (doi none; Gan To Kagaku Ryoho 1990); this row: International Review of Sport and Exercise Psychology 2012; doi 10.1080/1750984X.2012.665076 not indexed in PubMed",Observation interventions for motor skill learning and performance: an applied m
CLEAR_MISRESOLVED_VERIFIED_TITLE,src_e221bc5bcafd9441,,,,,,,Learning through observation: a combination of expert and novice models favors learning.,"verified_title = PubMed 21986667 ""Learning through observation: a combination of expert and novice models favors learning."" (doi 10.1007/s00221-011-2882-x; Exp Brain Res 2011); this row: Experimental brain research 2014; PubMed 24897947 title = ""Mixed observation favors motor learning through better estimation of the model's performance.""",Mixed observation favors motor learning through better estimation of the model's
CLEAR_MISRESOLVED_VERIFIED_TITLE,src_fdf395abb08cb44e,,,,,,,Learning through observation: a combination of expert and novice models favors learning.,"verified_title = PubMed 21986667 ""Learning through observation: a combination of expert and novice models favors learning."" (doi 10.1007/s00221-011-2882-x; Exp Brain Res 2011); this row: PloS one 2017; PubMed 29141046 title = ""The effect of observing novice and expert performance on acquisition of surgical skills on a robotic platform.""",The effect of observing novice and expert performance on acquisition of surgical
CLEAR_MISRESOLVED_VERIFIED_TITLE,src_7f725a56433dd082,,,,,,,Learning through observation: a combination of expert and novice models favors learning.,"verified_title = PubMed 21986667 ""Learning through observation: a combination of expert and novice models favors learning."" (doi 10.1007/s00221-011-2882-x; Exp Brain Res 2011); this row: Advances in health sciences education : theory and practice 2017; PubMed 28160101 title = ""Enhancing technical skill learning through interleaved mixed-model observational practice.""",Enhancing technical skill learning through interleaved mixed-model observational
CLEAR_MISRESOLVED_VERIFIED_TITLE,src_97333246f8a62651,,,,,,,CO2 laser anterior turbinectomy in the treatment of non-allergic vasomotor rhinopathia. A prospective study upon 78 patients.,"verified_title = PubMed 1780627 ""CO2 laser anterior turbinectomy in the treatment of non-allergic vasomotor rhinopathia. A prospective study upon 78 patients."" (doi none; Rhinology 1991); this row: International Review of Sport and Exercise Psychology 2020; PMID is a numeric segment of this row's DOI; doi 10.1080/1750984X.2020.1780627 not indexed in PubMed",The effects of imagery interventions in sports: a meta-analysis
CLEAR_MISRESOLVED_VERIFIED_TITLE,src_329ce6fbf5d93712,,,,,,,CO2 laser anterior turbinectomy in the treatment of non-allergic vasomotor rhinopathia. A prospective study upon 78 patients.,"verified_title = PubMed 1780627 ""CO2 laser anterior turbinectomy in the treatment of non-allergic vasomotor rhinopathia. A prospective study upon 78 patients."" (doi none; Rhinology 1991); this row: Physical Education and Sport Pedagogy 2021; doi 10.1080/17408989.2021.1991297 not indexed in PubMed",Mental imagery training programs for developing sport-specific motor skills: a s
CLEAR_MISRESOLVED_VERIFIED_TITLE,src_122168f963877470,,,,,,,CO2 laser anterior turbinectomy in the treatment of non-allergic vasomotor rhinopathia. A prospective study upon 78 patients.,"verified_title = PubMed 1780627 ""CO2 laser anterior turbinectomy in the treatment of non-allergic vasomotor rhinopathia. A prospective study upon 78 patients."" (doi none; Rhinology 1991); this row: Journal of Applied Sport Psychology 2001; doi 10.1080/10413200109339004 not indexed in PubMed",The PETTLEP Approach to Motor Imagery: A Functional Equivalence Model for Sport 
CLEAR_MISRESOLVED_VERIFIED_TITLE,src_f77d8ebdcb2de41e,,,,,,,CO2 laser anterior turbinectomy in the treatment of non-allergic vasomotor rhinopathia. A prospective study upon 78 patients.,"verified_title = PubMed 1780627 ""CO2 laser anterior turbinectomy in the treatment of non-allergic vasomotor rhinopathia. A prospective study upon 78 patients."" (doi none; Rhinology 1991); this row: Applied Sciences 2022; doi 10.3390/app12199753 not indexed in PubMed",Motor Imagery and Sport Performance: A Systematic Review on the PETTLEP Model
CLEAR_MISRESOLVED_VERIFIED_TITLE,src_9ac66774d3c69d70,,,,,,,[Prevalence of hereditary diseases in three-year-old Swiss Warmblood horses].,"verified_title = PubMed 17461391 ""[Prevalence of hereditary diseases in three-year-old Swiss Warmblood horses]."" (doi 10.1024/0036-7281.149.4.161; Schweiz Arch Tierheilkd 2007); this row: European Journal of Sport Science 2014; PMID is a numeric segment of this row's DOI; PubMed record(s) for doi 10.1080/17461391.2014.957727: 25252156 ""Perceptual-cognitive skill training and its transfer to expert performance in the field: future research directions.""",Perceptual‐cognitive skill training and its transfer to expert performance in th
CLEAR_MISRESOLVED_VERIFIED_TITLE,src_764cdc36a98bd900,,,,,,,Effects of mental fatigue on technical performance in soccer players: A systematic review with a meta-analysis.,"verified_title = PubMed 35937235 ""Effects of mental fatigue on technical performance in soccer players: A systematic review with a meta-analysis."" (doi 10.3389/fpubh.2022.922630; Front Public Health 2022); this row: Journal of sports sciences 2024; PubMed 38368626 title = ""The counteractive effects of interventions addressing mental fatigue on sport-specific performance among athletes: A systematic review with a meta-analysis.""",The counteractive effects of interventions addressing mental fatigue on sport-sp
CLEAR_MISRESOLVED_VERIFIED_TITLE,src_757e89a1d447cfe4,,,,,,,The youth rally experience!,"verified_title = PubMed 1482526 ""The youth rally experience!"" (doi none; Ostomy Wound Manage 1992); this row: Journal of sports sciences 2019; PubMed 29863966 title = ""False-performance feedback does not affect punching forces and pacing of elite boxers.""",False-performance feedback does not affect punching forces and pacing of elite b
CLEAR_MISRESOLVED_VERIFIED_TITLE,src_aa4d1fa6644c22e6,,,,,,,Atrial natriuretic peptide inhibits amiloride-sensitive sodium uptake in rat brain.,"verified_title = PubMed 1324615 ""Atrial natriuretic peptide inhibits amiloride-sensitive sodium uptake in rat brain."" (doi 10.1152/ajpregu.1992.263.2.r279; Am J Physiol 1992); this row: Frontiers in sports and active living 2024; PubMed 38419912 title = ""Motor learning in golf-a systematic review.""",Motor learning in golf-a systematic review.
CLEAR_MISRESOLVED_VERIFIED_TITLE,src_14d360d7fede8056,,,,,,,[Radiotherapy and inhibitors of epidermal growth factor receptor: preclinical findings and preliminary clinical trials].,"verified_title = PubMed 14763141 ""[Radiotherapy and inhibitors of epidermal growth factor receptor: preclinical findings and preliminary clinical trials]."" (doi none; Bull Cancer 2003); this row: Sports Biomechanics 2020; PMID is a numeric segment of this row's DOI; PubMed record(s) for doi 10.1080/14763141.2020.1778075: 32677587 ""Force and velocity of impact during upper limb strikes in combat sports: a systematic review and meta-analysis.""",Force and velocity of impact during upper limb strikes in combat sports: a syste
CLEAR_MISRESOLVED_VERIFIED_TITLE,src_1e9a92bf4787b14b,,,,,,,The Role of Lower Limb Kinetics in Boxing Punches and the Impact of Fatigue on Biomechanical Performance,"verified_title = PubMed 41463652 ""The Role of Lower Limb Kinetics in Boxing Punches and the Impact of Fatigue on Biomechanical Performance."" (doi 10.3390/bioengineering12121355; Bioengineering (Basel) 2025); this row: Journal of Strength &amp; Conditioning Research 2022; PubMed record(s) for doi 10.1519/JSC.0000000000004252: 35836314 ""The Role of Strength on Punch Impact Force in Boxing.""",The Role of Strength on Punch Impact Force in Boxing
CLEAR_MISRESOLVED_VERIFIED_TITLE,src_c47aa4201d15c968,,,,,,,[Prevalence of hereditary diseases in three-year-old Swiss Warmblood horses].,"verified_title = PubMed 17461391 ""[Prevalence of hereditary diseases in three-year-old Swiss Warmblood horses]."" (doi 10.1024/0036-7281.149.4.161; Schweiz Arch Tierheilkd 2007); this row: European Journal of Sport Science 2021; PMID is a numeric segment of this row's DOI; PubMed record(s) for doi 10.1080/17461391.2021.1916085: 33858296 ""The effect of fatiguing lower-body exercise on punch forces in highly-trained boxers.""",The effect of fatiguing lower‐body exercise on punch forces in highly‐trained bo
CLEAR_MISRESOLVED_VERIFIED_TITLE,src_f944f814a98d7e90,,,,,,,The Role of Strength on Punch Impact Force in Boxing,"verified_title = PubMed 35836314 ""The Role of Strength on Punch Impact Force in Boxing."" (doi 10.1519/jsc.0000000000004252; J Strength Cond Res 2022); this row: Journal of Strength &amp; Conditioning Research 2020; PubMed record(s) for doi 10.1519/JSC.0000000000003585: 32218063 ""Relationships Between Punch Impact Force and Upper- and Lower-Body Muscular Strength and Power in Highly Trained Amateur Boxers.""",Relationships Between Punch Impact Force and Upper- and Lower-Body Muscular Stre
CLEAR_MISRESOLVED_VERIFIED_TITLE,src_42d9d00a6eadab00,,,,,,,Not all insulin-like growth factor-binding proteins (IGFBPs) are detectable by western ligand blotting: case studies of PC12 pheochromocytoma and rat anterior pituitary IGFBPs and proteolyzed IGFBP-3.,"verified_title = PubMed 1377122 ""Not all insulin-like growth factor-binding proteins (IGFBPs) are detectable by western ligand blotting: case studies of PC12 pheochromocytoma and rat anterior pituitary IGFBPs and proteolyzed IGFBP-3."" (doi 10.1210/endo.131.1.1377122; Endocrinology 1992); this row: Frontiers in Psychology 2024; PMID is a numeric segment of this row's DOI; PubMed record(s) for doi 10.3389/fpsyg.2024.1377122: 39205981 ""The effect of contextual interference on transfer in motor learning - a systematic review and meta-analysis.""",The effect of contextual interference on transfer in motor learning - a systemat
CLEAR_MISRESOLVED_VERIFIED_TITLE,src_a835e76a024851e8,,,,,,,Lymphatic capillaries in the meninges of the human optic nerve.,"verified_title = PubMed 10608671 ""Lymphatic capillaries in the meninges of the human optic nerve."" (doi none; J Neuroophthalmol 1999); this row: Research Quarterly for Exercise and Sport 1990; PMID is a numeric segment of this row's DOI; PubMed record(s) for doi 10.1080/02701367.1990.10608671: 2094928 ""Specificity and variability of practice.""",Specificity and Variability of Practice
CLEAR_MISRESOLVED_VERIFIED_TITLE,src_2ed6fae07b77c8f4,,,,,,,Neuromodulation during motor development and behavior.,"verified_title = PubMed 10607635 ""Neuromodulation during motor development and behavior."" (doi 10.1016/s0959-4388(99)00026-4; Curr Opin Neurobiol 1999); this row: Research Quarterly for Exercise and Sport 1994; PMID is a numeric segment of this row's DOI; PubMed record(s) for doi 10.1080/02701367.1994.10607635: 7886280 ""Effects of physical guidance and knowledge of results on motor learning: support for the guidance hypothesis.""",Effects of Physical Guidance and Knowledge of Results on Motor Learning: Support
CLEAR_MISRESOLVED_VERIFIED_TITLE,src_27bc3eea52cb8247,,,,,,,More Feedback Is Better than Less: Learning a Novel Upper Limb Joint Coordination Pattern with Augmented Auditory Feedback.,"verified_title = PubMed 27375414 ""More Feedback Is Better than Less: Learning a Novel Upper Limb Joint Coordination Pattern with Augmented Auditory Feedback."" (doi 10.3389/fnins.2016.00251; Front Neurosci 2016); this row: Journal of Sports Sciences 2003; PubMed record(s) for doi 10.1080/0264041031000101944: 14620030 ""The effects of augmented kinematic feedback on motor skill learning in rifle shooting.""",The effects of augmented kinematic feedback on motor skill learning in rifle sho
CLEAR_MISRESOLVED_VERIFIED_TITLE,src_461125b5c348946e,,,,,,,Performance among different types of myocontrolled tasks is not related,"verified_title = PubMed 32217210 ""Performance among different types of myocontrolled tasks is not related."" (doi 10.1016/j.humov.2020.102592; Hum Mov Sci 2020); this row: Journal of Experimental Psychology: Human Perception and Per 2022; PubMed record(s) for doi 10.1037/xhp0000992: 35201814 ""Increased perceptions of autonomy through choice fail to enhance motor skill retention.""",Increased perceptions of autonomy through choice fail to enhance motor skill ret
CLEAR_MISRESOLVED_VERIFIED_TITLE,src_962b2b8b68fe3ff8,,,,,,,[Elements in the evaluation of some disinfectants for hospital use].,"verified_title = PubMed 2275801 ""[Elements in the evaluation of some disinfectants for hospital use]."" (doi none; Boll Chim Farm 1990); this row: Research Quarterly for Exercise and Sport 2023; PMID is a numeric segment of this row's DOI; PubMed record(s) for doi 10.1080/02701367.2023.2275801: 38100576 ""Self-Controlled Video Feedback Facilitates the Learning of Tactical Skills in Tennis.""",Self-Controlled Video Feedback Facilitates the Learning of Tactical Skills in Te
CLEAR_MISRESOLVED_VERIFIED_TITLE,src_b1a9cc00322d4d1a,,,,,,,[Elements in the evaluation of some disinfectants for hospital use].,"verified_title = PubMed 2275801 ""[Elements in the evaluation of some disinfectants for hospital use]."" (doi none; Boll Chim Farm 1990); this row: Human Movement Science 2016; PubMed record(s) for doi 10.1016/j.humov.2016.01.014: 26874750 ""Self-control over combined video feedback and modeling facilitates motor learning.""",Self-control over combined video feedback and modeling facilitates motor learnin
CLEAR_MISRESOLVED_VERIFIED_TITLE,src_ae1a4594498309f6,,,,,,,Sequence comparison of the GABAA receptor alpha 1 subunit cDNA in long and short sleep mice by direct sequencing of polymerase chain reaction amplified cDNA.,"verified_title = PubMed 1647739 ""Sequence comparison of the GABAA receptor alpha 1 subunit cDNA in long and short sleep mice by direct sequencing of polymerase chain reaction amplified cDNA."" (doi 10.1111/j.1749-6632.1991.tb33888.x; Ann N Y Acad Sci 1991); this row: Journal of Sports Sciences 2019; PMID is a numeric segment of this row's DOI; PubMed record(s) for doi 10.1080/02640414.2019.1647739: 31379253 ""Enhancing skill transfer in tennis using representative learning design.""",Enhancing skill transfer in tennis using representative learning design
CLEAR_MISRESOLVED_VERIFIED_TITLE,src_9c9f4b290773f51e,,,,,,,Distinct phosphotyrosines on a growth factor receptor bind to specific molecules that mediate different signaling pathways.,"verified_title = PubMed 1374684 ""Distinct phosphotyrosines on a growth factor receptor bind to specific molecules that mediate different signaling pathways."" (doi 10.1016/0092-8674(92)90444-h; Cell 1992); this row: Journal of Sports Sciences 2017; PMID is a numeric segment of this row's DOI; PubMed record(s) for doi 10.1080/02640414.2017.1374684: 28905685 ""Helping coaches apply the principles of representative learning design: validation of a tennis specific practice assessment tool.""",Helping coaches apply the principles of representative learning design: validati
CLEAR_MISRESOLVED_VERIFIED_TITLE,src_917d240ca1978865,,,,,,,Quantitative assessment of interstitial implants.,"verified_title = PubMed 1993622 ""Quantitative assessment of interstitial implants."" (doi 10.1016/0360-3016(91)90149-x; Int J Radiat Oncol Biol Phys 1991); this row: PLOS ONE 2020; PubMed record(s) for doi 10.1371/journal.pone.0242336: 33253204 ""Applications of a working framework for the measurement of representative learning design in Australian football.""",Applications of a working framework for the measurement of representative learni
CLEAR_MISRESOLVED_VERIFIED_TITLE,src_49ce1140e323ce20,,,,,,,[Prevalence of hereditary diseases in three-year-old Swiss Warmblood horses].,"verified_title = PubMed 17461391 ""[Prevalence of hereditary diseases in three-year-old Swiss Warmblood horses]."" (doi 10.1024/0036-7281.149.4.161; Schweiz Arch Tierheilkd 2007); this row: Journal of Science and Medicine in Sport 2018; PubMed record(s) for doi 10.1016/j.jsams.2018.01.011: 29433921 ""Modified perceptual training in sport: A new classification framework.""",Modified perceptual training in sport: A new classification framework
CLEAR_MISRESOLVED_VERIFIED_TITLE,src_6e1ea32e7dec268e,,,,,,,Primary leptomeningeal glioma: ultrastructural and laminin immunohistochemical studies.,"verified_title = PubMed 1621510 ""Primary leptomeningeal glioma: ultrastructural and laminin immunohistochemical studies."" (doi 10.1007/bf00310033; Acta Neuropathol 1992); this row: Journal of Sports Sciences 2019; PMID is a numeric segment of this row's DOI; PubMed record(s) for doi 10.1080/02640414.2019.1621510: 31126220 ""Visual-perceptual training with motor practice of the observed movement pattern improves anticipation in emerging expert cricket batsmen.""",Visual-perceptual training with motor practice of the observed movement pattern 
CLEAR_MISRESOLVED_VERIFIED_TITLE,src_05a37ebe054ad989,,,,,,,[Letter: Preventive chemotherapy of tuberculosis].,"verified_title = PubMed 1122824 ""[Letter: Preventive chemotherapy of tuberculosis]."" (doi none; Dtsch Med Wochenschr 1975); this row: Journal of Sports Sciences 2015; PMID is a numeric segment of this row's DOI; PubMed record(s) for doi 10.1080/02640414.2015.1122824: 26651505 ""Do karate fighters use situational probability information to improve decision-making performance during on-mat tasks?""",Do karate fighters use situational probability information to improve decision-m
CLEAR_MISRESOLVED_VERIFIED_TITLE,src_fc7c37501b9a5ae4,,,,,,,Partners in health? Exploring resemblance in health between partners in married and cohabiting couples.,"verified_title = PubMed 17470218 ""Partners in health? Exploring resemblance in health between partners in married and cohabiting couples."" (doi 10.1111/j.1467-9566.2007.01003.x; Sociol Health Illn 2007); this row: Quarterly Journal of Experimental Psychology 2014; PMID is a numeric segment of this row's DOI; PubMed record(s) for doi 10.1080/17470218.2013.807856: 24456409 ""Expertise facilitates the transfer of anticipation skill across domains.""",Expertise Facilitates the Transfer of Anticipation Skill across Domains
CLEAR_MISRESOLVED_VERIFIED_TITLE,src_0515004c343597e9,,,,,,,Do judges enhance home advantage in European championship boxing?,"verified_title = PubMed 16089185 ""Do judges enhance home advantage in European championship boxing?"" (doi 10.1080/02640410400021583; J Sports Sci 2005); this row: Perceptual and Motor Skills 2025; PubMed record(s) for doi 10.1177/00315125251379145: 40953829 ""Ergonomic Solutions for Referee Mistakes: A Visual Assessment of the Environment in Boxing Competitions.""",Ergonomic Solutions for Referee Mistakes: A Visual Assessment of the Environment
CLEAR_MISRESOLVED_VERIFIED_TITLE,src_cbdad5b2df1ff019,,,,,,,The stereospecific interaction between chlorophylls and chlorophyllase. Possible implication for chlorophyll biosynthesis and degradation.,"verified_title = PubMed 1429554 ""The stereospecific interaction between chlorophylls and chlorophyllase. Possible implication for chlorophyll biosynthesis and degradation."" (doi none; J Biol Chem 1992); this row: Frontiers in Physiology 2024; PMID is a numeric segment of this row's DOI; PubMed record(s) for doi 10.3389/fphys.2024.1429554: 39081778 ""Relationship between visual ability assessment and punch performance in competition in male amateur boxers.""",Relationship between visual ability assessment and punch performance in competit
CLEAR_MISRESOLVED_VERIFIED_TITLE,src_a43f5d5523ba4e3b,,,,,,,A partially parametric estimator of survival in the presence of randomly censored data.,"verified_title = PubMed 2242415 ""A partially parametric estimator of survival in the presence of randomly censored data."" (doi none; Biometrics 1990); this row: The Physician and Sportsmedicine 2023; PMID is a numeric segment of this row's DOI; PubMed record(s) for doi 10.1080/00913847.2023.2242415: 37559553 ""Headguard use in combat sports: position statement of the Association of Ringside Physicians.""",Headguard use in combat sports: position statement of the Association of Ringsid
CLEAR_MISRESOLVED_VERIFIED_TITLE,src_0b4f8ca11b46e297,,,,,,,Boxing headguard performance in punch machine tests,"verified_title = PubMed 26175022 ""Boxing headguard performance in punch machine tests."" (doi 10.1136/bjsports-2015-095094; Br J Sports Med 2015); this row: British Journal of Sports Medicine 2015; PubMed record(s) for doi 10.1136/bjsports-2015-095093: 26192195 ""The impact performance of headguards for combat sports.""",The impact performance of headguards for combat sports
CLEAR_MISRESOLVED_VERIFIED_TITLE,src_83658722e5cff5d1,,,,,,,The Case for Protective Headguards in Amateur Boxing and Implications for International Policy on Headguard Bans,"verified_title = PubMed 40377858 ""The Case for Protective Headguards in Amateur Boxing and Implications for International Policy on Headguard Bans."" (doi 10.1186/s40798-025-00871-4; Sports Med Open 2025); this row: Clinical Journal of Sport Medicine 2023; PubMed record(s) for doi 10.1097/JSM.0000000000001195: 37862081 ""A Systematic Review and Meta-Analysis Investigating Head Trauma in Boxing.""",A Systematic Review and Meta-Analysis Investigating Head Trauma in Boxing
CLEAR_MISRESOLVED_VERIFIED_TITLE,src_6af48c252690e58c,,,,,,,Production of infectious particles from defective human immunodeficiency virus type 1 (HIV-1)-producing cell clones by superinfection with infectious HIV-1.,"verified_title = PubMed 2001175 ""Production of infectious particles from defective human immunodeficiency virus type 1 (HIV-1)-producing cell clones by superinfection with infectious HIV-1."" (doi 10.1007/bf01319238; Arch Virol 1991); this row: Journal of Sports Sciences 2021; PMID is a numeric segment of this row's DOI; PubMed record(s) for doi 10.1080/02640414.2021.2001175: 34930100 ""Quantifying head impacts and neurocognitive performance in collegiate boxers.""",Quantifying head impacts and neurocognitive performance in collegiate boxers
CLEAR_MISRESOLVED_VERIFIED_TITLE,src_751165b92594161f,,,,,,,Capturing Head Impacts in Boxing: A Video-Based Comparison of Three Wearable Sensors,"verified_title = PubMed 37728812 ""Capturing Head Impacts in Boxing: A Video-Based Comparison of Three Wearable Sensors."" (doi 10.1007/s10439-023-03369-w; Ann Biomed Eng 2024); this row: Annals of Biomedical Engineering 2024; PubMed record(s) for doi 10.1007/s10439-024-03647-1: 39625630 ""Quality Issues in Kinematic Traces from Three Head Impact Sensors in Boxing: Prevalence, Effects, and Implications for Exposure Assessment.""",Quality Issues in Kinematic Traces from Three Head Impact Sensors in Boxing: Pre
CLEAR_MISRESOLVED_VERIFIED_TITLE,src_abd02977676dd7f2,,,,,,,"Consensus statement on concussion in sport: the 6th International Conference on Concussion in Sport–Amsterdam, October 2022","verified_title = PubMed 37316210 ""Consensus statement on concussion in sport: the 6th International Conference on Concussion in Sport-Amsterdam, October 2022."" (doi 10.1136/bjsports-2023-106898; Br J Sports Med 2023); this row: Pediatrics 2023; PubMed record(s) for doi 10.1542/peds.2023-063489: 38044802 ""Pediatric Sport-Related Concussion: Recommendations From the Amsterdam Consensus Statement 2023.""",Pediatric Sport-Related Concussion: Recommendations From the Amsterdam Consensus
CLEAR_MISRESOLVED_VERIFIED_TITLE,src_eb70c3805cb7415f,,,,,,,Amateur boxing and risk of chronic traumatic brain injury: systematic review of observational studies,"verified_title = PubMed 17916811 ""Amateur boxing and risk of chronic traumatic brain injury: systematic review of observational studies."" (doi 10.1136/bmj.39342.690220.55; BMJ 2007); this row: British Journal of Sports Medicine 2023; PubMed record(s) for doi 10.1136/bjsports-2023-106890: 37316187 ""Examining later-in-life health risks associated with sport-related concussion and repetitive head impacts: a systematic review of case-control and cohort studies.""",Examining later-in-life health risks associated with sport-related concussion an
CLEAR_MISRESOLVED_VERIFIED_TITLE,src_12825d713ef0f021,,,,,,,The Practice of Weight Loss in Combat Sports Athletes: A Systematic Review,"verified_title = PubMed 38613083 ""The Practice of Weight Loss in Combat Sports Athletes: A Systematic Review."" (doi 10.3390/nu16071050; Nutrients 2024); this row: Journal of Science and Medicine in Sport 2025; PubMed record(s) for doi 10.1016/j.jsams.2025.01.007: 39890545 ""Is there a relationship between rapid weight changes and self-reported injury in combat sports athletes? A 14-month study of 24 combat sports events.""",Is there a relationship between rapid weight changes and self-reported injury in
CLEAR_MISRESOLVED_VERIFIED_TITLE,src_c9723803e8789fd9,,,,,,,Biological maturation of youth athletes: assessment and implications,"verified_title = PubMed 26084525 ""Biological maturation of youth athletes: assessment and implications."" (doi 10.1136/bjsports-2015-094623; Br J Sports Med 2015); this row: Journal of Strength and Conditioning Research 2014; PubMed record(s) for doi 10.1519/JSC.0000000000000391: 24476778 ""Chronological age vs. biological maturation: implications for exercise programming in youth.""",Chronological Age vs. Biological Maturation
CLEAR_MISRESOLVED_VERIFIED_TITLE,src_f2594e78e893126e,,,,,,,"In fencing, what gives left-handers the edge? Views from the present and the distant past","verified_title = PubMed 20391153 ""In fencing, what gives left-handers the edge? Views from the present and the distant past."" (doi 10.1080/13576500701650430; Laterality 2010); this row: Frontiers in Sports and Active Living 2021; PubMed record(s) for doi 10.3389/fspor.2021.662203: 33870189 ""Handedness and Relative Age in International Elite Interactive Individual Sports Revisited.""",Handedness and Relative Age in International Elite Interactive Individual Sports
CLEAR_MISRESOLVED_VERIFIED_TITLE,src_2615bd0775b405ba,,,,,,,Current topics in viral hepatitis.,"verified_title = PubMed 1722743 ""Current topics in viral hepatitis."" (doi none; Compr Ther 1991); this row: Frontiers in Psychology 2026; PMID is a numeric segment of this row's DOI; PubMed record(s) for doi 10.3389/fpsyg.2026.1722743: 41953321 ""A systematic review and meta-analysis of the effects of errorless motor learning on movement outcomes: a lifespan and impairment perspective.""",A systematic review and meta-analysis of the effects of errorless motor learning
CLEAR_MISRESOLVED_VERIFIED_TITLE,src_bb60ee5dfb870da0,,,,,,,Current topics in viral hepatitis.,"verified_title = PubMed 1722743 ""Current topics in viral hepatitis."" (doi none; Compr Ther 1991); this row: Journal of Motor Behavior 2022; PubMed record(s) for doi 10.1080/00222895.2022.2072265: 35617945 ""An Examination of the Contextual Interference Effect and the Errorless Learning Model during Motor Learning.""",An Examination of the Contextual Interference Effect and the Errorless Learning 
CLEAR_MISRESOLVED_VERIFIED_TITLE,src_e72e716be98b6afb,,,,,,,Fetal ST segment heart rate analysis in labor: improvement of intervention criteria using interpolated base deficit.,"verified_title = PubMed 17437199 ""Fetal ST segment heart rate analysis in labor: improvement of intervention criteria using interpolated base deficit."" (doi 10.1080/14767050601055279; J Matern Fetal Neonatal Med 2007); this row: Health Psychology Review 2020; PMID is a numeric segment of this row's DOI; PubMed record(s) for doi 10.1080/17437199.2020.1718529: 31983293 ""A meta-analysis of self-determination theory-informed intervention studies in the health domain: effects on motivation, health behavior, physical, and psychological health.""",A meta-analysis of self-determination theory-informed intervention studies in th
CLEAR_MISRESOLVED_VERIFIED_TITLE,src_602118c409e4f793,,,,,,,Participants' perceptions of dimensions of the therapeutic alliance over the course of therapy.,"verified_title = PubMed 10608908 ""Participants' perceptions of dimensions of the therapeutic alliance over the course of therapy."" (doi none; J Psychother Pract Res 2000); this row: Research Quarterly for Exercise and Sport 2000; PMID is a numeric segment of this row's DOI; PubMed record(s) for doi 10.1080/02701367.2000.10608908: 10999265 ""The relation of self-efficacy measures to sport performance: a meta-analytic review.""",The Relation of Self-Efficacy Measures to Sport Performance: A Meta-Analytic Rev
CLEAR_MISRESOLVED_VERIFIED_TITLE,src_34239cfffe34deef,,,,,,,"A novel, non-nucleoside inhibitor of HIV-1 reverse transcriptase.","verified_title = PubMed 1381140 ""A novel, non-nucleoside inhibitor of HIV-1 reverse transcriptase."" (doi 10.1007/978-1-4615-3462-4_8; Adv Exp Med Biol 1992); this row: International Review of Sport and Exercise Psychology 2017; PMID is a numeric segment of this row's DOI; doi 10.1080/1750984X.2017.1381140 not indexed in PubMed",Stressing the relevance of resilience: a systematic review of resilience across 
CLEAR_MISRESOLVED_VERIFIED_TITLE,src_c740fb249ff4544a,,,,,,,Analysis of temperature-sensitive functions of Fos: lack of a correlation between transformation and TRE-dependent trans-activation.,"verified_title = PubMed 1408134 ""Analysis of temperature-sensitive functions of Fos: lack of a correlation between transformation and TRE-dependent trans-activation."" (doi none; Oncogene 1992); this row: International Review of Sport and Exercise Psychology 2017; PMID is a numeric segment of this row's DOI; doi 10.1080/1750984X.2017.1408134 not indexed in PubMed",Choking interventions in sports: A systematic review
CLEAR_MISRESOLVED_VERIFIED_TITLE,src_74442147ceeb2f1b,,,,,,,Genes for Drosophila small heat shock proteins are regulated differently by ecdysterone.,"verified_title = PubMed 1944271 ""Genes for Drosophila small heat shock proteins are regulated differently by ecdysterone."" (doi 10.1128/mcb.11.12.5937-5944.1991; Mol Cell Biol 1991); this row: International Review of Sport and Exercise Psychology 2021; PMID is a numeric segment of this row's DOI; doi 10.1080/1750984X.2021.1944271 not indexed in PubMed",The effectiveness of pre-performance routines in sports: a meta-analysis
CLEAR_MISRESOLVED_VERIFIED_TITLE,src_4cbb9cce7be56a89,,,,,,,Evolving spectrum of mortality and morbidity in SLE.,"verified_title = PubMed 10413200 ""Evolving spectrum of mortality and morbidity in SLE."" (doi 10.1191/096120399678847821; Lupus 1999); this row: Journal of Applied Sport Psychology 2010; PMID is a numeric segment of this row's DOI; doi 10.1080/10413200.2010.491780 not indexed in PubMed",A Comparison of Different Pre-Performance Routines as Possible Choking Intervent
CLEAR_MISRESOLVED_VERIFIED_TITLE,src_76ac77b073eabe99,,,,,,,Systemic and renal fibrinolytic activity in a patient with anticardiolipin syndrome and renal thrombotic microangiopathy.,"verified_title = PubMed 2116723 ""Systemic and renal fibrinolytic activity in a patient with anticardiolipin syndrome and renal thrombotic microangiopathy."" (doi 10.1159/000168093; Am J Nephrol 1990); this row: International Review of Sport and Exercise Psychology 2022; PMID is a numeric segment of this row's DOI; doi 10.1080/1750984X.2022.2116723 not indexed in PubMed",The performance and psychological effects of goal setting in sport: A systematic
CLEAR_MISRESOLVED_VERIFIED_TITLE,src_a5bcba72effc405c,,,,,,,Evolving spectrum of mortality and morbidity in SLE.,"verified_title = PubMed 10413200 ""Evolving spectrum of mortality and morbidity in SLE."" (doi 10.1191/096120399678847821; Lupus 1999); this row: Journal of Applied Sport Psychology 2023; PMID is a numeric segment of this row's DOI; doi 10.1080/10413200.2023.2185699 not indexed in PubMed","The what, why, and how of goal setting: A review of the goal-setting process in "
CLEAR_MISRESOLVED_VERIFIED_TITLE,src_05f7ffab242829ca,,,,,,,Estradiol modulation of plasminogen activator production in organ cultures of human breast carcinomas: correlation with clinical outcome of anti-estrogen therapy.,"verified_title = PubMed 1901298 ""Estradiol modulation of plasminogen activator production in organ cultures of human breast carcinomas: correlation with clinical outcome of anti-estrogen therapy."" (doi 10.1002/ijc.2910470606; Int J Cancer 1991); this row: International Review of Sport and Exercise Psychology 2021; PMID is a numeric segment of this row's DOI; doi 10.1080/1750984X.2021.1901298 not indexed in PubMed",The application of Goal Setting Theory to goal setting interventions in sport: a
CLEAR_MISRESOLVED_VERIFIED_TITLE,src_5f331ce983e664b5,,,,,,,The in vivo study of cardiac mechano-electric and mechano-mechanical coupling during heart development in zebrafish.,"verified_title = PubMed 37007999 ""The in vivo study of cardiac mechano-electric and mechano-mechanical coupling during heart development in zebrafish."" (doi 10.3389/fphys.2023.1086050; Front Physiol 2023); this row: Academy of Management Perspectives 2009; PMID is a numeric segment of this row's DOI; doi 10.5465/amp.2009.37007999 not indexed in PubMed",Goals Gone Wild: The Systematic Side Effects of Overprescribing Goal Setting
CLEAR_MISRESOLVED_VERIFIED_TITLE,src_1a4c3b91f144c72d,,,,,,,Chronic pain in the classroom: teachers' attributions about the causes of chronic pain.,"verified_title = PubMed 17430437 ""Chronic pain in the classroom: teachers' attributions about the causes of chronic pain."" (doi 10.1111/j.1746-1561.2007.00200.x; J Sch Health 2007); this row: Sport in Society 2023; PMID is a numeric segment of this row's DOI; doi 10.1080/17430437.2023.2268555 not indexed in PubMed",Telling adults about it: children’s experience of disclosing interpersonal viole
CLEAR_MISRESOLVED_VERIFIED_TITLE,src_528520e59f6ab119,,,,,,,"[An outstanding internist and medical historian (On the seventy-fifth anniversary of the birth and the fiftieth anniversary of medical, scientific pedagogic and social activity of L. A. Oganesiana)].","verified_title = PubMed 14413523 ""[An outstanding internist and medical historian (On the seventy-fifth anniversary of the birth and the fiftieth anniversary of medical, scientific pedagogic and social activity of L. A. Oganesiana)]."" (doi none; Sov Zdravookhr 1960); this row: Sport Management Review 2021; PMID is a numeric segment of this row's DOI; doi 10.1080/14413523.2021.1930951 not indexed in PubMed",Safeguarding culture: towards a new approach to preventing child maltreatment in
CLEAR_MISRESOLVED_VERIFIED_TITLE,src_31f80dc5c323b5eb,,,,,,,Differential responses of infectious diseases to economic growth in China.,"verified_title = PubMed 21640629 ""Differential responses of infectious diseases to economic growth in China."" (doi 10.1016/j.ijid.2011.04.006; Int J Infect Dis 2011); this row: Sports Coaching Review 2025; PMID is a numeric segment of this row's DOI; doi 10.1080/21640629.2025.2487754 not indexed in PubMed",Implementing trauma-informed approaches to coaches’ workplaces in sport to enhan
CLEAR_MISRESOLVED_VERIFIED_TITLE,src_b916bb20abce445c,,,,,,,Changes in vascular permeability in stroke-prone spontaneously hypertensive rats studied with peroxidase as a tracer.,"verified_title = PubMed 1199727 ""Changes in vascular permeability in stroke-prone spontaneously hypertensive rats studied with peroxidase as a tracer."" (doi 10.1111/j.1440-1827.1975.tb01991.x; Acta Pathol Jpn 1975); this row: International Review of Sport and Exercise Psychology 2016; PMID is a numeric segment of this row's DOI; doi 10.1080/1750984X.2016.1199727 not indexed in PubMed",Definition and model of life skills transfer
CLEAR_MISRESOLVED_VERIFIED_TITLE,src_6f96e88009764a18,,,,,,,[Effect of the multiple administration of hydrocortisone on the ultrastructure of the lymph nodes of rabbits].,"verified_title = PubMed 1180704 ""[Effect of the multiple administration of hydrocortisone on the ultrastructure of the lymph nodes of rabbits]."" (doi none; Arkh Patol 1975); this row: International Review of Sport and Exercise Psychology 2016; PMID is a numeric segment of this row's DOI; PubMed record(s) for doi 10.1080/1750984X.2016.1180704: 27695511 ""A grounded theory of positive youth development through sport based on results from a qualitative meta-study.""",A grounded theory of positive youth development through sport based on results f
CLEAR_MISRESOLVED_VERIFIED_TITLE,src_f61a1289da0b928c,,,,,,,Orderly bone transport.,"verified_title = PubMed 1348304 ""Orderly bone transport."" (doi none; Lancet 1992); this row: Quest 2017; PMID is a numeric segment of this row's DOI; doi 10.1080/00336297.2017.1348304 not indexed in PubMed",Transfer of Life Skills in Sport-Based Youth Development Programs: A Conceptual 
CLEAR_MISRESOLVED_VERIFIED_TITLE,src_a3ab68bdf2b623a9,,,,,,,Evolving spectrum of mortality and morbidity in SLE.,"verified_title = PubMed 10413200 ""Evolving spectrum of mortality and morbidity in SLE."" (doi 10.1191/096120399678847821; Lupus 1999); this row: Journal of Applied Sport Psychology 2015; PMID is a numeric segment of this row's DOI; doi 10.1080/10413200.2015.1086447 not indexed in PubMed",Implicit Transfer of Life Skills Through Participation in Brazilian Jiu-Jitsu
CLEAR_MISRESOLVED_VERIFIED_TITLE,src_843779de700fe44d,,,,,,,Excessive intracellular Ca2+ inhibits glutamate-induced Na(+)-K+ pump activation in rat hippocampal neurons.,"verified_title = PubMed 1355527 ""Excessive intracellular Ca2+ inhibits glutamate-induced Na(+)-K+ pump activation in rat hippocampal neurons."" (doi 10.1152/jn.1992.68.1.28; J Neurophysiol 1992); this row: Research Quarterly for Exercise and Sport 2017; PMID is a numeric segment of this row's DOI; PubMed record(s) for doi 10.1080/02701367.2017.1355527: 28796575 ""A Systematic Review of Life Skill Development Through Sports Programs Serving Socially Vulnerable Youth.""",A Systematic Review of Life Skill Development Through Sports Programs Serving So
CLEAR_MISRESOLVED_VERIFIED_TITLE,src_6e984a5737ab32fe,,,,,,,Ofloxacin vs ciprofloxacin: a comparison.,"verified_title = PubMed 1611900 ""Ofloxacin vs ciprofloxacin: a comparison."" (doi none; Conn Med 1992); this row: International Journal of Sport and Exercise Psychology 2019; PMID is a numeric segment of this row's DOI; doi 10.1080/1612197X.2019.1611900 not indexed in PubMed",Preliminary psychometric validation of a brief screening tool for athlete mental
CLEAR_MISRESOLVED_VERIFIED_TITLE,src_34ea234f0ea976a6,,,,,,,[Prevalence of hereditary diseases in three-year-old Swiss Warmblood horses].,"verified_title = PubMed 17461391 ""[Prevalence of hereditary diseases in three-year-old Swiss Warmblood horses]."" (doi 10.1024/0036-7281.149.4.161; Schweiz Arch Tierheilkd 2007); this row: European Journal of Sport Science 2022; PMID is a numeric segment of this row's DOI; PubMed record(s) for doi 10.1080/17461391.2022.2063072: 35380916 ""Acute physiological, endocrine, biochemical and performance responses associated with amateur boxing: A systematic review with meta-analysis.""","Acute physiological, endocrine, biochemical and performance responses associated"
CLEAR_MISRESOLVED_VERIFIED_TITLE,src_9d404103dd997134,,,,,,,Characterization of pregnancy-associated plasma protein-A: comparison with alpha 2-macroglobulin.,"verified_title = PubMed 1693271 ""Characterization of pregnancy-associated plasma protein-A: comparison with alpha 2-macroglobulin."" (doi none; Biochem Int 1990); this row: Frontiers in Physiology 2025; PMID is a numeric segment of this row's DOI; PubMed record(s) for doi 10.3389/fphys.2025.1693271: 41178991 ""Blood flow restriction training enhances punching force and upper body strength in elite boxers: a randomized trial.""",Blood flow restriction training enhances punching force and upper body strength 
CLEAR_MISRESOLVED_VERIFIED_TITLE,src_11f183ce629b8b03,,,,,,,The specific IL-1 inhibitor from the human M20 cell line is distinct from the IL-1 receptor antagonist.,"verified_title = PubMed 1839505 ""The specific IL-1 inhibitor from the human M20 cell line is distinct from the IL-1 receptor antagonist."" (doi none; Lymphokine Cytokine Res 1991); this row: Frontiers in Sports and Active Living 2026; PMID is a numeric segment of this row's DOI; PubMed record(s) for doi 10.3389/fspor.2026.1839505: 42416338 ""The effects of 4 weeks of sport-specific repeated sprint training on upper-body strength quality, anaerobic capacity and punching ability of elite male boxers.""",The effects of 4 weeks of sport-specific repeated sprint training on upper-body 
CLEAR_MISRESOLVED_VERIFIED_TITLE,src_e44099f156ecf9e9,,,,,,,"The interactions of (-)-(R)-2-aminomethylpyrrolidine (1,1-cyclobutanedicarboxylato)platinum(II) monohydrate (DWA2114R) and related compounds with deoxyribonucleic acid.","verified_title = PubMed 1576676 ""The interactions of (-)-(R)-2-aminomethylpyrrolidine (1,1-cyclobutanedicarboxylato)platinum(II) monohydrate (DWA2114R) and related compounds with deoxyribonucleic acid."" (doi 10.1248/cpb.40.212; Chem Pharm Bull (Tokyo) 1992); this row: Frontiers in Physiology 2025; PMID is a numeric segment of this row's DOI; PubMed record(s) for doi 10.3389/fphys.2025.1576676: 40415789 ""Effects of high-intensity interval training on aerobic and anaerobic capacity in olympic combat sports: a systematic review and meta-analysis.""",Effects of high-intensity interval training on aerobic and anaerobic capacity in
CLEAR_MISRESOLVED_VERIFIED_TITLE,src_ac16342790cff04e,,,,,,,Regional brain perfusion changes in patients with primary generalized epilepsy assessed by Tc99m HM-PAO and SPECT.,"verified_title = PubMed 1810393 ""Regional brain perfusion changes in patients with primary generalized epilepsy assessed by Tc99m HM-PAO and SPECT."" (doi none; Neurol Croat 1991); this row: Frontiers in Physiology 2026; PMID is a numeric segment of this row's DOI; PubMed record(s) for doi 10.3389/fphys.2026.1810393: 42206273 ""The effect of integrative neuromuscular training on physical fitness and punching performance in highly-trained male boxers.""",The effect of integrative neuromuscular training on physical fitness and punchin
CLEAR_MISRESOLVED_VERIFIED_TITLE,src_ea74936d27aeffa8,,,,,,,[Radiotherapy and inhibitors of epidermal growth factor receptor: preclinical findings and preliminary clinical trials].,"verified_title = PubMed 14763141 ""[Radiotherapy and inhibitors of epidermal growth factor receptor: preclinical findings and preliminary clinical trials]."" (doi none; Bull Cancer 2003); this row: Sports Biomechanics 2019; PMID is a numeric segment of this row's DOI; PubMed record(s) for doi 10.1080/14763141.2019.1607542: 31070108 ""Acute and longitudinal effects of weighted vest training on sprint-running performance: a systematic review.""",Acute and longitudinal effects of weighted vest training on sprint-running perfo
CLEAR_MISRESOLVED_VERIFIED_TITLE,src_500bf5dcb397d73f,,,,,,,Lipopolysaccharide O antigen size distribution is determined by a chain extension complex of variable stoichiometry in Escherichia coli O9a.,"verified_title = PubMed 24733938 ""Lipopolysaccharide O antigen size distribution is determined by a chain extension complex of variable stoichiometry in Escherichia coli O9a."" (doi 10.1073/pnas.1400814111; Proc Natl Acad Sci U S A 2014); this row: Science and Medicine in Football 2020; PMID is a numeric segment of this row's DOI; PubMed record(s) for doi 10.1080/24733938.2020.1765007: 35073237 ""A systematic review on methodological variation in acute:chronic workload research in elite male football players.""",A systematic review on methodological variation in acute:chronic workload resear
CLEAR_MISRESOLVED_VERIFIED_TITLE,src_4f5ef0cf948e998a,,,,,,,[Prevalence of hereditary diseases in three-year-old Swiss Warmblood horses].,"verified_title = PubMed 17461391 ""[Prevalence of hereditary diseases in three-year-old Swiss Warmblood horses]."" (doi 10.1024/0036-7281.149.4.161; Schweiz Arch Tierheilkd 2007); this row: European Journal of Sport Science 2020; PMID is a numeric segment of this row's DOI; PubMed record(s) for doi 10.1080/17461391.2020.1736183: 32172680 ""Effects of tapering on neuromuscular and metabolic fitness in team sports: a systematic review and meta-analysis.""",Effects of tapering on neuromuscular and metabolic fitness in team sports: a sys
CLEAR_MISRESOLVED_VERIFIED_TITLE,src_04799ac793776425,,,,,,,DNA-testing for Huntington's disease in The Netherlands: a retrospective study on psychosocial effects.,"verified_title = PubMed 1387764 ""DNA-testing for Huntington's disease in The Netherlands: a retrospective study on psychosocial effects."" (doi 10.1002/ajmg.1320440122; Am J Med Genet 1992); this row: International Journal of Sports Medicine 2014; PMID is a numeric segment of this row's DOI; PubMed record(s) for doi 10.1055/s-0034-1387764: 25376728 ""Injuries in competitive boxing. A prospective study.""",Injuries in Competitive Boxing. A Prospective Study
CLEAR_MISRESOLVED_VERIFIED_TITLE,src_412dee7701bc32ab,,,,,,,"Effects of the 5-HT3 receptor antagonist, ICS 205-930, on oesophageal motor activity and on lower oesophageal sphincter pressure: a double-blind cross-over study.","verified_title = PubMed 2083922 ""Effects of the 5-HT3 receptor antagonist, ICS 205-930, on oesophageal motor activity and on lower oesophageal sphincter pressure: a double-blind cross-over study."" (doi none; Hepatogastroenterology 1990); this row: The Physician and Sportsmedicine 2022; PMID is a numeric segment of this row's DOI; PubMed record(s) for doi 10.1080/00913847.2022.2083922: 35678314 ""Neuroimaging in professional combat sports: consensus statement from the association of ringside physicians.""",Neuroimaging in professional combat sports: consensus statement from the associa
CLEAR_MISRESOLVED_VERIFIED_TITLE,src_43614d5c172b8c97,,,,,,,A comparison of the modes of actions of human salivary and pancreatic alpha-amylases on modified maltooligosaccharides.,"verified_title = PubMed 2467909 ""A comparison of the modes of actions of human salivary and pancreatic alpha-amylases on modified maltooligosaccharides."" (doi 10.1093/oxfordjournals.jbchem.a122529; J Biochem 1988); this row: Journal of the International Society of Sports Nutrition 2025; PMID is a numeric segment of this row's DOI; PubMed record(s) for doi 10.1080/15502783.2025.2467909: 40059405 ""International society of sports nutrition position stand: nutrition and weight cut strategies for mixed martial arts and other combat sports.""",International society of sports nutrition position stand: nutrition and weight c
CLEAR_MISRESOLVED_VERIFIED_TITLE,src_0259314f28081a08,,,,,,,Youssef's syndrome.,"verified_title = PubMed 1184302 ""Youssef's syndrome."" (doi 10.1007/bf02085430; Int Urol Nephrol 1975); this row: Journal of Sports Sciences 2016; PMID is a numeric segment of this row's DOI; PubMed record(s) for doi 10.1080/02640414.2016.1184302: 27173991 ""Fluid balance and hydration assessment during the weight-stable preparation phase in elite youth boxers.""",Fluid balance and hydration assessment during the weight-stable preparation phas
CLEAR_MISRESOLVED_VERIFIED_TITLE,src_73e3bd0a9ccc0bcd,,,,,,,[Prevalence of hereditary diseases in three-year-old Swiss Warmblood horses].,"verified_title = PubMed 17461391 ""[Prevalence of hereditary diseases in three-year-old Swiss Warmblood horses]."" (doi 10.1024/0036-7281.149.4.161; Schweiz Arch Tierheilkd 2007); this row: European Journal of Sport Science 2019; PMID is a numeric segment of this row's DOI; PubMed record(s) for doi 10.1080/17461391.2019.1616826: 31092119 ""Body composition of elite Olympic combat sport athletes.""",Body composition of elite Olympic combat sport athletes
CLEAR_MISRESOLVED_VERIFIED_TITLE,src_2d1c35f12f31fad5,,,,,,,The role of nitric oxide in serotonin-induced relaxations in the canine terminal ileum and ileocolonic junction.,"verified_title = PubMed 1663590 ""The role of nitric oxide in serotonin-induced relaxations in the canine terminal ileum and ileocolonic junction."" (doi 10.1007/bf00174756; Naunyn Schmiedebergs Arch Pharmacol 1991); this row: Frontiers in Physiology 2025; PMID is a numeric segment of this row's DOI; PubMed record(s) for doi 10.3389/fphys.2025.1663590: 40969919 ""Are counter movement jump and isometric mid-thigh pull tests reliable, valid, and sensitive measurement instruments when performed after maximal cardiopulmonary exercise testing? A sex-based analysis in elite athletes.""","Are counter movement jump and isometric mid-thigh pull tests reliable, valid, an"
CLEAR_MISRESOLVED_VERIFIED_TITLE,src_a6716135d70ac13a,,,,,,,NAPNAP president's message. Address unknown: the homeless.,"verified_title = PubMed 1597826 ""NAPNAP president's message. Address unknown: the homeless."" (doi 10.1016/0891-5245(92)90153-u; J Pediatr Health Care 1992); this row: Journal of Sports Sciences 2019; PMID is a numeric segment of this row's DOI; PubMed record(s) for doi 10.1080/02640414.2019.1597826: 30939987 ""Menstrual cycle alters training strain, monotony, and technical training length in young.""","Menstrual cycle alters training strain, monotony, and technical training length "
CLEAR_MISRESOLVED_VERIFIED_TITLE,src_270925ff5cfb01fa,,,,,,,Impact of mouthguards on the prevention of dentofacial injuries and sports performance among athletes: An umbrella review.,"verified_title = PubMed 40586455 ""Impact of mouthguards on the prevention of dentofacial injuries and sports performance among athletes: An umbrella review."" (doi 10.4103/jisppd.jisppd_55_25; J Indian Soc Pedod Prev Dent 2025); this row: Dental traumatology : official publication of International  2023; PubMed 36436198 title = ""Sports mouthguard overview: Materials, fabrication techniques, existing standards, and future research needs.""","Sports mouthguard overview: Materials, fabrication techniques, existing standard"
CLEAR_MISRESOLVED_VERIFIED_TITLE,src_1773ffaed3b19cb4,,,,,,,Mouthguard use in youth ice hockey and the risk of concussion: nested case-control study of 315 cases.,"verified_title = PubMed 31937578 ""Mouthguard use in youth ice hockey and the risk of concussion: nested case-control study of 315 cases."" (doi 10.1136/bjsports-2019-101011; Br J Sports Med 2020); this row: International journal of environmental research and public h 2020; PubMed 32580527 title = ""Association between Sports-Related Concussion and Mouthguard Use among College Sports Players: A Case-Control Study Based on Propensity Score Matching.""",Association between Sports-Related Concussion and Mouthguard Use among College S
CLEAR_MISRESOLVED_VERIFIED_TITLE,src_865e760d16369d2c,,,,,,,Mouthguard Use and Cardiopulmonary Capacity - A Systematic Review and Meta-Analysis.,"verified_title = PubMed 30539104 ""Mouthguard Use and Cardiopulmonary Capacity - A Systematic Review and Meta-Analysis."" (doi 10.1055/s-0043-117599; Sports Med Int Open 2017); this row: The Journal of sports medicine and physical fitness 2020; PubMed 31565911 title = ""Effects of boil-and-bite and custom-fit mouthguards on cardiorespiratory responses to aerobic exercise.""",Effects of boil-and-bite and custom-fit mouthguards on cardiorespiratory respons
CLEAR_MISRESOLVED_VERIFIED_TITLE,src_19baa8c0d7d35ef8,,,,,,,Microbial Contamination and Disinfection of Sport Mouthguard: In Vitro Study.,"verified_title = PubMed 31813013 ""Microbial Contamination and Disinfection of Sport Mouthguard: In Vitro Study."" (doi 10.1007/s00284-019-01834-1; Curr Microbiol 2020); this row: BMC oral health 2025; PubMed 41188865 title = ""Surface deterioration and poor handling of sports mouthguards for young football players promote bacterial attachment and colonisation requiring mechanical cleaning.""",Surface deterioration and poor handling of sports mouthguards for young football
CLEAR_MISRESOLVED_VERIFIED_TITLE,src_e4e57e4e7a8121a3,,,,,,,Contact Breast Injuries Among Female Athletes: A Systematic Review.,"verified_title = PubMed 38693460 ""Contact Breast Injuries Among Female Athletes: A Systematic Review."" (doi 10.1007/s40279-024-02027-y; Sports Med 2024); this row: BMJ open sport & exercise medicine 2025; PubMed 41090106 title = ""'Don't tell the coach': contact breast injury and breast pain in under-18 international female rugby players.""",'Don't tell the coach': contact breast injury and breast pain in under-18 intern
CLEAR_MISRESOLVED_VERIFIED_TITLE,src_4f2844823fe26d27,,,,,,,Contact Breast Injuries Among Female Athletes: A Systematic Review.,"verified_title = PubMed 38693460 ""Contact Breast Injuries Among Female Athletes: A Systematic Review."" (doi 10.1007/s40279-024-02027-y; Sports Med 2024); this row: British journal of sports medicine 2025; PubMed 39719326 title = ""Towards evidence-based breast protective equipment in contact, combat and pseudo-contact sport.""","Towards evidence-based breast protective equipment in contact, combat and pseudo"
CLEAR_MISRESOLVED_VERIFIED_TITLE,src_2111449e5d3f7092,,,,,,,Effects of Weight Cutting on Exercise Performance in Combat Athletes: A Meta-Analysis.,"verified_title = PubMed 35523423 ""Effects of Weight Cutting on Exercise Performance in Combat Athletes: A Meta-Analysis."" (doi 10.1123/ijspp.2021-0104; Int J Sports Physiol Perform 2022); this row: Medicina (Kaunas, Lithuania) 2021; PubMed 34072641 title = ""Effects of Rapid Weight Loss on Kidney Function in Combat Sport Athletes.""",Effects of Rapid Weight Loss on Kidney Function in Combat Sport Athletes.
CLEAR_MISRESOLVED_VERIFIED_TITLE,src_c0ca94224f65e5d1,,,,,,,Effects of Weight Cutting on Exercise Performance in Combat Athletes: A Meta-Analysis.,"verified_title = PubMed 35523423 ""Effects of Weight Cutting on Exercise Performance in Combat Athletes: A Meta-Analysis."" (doi 10.1123/ijspp.2021-0104; Int J Sports Physiol Perform 2022); this row: Nutrients 2020; PubMed 32357500 title = ""Effects of Rapid Weight Loss on Judo Athletes: A Systematic Review.""",Effects of Rapid Weight Loss on Judo Athletes: A Systematic Review.
CLEAR_MISRESOLVED_VERIFIED_TITLE,src_3c5b6e9f343f0fa2,,,,,,,Tinea gladiatorum: wrestling's emerging foe.,"verified_title = PubMed 10870869 ""Tinea gladiatorum: wrestling's emerging foe."" (doi 10.2165/00007256-200029060-00006; Sports Med 2000); this row: Mycoses 2013; PubMed 22621172 title = ""Epidemiology of dermatophytosis in junior combat and non-combat sports participants.""",Epidemiology of dermatophytosis in junior combat and non-combat sports participa
CLEAR_MISRESOLVED_VERIFIED_TITLE,src_cd1fd34f7b74a2a1,,,,,,,Tinea gladiatorum: wrestling's emerging foe.,"verified_title = PubMed 10870869 ""Tinea gladiatorum: wrestling's emerging foe."" (doi 10.2165/00007256-200029060-00006; Sports Med 2000); this row: Medicine and science in sports and exercise 2011; PubMed 20962684 title = ""Community-associated methicillin-resistant Staphylococcus aureus survival on artificial turf substrates.""",Community-associated methicillin-resistant Staphylococcus aureus survival on art
CLEAR_MISRESOLVED_VERIFIED_TITLE,src_05600d8d1b52180d,,,,,,,Effects of northbound long-haul international air travel on sleep quantity and subjective jet lag and wellness in professional Australian soccer players.,"verified_title = PubMed 25569181 ""Effects of northbound long-haul international air travel on sleep quantity and subjective jet lag and wellness in professional Australian soccer players."" (doi 10.1123/ijspp.2014-0490; Int J Sports Physiol Perform 2015); this row: International journal of sport nutrition and exercise metabo 2019; PubMed 30507257 title = ""Nutrition for Travel: From Jet lag To Catering.""",Nutrition for Travel: From Jet lag To Catering.
CLEAR_MISRESOLVED_VERIFIED_TITLE,src_3a52ae929e762a4b,,,,,,,Biomechanical assessment of various punching techniques.,"verified_title = PubMed 33057792 ""Biomechanical assessment of various punching techniques."" (doi 10.1007/s00414-020-02440-8; Int J Legal Med 2021); this row: The American journal of sports medicine 1988; PubMed 3377096 title = ""Kinematic analysis of human upper extremity movements in boxing.""",Kinematic analysis of human upper extremity movements in boxing.
CLEAR_MISRESOLVED_VERIFIED_TITLE,src_2e8c1e1f7f022671,,,,,,,Closed Sagittal Band Injury of the Metacarpophalangeal Joint.,"verified_title = PubMed 26111875 ""Closed Sagittal Band Injury of the Metacarpophalangeal Joint."" (doi 10.5435/jaaos-d-13-00203; J Am Acad Orthop Surg 2015); this row: Current reviews in musculoskeletal medicine 2017; PubMed 28101826 title = ""Sagittal band, boutonniere, and pulley injuries in the athlete.""","Sagittal band, boutonniere, and pulley injuries in the athlete."
CLEAR_MISRESOLVED_VERIFIED_TITLE,src_c6453b7ffe31c27c,,,,,,,Effects of Carbohydrate Mouth Rinse on Cycling Time Trial Performance: A Systematic Review and Meta-Analysis.,"verified_title = PubMed 30488186 ""Effects of Carbohydrate Mouth Rinse on Cycling Time Trial Performance: A Systematic Review and Meta-Analysis."" (doi 10.1007/s40279-018-1029-7; Sports Med 2019); this row: Critical reviews in food science and nutrition 2023; PubMed 35373671 title = ""Effect of carbohydrate mouth rinse on muscle strength and muscular endurance: A systematic review with meta-analysis.""",Effect of carbohydrate mouth rinse on muscle strength and muscular endurance: A 
CLEAR_MISRESOLVED_VERIFIED_TITLE,src_8078c840b866b476,,,,,,,Ingested protein dose response of muscle and albumin protein synthesis after resistance exercise in young men.,"verified_title = PubMed 19056590 ""Ingested protein dose response of muscle and albumin protein synthesis after resistance exercise in young men."" (doi 10.3945/ajcn.2008.26401; Am J Clin Nutr 2009); this row: Physiological reports 2016; PubMed 27511985 title = ""The response of muscle protein synthesis following whole-body resistance exercise is greater following 40 g than 20 g of ingested whey protein.""",The response of muscle protein synthesis following whole-body resistance exercis
CLEAR_MISRESOLVED_VERIFIED_TITLE,src_07f43264ffabd40f,,,,,,,Ingested protein dose response of muscle and albumin protein synthesis after resistance exercise in young men.,"verified_title = PubMed 19056590 ""Ingested protein dose response of muscle and albumin protein synthesis after resistance exercise in young men."" (doi 10.3945/ajcn.2008.26401; Am J Clin Nutr 2009); this row: Nutrients 2020; PubMed 32429355 title = ""Protein Distribution and Muscle-Related Outcomes: Does the Evidence Support the Concept?""",Protein Distribution and Muscle-Related Outcomes: Does the Evidence Support the 
CLEAR_MISRESOLVED_VERIFIED_TITLE,src_aeb9d9e1534a9743,,,,,,,International society of sports nutrition position stand: caffeine and exercise performance.,"verified_title = PubMed 33388079 ""International society of sports nutrition position stand: caffeine and exercise performance."" (doi 10.1186/s12970-020-00383-4; J Int Soc Sports Nutr 2021); this row: British journal of sports medicine 2020; PubMed 30926628 title = ""Wake up and smell the coffee: caffeine supplementation and exercise performance-an umbrella review of 21 published meta-analyses.""",Wake up and smell the coffee: caffeine supplementation and exercise performance-
CLEAR_MISRESOLVED_VERIFIED_TITLE,src_79b234b2cf48b93a,,,,,,,"International Society of Sports Nutrition position stand: safety and efficacy of creatine supplementation in exercise, sport, and medicine.","verified_title = PubMed 28615996 ""International Society of Sports Nutrition position stand: safety and efficacy of creatine supplementation in exercise, sport, and medicine."" (doi 10.1186/s12970-017-0173-z; J Int Soc Sports Nutr 2017); this row: Journal of the International Society of Sports Nutrition 2021; PubMed 33557850 title = ""Common questions and misconceptions about creatine supplementation: what does the scientific evidence really show?""",Common questions and misconceptions about creatine supplementation: what does th
CLEAR_MISRESOLVED_VERIFIED_TITLE,src_d80ed999c2397022,,,,,,,Creatine Supplementation in Children and Adolescents.,"verified_title = PubMed 33670822 ""Creatine Supplementation in Children and Adolescents."" (doi 10.3390/nu13020664; Nutrients 2021); this row: Journal of orthopaedics 2023; PubMed 37008451 title = ""Creatine supplementation in the pediatric and adolescent athlete-- A literature review.""",Creatine supplementation in the pediatric and adolescent athlete-- A literature 
CLEAR_MISRESOLVED_VERIFIED_TITLE,src_133574147f2e7ab9,,,,,,,International Society of Sports Nutrition position stand: sodium bicarbonate and exercise performance.,"verified_title = PubMed 34503527 ""International Society of Sports Nutrition position stand: sodium bicarbonate and exercise performance."" (doi 10.1186/s12970-021-00458-w; J Int Soc Sports Nutr 2021); this row: Current nutrition reports 2022; PubMed 35394616 title = ""Can Sodium Bicarbonate Supplementation Improve Combat Sports Performance? A Systematic Review and Meta-analysis.""",Can Sodium Bicarbonate Supplementation Improve Combat Sports Performance? A Syst
CLEAR_MISRESOLVED_VERIFIED_TITLE,src_5901b045b175f9dc,,,,,,,Effects of Rapid Weight Loss on Balance and Reaction Time in Elite Judo Athletes.,"verified_title = PubMed 29809054 ""Effects of Rapid Weight Loss on Balance and Reaction Time in Elite Judo Athletes."" (doi 10.1123/ijspp.2018-0089; Int J Sports Physiol Perform 2018); this row: Biology 2022; PubMed 35453700 title = ""Effect of Rapid Weight Loss on Hydration Status and Performance in Elite Judo Athletes.""",Effect of Rapid Weight Loss on Hydration Status and Performance in Elite Judo At
CLEAR_MISRESOLVED_VERIFIED_TITLE,src_729c6bd977fac3ff,,,,,,,Rapid Weight Loss of Up to Five Percent of the Body Mass in Less Than 7 Days Does Not Affect Physical Performance in Official Olympic Combat Athletes With Weight Classes: A Systematic Review With Meta-Analysis.,"verified_title = PubMed 35492609 ""Rapid Weight Loss of Up to Five Percent of the Body Mass in Less Than 7 Days Does Not Affect Physical Performance in Official Olympic Combat Athletes With Weight Classes: A Systematic Review With Meta-Analysis."" (doi 10.3389/fphys.2022.830229; Front Physiol 2022); this row: International journal of environmental research and public h 2023; PubMed 36982067 title = ""Effects of Different Rapid Weight Loss Strategies and Percentages on Performance-Related Parameters in Combat Sports: An Updated Systematic Review.""",Effects of Different Rapid Weight Loss Strategies and Percentages on Performance
CLEAR_MISRESOLVED_VERIFIED_TITLE,src_75dd08ee2ba5f360,,,,,,,"2014 Female Athlete Triad Coalition Consensus Statement on Treatment and Return to Play of the Female Athlete Triad: 1st International Conference held in San Francisco, California, May 2012 and 2nd International Conference held in Indianapolis, Indiana, May 2013.","verified_title = PubMed 24463911 ""2014 Female Athlete Triad Coalition Consensus Statement on Treatment and Return to Play of the Female Athlete Triad: 1st International Conference held in San Francisco, California, May 2012 and 2nd International Conference held in Indianapolis, Indiana, May 2013."" (doi 10.1136/bjsports-2013-093218; Br J Sports Med 2014); this row: Clinical journal of sport medicine : official journal of the 2021; PubMed 34091538 title = ""The Male Athlete Triad-A Consensus Statement From the Female and Male Athlete Triad Coalition Part II: Diagnosis, Treatment, and Return-To-Play.""",The Male Athlete Triad-A Consensus Statement From the Female and Male Athlete Tr
CLEAR_MISRESOLVED_VERIFIED_TITLE,src_4e53c7586cfe5ce9,,,,,,,Restoration of Muscle Glycogen and Functional Capacity: Role of Post-Exercise Carbohydrate and Protein Co-Ingestion.,"verified_title = PubMed 29473893 ""Restoration of Muscle Glycogen and Functional Capacity: Role of Post-Exercise Carbohydrate and Protein Co-Ingestion."" (doi 10.3390/nu10020253; Nutrients 2018); this row: Sports medicine - open 2021; PubMed 33507402 title = ""The Effect of Consuming Carbohydrate With and Without Protein on the Rate of Muscle Glycogen Re-synthesis During Short-Term Post-exercise Recovery: a Systematic Review and Meta-analysis.""",The Effect of Consuming Carbohydrate With and Without Protein on the Rate of Mus
CLEAR_MISRESOLVED_VERIFIED_TITLE,src_cd5fa0b0378b3df8,,,,,,,Acute-Weight-Loss Strategies for Combat Sports and Applications to Olympic Success.,"verified_title = PubMed 27347784 ""Acute-Weight-Loss Strategies for Combat Sports and Applications to Olympic Success."" (doi 10.1123/ijspp.2016-0211; Int J Sports Physiol Perform 2017); this row: European journal of sport science 2017; PubMed 28316263 title = ""Individualised dietary strategies for Olympic combat sports: Acute weight loss, recovery and competition nutrition.""","Individualised dietary strategies for Olympic combat sports: Acute weight loss, "
CLEAR_MISRESOLVED_VERIFIED_TITLE,src_93af47d90fbfe018,,,,,,,Chronic pain in the classroom: teachers' attributions about the causes of chronic pain.,"verified_title = PubMed 17430437 ""Chronic pain in the classroom: teachers' attributions about the causes of chronic pain."" (doi 10.1111/j.1746-1561.2007.00200.x; J Sch Health 2007); this row: Sport in Society 2013; PMID is a numeric segment of this row's DOI; doi 10.1080/17430437.2013.828902 not indexed in PubMed","Volunteer roles, involvement and commitment in voluntary sport organizations: ev"
CLEAR_MISRESOLVED_VERIFIED_TITLE,src_ef24e9614021e2df,,,,,,,Youth resistance training: updated position statement paper from the national strength and conditioning association.,"verified_title = PubMed 19620931 ""Youth resistance training: updated position statement paper from the national strength and conditioning association."" (doi 10.1519/jsc.0b013e31819df407; J Strength Cond Res 2009); this row: British journal of sports medicine 2010; PubMed 19945973 title = ""Resistance training among young athletes: safety, efficacy and injury prevention effects.""","Resistance training among young athletes: safety, efficacy and injury prevention"
CLEAR_MISRESOLVED_VERIFIED_TITLE,src_8e21787086195d95,,,,,,,AOSSM Early Sport Specialization Consensus Statement.,"verified_title = PubMed 27169132 ""AOSSM Early Sport Specialization Consensus Statement."" (doi 10.1177/2325967116644241; Orthop J Sports Med 2016); this row: Clinical journal of sport medicine : official journal of the 2021; PubMed 33587486 title = ""Defining a Research Agenda for Youth Sport Specialization in the United States: The AMSSM Youth Early Sport Specialization Summit.""",Defining a Research Agenda for Youth Sport Specialization in the United States: 
CLEAR_MISRESOLVED_VERIFIED_TITLE,src_a4c728e773605e98,,,,,,,Barriers to the Implementation of State Concussion Laws Within High Schools.,"verified_title = PubMed 31757625 ""Barriers to the Implementation of State Concussion Laws Within High Schools."" (doi 10.1016/j.jadohealth.2019.08.016; J Adolesc Health 2020); this row: Journal of athletic training 2018; PubMed 30284457 title = ""Qualitative Evaluation of High School Implementation Strategies for Youth Sports Concussion Laws.""",Qualitative Evaluation of High School Implementation Strategies for Youth Sports
CLEAR_MISRESOLVED_VERIFIED_TITLE,src_3ace194fbb7934d5,,,,,,,Barriers to the Implementation of State Concussion Laws Within High Schools.,"verified_title = PubMed 31757625 ""Barriers to the Implementation of State Concussion Laws Within High Schools."" (doi 10.1016/j.jadohealth.2019.08.016; J Adolesc Health 2020); this row: PM & R : the journal of injury, function, and rehabilitation 2025; PubMed 39444245 title = ""Variability in youth coach concussion education requirements across states.""",Variability in youth coach concussion education requirements across states.
CLEAR_MISRESOLVED_VERIFIED_TITLE,src_b19ca94698ef0865,,,,,,,Implementing automated external defibrillators into community sports clubs/facilities: a cross-sectional survey of community club member preparedness for medical emergencies.,"verified_title = PubMed 31275605 ""Implementing automated external defibrillators into community sports clubs/facilities: a cross-sectional survey of community club member preparedness for medical emergencies."" (doi 10.1136/bmjsem-2019-000536; BMJ Open Sport Exerc Med 2019); this row: The Physician and sportsmedicine 2020; PubMed 31829067 title = ""Are Irish Gaelic Athletic Association clubs prepared to use an AED following a sudden cardiac arrest? A cross-sectional survey.""",Are Irish Gaelic Athletic Association clubs prepared to use an AED following a s
CLEAR_MISRESOLVED_VERIFIED_TITLE,src_8e02317791a2e154,,,,,,,"Tinea Gladiatorum: Epidemiology, Clinical Aspects, and Management.","verified_title = PubMed 35887830 ""Tinea Gladiatorum: Epidemiology, Clinical Aspects, and Management."" (doi 10.3390/jcm11144066; J Clin Med 2022); this row: Journal of the American Academy of Dermatology 2002; PubMed 12140477 title = ""Tinea corporis gladiatorum.""",Tinea corporis gladiatorum.
CLEAR_MISRESOLVED_VERIFIED_TITLE,src_e7ff8ae0ee32daec,,,,,,,A clinico-epidemiological study on tinea gladiatorum in Iranian wrestlers and mat contamination by dermatophytes.,"verified_title = PubMed 19917034 ""A clinico-epidemiological study on tinea gladiatorum in Iranian wrestlers and mat contamination by dermatophytes."" (doi 10.1111/j.1439-0507.2009.01809.x; Mycoses 2011); this row: Mycoses 2020; PubMed 32096252 title = ""Molecular epidemiology of Tinea gladiatorum in contact sports in northern Iran.""",Molecular epidemiology of Tinea gladiatorum in contact sports in northern Iran.
CLEAR_MISRESOLVED_VERIFIED_TITLE,src_fce28d1acf97f245,,,,,,,Fluconazole for the prevention and treatment of tinea gladiatorum.,"verified_title = PubMed 10959739 ""Fluconazole for the prevention and treatment of tinea gladiatorum."" (doi 10.1097/00006454-200008000-00009; Pediatr Infect Dis J 2000); this row: Clinical journal of sport medicine : official journal of the 2009; PubMed 19741315 title = ""Fluconazole as a prophylactic measure for tinea gladiatorum in high school wrestlers.""",Fluconazole as a prophylactic measure for tinea gladiatorum in high school wrest
CLEAR_MISRESOLVED_VERIFIED_TITLE,src_7087326db93e25fe,,,,,,,Methicillin-resistant Staphylococcus aureus infections in collegiate football players.,"verified_title = PubMed 18614960 ""Methicillin-resistant Staphylococcus aureus infections in collegiate football players."" (doi 10.1249/mss.0b013e31816f1534; Med Sci Sports Exerc 2008); this row: The American journal of sports medicine 2005; PubMed 16314668 title = ""Community-acquired methicillin-resistant staphylococcus aureus: an emerging problem in the athletic population.""",Community-acquired methicillin-resistant staphylococcus aureus: an emerging prob
CLEAR_MISRESOLVED_VERIFIED_TITLE,src_81ed7e798fb327b5,,,,,,,Methicillin-resistant Staphylococcus aureus infections in collegiate football players.,"verified_title = PubMed 18614960 ""Methicillin-resistant Staphylococcus aureus infections in collegiate football players."" (doi 10.1249/mss.0b013e31816f1534; Med Sci Sports Exerc 2008); this row: International journal of sports medicine 2009; PubMed 19468969 title = ""Methicillin-resistant Staphylococcus aureus (MRSA) in the Athlete.""",Methicillin-resistant Staphylococcus aureus (MRSA) in the Athlete.
CLEAR_MISRESOLVED_VERIFIED_TITLE,src_46bb3f9e8042b9e1,,,,,,,"Blood borne infections in sport: risks of transmission, methods of prevention, and recommendations for hepatitis B vaccination.","verified_title = PubMed 15562159 ""Blood borne infections in sport: risks of transmission, methods of prevention, and recommendations for hepatitis B vaccination."" (doi 10.1136/bjsm.2004.011643; Br J Sports Med 2004); this row: British journal of sports medicine 2007; PubMed 17331974 title = ""Risk of hepatitis B infections in Olympic wrestling.""",Risk of hepatitis B infections in Olympic wrestling.
CLEAR_MISRESOLVED_VERIFIED_TITLE,src_2fb16fa7565af411,,,,,,,"Blood borne infections in sport: risks of transmission, methods of prevention, and recommendations for hepatitis B vaccination.","verified_title = PubMed 15562159 ""Blood borne infections in sport: risks of transmission, methods of prevention, and recommendations for hepatitis B vaccination."" (doi 10.1136/bjsm.2004.011643; Br J Sports Med 2004); this row: The American journal of case reports 2020; PubMed 32863382 title = ""Horizontal Transmission of Hepatitis B Virus Genotype C Among Members of a Wrestling Club in Japan.""",Horizontal Transmission of Hepatitis B Virus Genotype C Among Members of a Wrest
CLEAR_MISRESOLVED_VERIFIED_TITLE,src_2d9aa632ec523cb3,,,,,,,"A scoping review of rapid weight loss in judo athletes: prevalence, magnitude, effects on performance, risks, and recommendations.","verified_title = PubMed 39501688 ""A scoping review of rapid weight loss in judo athletes: prevalence, magnitude, effects on performance, risks, and recommendations."" (doi 10.20463/pan.2024.0017; Phys Act Nutr 2024); this row: Journal of the International Society of Sports Nutrition 2012; PubMed 23237303 title = ""Weight loss in combat sports: physiological, psychological and performance effects.""","Weight loss in combat sports: physiological, psychological and performance effec"
CLEAR_MISRESOLVED_VERIFIED_TITLE,src_166de28d9a3be538,,,,,,,Patient safety incident reporting systems and reporting practices in African healthcare organisations: a systematic review and meta-analysis.,"verified_title = PubMed 40011060 ""Patient safety incident reporting systems and reporting practices in African healthcare organisations: a systematic review and meta-analysis."" (doi 10.1136/bmjoq-2024-003202; BMJ Open Qual 2025); this row: British journal of anaesthesia 2024; PubMed 38866639 title = ""Critical airway-related incidents and near misses in anaesthesia: a qualitative study of a critical incident reporting system.""",Critical airway-related incidents and near misses in anaesthesia: a qualitative 
CLEAR_MISRESOLVED_VERIFIED_TITLE,src_db8abe5bb1de29d9,,,,,,,Patient safety incident reporting systems and reporting practices in African healthcare organisations: a systematic review and meta-analysis.,"verified_title = PubMed 40011060 ""Patient safety incident reporting systems and reporting practices in African healthcare organisations: a systematic review and meta-analysis."" (doi 10.1136/bmjoq-2024-003202; BMJ Open Qual 2025); this row: Medical physics 2016; PubMed 27147317 title = ""Targeting safety improvements through identification of incident origination and detection in a near-miss incident learning system.""",Targeting safety improvements through identification of incident origination and
CLEAR_MISRESOLVED_VERIFIED_TITLE,src_c4307f27166ed0b9,,,,,,,Overuse injuries and burnout in youth sports: a position statement from the American Medical Society for Sports Medicine.,"verified_title = PubMed 24366013 ""Overuse injuries and burnout in youth sports: a position statement from the American Medical Society for Sports Medicine."" (doi 10.1097/jsm.0000000000000060; Clin J Sport Med 2014); this row: Journal of athletic training 2019; PubMed 31633420 title = ""Health Consequences of Youth Sport Specialization.""",Health Consequences of Youth Sport Specialization.
CLEAR_MISRESOLVED_VERIFIED_TITLE,src_39ca0879b9087b6c,,,,,,,Overuse injuries and burnout in youth sports: a position statement from the American Medical Society for Sports Medicine.,"verified_title = PubMed 24366013 ""Overuse injuries and burnout in youth sports: a position statement from the American Medical Society for Sports Medicine."" (doi 10.1097/jsm.0000000000000060; Clin J Sport Med 2014); this row: Journal of athletic training 2011; PubMed 21391806 title = ""National Athletic Trainers' Association position statement: prevention of pediatric overuse injuries.""",National Athletic Trainers' Association position statement: prevention of pediat
CLEAR_MISRESOLVED_VERIFIED_TITLE,src_c8c1786556d9cf3f,,,,,,,Updating ACSM's Recommendations for Exercise Preparticipation Health Screening.,"verified_title = PubMed 26473759 ""Updating ACSM's Recommendations for Exercise Preparticipation Health Screening."" (doi 10.1249/mss.0000000000000664; Med Sci Sports Exerc 2015); this row: JAMA 2006; PubMed 17018804 title = ""Trends in sudden cardiovascular death in young competitive athletes after implementation of a preparticipation screening program.""",Trends in sudden cardiovascular death in young competitive athletes after implem
CLEAR_MISRESOLVED_VERIFIED_TITLE,src_6f3abc682533a73f,,,,,,,"Consensus statement on concussion in sport: the 6th International Conference on Concussion in Sport-Amsterdam, October 2022.","verified_title = PubMed 37316210 ""Consensus statement on concussion in sport: the 6th International Conference on Concussion in Sport-Amsterdam, October 2022."" (doi 10.1136/bjsports-2023-106898; Br J Sports Med 2023); this row: British journal of sports medicine 2023; PubMed 37316208 title = ""Amsterdam 2022 process: A summary of the methodology for the Amsterdam International Consensus on Concussion in Sport.""",Amsterdam 2022 process: A summary of the methodology for the Amsterdam Internati
CLEAR_MISRESOLVED_VERIFIED_TITLE,src_d9ad7d7981efedd4,,,,,,,Sensitivity analysis when data are missing not-at-random.,"verified_title = PubMed 21293212 ""Sensitivity analysis when data are missing not-at-random."" (doi 10.1097/ede.0b013e318209dec7; Epidemiology 2011); this row: Statistics in medicine 2016; PubMed 26567763 title = ""Sensitivity analysis for missing data in regulatory submissions.""",Sensitivity analysis for missing data in regulatory submissions.
CLEAR_MISRESOLVED_VERIFIED_TITLE,src_399bd94d6a04393a,,,,,,,Evaluation of non-response bias in a cohort study of World Trade Center terrorist attack survivors.,"verified_title = PubMed 25889176 ""Evaluation of non-response bias in a cohort study of World Trade Center terrorist attack survivors."" (doi 10.1186/s13104-015-0994-2; BMC Res Notes 2015); this row: BMC medical research methodology 2012; PubMed 22747967 title = ""Benefits of extensive recruitment effort persist during follow-ups and are consistent across age group and survey method. The TRAILS study.""",Benefits of extensive recruitment effort persist during follow-ups and are consi
CLEAR_MISRESOLVED_VERIFIED_TITLE,src_4cd2670bc4fcaf22,,,,,,,Meta-analysis by random effect modelling in generalized linear models.,"verified_title = PubMed 10474144 ""Meta-analysis by random effect modelling in generalized linear models."" (doi 10.1002/(sici)1097-0258(19990915/30)18:17/18<2343::aid-sim260>3.0.co;2-3; Stat Med 1999); this row: Journal of the American Statistical Association 1999; PMID is a numeric segment of this row's DOI; doi 10.1080/01621459.1999.10474144 not indexed in PubMed",A Proportional Hazards Model for the Subdistribution of a Competing Risk
CLEAR_MISRESOLVED_VERIFIED_TITLE,src_aa5417c1490f14fd,,,,,,,Meta-analysis by random effect modelling in generalized linear models.,"verified_title = PubMed 10474144 ""Meta-analysis by random effect modelling in generalized linear models."" (doi 10.1002/(sici)1097-0258(19990915/30)18:17/18<2343::aid-sim260>3.0.co;2-3; Stat Med 1999); this row: American Journal of Epidemiology 2009; PubMed record(s) for doi 10.1093/aje/kwp107: 19494242 ""Competing risk regression models for epidemiologic data.""",Competing Risk Regression Models for Epidemiologic Data
CLEAR_MISRESOLVED_VERIFIED_TITLE,src_c157745a63ca9b71,,,,,,,Meta-analysis by random effect modelling in generalized linear models.,"verified_title = PubMed 10474144 ""Meta-analysis by random effect modelling in generalized linear models."" (doi 10.1002/(sici)1097-0258(19990915/30)18:17/18<2343::aid-sim260>3.0.co;2-3; Stat Med 1999); this row: International Journal of Epidemiology 2012; PubMed record(s) for doi 10.1093/ije/dyr213: 22253319 ""Competing risks in epidemiology: possibilities and pitfalls.""",Competing risks in epidemiology: possibilities and pitfalls
CLEAR_MISRESOLVED_VERIFIED_TITLE,src_22a32d36b56d134b,,,,,,,Meta-analysis by random effect modelling in generalized linear models.,"verified_title = PubMed 10474144 ""Meta-analysis by random effect modelling in generalized linear models."" (doi 10.1002/(sici)1097-0258(19990915/30)18:17/18<2343::aid-sim260>3.0.co;2-3; Stat Med 1999); this row: Statistics in Medicine 2017; PubMed record(s) for doi 10.1002/sim.7501: 28913837 ""Practical recommendations for reporting Fine-Gray model analyses for competing risk data.""",Practical recommendations for reporting<scp>F</scp>ine‐<scp>G</scp>ray model ana
CLEAR_MISRESOLVED_VERIFIED_TITLE,src_6493f6921e01f80c,,,,,,,Multiple imputation using chained equations: Issues and guidance for practice,"verified_title = PubMed 21225900 ""Multiple imputation using chained equations: Issues and guidance for practice."" (doi 10.1002/sim.4067; Stat Med 2011); this row: BMC Medical Research Methodology 2017; PubMed record(s) for doi 10.1186/s12874-017-0442-1: 29207961 ""When and how should multiple imputation be used for handling missing data in randomised clinical trials - a practical guide with flowcharts.""",When and how should multiple imputation be used for handling missing data in ran
CLEAR_MISRESOLVED_VERIFIED_TITLE,src_0eb2c2164cfc1daf,,,,,,,The fun integration theory: toward sustaining children and adolescents sport participation.,"verified_title = PubMed 24770788 ""The fun integration theory: toward sustaining children and adolescents sport participation."" (doi 10.1123/jpah.2013-0180; J Phys Act Health 2015); this row: Journal of Physical Activity and Health 2017; PubMed record(s) for doi 10.1123/jpah.2016-0572: 28682655 ""Enjoyment and Behavioral Intention Predict Organized Youth Sport Participation and Dropout.""",Enjoyment and Behavioral Intention Predict Organized Youth Sport Participation a
CLEAR_MISRESOLVED_VERIFIED_TITLE,src_b112731d59916837,,,,,,,Sport Participation for Academic Success: Evidence From the Longitudinal Study of Australian Children.,"verified_title = PubMed 38141604 ""Sport Participation for Academic Success: Evidence From the Longitudinal Study of Australian Children."" (doi 10.1123/jpah.2023-0506; J Phys Act Health 2024); this row: American journal of health behavior 2017; PubMed 28452695 title = ""Sport Participation and Academic Achievement: A Longitudinal Study.""",Sport Participation and Academic Achievement: A Longitudinal Study.
CLEAR_MISRESOLVED_VERIFIED_TITLE,src_d4ff577fbad8d72f,,,,,,,[Effect of the multiple administration of hydrocortisone on the ultrastructure of the lymph nodes of rabbits].,"verified_title = PubMed 1180704 ""[Effect of the multiple administration of hydrocortisone on the ultrastructure of the lymph nodes of rabbits]."" (doi none; Arkh Patol 1975); this row: International Review of Sport and Exercise Psychology 2021; doi 10.1080/1750984x.2021.1910977 not indexed in PubMed",Coaching the development and transfer of life skills: a scoping review of facili
CLEAR_MISRESOLVED_VERIFIED_TITLE,src_cb338b10f9a37352,,,,,,,"An Examination of Parent-Reported Facilitators and Barriers to Organized Physical Activity Engagement for Youth With Neurodevelopmental Disorders, Physical, and Medical Conditions.","verified_title = PubMed 33132976 ""An Examination of Parent-Reported Facilitators and Barriers to Organized Physical Activity Engagement for Youth With Neurodevelopmental Disorders, Physical, and Medical Conditions."" (doi 10.3389/fpsyg.2020.568723; Front Psychol 2020); this row: BMC Pediatrics 2018; PubMed record(s) for doi 10.1186/s12887-018-1014-1: 29426310 ""Barriers to voluntary participation in sport for children: a systematic review.""",Barriers to voluntary participation in sport for children: a systematic review
CLEAR_MISRESOLVED_VERIFIED_TITLE,src_2737b75ee9dd2130,,,,,,,The Practice of Weight Loss in Combat Sports Athletes: A Systematic Review.,"verified_title = PubMed 38613083 ""The Practice of Weight Loss in Combat Sports Athletes: A Systematic Review."" (doi 10.3390/nu16071050; Nutrients 2024); this row: International journal of environmental research and public h 2020; PubMed 33255390 title = ""Factors Influencing Weight Loss Practices in Italian Boxers: A Cluster Analysis.""",Factors Influencing Weight Loss Practices in Italian Boxers: A Cluster Analysis.
CLEAR_MISRESOLVED_VERIFIED_TITLE,src_9318a557e2292092,,,,,,,The Practice of Weight Loss in Combat Sports Athletes: A Systematic Review.,"verified_title = PubMed 38613083 ""The Practice of Weight Loss in Combat Sports Athletes: A Systematic Review."" (doi 10.3390/nu16071050; Nutrients 2024); this row: Frontiers in nutrition 2022; PubMed 35223962 title = ""Disturbing Weight Cutting Behaviors in Young Combat Sports Athletes: A Cause for Concern.""",Disturbing Weight Cutting Behaviors in Young Combat Sports Athletes: A Cause for
CLEAR_MISRESOLVED_VERIFIED_TITLE,src_4c5acf4137b80818,,,,,,,International Olympic Committee consensus statement on youth athletic development.,"verified_title = PubMed 26084524 ""International Olympic Committee consensus statement on youth athletic development."" (doi 10.1136/bjsports-2015-094962; Br J Sports Med 2015); this row: Journal of athletic training 2021; PubMed 33787895 title = ""Consensus Definition of Sport Specialization in Youth Athletes Using a Delphi Approach.""",Consensus Definition of Sport Specialization in Youth Athletes Using a Delphi Ap
CLEAR_MISRESOLVED_VERIFIED_TITLE,src_a61c06a77d05bab1,,,,,,,Efficient design of cluster randomized and multicentre trials with unknown intraclass correlation.,"verified_title = PubMed 21937473 ""Efficient design of cluster randomized and multicentre trials with unknown intraclass correlation."" (doi 10.1177/0962280211421344; Stat Methods Med Res 2015); this row: Statistics in medicine 2021; PubMed 33258219 title = ""Design and analysis of three-arm parallel cluster randomized trials with small numbers of clusters.""",Design and analysis of three-arm parallel cluster randomized trials with small n
CLEAR_MISRESOLVED_VERIFIED_TITLE,src_bb46ace3c586be69,,,,,,,The long-term hydriding and dehydriding stability of the nanoscale LiNH2+LiH hydrogen storage system.,"verified_title = PubMed 19420676 ""The long-term hydriding and dehydriding stability of the nanoscale LiNH2+LiH hydrogen storage system."" (doi 10.1088/0957-4484/20/20/204028; Nanotechnology 2009); this row: Nonprofit and Voluntary Sector Quarterly 2018; doi 10.1177/0899764018807080 not indexed in PubMed",The Impact of Revenue Diversification on Nonprofit Financial Health: A Meta-anal
CLEAR_MISRESOLVED_VERIFIED_TITLE,src_5f2acadd988b7218,,,,,,,The long-term hydriding and dehydriding stability of the nanoscale LiNH2+LiH hydrogen storage system.,"verified_title = PubMed 19420676 ""The long-term hydriding and dehydriding stability of the nanoscale LiNH2+LiH hydrogen storage system."" (doi 10.1088/0957-4484/20/20/204028; Nanotechnology 2009); this row: Journal of Social Entrepreneurship 2011; PMID is a numeric segment of this row's DOI; doi 10.1080/19420676.2011.614630 not indexed in PubMed",Diversification Reconsidered: The Risks and Rewards of Revenue Concentration
CLEAR_MISRESOLVED_VERIFIED_TITLE,src_ff46bfa0db1f065c,,,,,,,Surfactant-free coating of thiols on gold nanoparticles using sonochemistry: a study of competing processes.,"verified_title = PubMed 24704067 ""Surfactant-free coating of thiols on gold nanoparticles using sonochemistry: a study of competing processes."" (doi 10.1016/j.ultsonch.2014.03.014; Ultrason Sonochem 2014); this row: Journal of Global Sport Management 2020; PMID is a numeric segment of this row's DOI; doi 10.1080/24704067.2020.1806493 not indexed in PubMed","In Troubled Water? European Sports Clubs: Their Problems, Capacities and Opportu"
