source_id,proposed_rights,evidence,confidence
src_6a5f99045eae8a7c,unknown,no evidence: Europe PMC record for pmid:27217246 carries no licence; query https://www.ebi.ac.uk/europepmc/webservices/rest/search?query=EXT_ID%3A27217246+AND+SRC%3AMED&resultType=core&format=json&pageSize=5,n/a
src_e2b8b255880faa36,unknown,no evidence: Europe PMC record for pmid:27217247 carries no licence; query https://www.ebi.ac.uk/europepmc/webservices/rest/search?query=EXT_ID%3A27217247+AND+SRC%3AMED&resultType=core&format=json&pageSize=5,n/a
src_f65a5ff611275aa6,unknown,"no evidence: seed identifier pmid:27217248 is MISRESOLVED (points at a different work), licence not looked up",n/a
src_fb75afa38ca39fa9,unknown,no evidence: Europe PMC returned no record for doi:10.1037/0033-295X.100.3.363; query https://www.ebi.ac.uk/europepmc/webservices/rest/search?query=DOI%3A%2210.1037%2F0033-295X.100.3.363%22&resultType=core&format=json&pageSize=5,n/a
src_4b6675e85f7fb8b2,unknown,no evidence: Europe PMC record for pmid:26833314 carries no licence; query https://www.ebi.ac.uk/europepmc/webservices/rest/search?query=EXT_ID%3A26833314+AND+SRC%3AMED&resultType=core&format=json&pageSize=5,n/a
src_3ca2059fb5ba13f6,unknown,"no evidence: seed identifier pmid:27088370 is MISRESOLVED (points at a different work), licence not looked up",n/a
src_a99df18a8f086694,unknown,no evidence: Europe PMC returned no record for doi:10.15626/mp.2021.2803; query https://www.ebi.ac.uk/europepmc/webservices/rest/search?query=DOI%3A%2210.15626%2Fmp.2021.2803%22&resultType=core&format=json&pageSize=5,n/a
src_14aba6a233007cb7,unknown,no evidence: Europe PMC record for pmid:39589568 carries no licence; query https://www.ebi.ac.uk/europepmc/webservices/rest/search?query=EXT_ID%3A39589568+AND+SRC%3AMED&resultType=core&format=json&pageSize=5,n/a
src_eb80469cef76eb95,unknown,no evidence: Europe PMC returned no record for doi:10.1016/j.edurev.2023.100537; query https://www.ebi.ac.uk/europepmc/webservices/rest/search?query=DOI%3A%2210.1016%2Fj.edurev.2023.100537%22&resultType=core&format=json&pageSize=5,n/a
src_c9a9a3616bd67d7b,unknown,"no evidence: Europe PMC record for doi:10.1038/s41598-024-65753-3 has a different title (""High contextual interference improves retention in motor learning: systematic re""), so its licence may not apply to this source; query https://www.ebi.ac.uk/europepmc/webservices/rest/search?query=DOI%3A%2210.1038%2Fs41598-024-65753-3%22&resultType=core&format=json&pageSize=5",n/a
src_d0cb241ea3b8da99,unknown,no evidence: Europe PMC returned no record for doi:10.1007/s10648-024-09892-z; query https://www.ebi.ac.uk/europepmc/webservices/rest/search?query=DOI%3A%2210.1007%2Fs10648-024-09892-z%22&resultType=core&format=json&pageSize=5,n/a
src_920662617554b807,unknown,no evidence: Europe PMC returned no record for doi:10.1007/s10648-025-10043-1; query https://www.ebi.ac.uk/europepmc/webservices/rest/search?query=DOI%3A%2210.1007%2Fs10648-025-10043-1%22&resultType=core&format=json&pageSize=5,n/a
src_5a4da18cd75fba91,unknown,no evidence: Europe PMC record for pmid:20845219 carries no licence; query https://www.ebi.ac.uk/europepmc/webservices/rest/search?query=EXT_ID%3A20845219+AND+SRC%3AMED&resultType=core&format=json&pageSize=5,n/a
src_ab5d85c11da94229,unknown,no evidence: Europe PMC returned no record for doi:10.1123/jmld.2021-0020; query https://www.ebi.ac.uk/europepmc/webservices/rest/search?query=DOI%3A%2210.1123%2Fjmld.2021-0020%22&resultType=core&format=json&pageSize=5,n/a
src_bd727e691339beef,unknown,no evidence: Europe PMC returned no record for doi:10.2174/1875399X01205010100; query https://www.ebi.ac.uk/europepmc/webservices/rest/search?query=DOI%3A%2210.2174%2F1875399X01205010100%22&resultType=core&format=json&pageSize=5,n/a
src_12c7c0a1c6550f6c,unknown,no evidence: Europe PMC record for doi:10.1123/jsep.33.1.146 carries no licence; query https://www.ebi.ac.uk/europepmc/webservices/rest/search?query=DOI%3A%2210.1123%2Fjsep.33.1.146%22&resultType=core&format=json&pageSize=5,n/a
src_cc2b4bc9f5e2507d,unknown,no evidence: Europe PMC returned no record for doi:10.1007/978-94-009-4460-2_19; query https://www.ebi.ac.uk/europepmc/webservices/rest/search?query=DOI%3A%2210.1007%2F978-94-009-4460-2_19%22&resultType=core&format=json&pageSize=5,n/a
src_43f95aac225f25a4,open_licence,"Europe PMC license=""cc by"" for doi:10.1371/journal.pone.0104744 (PMC4139301); query https://www.ebi.ac.uk/europepmc/webservices/rest/search?query=DOI%3A%2210.1371%2Fjournal.pone.0104744%22&resultType=core&format=json&pageSize=5",high
src_72dcee48c57b44e5,unknown,no evidence: Europe PMC record for doi:10.1007/s40279-016-0646-2 carries no licence; query https://www.ebi.ac.uk/europepmc/webservices/rest/search?query=DOI%3A%2210.1007%2Fs40279-016-0646-2%22&resultType=core&format=json&pageSize=5,n/a
src_1bb859f4784346a6,unknown,"no evidence: seed identifier doi:10.3389/fspor.2019.00061 is MISRESOLVED (points at a different work), licence not looked up",n/a
src_9616ccd378d859d9,unknown,no evidence: Europe PMC returned no record for doi:10.1037/0278-7393.16.4.677; query https://www.ebi.ac.uk/europepmc/webservices/rest/search?query=DOI%3A%2210.1037%2F0278-7393.16.4.677%22&resultType=core&format=json&pageSize=5,n/a
src_ad866aec2a0a3b2c,unknown,no evidence: Europe PMC returned no record for doi:10.1016/j.psychsport.2022.102165; query https://www.ebi.ac.uk/europepmc/webservices/rest/search?query=DOI%3A%2210.1016%2Fj.psychsport.2022.102165%22&resultType=core&format=json&pageSize=5,n/a
src_4adddc652bd2e633,unknown,no evidence: Europe PMC record for pmid:32452429 carries no licence; query https://www.ebi.ac.uk/europepmc/webservices/rest/search?query=EXT_ID%3A32452429+AND+SRC%3AMED&resultType=core&format=json&pageSize=5,n/a
src_1c5e3e2954e97434,unknown,"no evidence: seed identifier pmid:10100339 is MISRESOLVED (points at a different work), licence not looked up",n/a
src_c429bbe5ed919e45,unknown,"no evidence: seed identifier pmid:7973073 is MISRESOLVED (points at a different work), licence not looked up",n/a
src_b8a081d0756bc553,unknown,"no evidence: seed identifier pmid:7644839 is MISRESOLVED (points at a different work), licence not looked up",n/a
src_abacfb861a1fe0df,unknown,no evidence: Europe PMC returned no record for doi:10.1016/j.psychsport.2016.04.003; query https://www.ebi.ac.uk/europepmc/webservices/rest/search?query=DOI%3A%2210.1016%2Fj.psychsport.2016.04.003%22&resultType=core&format=json&pageSize=5,n/a
src_d62557f718cdc0da,unknown,no evidence: Europe PMC record for pmid:32509132 carries no licence; query https://www.ebi.ac.uk/europepmc/webservices/rest/search?query=EXT_ID%3A32509132+AND+SRC%3AMED&resultType=core&format=json&pageSize=5,n/a
src_5b874db9868eb945,unknown,no evidence: Europe PMC returned no record for doi:10.1177/17479541231218665; query https://www.ebi.ac.uk/europepmc/webservices/rest/search?query=DOI%3A%2210.1177%2F17479541231218665%22&resultType=core&format=json&pageSize=5,n/a
src_5bb02d172abf4bc4,open_licence,"Europe PMC license=""cc by"" for doi:10.3389/fpsyg.2020.571552 (PMC7522355); query https://www.ebi.ac.uk/europepmc/webservices/rest/search?query=DOI%3A%2210.3389%2Ffpsyg.2020.571552%22&resultType=core&format=json&pageSize=5",high
src_0abc2f36c9d8e715,unknown,no evidence: Europe PMC returned no record for doi:10.1111/j.2044-8295.1992.tb02446.x; query https://www.ebi.ac.uk/europepmc/webservices/rest/search?query=DOI%3A%2210.1111%2Fj.2044-8295.1992.tb02446.x%22&resultType=core&format=json&pageSize=5,n/a
src_17b569fdd378c4f7,unknown,no evidence: Europe PMC record for doi:10.1111/j.2044-8295.1996.tb02612.x carries no licence; query https://www.ebi.ac.uk/europepmc/webservices/rest/search?query=DOI%3A%2210.1111%2Fj.2044-8295.1996.tb02612.x%22&resultType=core&format=json&pageSize=5,n/a
src_a2e9bcfe9e52fa9a,open_licence,"Europe PMC license=""cc by"" for pmid:30183763 (PMC6124806); query https://www.ebi.ac.uk/europepmc/webservices/rest/search?query=EXT_ID%3A30183763+AND+SRC%3AMED&resultType=core&format=json&pageSize=5",high
src_358e44c99587fa1e,unknown,"no evidence: seed identifier pmid:34219609 is MISRESOLVED (points at a different work), licence not looked up",n/a
src_87c6792648534dea,open_licence,"Europe PMC license=""cc by"" for pmid:39419241; query https://www.ebi.ac.uk/europepmc/webservices/rest/search?query=EXT_ID%3A39419241+AND+SRC%3AMED&resultType=core&format=json&pageSize=5",high
src_109ad73e3df3fea1,unknown,no evidence: Europe PMC record for doi:10.1123/jsep.31.3.337 carries no licence; query https://www.ebi.ac.uk/europepmc/webservices/rest/search?query=DOI%3A%2210.1123%2Fjsep.31.3.337%22&resultType=core&format=json&pageSize=5,n/a
src_a1dd46945ac95379,open_licence,"Europe PMC license=""cc by"" for pmid:28878701 (PMC5572292); query https://www.ebi.ac.uk/europepmc/webservices/rest/search?query=EXT_ID%3A28878701+AND+SRC%3AMED&resultType=core&format=json&pageSize=5",high
src_aeab74ca39d6b8dd,unknown,no evidence: Europe PMC record for doi:10.3200/JMBR.38.3.185-205 carries no licence; query https://www.ebi.ac.uk/europepmc/webservices/rest/search?query=DOI%3A%2210.3200%2FJMBR.38.3.185-205%22&resultType=core&format=json&pageSize=5,n/a
src_f49fc40efd14febb,unknown,"no evidence: seed identifier pmid:32004119 is MISRESOLVED (points at a different work), licence not looked up",n/a
src_a1cb6aeb15cedcd3,unknown,"no evidence: seed identifier doi:10.1080/1750984X.2012.665076 is MISRESOLVED (points at a different work), licence not looked up",n/a
src_003ec55ec16f050a,unknown,no evidence: Europe PMC record for pmid:21986667 carries no licence; query https://www.ebi.ac.uk/europepmc/webservices/rest/search?query=EXT_ID%3A21986667+AND+SRC%3AMED&resultType=core&format=json&pageSize=5,n/a
src_e221bc5bcafd9441,unknown,"no evidence: seed identifier pmid:24897947 is MISRESOLVED (points at a different work), licence not looked up",n/a
src_fdf395abb08cb44e,unknown,"no evidence: seed identifier pmid:29141046 is MISRESOLVED (points at a different work), licence not looked up",n/a
src_7f725a56433dd082,unknown,"no evidence: seed identifier pmid:28160101 is MISRESOLVED (points at a different work), licence not looked up",n/a
src_97333246f8a62651,unknown,"no evidence: seed identifier doi:10.1080/1750984X.2020.1780627 is MISRESOLVED (points at a different work), licence not looked up",n/a
src_329ce6fbf5d93712,unknown,"no evidence: seed identifier doi:10.1080/17408989.2021.1991297 is MISRESOLVED (points at a different work), licence not looked up",n/a
src_122168f963877470,unknown,"no evidence: seed identifier doi:10.1080/10413200109339004 is MISRESOLVED (points at a different work), licence not looked up",n/a
src_f77d8ebdcb2de41e,unknown,"no evidence: seed identifier doi:10.3390/app12199753 is MISRESOLVED (points at a different work), licence not looked up",n/a
src_900385a5be3168f2,unknown,no evidence: Europe PMC record for doi:10.1123/jsep.29.4.457 carries no licence; query https://www.ebi.ac.uk/europepmc/webservices/rest/search?query=DOI%3A%2210.1123%2Fjsep.29.4.457%22&resultType=core&format=json&pageSize=5,n/a
src_f2b3725d1daf7ba0,open_licence,"Europe PMC license=""cc by"" for pmid:36389534 (PMC9650920); query https://www.ebi.ac.uk/europepmc/webservices/rest/search?query=EXT_ID%3A36389534+AND+SRC%3AMED&resultType=core&format=json&pageSize=5",high
src_9ac66774d3c69d70,unknown,"no evidence: seed identifier doi:10.1080/17461391.2014.957727 is MISRESOLVED (points at a different work), licence not looked up",n/a
src_dad1eac40895b2ee,unknown,no evidence: Europe PMC record for pmid:41951087 carries no licence; query https://www.ebi.ac.uk/europepmc/webservices/rest/search?query=EXT_ID%3A41951087+AND+SRC%3AMED&resultType=core&format=json&pageSize=5,n/a
src_141e4122d75b620a,unknown,no evidence: Europe PMC record for pmid:20038005 carries no licence; query https://www.ebi.ac.uk/europepmc/webservices/rest/search?query=EXT_ID%3A20038005+AND+SRC%3AMED&resultType=core&format=json&pageSize=5,n/a
src_8dd3a66e93037007,unknown,no evidence: Europe PMC returned no record for doi:10.1111/j.1467-9280.1992.tb00029.x; query https://www.ebi.ac.uk/europepmc/webservices/rest/search?query=DOI%3A%2210.1111%2Fj.1467-9280.1992.tb00029.x%22&resultType=core&format=json&pageSize=5,n/a
src_2172bfa496248f59,unknown,no evidence: Europe PMC record for doi:10.1177/1745691615569000 carries no licence; query https://www.ebi.ac.uk/europepmc/webservices/rest/search?query=DOI%3A%2210.1177%2F1745691615569000%22&resultType=core&format=json&pageSize=5,n/a
src_0e42272537e531f3,unknown,no evidence: Europe PMC record for doi:10.3758/BF03196276 carries no licence; query https://www.ebi.ac.uk/europepmc/webservices/rest/search?query=DOI%3A%2210.3758%2FBF03196276%22&resultType=core&format=json&pageSize=5,n/a
src_0a0e230151c0c9b6,unknown,no evidence: Europe PMC record for pmid:36058405 carries no licence; query https://www.ebi.ac.uk/europepmc/webservices/rest/search?query=EXT_ID%3A36058405+AND+SRC%3AMED&resultType=core&format=json&pageSize=5,n/a
src_99188d683328a293,open_licence,"Europe PMC license=""cc by"" for pmid:26780345 (PMC4887542); query https://www.ebi.ac.uk/europepmc/webservices/rest/search?query=EXT_ID%3A26780345+AND+SRC%3AMED&resultType=core&format=json&pageSize=5",high
src_1c862fd55f0ed8a8,open_licence,"Europe PMC license=""cc by"" for pmid:35937235 (PMC9354787); query https://www.ebi.ac.uk/europepmc/webservices/rest/search?query=EXT_ID%3A35937235+AND+SRC%3AMED&resultType=core&format=json&pageSize=5",high
src_764cdc36a98bd900,unknown,"no evidence: seed identifier pmid:38368626 is MISRESOLVED (points at a different work), licence not looked up",n/a
src_73b0835696d57e98,open_licence,"Europe PMC license=""cc by"" for pmid:33050436 (PMC7601017); query https://www.ebi.ac.uk/europepmc/webservices/rest/search?query=EXT_ID%3A33050436+AND+SRC%3AMED&resultType=core&format=json&pageSize=5",high
src_f74bec2878622f6c,unknown,no evidence: Europe PMC record for pmid:39205321 carries no licence; query https://www.ebi.ac.uk/europepmc/webservices/rest/search?query=EXT_ID%3A39205321+AND+SRC%3AMED&resultType=core&format=json&pageSize=5,n/a
src_757e89a1d447cfe4,unknown,"no evidence: seed identifier pmid:29863966 is MISRESOLVED (points at a different work), licence not looked up",n/a
src_3a4af6c95fe5bba3,open_licence,"Europe PMC license=""cc by"" for pmid:35400230 (PMC9198392); query https://www.ebi.ac.uk/europepmc/webservices/rest/search?query=EXT_ID%3A35400230+AND+SRC%3AMED&resultType=core&format=json&pageSize=5",high
src_aa4d1fa6644c22e6,unknown,"no evidence: seed identifier pmid:38419912 is MISRESOLVED (points at a different work), licence not looked up",n/a
src_8b7dff1baa4f2e5d,unknown,"no evidence: no licence in seed row, identifier kind noid (NO_IDENTIFIER_BY_DESIGN), not a US federal host",n/a
src_4a4419b708b6140e,unknown,"no evidence: no licence in seed row, identifier kind noid (NO_IDENTIFIER_BY_DESIGN), not a US federal host",n/a
src_14d360d7fede8056,unknown,"no evidence: seed identifier doi:10.1080/14763141.2020.1778075 is MISRESOLVED (points at a different work), licence not looked up",n/a
src_bb244daede0b2fc5,unknown,no evidence: Europe PMC record for doi:10.1136/bjsm.2004.014126 carries no licence; query https://www.ebi.ac.uk/europepmc/webservices/rest/search?query=DOI%3A%2210.1136%2Fbjsm.2004.014126%22&resultType=core&format=json&pageSize=5,n/a
src_7383361f54acaff2,unknown,no evidence: Europe PMC record for doi:10.1080/02640414.2013.843014 carries no licence; query https://www.ebi.ac.uk/europepmc/webservices/rest/search?query=DOI%3A%2210.1080%2F02640414.2013.843014%22&resultType=core&format=json&pageSize=5,n/a
src_02ac7d718015f5fc,open_licence,"Europe PMC license=""cc by"" for doi:10.3390/bioengineering12121355 (PMC12729554); query https://www.ebi.ac.uk/europepmc/webservices/rest/search?query=DOI%3A%2210.3390%2Fbioengineering12121355%22&resultType=core&format=json&pageSize=5",high
src_1e9a92bf4787b14b,unknown,"no evidence: seed identifier doi:10.1519/JSC.0000000000004252 is MISRESOLVED (points at a different work), licence not looked up",n/a
src_d30aa138571e66ab,open_licence,"Europe PMC license=""cc by"" for doi:10.1371/journal.pone.0289791 (PMC10414587); query https://www.ebi.ac.uk/europepmc/webservices/rest/search?query=DOI%3A%2210.1371%2Fjournal.pone.0289791%22&resultType=core&format=json&pageSize=5",high
src_1100cc4253c9abb7,open_licence,"Europe PMC license=""cc by-nc-nd"" for doi:10.1186/s13102-026-01738-1 (PMC13285485); query https://www.ebi.ac.uk/europepmc/webservices/rest/search?query=DOI%3A%2210.1186%2Fs13102-026-01738-1%22&resultType=core&format=json&pageSize=5",medium
src_4fe16dd410a83bf1,unknown,no evidence: Europe PMC record for doi:10.1080/02640410050074377 carries no licence; query https://www.ebi.ac.uk/europepmc/webservices/rest/search?query=DOI%3A%2210.1080%2F02640410050074377%22&resultType=core&format=json&pageSize=5,n/a
src_cb560c2237874d41,open_licence,"Europe PMC license=""cc by"" for doi:10.3390/s26092707 (PMC13165593); query https://www.ebi.ac.uk/europepmc/webservices/rest/search?query=DOI%3A%2210.3390%2Fs26092707%22&resultType=core&format=json&pageSize=5",high
src_ae3de7f6142d9be7,unknown,no evidence: Europe PMC record for doi:10.1519/JSC.0000000000002895 carries no licence; query https://www.ebi.ac.uk/europepmc/webservices/rest/search?query=DOI%3A%2210.1519%2FJSC.0000000000002895%22&resultType=core&format=json&pageSize=5,n/a
src_8f12a118f76e92dd,unknown,no evidence: Europe PMC record for doi:10.1016/j.humov.2014.11.016 carries no licence; query https://www.ebi.ac.uk/europepmc/webservices/rest/search?query=DOI%3A%2210.1016%2Fj.humov.2014.11.016%22&resultType=core&format=json&pageSize=5,n/a
src_c47aa4201d15c968,unknown,"no evidence: seed identifier doi:10.1080/17461391.2021.1916085 is MISRESOLVED (points at a different work), licence not looked up",n/a
src_f944f814a98d7e90,unknown,"no evidence: seed identifier doi:10.1519/JSC.0000000000003585 is MISRESOLVED (points at a different work), licence not looked up",n/a
src_83ab37a8f6da930d,open_licence,"Europe PMC license=""cc by"" for doi:10.3390/sports13080281 (PMC12390596); query https://www.ebi.ac.uk/europepmc/webservices/rest/search?query=DOI%3A%2210.3390%2Fsports13080281%22&resultType=core&format=json&pageSize=5",high
src_50cf5f9c1b9d2d30,open_licence,"Europe PMC license=""cc by-nc-nd"" for doi:10.1038/s41598-025-96264-4 (PMC11958795); query https://www.ebi.ac.uk/europepmc/webservices/rest/search?query=DOI%3A%2210.1038%2Fs41598-025-96264-4%22&resultType=core&format=json&pageSize=5",medium
src_bd2e14a94be2a22a,unknown,no evidence: Europe PMC record for doi:10.23736/S0022-4707.21.12040-7 carries no licence; query https://www.ebi.ac.uk/europepmc/webservices/rest/search?query=DOI%3A%2210.23736%2FS0022-4707.21.12040-7%22&resultType=core&format=json&pageSize=5,n/a
src_0e5f4bf4ed127e7b,open_licence,"Europe PMC license=""cc by"" for doi:10.1371/journal.pone.0046136 (PMC3463526); query https://www.ebi.ac.uk/europepmc/webservices/rest/search?query=DOI%3A%2210.1371%2Fjournal.pone.0046136%22&resultType=core&format=json&pageSize=5",high
src_b58be4324311d7ae,unknown,no evidence: Europe PMC record for doi:10.1089/neu.2020.7432 carries no licence; query https://www.ebi.ac.uk/europepmc/webservices/rest/search?query=DOI%3A%2210.1089%2Fneu.2020.7432%22&resultType=core&format=json&pageSize=5,n/a
src_4d2a55e3cc3a1d80,unknown,no evidence: Europe PMC record for doi:10.1519/JSC.0000000000002352 carries no licence; query https://www.ebi.ac.uk/europepmc/webservices/rest/search?query=DOI%3A%2210.1519%2FJSC.0000000000002352%22&resultType=core&format=json&pageSize=5,n/a
src_ca997230fe7297cb,open_licence,"Europe PMC license=""cc by-nc-nd"" for doi:10.1519/JSC.0000000000004535 (PMC10599804); query https://www.ebi.ac.uk/europepmc/webservices/rest/search?query=DOI%3A%2210.1519%2FJSC.0000000000004535%22&resultType=core&format=json&pageSize=5",medium
src_f89928257f9e9cf5,open_licence,"Europe PMC license=""cc by"" for doi:10.3390/s25020307 (PMC11769417); query https://www.ebi.ac.uk/europepmc/webservices/rest/search?query=DOI%3A%2210.3390%2Fs25020307%22&resultType=core&format=json&pageSize=5",high
src_7ef4e5c6b57f2314,open_licence,"Europe PMC license=""cc by"" for doi:10.3390/sports10120206 (PMC9784821); query https://www.ebi.ac.uk/europepmc/webservices/rest/search?query=DOI%3A%2210.3390%2Fsports10120206%22&resultType=core&format=json&pageSize=5",high
src_9058491242d30445,open_licence,"Europe PMC license=""cc by"" for doi:10.3389/fphys.2018.00386 (PMC5902544); query https://www.ebi.ac.uk/europepmc/webservices/rest/search?query=DOI%3A%2210.3389%2Ffphys.2018.00386%22&resultType=core&format=json&pageSize=5",high
src_f6c58eca961b0328,open_licence,"Europe PMC license=""cc by"" for doi:10.1016/j.jsams.2025.07.008; query https://www.ebi.ac.uk/europepmc/webservices/rest/search?query=DOI%3A%2210.1016%2Fj.jsams.2025.07.008%22&resultType=core&format=json&pageSize=5",high
src_15be4a7b82a44e78,unknown,no evidence: Europe PMC record for doi:10.1519/JSC.0b013e3182a1ff1d carries no licence; query https://www.ebi.ac.uk/europepmc/webservices/rest/search?query=DOI%3A%2210.1519%2FJSC.0b013e3182a1ff1d%22&resultType=core&format=json&pageSize=5,n/a
src_0cb9ee1ccdd7d7e5,open_licence,"Europe PMC license=""cc by-nc-nd"" for doi:10.1016/j.jshs.2015.11.004 (PMC6189007); query https://www.ebi.ac.uk/europepmc/webservices/rest/search?query=DOI%3A%2210.1016%2Fj.jshs.2015.11.004%22&resultType=core&format=json&pageSize=5",medium
src_66d7b9b64852e676,unknown,no evidence: Europe PMC record for doi:10.1123/jsr.2021-0056 carries no licence; query https://www.ebi.ac.uk/europepmc/webservices/rest/search?query=DOI%3A%2210.1123%2Fjsr.2021-0056%22&resultType=core&format=json&pageSize=5,n/a
src_698cedfe02976d7d,unknown,no evidence: Europe PMC record for doi:10.1177/00315125241272720 carries no licence; query https://www.ebi.ac.uk/europepmc/webservices/rest/search?query=DOI%3A%2210.1177%2F00315125241272720%22&resultType=core&format=json&pageSize=5,n/a
src_a3fb92ac6186f59c,unknown,no evidence: Europe PMC record for doi:10.1123/apaq.2019-0141 carries no licence; query https://www.ebi.ac.uk/europepmc/webservices/rest/search?query=DOI%3A%2210.1123%2Fapaq.2019-0141%22&resultType=core&format=json&pageSize=5,n/a
src_bbf35a2df2efc644,open_licence,"Europe PMC license=""cc by"" for doi:10.1007/s40279-024-02132-y (PMC11946994); query https://www.ebi.ac.uk/europepmc/webservices/rest/search?query=DOI%3A%2210.1007%2Fs40279-024-02132-y%22&resultType=core&format=json&pageSize=5",high
src_42d9d00a6eadab00,unknown,"no evidence: seed identifier doi:10.3389/fpsyg.2024.1377122 is MISRESOLVED (points at a different work), licence not looked up",n/a
src_ccbd9fc7961f2b6b,unknown,no evidence: Europe PMC record for doi:10.3200/JMBR.36.2.212-224 carries no licence; query https://www.ebi.ac.uk/europepmc/webservices/rest/search?query=DOI%3A%2210.3200%2FJMBR.36.2.212-224%22&resultType=core&format=json&pageSize=5,n/a
src_a835e76a024851e8,unknown,"no evidence: seed identifier doi:10.1080/02701367.1990.10608671 is MISRESOLVED (points at a different work), licence not looked up",n/a
src_dd1674cee9a6a64a,open_licence,"Europe PMC license=""cc by"" for doi:10.3389/fpsyg.2021.533033 (PMC8138164); query https://www.ebi.ac.uk/europepmc/webservices/rest/search?query=DOI%3A%2210.3389%2Ffpsyg.2021.533033%22&resultType=core&format=json&pageSize=5",high
src_07a12a44088278f0,open_licence,"Europe PMC license=""cc by"" for doi:10.1002/ejsc.70061 (PMC12481044); query https://www.ebi.ac.uk/europepmc/webservices/rest/search?query=DOI%3A%2210.1002%2Fejsc.70061%22&resultType=core&format=json&pageSize=5",high
src_101df6587d8f7ca0,unknown,no evidence: Europe PMC record for doi:10.1037/bul0000335 carries no licence; query https://www.ebi.ac.uk/europepmc/webservices/rest/search?query=DOI%3A%2210.1037%2Fbul0000335%22&resultType=core&format=json&pageSize=5,n/a
src_95772667b8cf700c,unknown,no evidence: Europe PMC record for doi:10.1037/bul0000451 carries no licence; query https://www.ebi.ac.uk/europepmc/webservices/rest/search?query=DOI%3A%2210.1037%2Fbul0000451%22&resultType=core&format=json&pageSize=5,n/a
src_287cc50d36b4c7be,open_licence,"Europe PMC license=""cc by"" for doi:10.7717/peerj.17799 (PMC11308994); query https://www.ebi.ac.uk/europepmc/webservices/rest/search?query=DOI%3A%2210.7717%2Fpeerj.17799%22&resultType=core&format=json&pageSize=5",high
src_2ed6fae07b77c8f4,unknown,"no evidence: seed identifier doi:10.1080/02701367.1994.10607635 is MISRESOLVED (points at a different work), licence not looked up",n/a
src_261fccb5eae742de,open_licence,"Europe PMC license=""cc by"" for pmid:27375414 (PMC4893479); query https://www.ebi.ac.uk/europepmc/webservices/rest/search?query=EXT_ID%3A27375414+AND+SRC%3AMED&resultType=core&format=json&pageSize=5",high
src_27bc3eea52cb8247,unknown,"no evidence: seed identifier doi:10.1080/0264041031000101944 is MISRESOLVED (points at a different work), licence not looked up",n/a
src_8f134d33280ccc1b,open_licence,"Europe PMC license=""cc by"" for doi:10.3390/bs15091291 (PMC12467369); query https://www.ebi.ac.uk/europepmc/webservices/rest/search?query=DOI%3A%2210.3390%2Fbs15091291%22&resultType=core&format=json&pageSize=5",high
src_27098ada6f8f103e,open_licence,"Europe PMC license=""cc by-nc-nd"" for doi:10.1016/j.humov.2020.102592; query https://www.ebi.ac.uk/europepmc/webservices/rest/search?query=DOI%3A%2210.1016%2Fj.humov.2020.102592%22&resultType=core&format=json&pageSize=5",medium
src_461125b5c348946e,unknown,"no evidence: seed identifier doi:10.1037/xhp0000992 is MISRESOLVED (points at a different work), licence not looked up",n/a
src_962b2b8b68fe3ff8,unknown,"no evidence: seed identifier doi:10.1080/02701367.2023.2275801 is MISRESOLVED (points at a different work), licence not looked up",n/a
src_b1a9cc00322d4d1a,unknown,"no evidence: seed identifier doi:10.1016/j.humov.2016.01.014 is MISRESOLVED (points at a different work), licence not looked up",n/a
src_3aba5e2bf2ece694,unknown,no evidence: Europe PMC record for doi:10.1080/02640418908729833 carries no licence; query https://www.ebi.ac.uk/europepmc/webservices/rest/search?query=DOI%3A%2210.1080%2F02640418908729833%22&resultType=core&format=json&pageSize=5,n/a
src_ae1a4594498309f6,unknown,"no evidence: seed identifier doi:10.1080/02640414.2019.1647739 is MISRESOLVED (points at a different work), licence not looked up",n/a
src_9c9f4b290773f51e,unknown,"no evidence: seed identifier doi:10.1080/02640414.2017.1374684 is MISRESOLVED (points at a different work), licence not looked up",n/a
src_917d240ca1978865,unknown,"no evidence: seed identifier doi:10.1371/journal.pone.0242336 is MISRESOLVED (points at a different work), licence not looked up",n/a
src_49ce1140e323ce20,unknown,"no evidence: seed identifier doi:10.1016/j.jsams.2018.01.011 is MISRESOLVED (points at a different work), licence not looked up",n/a
src_6e1ea32e7dec268e,unknown,"no evidence: seed identifier doi:10.1080/02640414.2019.1621510 is MISRESOLVED (points at a different work), licence not looked up",n/a
src_49578b521b2f6ddf,unknown,no evidence: Europe PMC record for doi:10.1177/0031512516656816 carries no licence; query https://www.ebi.ac.uk/europepmc/webservices/rest/search?query=DOI%3A%2210.1177%2F0031512516656816%22&resultType=core&format=json&pageSize=5,n/a
src_05a37ebe054ad989,unknown,"no evidence: seed identifier doi:10.1080/02640414.2015.1122824 is MISRESOLVED (points at a different work), licence not looked up",n/a
src_fc7c37501b9a5ae4,unknown,"no evidence: seed identifier doi:10.1080/17470218.2013.807856 is MISRESOLVED (points at a different work), licence not looked up",n/a
src_a828ed5ecc14f662,unknown,no evidence: Europe PMC record for doi:10.1080/02640414.2014.977939 carries no licence; query https://www.ebi.ac.uk/europepmc/webservices/rest/search?query=DOI%3A%2210.1080%2F02640414.2014.977939%22&resultType=core&format=json&pageSize=5,n/a
src_b7837ba480615dbe,unknown,no evidence: Europe PMC record for doi:10.1016/j.humov.2023.103092 carries no licence; query https://www.ebi.ac.uk/europepmc/webservices/rest/search?query=DOI%3A%2210.1016%2Fj.humov.2023.103092%22&resultType=core&format=json&pageSize=5,n/a
src_747e00195133d2fe,open_licence,"Europe PMC license=""cc by"" for doi:10.3389/fpsyg.2017.00917 (PMC5449506); query https://www.ebi.ac.uk/europepmc/webservices/rest/search?query=DOI%3A%2210.3389%2Ffpsyg.2017.00917%22&resultType=core&format=json&pageSize=5",high
src_8edf647ac010641b,unknown,no evidence: Europe PMC record for doi:10.1123/ijspp.2013-0474 carries no licence; query https://www.ebi.ac.uk/europepmc/webservices/rest/search?query=DOI%3A%2210.1123%2Fijspp.2013-0474%22&resultType=core&format=json&pageSize=5,n/a
src_56961b5f243e4125,unknown,no evidence: Europe PMC record for doi:10.1123/ijspp.8.1.84 carries no licence; query https://www.ebi.ac.uk/europepmc/webservices/rest/search?query=DOI%3A%2210.1123%2Fijspp.8.1.84%22&resultType=core&format=json&pageSize=5,n/a
src_fd9942c4f3b3d15d,open_licence,"Europe PMC license=""cc by"" for doi:10.1371/journal.pone.0188675 (PMC5747423); query https://www.ebi.ac.uk/europepmc/webservices/rest/search?query=DOI%3A%2210.1371%2Fjournal.pone.0188675%22&resultType=core&format=json&pageSize=5",high
src_7a65d064ff12a518,unknown,no evidence: Europe PMC record for doi:10.1123/ijspp.2014-0133 carries no licence; query https://www.ebi.ac.uk/europepmc/webservices/rest/search?query=DOI%3A%2210.1123%2Fijspp.2014-0133%22&resultType=core&format=json&pageSize=5,n/a
src_6909b61b439332f9,open_licence,"Europe PMC license=""cc by"" for doi:10.3390/jfmk10030350 (PMC12452553); query https://www.ebi.ac.uk/europepmc/webservices/rest/search?query=DOI%3A%2210.3390%2Fjfmk10030350%22&resultType=core&format=json&pageSize=5",high
src_cd319248ccdc7d67,unknown,no evidence: Europe PMC record for doi:10.1080/02640410400021583 carries no licence; query https://www.ebi.ac.uk/europepmc/webservices/rest/search?query=DOI%3A%2210.1080%2F02640410400021583%22&resultType=core&format=json&pageSize=5,n/a
src_0515004c343597e9,unknown,"no evidence: seed identifier doi:10.1177/00315125251379145 is MISRESOLVED (points at a different work), licence not looked up",n/a
src_2328d555a9e647c6,unknown,no evidence: Europe PMC record for doi:10.1136/bjsports-2017-097667 carries no licence; query https://www.ebi.ac.uk/europepmc/webservices/rest/search?query=DOI%3A%2210.1136%2Fbjsports-2017-097667%22&resultType=core&format=json&pageSize=5,n/a
src_33d8c3ad760480e0,unknown,no evidence: Europe PMC record for doi:10.1519/JSC.0000000000001885 carries no licence; query https://www.ebi.ac.uk/europepmc/webservices/rest/search?query=DOI%3A%2210.1519%2FJSC.0000000000001885%22&resultType=core&format=json&pageSize=5,n/a
src_cbdad5b2df1ff019,unknown,"no evidence: seed identifier doi:10.3389/fphys.2024.1429554 is MISRESOLVED (points at a different work), licence not looked up",n/a
src_721927d87adef296,open_licence,"Europe PMC license=""cc by"" for doi:10.3390/sports13050154 (PMC12115969); query https://www.ebi.ac.uk/europepmc/webservices/rest/search?query=DOI%3A%2210.3390%2Fsports13050154%22&resultType=core&format=json&pageSize=5",high
src_220780f9b562edca,open_licence,"Europe PMC license=""cc by"" for doi:10.3390/jfmk11010026 (PMC12821437); query https://www.ebi.ac.uk/europepmc/webservices/rest/search?query=DOI%3A%2210.3390%2Fjfmk11010026%22&resultType=core&format=json&pageSize=5",high
src_f0d1c520b2684f3f,unknown,no evidence: Europe PMC record for doi:10.1519/JSC.0000000000002928 carries no licence; query https://www.ebi.ac.uk/europepmc/webservices/rest/search?query=DOI%3A%2210.1519%2FJSC.0000000000002928%22&resultType=core&format=json&pageSize=5,n/a
src_47ec5a3d778fd785,unknown,no evidence: Europe PMC record for doi:10.1136/bjsports-2015-094755 carries no licence; query https://www.ebi.ac.uk/europepmc/webservices/rest/search?query=DOI%3A%2210.1136%2Fbjsports-2015-094755%22&resultType=core&format=json&pageSize=5,n/a
src_68654d8d78f432e8,unknown,no evidence: Europe PMC record for doi:10.1016/j.jsams.2022.09.165 carries no licence; query https://www.ebi.ac.uk/europepmc/webservices/rest/search?query=DOI%3A%2210.1016%2Fj.jsams.2022.09.165%22&resultType=core&format=json&pageSize=5,n/a
src_675e366f55b9b351,open_licence,"Europe PMC license=""cc by-nc"" for doi:10.1136/bjsports-2019-101969 (PMC7146946); query https://www.ebi.ac.uk/europepmc/webservices/rest/search?query=DOI%3A%2210.1136%2Fbjsports-2019-101969%22&resultType=core&format=json&pageSize=5",medium
src_a43f5d5523ba4e3b,unknown,"no evidence: seed identifier doi:10.1080/00913847.2023.2242415 is MISRESOLVED (points at a different work), licence not looked up",n/a
src_17628a57add3c0d6,unknown,no evidence: Europe PMC record for doi:10.1136/bjsports-2015-095094 carries no licence; query https://www.ebi.ac.uk/europepmc/webservices/rest/search?query=DOI%3A%2210.1136%2Fbjsports-2015-095094%22&resultType=core&format=json&pageSize=5,n/a
src_0b4f8ca11b46e297,unknown,"no evidence: seed identifier doi:10.1136/bjsports-2015-095093 is MISRESOLVED (points at a different work), licence not looked up",n/a
src_9fe2690355aaa819,open_licence,"Europe PMC license=""cc by"" for doi:10.1186/s40798-025-00871-4 (PMC12084430); query https://www.ebi.ac.uk/europepmc/webservices/rest/search?query=DOI%3A%2210.1186%2Fs40798-025-00871-4%22&resultType=core&format=json&pageSize=5",high
src_83658722e5cff5d1,unknown,"no evidence: seed identifier doi:10.1097/JSM.0000000000001195 is MISRESOLVED (points at a different work), licence not looked up",n/a
src_6af48c252690e58c,unknown,"no evidence: seed identifier doi:10.1080/02640414.2021.2001175 is MISRESOLVED (points at a different work), licence not looked up",n/a
src_386a67d70b605542,unknown,no evidence: Europe PMC record for doi:10.1007/s10439-023-03369-w carries no licence; query https://www.ebi.ac.uk/europepmc/webservices/rest/search?query=DOI%3A%2210.1007%2Fs10439-023-03369-w%22&resultType=core&format=json&pageSize=5,n/a
src_751165b92594161f,unknown,"no evidence: seed identifier doi:10.1007/s10439-024-03647-1 is MISRESOLVED (points at a different work), licence not looked up",n/a
src_f301cbfaade51380,open_licence,"Europe PMC license=""cc by"" for doi:10.1016/j.jsams.2026.01.018; query https://www.ebi.ac.uk/europepmc/webservices/rest/search?query=DOI%3A%2210.1016%2Fj.jsams.2026.01.018%22&resultType=core&format=json&pageSize=5",high
src_7caf5708772ec467,unknown,no evidence: Europe PMC record for doi:10.1136/bjsports-2023-106898 carries no licence; query https://www.ebi.ac.uk/europepmc/webservices/rest/search?query=DOI%3A%2210.1136%2Fbjsports-2023-106898%22&resultType=core&format=json&pageSize=5,n/a
src_abd02977676dd7f2,unknown,"no evidence: seed identifier doi:10.1542/peds.2023-063489 is MISRESOLVED (points at a different work), licence not looked up",n/a
src_606873807a38d054,unknown,no evidence: Europe PMC record for doi:10.1136/bmj.39342.690220.55 carries no licence; query https://www.ebi.ac.uk/europepmc/webservices/rest/search?query=DOI%3A%2210.1136%2Fbmj.39342.690220.55%22&resultType=core&format=json&pageSize=5,n/a
src_eb70c3805cb7415f,unknown,"no evidence: seed identifier doi:10.1136/bjsports-2023-106890 is MISRESOLVED (points at a different work), licence not looked up",n/a
src_d7610fac12145ea3,open_licence,"Europe PMC license=""cc by"" for doi:10.3390/jfmk8040150 (PMC10660771); query https://www.ebi.ac.uk/europepmc/webservices/rest/search?query=DOI%3A%2210.3390%2Fjfmk8040150%22&resultType=core&format=json&pageSize=5",high
src_f77fe15524e78b03,open_licence,"Europe PMC license=""cc by"" for doi:10.1016/j.jsams.2025.08.018; query https://www.ebi.ac.uk/europepmc/webservices/rest/search?query=DOI%3A%2210.1016%2Fj.jsams.2025.08.018%22&resultType=core&format=json&pageSize=5",high
src_e6a82be5c8bf96db,open_licence,"Europe PMC license=""cc by"" for doi:10.3390/nu16071050 (PMC11013344); query https://www.ebi.ac.uk/europepmc/webservices/rest/search?query=DOI%3A%2210.3390%2Fnu16071050%22&resultType=core&format=json&pageSize=5",high
src_12825d713ef0f021,unknown,"no evidence: seed identifier doi:10.1016/j.jsams.2025.01.007 is MISRESOLVED (points at a different work), licence not looked up",n/a
src_12dcdbc04ea8e488,unknown,no evidence: Europe PMC record for doi:10.1136/bjsports-2015-094623 carries no licence; query https://www.ebi.ac.uk/europepmc/webservices/rest/search?query=DOI%3A%2210.1136%2Fbjsports-2015-094623%22&resultType=core&format=json&pageSize=5,n/a
src_c9723803e8789fd9,unknown,"no evidence: seed identifier doi:10.1519/JSC.0000000000000391 is MISRESOLVED (points at a different work), licence not looked up",n/a
src_d144d1d495e61275,open_licence,"Europe PMC license=""cc by"" for doi:10.3389/fspor.2022.952779 (PMC9496649); query https://www.ebi.ac.uk/europepmc/webservices/rest/search?query=DOI%3A%2210.3389%2Ffspor.2022.952779%22&resultType=core&format=json&pageSize=5",high
src_6c4e717b1d92eadd,unknown,no evidence: Europe PMC record for doi:10.1519/JSC.0b013e3181d682e6 carries no licence; query https://www.ebi.ac.uk/europepmc/webservices/rest/search?query=DOI%3A%2210.1519%2FJSC.0b013e3181d682e6%22&resultType=core&format=json&pageSize=5,n/a
src_0daf7f2600262690,unknown,"no evidence: no licence in seed row, identifier kind url (NON_INDEXED_SOURCE), not a US federal host",n/a
src_c4440c05a65c1b83,unknown,"no evidence: no licence in seed row, identifier kind url (NON_INDEXED_SOURCE), not a US federal host",n/a
src_0dc1369809cedd6f,unknown,"no evidence: no licence in seed row, identifier kind noid (NO_IDENTIFIER_BY_DESIGN), not a US federal host",n/a
src_b875ac415c04fbc9,unknown,no evidence: Europe PMC record for doi:10.1080/13576500701650430 carries no licence; query https://www.ebi.ac.uk/europepmc/webservices/rest/search?query=DOI%3A%2210.1080%2F13576500701650430%22&resultType=core&format=json&pageSize=5,n/a
src_f2594e78e893126e,unknown,"no evidence: seed identifier doi:10.3389/fspor.2021.662203 is MISRESOLVED (points at a different work), licence not looked up",n/a
src_087adf2616feaeaa,open_licence,"Europe PMC license=""cc by"" for doi:10.3390/ijerph17030849 (PMC7038032); query https://www.ebi.ac.uk/europepmc/webservices/rest/search?query=DOI%3A%2210.3390%2Fijerph17030849%22&resultType=core&format=json&pageSize=5",high
src_ff1177efaa59a7b9,open_licence,"Europe PMC license=""cc by-nc"" for doi:10.7717/peerj.19615 (PMC12318507); query https://www.ebi.ac.uk/europepmc/webservices/rest/search?query=DOI%3A%2210.7717%2Fpeerj.19615%22&resultType=core&format=json&pageSize=5",medium
src_3809f0d5d0835126,open_licence,"Europe PMC license=""cc by"" for doi:10.3390/ijerph20043516 (PMC9961120); query https://www.ebi.ac.uk/europepmc/webservices/rest/search?query=DOI%3A%2210.3390%2Fijerph20043516%22&resultType=core&format=json&pageSize=5",high
src_bda46f16302f362d,unknown,no evidence: Europe PMC record for doi:10.1136/bjsports-2024-108847 carries no licence; query https://www.ebi.ac.uk/europepmc/webservices/rest/search?query=DOI%3A%2210.1136%2Fbjsports-2024-108847%22&resultType=core&format=json&pageSize=5,n/a
src_360144ca30330cbd,open_licence,"Europe PMC license=""cc by"" for doi:10.1016/j.humov.2021.102818; query https://www.ebi.ac.uk/europepmc/webservices/rest/search?query=DOI%3A%2210.1016%2Fj.humov.2021.102818%22&resultType=core&format=json&pageSize=5",high
src_0ada4233fb93e7a8,unknown,no evidence: Europe PMC record for doi:10.1080/0264041031000101872 carries no licence; query https://www.ebi.ac.uk/europepmc/webservices/rest/search?query=DOI%3A%2210.1080%2F0264041031000101872%22&resultType=core&format=json&pageSize=5,n/a
src_2615bd0775b405ba,unknown,"no evidence: seed identifier doi:10.3389/fpsyg.2026.1722743 is MISRESOLVED (points at a different work), licence not looked up",n/a
src_bb60ee5dfb870da0,unknown,"no evidence: seed identifier doi:10.1080/00222895.2022.2072265 is MISRESOLVED (points at a different work), licence not looked up",n/a
src_3ecddc9cb1c21265,unknown,"no evidence: no licence in seed row, identifier kind url (NON_INDEXED_SOURCE), not a US federal host",n/a
src_00af03c2dcb23ea8,unknown,"no evidence: no licence in seed row, identifier kind url (NON_INDEXED_SOURCE), not a US federal host",n/a
src_b8ab349b44ad2bc8,unknown,"no evidence: no licence in seed row, identifier kind url (NON_INDEXED_SOURCE), not a US federal host",n/a
src_55b438fef0d98821,unknown,"no evidence: no licence in seed row, identifier kind url (NON_INDEXED_SOURCE), not a US federal host",n/a
src_7ac0443743232198,unknown,"no evidence: no licence in seed row, identifier kind url (NON_INDEXED_SOURCE), not a US federal host",n/a
src_c5b3c8a37611bee3,unknown,"no evidence: no licence in seed row, identifier kind url (NON_INDEXED_SOURCE), not a US federal host",n/a
src_f39731784648bbff,unknown,"no evidence: no licence in seed row, identifier kind url (NON_INDEXED_SOURCE), not a US federal host",n/a
src_f7cb8aeb2a3c3fae,unknown,"no evidence: no licence in seed row, identifier kind url (NON_INDEXED_SOURCE), not a US federal host",n/a
src_423b24eb3889224e,unknown,"no evidence: no licence in seed row, identifier kind url (NON_INDEXED_SOURCE), not a US federal host",n/a
src_ae8131b670c87a65,unknown,"no evidence: no licence in seed row, identifier kind url (NON_INDEXED_SOURCE), not a US federal host",n/a
src_87999c895d6a6666,unknown,"no evidence: no licence in seed row, identifier kind url (NON_INDEXED_SOURCE), not a US federal host",n/a
src_d8a1adbd8e5ede13,unknown,"no evidence: no licence in seed row, identifier kind url (NON_INDEXED_SOURCE), not a US federal host",n/a
src_5368f76a1b074385,open_licence,"US federal government work, 17 USC 105; publisher host www.congress.gov = US Congress (congress.gov); url https://www.congress.gov/bill/119th-congress/house-bill/4624/text",medium
src_893cfa6b3d1db857,unknown,"no evidence: no licence in seed row, identifier kind url (NON_INDEXED_SOURCE), not a US federal host",n/a
src_eb21c9bf8dccb7b5,unknown,"no evidence: no licence in seed row, identifier kind url (NON_INDEXED_SOURCE), not a US federal host",n/a
src_eb28d3f2fd56c876,unknown,no evidence: Europe PMC record for pmid:30480653 carries no licence; query https://www.ebi.ac.uk/europepmc/webservices/rest/search?query=EXT_ID%3A30480653+AND+SRC%3AMED&resultType=core&format=json&pageSize=5,n/a
src_87a808817cf82c18,open_licence,"Europe PMC license=""cc by-nc"" for pmid:24379723 (PMC3871409); query https://www.ebi.ac.uk/europepmc/webservices/rest/search?query=EXT_ID%3A24379723+AND+SRC%3AMED&resultType=core&format=json&pageSize=5",medium
src_930fb94fcfca89a9,unknown,no evidence: Europe PMC record for pmid:38787600 carries no licence; query https://www.ebi.ac.uk/europepmc/webservices/rest/search?query=EXT_ID%3A38787600+AND+SRC%3AMED&resultType=core&format=json&pageSize=5,n/a
src_a1a9b9ec8e46e866,open_licence,"Europe PMC license=""cc by"" for pmid:37656280 (PMC10858063); query https://www.ebi.ac.uk/europepmc/webservices/rest/search?query=EXT_ID%3A37656280+AND+SRC%3AMED&resultType=core&format=json&pageSize=5",high
src_e07faf9b1037267a,unknown,no evidence: Europe PMC record for pmid:25153738 carries no licence; query https://www.ebi.ac.uk/europepmc/webservices/rest/search?query=EXT_ID%3A25153738+AND+SRC%3AMED&resultType=core&format=json&pageSize=5,n/a
src_24767ce7a41f528d,open_licence,"Europe PMC license=""cc by"" for pmid:25101253 (PMC4104643); query https://www.ebi.ac.uk/europepmc/webservices/rest/search?query=EXT_ID%3A25101253+AND+SRC%3AMED&resultType=core&format=json&pageSize=5",high
src_c02d726f7e6f5aa8,unknown,no evidence: Europe PMC record for pmid:20086991 carries no licence; query https://www.ebi.ac.uk/europepmc/webservices/rest/search?query=EXT_ID%3A20086991+AND+SRC%3AMED&resultType=core&format=json&pageSize=5,n/a
src_86231b527a28c0a4,open_licence,"Europe PMC license=""cc by"" for pmid:39934060; query https://www.ebi.ac.uk/europepmc/webservices/rest/search?query=EXT_ID%3A39934060+AND+SRC%3AMED&resultType=core&format=json&pageSize=5",high
src_a7971647609e544f,unknown,no evidence: Europe PMC record for pmid:16966505 carries no licence; query https://www.ebi.ac.uk/europepmc/webservices/rest/search?query=EXT_ID%3A16966505+AND+SRC%3AMED&resultType=core&format=json&pageSize=5,n/a
src_e48526960a0e7cb9,unknown,no evidence: Europe PMC record for pmid:41421883 carries no licence; query https://www.ebi.ac.uk/europepmc/webservices/rest/search?query=EXT_ID%3A41421883+AND+SRC%3AMED&resultType=core&format=json&pageSize=5,n/a
src_7bb811ed1970955d,unknown,no evidence: Europe PMC record for pmid:35470341 carries no licence; query https://www.ebi.ac.uk/europepmc/webservices/rest/search?query=EXT_ID%3A35470341+AND+SRC%3AMED&resultType=core&format=json&pageSize=5,n/a
src_ec07f2af7c43f919,unknown,no evidence: Europe PMC record for pmid:37316181 carries no licence; query https://www.ebi.ac.uk/europepmc/webservices/rest/search?query=EXT_ID%3A37316181+AND+SRC%3AMED&resultType=core&format=json&pageSize=5,n/a
src_5775e8ff4aec29c6,unknown,no evidence: Europe PMC record for pmid:23277756 carries no licence; query https://www.ebi.ac.uk/europepmc/webservices/rest/search?query=EXT_ID%3A23277756+AND+SRC%3AMED&resultType=core&format=json&pageSize=5,n/a
src_72acca498f406510,open_licence,"Europe PMC license=""cc by"" for pmid:33607924; query https://www.ebi.ac.uk/europepmc/webservices/rest/search?query=EXT_ID%3A33607924+AND+SRC%3AMED&resultType=core&format=json&pageSize=5",high
src_57573c056385a95f,unknown,no evidence: Europe PMC record for pmid:27116592 carries no licence; query https://www.ebi.ac.uk/europepmc/webservices/rest/search?query=EXT_ID%3A27116592+AND+SRC%3AMED&resultType=core&format=json&pageSize=5,n/a
src_e93f28523f6f4264,unknown,no evidence: Europe PMC record for pmid:23314931 carries no licence; query https://www.ebi.ac.uk/europepmc/webservices/rest/search?query=EXT_ID%3A23314931+AND+SRC%3AMED&resultType=core&format=json&pageSize=5,n/a
src_121e0cb24f16bd7c,unknown,no evidence: Europe PMC record for pmid:41413937 carries no licence; query https://www.ebi.ac.uk/europepmc/webservices/rest/search?query=EXT_ID%3A41413937+AND+SRC%3AMED&resultType=core&format=json&pageSize=5,n/a
src_c069c4defd03b8c0,unknown,no evidence: Europe PMC record for pmid:38708547 carries no licence; query https://www.ebi.ac.uk/europepmc/webservices/rest/search?query=EXT_ID%3A38708547+AND+SRC%3AMED&resultType=core&format=json&pageSize=5,n/a
src_d0398e2bdf52af74,open_licence,"Europe PMC license=""cc by"" for pmid:32294972 (PMC7216205); query https://www.ebi.ac.uk/europepmc/webservices/rest/search?query=EXT_ID%3A32294972+AND+SRC%3AMED&resultType=core&format=json&pageSize=5",high
src_2307524eaa69b7a4,open_licence,"Europe PMC license=""cc by"" for pmid:35038142 (PMC9124658); query https://www.ebi.ac.uk/europepmc/webservices/rest/search?query=EXT_ID%3A35038142+AND+SRC%3AMED&resultType=core&format=json&pageSize=5",high
src_7586da9cc5245372,unknown,no evidence: Europe PMC record for pmid:21259156 carries no licence; query https://www.ebi.ac.uk/europepmc/webservices/rest/search?query=EXT_ID%3A21259156+AND+SRC%3AMED&resultType=core&format=json&pageSize=5,n/a
src_d01a89d91e64c435,unknown,no evidence: Europe PMC record for pmid:25486295 carries no licence; query https://www.ebi.ac.uk/europepmc/webservices/rest/search?query=EXT_ID%3A25486295+AND+SRC%3AMED&resultType=core&format=json&pageSize=5,n/a
src_32087a107ff02910,unknown,no evidence: Europe PMC record for pmid:25909962 carries no licence; query https://www.ebi.ac.uk/europepmc/webservices/rest/search?query=EXT_ID%3A25909962+AND+SRC%3AMED&resultType=core&format=json&pageSize=5,n/a
src_2e63e90dd8a7f1d1,open_licence,"Europe PMC license=""cc by"" for pmid:35077515 (PMC8789126); query https://www.ebi.ac.uk/europepmc/webservices/rest/search?query=EXT_ID%3A35077515+AND+SRC%3AMED&resultType=core&format=json&pageSize=5",high
src_ee3e812ff2bc3625,unknown,no evidence: Europe PMC record for pmid:34668454 carries no licence; query https://www.ebi.ac.uk/europepmc/webservices/rest/search?query=EXT_ID%3A34668454+AND+SRC%3AMED&resultType=core&format=json&pageSize=5,n/a
src_f779250baa031909,unknown,no evidence: Europe PMC record for pmid:34668459 carries no licence; query https://www.ebi.ac.uk/europepmc/webservices/rest/search?query=EXT_ID%3A34668459+AND+SRC%3AMED&resultType=core&format=json&pageSize=5,n/a
src_01deec6b80be1cc9,unknown,no evidence: Europe PMC record for pmid:31135271 carries no licence; query https://www.ebi.ac.uk/europepmc/webservices/rest/search?query=EXT_ID%3A31135271+AND+SRC%3AMED&resultType=core&format=json&pageSize=5,n/a
src_547be610c9b3c71f,open_licence,"Europe PMC license=""cc by"" for pmid:37851177 (PMC10584762); query https://www.ebi.ac.uk/europepmc/webservices/rest/search?query=EXT_ID%3A37851177+AND+SRC%3AMED&resultType=core&format=json&pageSize=5",high
src_e61ce58a080b4993,unknown,no evidence: Europe PMC record for pmid:39197945 carries no licence; query https://www.ebi.ac.uk/europepmc/webservices/rest/search?query=EXT_ID%3A39197945+AND+SRC%3AMED&resultType=core&format=json&pageSize=5,n/a
src_b730c2644b07a846,unknown,no evidence: Europe PMC record for pmid:31429034 carries no licence; query https://www.ebi.ac.uk/europepmc/webservices/rest/search?query=EXT_ID%3A31429034+AND+SRC%3AMED&resultType=core&format=json&pageSize=5,n/a
src_9a7512e65de53cb3,unknown,no evidence: Europe PMC record for pmid:24055781 carries no licence; query https://www.ebi.ac.uk/europepmc/webservices/rest/search?query=EXT_ID%3A24055781+AND+SRC%3AMED&resultType=core&format=json&pageSize=5,n/a
src_02b8056911ac9a09,unknown,no evidence: Europe PMC record for pmid:26084526 carries no licence; query https://www.ebi.ac.uk/europepmc/webservices/rest/search?query=EXT_ID%3A26084526+AND+SRC%3AMED&resultType=core&format=json&pageSize=5,n/a
src_52ca812f2dcc897f,open_licence,"Europe PMC license=""cc by"" for pmid:29184511 (PMC5694483); query https://www.ebi.ac.uk/europepmc/webservices/rest/search?query=EXT_ID%3A29184511+AND+SRC%3AMED&resultType=core&format=json&pageSize=5",high
src_f260be72d5710880,unknown,no evidence: Europe PMC record for pmid:24986855 carries no licence; query https://www.ebi.ac.uk/europepmc/webservices/rest/search?query=EXT_ID%3A24986855+AND+SRC%3AMED&resultType=core&format=json&pageSize=5,n/a
src_505b36f76a79fef3,unknown,no evidence: Europe PMC record for pmid:15446636 carries no licence; query https://www.ebi.ac.uk/europepmc/webservices/rest/search?query=EXT_ID%3A15446636+AND+SRC%3AMED&resultType=core&format=json&pageSize=5,n/a
src_7c6bcfb45dd70e33,open_licence,"Europe PMC license=""cc by"" for pmid:33577611 (PMC7880470); query https://www.ebi.ac.uk/europepmc/webservices/rest/search?query=EXT_ID%3A33577611+AND+SRC%3AMED&resultType=core&format=json&pageSize=5",high
src_0a817245b5a83964,open_licence,"Europe PMC license=""cc by-nc-nd"" for pmid:29472740 (PMC5819464); query https://www.ebi.ac.uk/europepmc/webservices/rest/search?query=EXT_ID%3A29472740+AND+SRC%3AMED&resultType=core&format=json&pageSize=5",medium
src_e7014c4f6cb06fe1,unknown,no evidence: Europe PMC record for pmid:24662235 carries no licence; query https://www.ebi.ac.uk/europepmc/webservices/rest/search?query=EXT_ID%3A24662235+AND+SRC%3AMED&resultType=core&format=json&pageSize=5,n/a
src_b971fd8ca30ef25b,unknown,no evidence: Europe PMC record for pmid:32502972 carries no licence; query https://www.ebi.ac.uk/europepmc/webservices/rest/search?query=EXT_ID%3A32502972+AND+SRC%3AMED&resultType=core&format=json&pageSize=5,n/a
src_7f9c518d8354981d,unknown,no evidence: Europe PMC record for pmid:31904713 carries no licence; query https://www.ebi.ac.uk/europepmc/webservices/rest/search?query=EXT_ID%3A31904713+AND+SRC%3AMED&resultType=core&format=json&pageSize=5,n/a
src_8dde0735c7369c9a,unknown,no evidence: Europe PMC record for pmid:30431531 carries no licence; query https://www.ebi.ac.uk/europepmc/webservices/rest/search?query=EXT_ID%3A30431531+AND+SRC%3AMED&resultType=core&format=json&pageSize=5,n/a
src_d1ef7417636f97c7,open_licence,"Europe PMC license=""cc by-nc-nd"" for pmid:40940682 (PMC12431844); query https://www.ebi.ac.uk/europepmc/webservices/rest/search?query=EXT_ID%3A40940682+AND+SRC%3AMED&resultType=core&format=json&pageSize=5",medium
src_c6ccfbb24f96d427,open_licence,"Europe PMC license=""cc by"" for pmid:36828318 (PMC9965890); query https://www.ebi.ac.uk/europepmc/webservices/rest/search?query=EXT_ID%3A36828318+AND+SRC%3AMED&resultType=core&format=json&pageSize=5",high
src_f3c9865fcc51b502,unknown,no evidence: Europe PMC record for pmid:26243014 carries no licence; query https://www.ebi.ac.uk/europepmc/webservices/rest/search?query=EXT_ID%3A26243014+AND+SRC%3AMED&resultType=core&format=json&pageSize=5,n/a
src_f9c7737b3f4a7d4f,open_licence,"Europe PMC license=""cc by"" for pmid:35090181; query https://www.ebi.ac.uk/europepmc/webservices/rest/search?query=EXT_ID%3A35090181+AND+SRC%3AMED&resultType=core&format=json&pageSize=5",high
src_d896986965cbf4b6,unknown,no evidence: Europe PMC record for pmid:12618576 carries no licence; query https://www.ebi.ac.uk/europepmc/webservices/rest/search?query=EXT_ID%3A12618576+AND+SRC%3AMED&resultType=core&format=json&pageSize=5,n/a
src_4ee0a0a3e9d1d9ad,open_licence,"Europe PMC license=""cc by"" for pmid:38652410 (PMC11239729); query https://www.ebi.ac.uk/europepmc/webservices/rest/search?query=EXT_ID%3A38652410+AND+SRC%3AMED&resultType=core&format=json&pageSize=5",high
src_15ab536bcdf0b53f,unknown,no evidence: Europe PMC record for pmid:30558493 carries no licence; query https://www.ebi.ac.uk/europepmc/webservices/rest/search?query=EXT_ID%3A30558493+AND+SRC%3AMED&resultType=core&format=json&pageSize=5,n/a
src_c511f8b26324a5ad,unknown,no evidence: Europe PMC record for pmid:10966148 carries no licence; query https://www.ebi.ac.uk/europepmc/webservices/rest/search?query=EXT_ID%3A10966148+AND+SRC%3AMED&resultType=core&format=json&pageSize=5,n/a
src_f1a3a9f8dd867d6f,unknown,no evidence: Europe PMC record for pmid:29968230 carries no licence; query https://www.ebi.ac.uk/europepmc/webservices/rest/search?query=EXT_ID%3A29968230+AND+SRC%3AMED&resultType=core&format=json&pageSize=5,n/a
src_d7263e2f43eace63,unknown,no evidence: Europe PMC record for pmid:36167315 carries no licence; query https://www.ebi.ac.uk/europepmc/webservices/rest/search?query=EXT_ID%3A36167315+AND+SRC%3AMED&resultType=core&format=json&pageSize=5,n/a
src_0fe72ce5a81ccf1f,open_licence,"Europe PMC license=""cc by-nc-nd"" for pmid:34003715; query https://www.ebi.ac.uk/europepmc/webservices/rest/search?query=EXT_ID%3A34003715+AND+SRC%3AMED&resultType=core&format=json&pageSize=5",medium
src_a0b2a9407c5cdf4c,open_licence,"Europe PMC license=""cc by"" for pmid:34570828 (PMC8475992); query https://www.ebi.ac.uk/europepmc/webservices/rest/search?query=EXT_ID%3A34570828+AND+SRC%3AMED&resultType=core&format=json&pageSize=5",high
src_4629e2aba39f9b6d,unknown,no evidence: Europe PMC record for pmid:32502973 carries no licence; query https://www.ebi.ac.uk/europepmc/webservices/rest/search?query=EXT_ID%3A32502973+AND+SRC%3AMED&resultType=core&format=json&pageSize=5,n/a
src_692b7f96012fb06f,unknown,no evidence: Europe PMC record for pmid:30299200 carries no licence; query https://www.ebi.ac.uk/europepmc/webservices/rest/search?query=EXT_ID%3A30299200+AND+SRC%3AMED&resultType=core&format=json&pageSize=5,n/a
src_dc3ef7defbec4045,unknown,no evidence: Europe PMC record for pmid:27564844 carries no licence; query https://www.ebi.ac.uk/europepmc/webservices/rest/search?query=EXT_ID%3A27564844+AND+SRC%3AMED&resultType=core&format=json&pageSize=5,n/a
src_5cba434ea7794cde,open_licence,"Europe PMC license=""cc by"" for pmid:39832098 (PMC11747014); query https://www.ebi.ac.uk/europepmc/webservices/rest/search?query=EXT_ID%3A39832098+AND+SRC%3AMED&resultType=core&format=json&pageSize=5",high
src_b16c093d6cc134ab,open_licence,"Europe PMC license=""cc by"" for pmid:35073382 (PMC8786172); query https://www.ebi.ac.uk/europepmc/webservices/rest/search?query=EXT_ID%3A35073382+AND+SRC%3AMED&resultType=core&format=json&pageSize=5",high
src_b5c70ecdf2e5c52c,unknown,"no evidence: no licence in seed row, identifier kind noid (NO_IDENTIFIER_BY_DESIGN), not a US federal host",n/a
src_477723df08e33409,unknown,"no evidence: no licence in seed row, identifier kind noid (NON_INDEXED_SOURCE), not a US federal host",n/a
src_0f66f3edfe902ceb,unknown,"no evidence: no licence in seed row, identifier kind noid (NON_INDEXED_SOURCE), not a US federal host",n/a
src_9f6d75e10813b7a2,unknown,"no evidence: no licence in seed row, identifier kind url (NON_INDEXED_SOURCE), not a US federal host",n/a
src_644261501e0bf25c,unknown,no evidence: Europe PMC returned no record for doi:10.1037/0003-066X.55.1.68; query https://www.ebi.ac.uk/europepmc/webservices/rest/search?query=DOI%3A%2210.1037%2F0003-066X.55.1.68%22&resultType=core&format=json&pageSize=5,n/a
src_0c6df7f61a81b1eb,unknown,no evidence: Europe PMC record for doi:10.1123/jsep.33.1.75 carries no licence; query https://www.ebi.ac.uk/europepmc/webservices/rest/search?query=DOI%3A%2210.1123%2Fjsep.33.1.75%22&resultType=core&format=json&pageSize=5,n/a
src_e72e716be98b6afb,unknown,"no evidence: seed identifier doi:10.1080/17437199.2020.1718529 is MISRESOLVED (points at a different work), licence not looked up",n/a
src_9654edebf0483125,unknown,no evidence: Europe PMC returned no record for doi:10.1007/s10648-010-9142-7; query https://www.ebi.ac.uk/europepmc/webservices/rest/search?query=DOI%3A%2210.1007%2Fs10648-010-9142-7%22&resultType=core&format=json&pageSize=5,n/a
src_d0c0703c08b56846,unknown,no evidence: Europe PMC returned no record for doi:10.1080/00461520903028990; query https://www.ebi.ac.uk/europepmc/webservices/rest/search?query=DOI%3A%2210.1080%2F00461520903028990%22&resultType=core&format=json&pageSize=5,n/a
src_4c36578e5d410636,unknown,no evidence: Europe PMC record for doi:10.1080/0264041031000140374 carries no licence; query https://www.ebi.ac.uk/europepmc/webservices/rest/search?query=DOI%3A%2210.1080%2F0264041031000140374%22&resultType=core&format=json&pageSize=5,n/a
src_de0903e87713e6fb,unknown,no evidence: Europe PMC returned no record for doi:10.1016/j.psychsport.2014.11.005; query https://www.ebi.ac.uk/europepmc/webservices/rest/search?query=DOI%3A%2210.1016%2Fj.psychsport.2014.11.005%22&resultType=core&format=json&pageSize=5,n/a
src_cc2d7fbbc19c10a5,unknown,no evidence: Europe PMC record for doi:10.1123/jsep.29.1.39 carries no licence; query https://www.ebi.ac.uk/europepmc/webservices/rest/search?query=DOI%3A%2210.1123%2Fjsep.29.1.39%22&resultType=core&format=json&pageSize=5,n/a
src_57e1dc8ada1305c4,unknown,no evidence: Europe PMC returned no record for doi:10.1016/j.psychsport.2015.05.008; query https://www.ebi.ac.uk/europepmc/webservices/rest/search?query=DOI%3A%2210.1016%2Fj.psychsport.2015.05.008%22&resultType=core&format=json&pageSize=5,n/a
src_bd258c91ec311486,unknown,no evidence: Europe PMC returned no record for doi:10.1080/1612197X.2013.839414; query https://www.ebi.ac.uk/europepmc/webservices/rest/search?query=DOI%3A%2210.1080%2F1612197X.2013.839414%22&resultType=core&format=json&pageSize=5,n/a
src_602118c409e4f793,unknown,"no evidence: seed identifier doi:10.1080/02701367.2000.10608908 is MISRESOLVED (points at a different work), licence not looked up",n/a
src_077d92101607a54d,unknown,no evidence: Europe PMC returned no record for doi:10.1123/jsep.20.1.54; query https://www.ebi.ac.uk/europepmc/webservices/rest/search?query=DOI%3A%2210.1123%2Fjsep.20.1.54%22&resultType=core&format=json&pageSize=5,n/a
src_26e1c16c1b4d7db2,unknown,no evidence: Europe PMC returned no record for doi:10.1016/j.psychsport.2012.04.007; query https://www.ebi.ac.uk/europepmc/webservices/rest/search?query=DOI%3A%2210.1016%2Fj.psychsport.2012.04.007%22&resultType=core&format=json&pageSize=5,n/a
src_34239cfffe34deef,unknown,"no evidence: seed identifier doi:10.1080/1750984X.2017.1381140 is MISRESOLVED (points at a different work), licence not looked up",n/a
src_b70d9cb66b517aef,unknown,no evidence: Europe PMC returned no record for doi:10.5040/9781492596233.ch-003; query https://www.ebi.ac.uk/europepmc/webservices/rest/search?query=DOI%3A%2210.5040%2F9781492596233.ch-003%22&resultType=core&format=json&pageSize=5,n/a
src_a408be99a31af621,unknown,no evidence: Europe PMC returned no record for doi:10.1123/tsp.10.2.140; query https://www.ebi.ac.uk/europepmc/webservices/rest/search?query=DOI%3A%2210.1123%2Ftsp.10.2.140%22&resultType=core&format=json&pageSize=5,n/a
src_663c351eda28f42a,unknown,no evidence: Europe PMC record for doi:10.2466/pms.1992.74.2.467 carries no licence; query https://www.ebi.ac.uk/europepmc/webservices/rest/search?query=DOI%3A%2210.2466%2Fpms.1992.74.2.467%22&resultType=core&format=json&pageSize=5,n/a
src_51c5a75f273dcb5b,unknown,no evidence: Europe PMC record for doi:10.1037/1528-3542.7.2.336 carries no licence; query https://www.ebi.ac.uk/europepmc/webservices/rest/search?query=DOI%3A%2210.1037%2F1528-3542.7.2.336%22&resultType=core&format=json&pageSize=5,n/a
src_6ba45f32839a538d,open_licence,"Europe PMC license=""cc by-nc"" for doi:10.1136/bjsports-2019-100620 (PMC6579501); query https://www.ebi.ac.uk/europepmc/webservices/rest/search?query=DOI%3A%2210.1136%2Fbjsports-2019-100620%22&resultType=core&format=json&pageSize=5",medium
src_2cf0ad7eb53ffc1d,unknown,no evidence: Europe PMC record for doi:10.1037/0096-3445.130.4.701 carries no licence; query https://www.ebi.ac.uk/europepmc/webservices/rest/search?query=DOI%3A%2210.1037%2F0096-3445.130.4.701%22&resultType=core&format=json&pageSize=5,n/a
src_c740fb249ff4544a,unknown,"no evidence: seed identifier doi:10.1080/1750984X.2017.1408134 is MISRESOLVED (points at a different work), licence not looked up",n/a
src_74442147ceeb2f1b,unknown,"no evidence: seed identifier doi:10.1080/1750984X.2021.1944271 is MISRESOLVED (points at a different work), licence not looked up",n/a
src_4cbb9cce7be56a89,unknown,"no evidence: seed identifier doi:10.1080/10413200.2010.491780 is MISRESOLVED (points at a different work), licence not looked up",n/a
src_5ff45f915ed8e781,unknown,no evidence: Europe PMC record for doi:10.1177/1745691611413136 carries no licence; query https://www.ebi.ac.uk/europepmc/webservices/rest/search?query=DOI%3A%2210.1177%2F1745691611413136%22&resultType=core&format=json&pageSize=5,n/a
src_1dea9ded43f64625,unknown,no evidence: Europe PMC record for doi:10.1007/s40279-016-0552-7 carries no licence; query https://www.ebi.ac.uk/europepmc/webservices/rest/search?query=DOI%3A%2210.1007%2Fs40279-016-0552-7%22&resultType=core&format=json&pageSize=5,n/a
src_4137b9d676da4545,open_licence,"Europe PMC license=""cc by"" for doi:10.1371/journal.pone.0263408 (PMC8849618); query https://www.ebi.ac.uk/europepmc/webservices/rest/search?query=DOI%3A%2210.1371%2Fjournal.pone.0263408%22&resultType=core&format=json&pageSize=5",high
src_0583a40df72113d0,unknown,no evidence: Europe PMC record for doi:10.1123/jsep.2015-0123 carries no licence; query https://www.ebi.ac.uk/europepmc/webservices/rest/search?query=DOI%3A%2210.1123%2Fjsep.2015-0123%22&resultType=core&format=json&pageSize=5,n/a
src_f9c2d7a358139df6,unknown,no evidence: Europe PMC record for doi:10.1007/s40279-016-0672-0 carries no licence; query https://www.ebi.ac.uk/europepmc/webservices/rest/search?query=DOI%3A%2210.1007%2Fs40279-016-0672-0%22&resultType=core&format=json&pageSize=5,n/a
src_eb23a2e2124856a8,open_licence,"Europe PMC license=""cc by"" for doi:10.1371/journal.pone.0258307 (PMC8516214); query https://www.ebi.ac.uk/europepmc/webservices/rest/search?query=DOI%3A%2210.1371%2Fjournal.pone.0258307%22&resultType=core&format=json&pageSize=5",high
src_76ac77b073eabe99,unknown,"no evidence: seed identifier doi:10.1080/1750984X.2022.2116723 is MISRESOLVED (points at a different work), licence not looked up",n/a
src_a5bcba72effc405c,unknown,"no evidence: seed identifier doi:10.1080/10413200.2023.2185699 is MISRESOLVED (points at a different work), licence not looked up",n/a
src_05f7ffab242829ca,unknown,"no evidence: seed identifier doi:10.1080/1750984X.2021.1901298 is MISRESOLVED (points at a different work), licence not looked up",n/a
src_5f331ce983e664b5,unknown,"no evidence: seed identifier doi:10.5465/amp.2009.37007999 is MISRESOLVED (points at a different work), licence not looked up",n/a
src_d4109fc54d7aa35e,unknown,no evidence: Europe PMC returned no record for doi:10.1037/0003-066X.57.9.705; query https://www.ebi.ac.uk/europepmc/webservices/rest/search?query=DOI%3A%2210.1037%2F0003-066X.57.9.705%22&resultType=core&format=json&pageSize=5,n/a
src_1ba258574d592437,open_licence,"Europe PMC license=""cc by"" for doi:10.3390/ejihpe12090097 (PMC9497853); query https://www.ebi.ac.uk/europepmc/webservices/rest/search?query=DOI%3A%2210.3390%2Fejihpe12090097%22&resultType=core&format=json&pageSize=5",high
src_455000ca3921371e,unknown,no evidence: Europe PMC returned no record for doi:10.17161/jis.v13i1.13502; query https://www.ebi.ac.uk/europepmc/webservices/rest/search?query=DOI%3A%2210.17161%2Fjis.v13i1.13502%22&resultType=core&format=json&pageSize=5,n/a
src_637a272e55a0559f,unknown,no evidence: Europe PMC returned no record for doi:10.1080/1750984X.2012.687053; query https://www.ebi.ac.uk/europepmc/webservices/rest/search?query=DOI%3A%2210.1080%2F1750984X.2012.687053%22&resultType=core&format=json&pageSize=5,n/a
src_0b093ef8f2a297d9,unknown,no evidence: Europe PMC record for doi:10.1123/jsep.23.4.281 carries no licence; query https://www.ebi.ac.uk/europepmc/webservices/rest/search?query=DOI%3A%2210.1123%2Fjsep.23.4.281%22&resultType=core&format=json&pageSize=5,n/a
src_174f96a27eff2275,unknown,no evidence: Europe PMC returned no record for doi:10.1123/tsp.21.2.127; query https://www.ebi.ac.uk/europepmc/webservices/rest/search?query=DOI%3A%2210.1123%2Ftsp.21.2.127%22&resultType=core&format=json&pageSize=5,n/a
src_5a9e3ec8bdf57b4b,unknown,no evidence: Europe PMC returned no record for doi:10.1123/tsp.2014-0140; query https://www.ebi.ac.uk/europepmc/webservices/rest/search?query=DOI%3A%2210.1123%2Ftsp.2014-0140%22&resultType=core&format=json&pageSize=5,n/a
src_b1999e45c85bae34,unknown,no evidence: Europe PMC record for doi:10.1136/bjsports-2013-093299 carries no licence; query https://www.ebi.ac.uk/europepmc/webservices/rest/search?query=DOI%3A%2210.1136%2Fbjsports-2013-093299%22&resultType=core&format=json&pageSize=5,n/a
src_82654596d7400a09,unknown,no evidence: Europe PMC record for doi:10.1136/bjsports-2019-100715 carries no licence; query https://www.ebi.ac.uk/europepmc/webservices/rest/search?query=DOI%3A%2210.1136%2Fbjsports-2019-100715%22&resultType=core&format=json&pageSize=5,n/a
src_e9d7cbf592c58edc,open_licence,"Europe PMC license=""cc by-nc"" for doi:10.1136/bjsports-2020-102411 (PMC7788187); query https://www.ebi.ac.uk/europepmc/webservices/rest/search?query=DOI%3A%2210.1136%2Fbjsports-2020-102411%22&resultType=core&format=json&pageSize=5",medium
src_b9ecf7ace3467f0e,open_licence,"Europe PMC license=""cc by-nc"" for doi:10.1136/bjsports-2019-100671 (PMC6579497); query https://www.ebi.ac.uk/europepmc/webservices/rest/search?query=DOI%3A%2210.1136%2Fbjsports-2019-100671%22&resultType=core&format=json&pageSize=5",medium
src_9c610dc2a08b0b47,open_licence,"Europe PMC license=""cc by"" for doi:10.1186/s13643-017-0568-6 (PMC5579872); query https://www.ebi.ac.uk/europepmc/webservices/rest/search?query=DOI%3A%2210.1186%2Fs13643-017-0568-6%22&resultType=core&format=json&pageSize=5",high
src_f195507be61e25f0,unknown,no evidence: Europe PMC record for doi:10.1136/bjsports-2014-093842 carries no licence; query https://www.ebi.ac.uk/europepmc/webservices/rest/search?query=DOI%3A%2210.1136%2Fbjsports-2014-093842%22&resultType=core&format=json&pageSize=5,n/a
src_b0f6adeaf100acfc,unknown,no evidence: Europe PMC record for doi:10.1016/j.ptsp.2007.09.003 carries no licence; query https://www.ebi.ac.uk/europepmc/webservices/rest/search?query=DOI%3A%2210.1016%2Fj.ptsp.2007.09.003%22&resultType=core&format=json&pageSize=5,n/a
src_a7aaef07cd2cde83,unknown,no evidence: Europe PMC record for doi:10.1016/j.pain.2005.05.029 carries no licence; query https://www.ebi.ac.uk/europepmc/webservices/rest/search?query=DOI%3A%2210.1016%2Fj.pain.2005.05.029%22&resultType=core&format=json&pageSize=5,n/a
src_44e684df377ae921,unknown,"no evidence: no licence in seed row, identifier kind noid (NO_IDENTIFIER_BY_DESIGN), not a US federal host",n/a
src_8e03fc7871423501,unknown,no evidence: Europe PMC returned no record for doi:10.1016/j.avb.2021.101611; query https://www.ebi.ac.uk/europepmc/webservices/rest/search?query=DOI%3A%2210.1016%2Fj.avb.2021.101611%22&resultType=core&format=json&pageSize=5,n/a
src_593b909a4b70e9e2,unknown,no evidence: Europe PMC record for doi:10.1111/j.1469-7610.2005.00414.x carries no licence; query https://www.ebi.ac.uk/europepmc/webservices/rest/search?query=DOI%3A%2210.1111%2Fj.1469-7610.2005.00414.x%22&resultType=core&format=json&pageSize=5,n/a
src_8be3207ef693614f,unknown,no evidence: Europe PMC returned no record for doi:10.1177/001872678103400601; query https://www.ebi.ac.uk/europepmc/webservices/rest/search?query=DOI%3A%2210.1177%2F001872678103400601%22&resultType=core&format=json&pageSize=5,n/a
src_b2fe52e010fe7c4f,open_licence,"Europe PMC license=""cc by"" for doi:10.1007/s10964-015-0389-7 (PMC4783457); query https://www.ebi.ac.uk/europepmc/webservices/rest/search?query=DOI%3A%2210.1007%2Fs10964-015-0389-7%22&resultType=core&format=json&pageSize=5",high
src_f31a89700e8e9a36,unknown,no evidence: Europe PMC record for doi:10.1123/jsep.31.1.97 carries no licence; query https://www.ebi.ac.uk/europepmc/webservices/rest/search?query=DOI%3A%2210.1123%2Fjsep.31.1.97%22&resultType=core&format=json&pageSize=5,n/a
src_a2b8eb4fb6b9bdc8,unknown,no evidence: Europe PMC record for doi:10.1111/j.1600-0838.2003.00338.x carries no licence; query https://www.ebi.ac.uk/europepmc/webservices/rest/search?query=DOI%3A%2210.1111%2Fj.1600-0838.2003.00338.x%22&resultType=core&format=json&pageSize=5,n/a
src_4b89ee26ac5c58ad,open_licence,"Europe PMC license=""cc by"" for doi:10.1016/j.psychsport.2022.102363; query https://www.ebi.ac.uk/europepmc/webservices/rest/search?query=DOI%3A%2210.1016%2Fj.psychsport.2022.102363%22&resultType=core&format=json&pageSize=5",high
src_63391d3d26663b3c,unknown,no evidence: Europe PMC returned no record for doi:10.1260/1747-9541.8.3.513; query https://www.ebi.ac.uk/europepmc/webservices/rest/search?query=DOI%3A%2210.1260%2F1747-9541.8.3.513%22&resultType=core&format=json&pageSize=5,n/a
src_b481f50c627b4170,unknown,no evidence: Europe PMC record for doi:10.1136/bjsports-2016-096121 carries no licence; query https://www.ebi.ac.uk/europepmc/webservices/rest/search?query=DOI%3A%2210.1136%2Fbjsports-2016-096121%22&resultType=core&format=json&pageSize=5,n/a
src_523ee19c44703aee,unknown,no evidence: Europe PMC record for doi:10.1136/bjsports-2024-108766 carries no licence; query https://www.ebi.ac.uk/europepmc/webservices/rest/search?query=DOI%3A%2210.1136%2Fbjsports-2024-108766%22&resultType=core&format=json&pageSize=5,n/a
src_00c5cf14f2692175,open_licence,"Europe PMC license=""cc by-nc"" for doi:10.1136/bjsports-2015-094619 (PMC4484277); query https://www.ebi.ac.uk/europepmc/webservices/rest/search?query=DOI%3A%2210.1136%2Fbjsports-2015-094619%22&resultType=core&format=json&pageSize=5",medium
src_0d103bfe6bedf7ca,open_licence,"Europe PMC license=""cc by"" for doi:10.1016/j.chiabu.2023.106513; query https://www.ebi.ac.uk/europepmc/webservices/rest/search?query=DOI%3A%2210.1016%2Fj.chiabu.2023.106513%22&resultType=core&format=json&pageSize=5",high
src_b1a1e5055bdab073,unknown,no evidence: Europe PMC record for doi:10.1177/08862605221114155 carries no licence; query https://www.ebi.ac.uk/europepmc/webservices/rest/search?query=DOI%3A%2210.1177%2F08862605221114155%22&resultType=core&format=json&pageSize=5,n/a
src_1a4c3b91f144c72d,unknown,"no evidence: seed identifier doi:10.1080/17430437.2023.2268555 is MISRESOLVED (points at a different work), licence not looked up",n/a
src_159bdf4b517cec5b,unknown,no evidence: Europe PMC returned no record for doi:10.1002/car.843; query https://www.ebi.ac.uk/europepmc/webservices/rest/search?query=DOI%3A%2210.1002%2Fcar.843%22&resultType=core&format=json&pageSize=5,n/a
src_7e996a74d0e668fc,unknown,no evidence: Europe PMC returned no record for doi:10.1123/kr.2019-0016; query https://www.ebi.ac.uk/europepmc/webservices/rest/search?query=DOI%3A%2210.1123%2Fkr.2019-0016%22&resultType=core&format=json&pageSize=5,n/a
src_528520e59f6ab119,unknown,"no evidence: seed identifier doi:10.1080/14413523.2021.1930951 is MISRESOLVED (points at a different work), licence not looked up",n/a
src_31f80dc5c323b5eb,unknown,"no evidence: seed identifier doi:10.1080/21640629.2025.2487754 is MISRESOLVED (points at a different work), licence not looked up",n/a
src_b916bb20abce445c,unknown,"no evidence: seed identifier doi:10.1080/1750984X.2016.1199727 is MISRESOLVED (points at a different work), licence not looked up",n/a
src_7cfcf3dae45f6fe9,unknown,no evidence: Europe PMC returned no record for doi:10.1080/00336297.2013.867275; query https://www.ebi.ac.uk/europepmc/webservices/rest/search?query=DOI%3A%2210.1080%2F00336297.2013.867275%22&resultType=core&format=json&pageSize=5,n/a
src_6f96e88009764a18,unknown,"no evidence: seed identifier doi:10.1080/1750984X.2016.1180704 is MISRESOLVED (points at a different work), licence not looked up",n/a
src_f61a1289da0b928c,unknown,"no evidence: seed identifier doi:10.1080/00336297.2017.1348304 is MISRESOLVED (points at a different work), licence not looked up",n/a
src_2ec83f35db849017,unknown,no evidence: Europe PMC returned no record for doi:10.1123/tsp.26.2.243; query https://www.ebi.ac.uk/europepmc/webservices/rest/search?query=DOI%3A%2210.1123%2Ftsp.26.2.243%22&resultType=core&format=json&pageSize=5,n/a
src_15cd16b040aa72b1,unknown,no evidence: Europe PMC returned no record for doi:10.1016/j.psychsport.2020.101649; query https://www.ebi.ac.uk/europepmc/webservices/rest/search?query=DOI%3A%2210.1016%2Fj.psychsport.2020.101649%22&resultType=core&format=json&pageSize=5,n/a
src_2ce5f1cfb538c15b,unknown,no evidence: Europe PMC returned no record for doi:10.1016/j.psychsport.2016.11.001; query https://www.ebi.ac.uk/europepmc/webservices/rest/search?query=DOI%3A%2210.1016%2Fj.psychsport.2016.11.001%22&resultType=core&format=json&pageSize=5,n/a
src_7b6ab7373f2a0f68,unknown,no evidence: Europe PMC returned no record for doi:10.1177/1747954118787949; query https://www.ebi.ac.uk/europepmc/webservices/rest/search?query=DOI%3A%2210.1177%2F1747954118787949%22&resultType=core&format=json&pageSize=5,n/a
src_d8dc8e31a43cb9a8,unknown,no evidence: Europe PMC returned no record for doi:10.1080/2159676X.2014.893898; query https://www.ebi.ac.uk/europepmc/webservices/rest/search?query=DOI%3A%2210.1080%2F2159676X.2014.893898%22&resultType=core&format=json&pageSize=5,n/a
src_a3ab68bdf2b623a9,unknown,"no evidence: seed identifier doi:10.1080/10413200.2015.1086447 is MISRESOLVED (points at a different work), licence not looked up",n/a
src_843779de700fe44d,unknown,"no evidence: seed identifier doi:10.1080/02701367.2017.1355527 is MISRESOLVED (points at a different work), licence not looked up",n/a
src_a11f6bb6a8f58234,open_licence,"Europe PMC license=""cc by"" for doi:10.1186/s12889-019-6387-z (PMC6339434); query https://www.ebi.ac.uk/europepmc/webservices/rest/search?query=DOI%3A%2210.1186%2Fs12889-019-6387-z%22&resultType=core&format=json&pageSize=5",high
src_adf7036d2013784b,unknown,no evidence: Europe PMC returned no record for doi:10.1177/146499341001100405; query https://www.ebi.ac.uk/europepmc/webservices/rest/search?query=DOI%3A%2210.1177%2F146499341001100405%22&resultType=core&format=json&pageSize=5,n/a
src_6b3e69bcb671cf4a,unknown,no evidence: Europe PMC returned no record for doi:10.5040/9781718208919; query https://www.ebi.ac.uk/europepmc/webservices/rest/search?query=DOI%3A%2210.5040%2F9781718208919%22&resultType=core&format=json&pageSize=5,n/a
src_781ba57aa3315071,unknown,no evidence: Europe PMC returned no record for doi:10.1023/A:1010332812171; query https://www.ebi.ac.uk/europepmc/webservices/rest/search?query=DOI%3A%2210.1023%2FA%3A1010332812171%22&resultType=core&format=json&pageSize=5,n/a
src_94478b1d7029bc35,open_licence,"Europe PMC license=""cc by"" for doi:10.1186/1479-5868-10-98 (PMC3751802); query https://www.ebi.ac.uk/europepmc/webservices/rest/search?query=DOI%3A%2210.1186%2F1479-5868-10-98%22&resultType=core&format=json&pageSize=5",high
src_bb82cb69fe723106,open_licence,"Europe PMC license=""cc by"" for doi:10.1016/j.psychsport.2023.102556; query https://www.ebi.ac.uk/europepmc/webservices/rest/search?query=DOI%3A%2210.1016%2Fj.psychsport.2023.102556%22&resultType=core&format=json&pageSize=5",high
src_38f63ffe7f646d9d,unknown,no evidence: Europe PMC returned no record for doi:10.1016/j.psychsport.2014.03.001; query https://www.ebi.ac.uk/europepmc/webservices/rest/search?query=DOI%3A%2210.1016%2Fj.psychsport.2014.03.001%22&resultType=core&format=json&pageSize=5,n/a
src_ab42a4b0b6f66b51,unknown,no evidence: Europe PMC record for doi:10.1136/bjsports-2015-094962 carries no licence; query https://www.ebi.ac.uk/europepmc/webservices/rest/search?query=DOI%3A%2210.1136%2Fbjsports-2015-094962%22&resultType=core&format=json&pageSize=5,n/a
src_84c0365c1bc55fce,unknown,no evidence: Europe PMC returned no record for doi:10.1123/tsp.19.1.63; query https://www.ebi.ac.uk/europepmc/webservices/rest/search?query=DOI%3A%2210.1123%2Ftsp.19.1.63%22&resultType=core&format=json&pageSize=5,n/a
src_bcd1890951ac9c80,unknown,no evidence: Europe PMC returned no record for doi:10.1177/0011000012462073; query https://www.ebi.ac.uk/europepmc/webservices/rest/search?query=DOI%3A%2210.1177%2F0011000012462073%22&resultType=core&format=json&pageSize=5,n/a
src_23f5aee8d102cca2,unknown,no evidence: Europe PMC record for doi:10.1111/j.1469-7610.1997.tb01545.x carries no licence; query https://www.ebi.ac.uk/europepmc/webservices/rest/search?query=DOI%3A%2210.1111%2Fj.1469-7610.1997.tb01545.x%22&resultType=core&format=json&pageSize=5,n/a
src_c38293c54b350815,unknown,no evidence: Europe PMC returned no record for doi:10.1123/jsep.28.4.479; query https://www.ebi.ac.uk/europepmc/webservices/rest/search?query=DOI%3A%2210.1123%2Fjsep.28.4.479%22&resultType=core&format=json&pageSize=5,n/a
src_6e984a5737ab32fe,unknown,"no evidence: seed identifier doi:10.1080/1612197X.2019.1611900 is MISRESOLVED (points at a different work), licence not looked up",n/a
src_c23ad408f43d9a5d,unknown,no evidence: Europe PMC returned no record for doi:10.1037/a0026628; query https://www.ebi.ac.uk/europepmc/webservices/rest/search?query=DOI%3A%2210.1037%2Fa0026628%22&resultType=core&format=json&pageSize=5,n/a
src_1985570d1f7eb978,unknown,no evidence: Europe PMC returned no record for doi:10.1037/a0027190; query https://www.ebi.ac.uk/europepmc/webservices/rest/search?query=DOI%3A%2210.1037%2Fa0027190%22&resultType=core&format=json&pageSize=5,n/a
src_04762709068b6013,unknown,no evidence: Europe PMC record for doi:10.23736/S0022-4707.22.13661-3 carries no licence; query https://www.ebi.ac.uk/europepmc/webservices/rest/search?query=DOI%3A%2210.23736%2FS0022-4707.22.13661-3%22&resultType=core&format=json&pageSize=5,n/a
src_f93352cde371c9f9,unknown,no evidence: Europe PMC record for doi:10.1123/IJSPP.2013-0006 carries no licence; query https://www.ebi.ac.uk/europepmc/webservices/rest/search?query=DOI%3A%2210.1123%2FIJSPP.2013-0006%22&resultType=core&format=json&pageSize=5,n/a
src_6de1481b3ff4abb7,unknown,no evidence: Europe PMC record for pmid:8543363 carries no licence; query https://www.ebi.ac.uk/europepmc/webservices/rest/search?query=EXT_ID%3A8543363+AND+SRC%3AMED&resultType=core&format=json&pageSize=5,n/a
src_d1df60b54a081957,unknown,no evidence: Europe PMC record for doi:10.1519/JSC.0000000000001643 carries no licence; query https://www.ebi.ac.uk/europepmc/webservices/rest/search?query=DOI%3A%2210.1519%2FJSC.0000000000001643%22&resultType=core&format=json&pageSize=5,n/a
src_ff4314571f2ed238,open_licence,"Europe PMC license=""cc by"" for doi:10.3390/sports13060187 (PMC12197034); query https://www.ebi.ac.uk/europepmc/webservices/rest/search?query=DOI%3A%2210.3390%2Fsports13060187%22&resultType=core&format=json&pageSize=5",high
src_34ea234f0ea976a6,unknown,"no evidence: seed identifier doi:10.1080/17461391.2022.2063072 is MISRESOLVED (points at a different work), licence not looked up",n/a
src_2b13e10db18c4be2,unknown,no evidence: Europe PMC record for doi:10.1007/s40279-014-0274-7 carries no licence; query https://www.ebi.ac.uk/europepmc/webservices/rest/search?query=DOI%3A%2210.1007%2Fs40279-014-0274-7%22&resultType=core&format=json&pageSize=5,n/a
src_1b7c3bd58ccf225d,unknown,no evidence: Europe PMC record for doi:10.1177/00315125261464714 carries no licence; query https://www.ebi.ac.uk/europepmc/webservices/rest/search?query=DOI%3A%2210.1177%2F00315125261464714%22&resultType=core&format=json&pageSize=5,n/a
src_7f9342c1d418d5e5,unknown,no evidence: Europe PMC record for doi:10.1519/JSC.0000000000005088 carries no licence; query https://www.ebi.ac.uk/europepmc/webservices/rest/search?query=DOI%3A%2210.1519%2FJSC.0000000000005088%22&resultType=core&format=json&pageSize=5,n/a
src_8153fe38b1dcfee2,open_licence,"Europe PMC license=""cc by"" for doi:10.3389/fbioe.2022.878527 (PMC9171322); query https://www.ebi.ac.uk/europepmc/webservices/rest/search?query=DOI%3A%2210.3389%2Ffbioe.2022.878527%22&resultType=core&format=json&pageSize=5",high
src_ff0c4a1891792235,unknown,no evidence: Europe PMC record for doi:10.23736/S0022-4707.16.06674-3 carries no licence; query https://www.ebi.ac.uk/europepmc/webservices/rest/search?query=DOI%3A%2210.23736%2FS0022-4707.16.06674-3%22&resultType=core&format=json&pageSize=5,n/a
src_98d96d86392950a2,open_licence,"Europe PMC license=""cc by"" for doi:10.3390/jfmk11020157 (PMC13108071); query https://www.ebi.ac.uk/europepmc/webservices/rest/search?query=DOI%3A%2210.3390%2Fjfmk11020157%22&resultType=core&format=json&pageSize=5",high
src_864cdb9f865d57cd,unknown,no evidence: Europe PMC record for doi:10.1519/JSC.0000000000004740 carries no licence; query https://www.ebi.ac.uk/europepmc/webservices/rest/search?query=DOI%3A%2210.1519%2FJSC.0000000000004740%22&resultType=core&format=json&pageSize=5,n/a
src_9d404103dd997134,unknown,"no evidence: seed identifier doi:10.3389/fphys.2025.1693271 is MISRESOLVED (points at a different work), licence not looked up",n/a
src_868bedbe107b695f,unknown,no evidence: Europe PMC record for doi:10.1123/ijspp.2023-0235 carries no licence; query https://www.ebi.ac.uk/europepmc/webservices/rest/search?query=DOI%3A%2210.1123%2Fijspp.2023-0235%22&resultType=core&format=json&pageSize=5,n/a
src_88bcbdde423f46d1,unknown,no evidence: Europe PMC record for doi:10.1123/jsr.2020-0340 carries no licence; query https://www.ebi.ac.uk/europepmc/webservices/rest/search?query=DOI%3A%2210.1123%2Fjsr.2020-0340%22&resultType=core&format=json&pageSize=5,n/a
src_62a6d34c15664ddf,unknown,no evidence: Europe PMC record for doi:10.1519/JSC.0000000000002056 carries no licence; query https://www.ebi.ac.uk/europepmc/webservices/rest/search?query=DOI%3A%2210.1519%2FJSC.0000000000002056%22&resultType=core&format=json&pageSize=5,n/a
src_11f183ce629b8b03,unknown,"no evidence: seed identifier doi:10.3389/fspor.2026.1839505 is MISRESOLVED (points at a different work), licence not looked up",n/a
src_e44099f156ecf9e9,unknown,"no evidence: seed identifier doi:10.3389/fphys.2025.1576676 is MISRESOLVED (points at a different work), licence not looked up",n/a
src_c57b6d0957c6112e,open_licence,"Europe PMC license=""cc by"" for doi:10.3390/sports12090231 (PMC11435942); query https://www.ebi.ac.uk/europepmc/webservices/rest/search?query=DOI%3A%2210.3390%2Fsports12090231%22&resultType=core&format=json&pageSize=5",high
src_ac16342790cff04e,unknown,"no evidence: seed identifier doi:10.3389/fphys.2026.1810393 is MISRESOLVED (points at a different work), licence not looked up",n/a
src_255014407fe41780,open_licence,"Europe PMC license=""cc by"" for doi:10.7717/peerj.18311 (PMC11531254); query https://www.ebi.ac.uk/europepmc/webservices/rest/search?query=DOI%3A%2210.7717%2Fpeerj.18311%22&resultType=core&format=json&pageSize=5",high
src_ac8e9a40b8dd5f3b,open_licence,"Europe PMC license=""cc by"" for doi:10.3389/fphys.2022.898126 (PMC9399400); query https://www.ebi.ac.uk/europepmc/webservices/rest/search?query=DOI%3A%2210.3389%2Ffphys.2022.898126%22&resultType=core&format=json&pageSize=5",high
src_1bdfbbc3524e8903,unknown,no evidence: Europe PMC record for doi:10.1007/s00421-025-05913-z carries no licence; query https://www.ebi.ac.uk/europepmc/webservices/rest/search?query=DOI%3A%2210.1007%2Fs00421-025-05913-z%22&resultType=core&format=json&pageSize=5,n/a
src_c0c1a9ef311ae4b8,unknown,no evidence: Europe PMC record for doi:10.1519/JSC.0b013e31823a3e2d carries no licence; query https://www.ebi.ac.uk/europepmc/webservices/rest/search?query=DOI%3A%2210.1519%2FJSC.0b013e31823a3e2d%22&resultType=core&format=json&pageSize=5,n/a
src_042c7e4a5bc64f0b,open_licence,"Europe PMC license=""cc by"" for doi:10.1007/s40279-023-01943-9 (PMC10933151); query https://www.ebi.ac.uk/europepmc/webservices/rest/search?query=DOI%3A%2210.1007%2Fs40279-023-01943-9%22&resultType=core&format=json&pageSize=5",high
src_2e8feea8069ccd0c,unknown,no evidence: Europe PMC record for doi:10.1111/sms.12104 carries no licence; query https://www.ebi.ac.uk/europepmc/webservices/rest/search?query=DOI%3A%2210.1111%2Fsms.12104%22&resultType=core&format=json&pageSize=5,n/a
src_ea74936d27aeffa8,unknown,"no evidence: seed identifier doi:10.1080/14763141.2019.1607542 is MISRESOLVED (points at a different work), licence not looked up",n/a
src_5344f3a41b4049bd,unknown,no evidence: Europe PMC record for doi:10.1007/s40279-024-02143-9 carries no licence; query https://www.ebi.ac.uk/europepmc/webservices/rest/search?query=DOI%3A%2210.1007%2Fs40279-024-02143-9%22&resultType=core&format=json&pageSize=5,n/a
src_d9193df204c6132a,unknown,no evidence: Europe PMC record for doi:10.1007/s40279-022-01800-1 carries no licence; query https://www.ebi.ac.uk/europepmc/webservices/rest/search?query=DOI%3A%2210.1007%2Fs40279-022-01800-1%22&resultType=core&format=json&pageSize=5,n/a
src_173bd17bb301ef38,open_licence,"Europe PMC license=""cc by"" for doi:10.1007/s40279-022-01644-9 (PMC9213381); query https://www.ebi.ac.uk/europepmc/webservices/rest/search?query=DOI%3A%2210.1007%2Fs40279-022-01644-9%22&resultType=core&format=json&pageSize=5",high
src_99765c9f681c7713,open_licence,"Europe PMC license=""cc by"" for doi:10.3389/fnins.2017.00612 (PMC5673663); query https://www.ebi.ac.uk/europepmc/webservices/rest/search?query=DOI%3A%2210.3389%2Ffnins.2017.00612%22&resultType=core&format=json&pageSize=5",high
src_8a89db3326d7d9b9,unknown,no evidence: Europe PMC record for doi:10.1123/ijspp.2019-0248 carries no licence; query https://www.ebi.ac.uk/europepmc/webservices/rest/search?query=DOI%3A%2210.1123%2Fijspp.2019-0248%22&resultType=core&format=json&pageSize=5,n/a
src_a26dd719ac49d4f5,unknown,no evidence: Europe PMC record for doi:10.1123/ijspp.2018-0120 carries no licence; query https://www.ebi.ac.uk/europepmc/webservices/rest/search?query=DOI%3A%2210.1123%2Fijspp.2018-0120%22&resultType=core&format=json&pageSize=5,n/a
src_13670627246a5933,unknown,no evidence: Europe PMC record for pmid:25908242 carries no licence; query https://www.ebi.ac.uk/europepmc/webservices/rest/search?query=EXT_ID%3A25908242+AND+SRC%3AMED&resultType=core&format=json&pageSize=5,n/a
src_f176039eb7ccdcdd,open_licence,"Europe PMC license=""cc by-nc"" for doi:10.1136/bjsports-2015-094758 (PMC4789708); query https://www.ebi.ac.uk/europepmc/webservices/rest/search?query=DOI%3A%2210.1136%2Fbjsports-2015-094758%22&resultType=core&format=json&pageSize=5",medium
src_60eb0e214aeff64c,unknown,no evidence: Europe PMC record for doi:10.1123/IJSPP.2017-0208 carries no licence; query https://www.ebi.ac.uk/europepmc/webservices/rest/search?query=DOI%3A%2210.1123%2FIJSPP.2017-0208%22&resultType=core&format=json&pageSize=5,n/a
src_bc68add921ab781f,open_licence,"Europe PMC license=""cc by"" for doi:10.1007/s40279-014-0253-z (PMC4213373); query https://www.ebi.ac.uk/europepmc/webservices/rest/search?query=DOI%3A%2210.1007%2Fs40279-014-0253-z%22&resultType=core&format=json&pageSize=5",high
src_4d420636e597e431,unknown,no evidence: Europe PMC record for doi:10.1097/00005768-199807000-00023 carries no licence; query https://www.ebi.ac.uk/europepmc/webservices/rest/search?query=DOI%3A%2210.1097%2F00005768-199807000-00023%22&resultType=core&format=json&pageSize=5,n/a
src_75f364e7c413d6bb,open_licence,"Europe PMC license=""cc by"" for doi:10.1371/journal.pone.0225522 (PMC6892557); query https://www.ebi.ac.uk/europepmc/webservices/rest/search?query=DOI%3A%2210.1371%2Fjournal.pone.0225522%22&resultType=core&format=json&pageSize=5",high
src_25a4fa82a86c91d0,unknown,no evidence: Europe PMC record for doi:10.1136/bjsports-2017-098110 carries no licence; query https://www.ebi.ac.uk/europepmc/webservices/rest/search?query=DOI%3A%2210.1136%2Fbjsports-2017-098110%22&resultType=core&format=json&pageSize=5,n/a
src_26500332a5766eaa,unknown,no evidence: Europe PMC record for doi:10.1123/ijspp.2018-0874 carries no licence; query https://www.ebi.ac.uk/europepmc/webservices/rest/search?query=DOI%3A%2210.1123%2Fijspp.2018-0874%22&resultType=core&format=json&pageSize=5,n/a
src_831fe84e6b7a2d7f,open_licence,"Europe PMC license=""cc by-nc"" for doi:10.2147/OAJSM.S231405 (PMC7047972); query https://www.ebi.ac.uk/europepmc/webservices/rest/search?query=DOI%3A%2210.2147%2FOAJSM.S231405%22&resultType=core&format=json&pageSize=5",medium
src_42ad976698f90cdf,unknown,no evidence: Europe PMC record for doi:10.1007/s40279-020-01308-6 carries no licence; query https://www.ebi.ac.uk/europepmc/webservices/rest/search?query=DOI%3A%2210.1007%2Fs40279-020-01308-6%22&resultType=core&format=json&pageSize=5,n/a
src_9677e6109863674d,unknown,no evidence: Europe PMC record for doi:10.1007/s40279-019-01218-2 carries no licence; query https://www.ebi.ac.uk/europepmc/webservices/rest/search?query=DOI%3A%2210.1007%2Fs40279-019-01218-2%22&resultType=core&format=json&pageSize=5,n/a
src_500bf5dcb397d73f,unknown,"no evidence: seed identifier doi:10.1080/24733938.2020.1765007 is MISRESOLVED (points at a different work), licence not looked up",n/a
src_d92155669e93ac45,open_licence,"Europe PMC license=""cc by-nc"" for doi:10.1136/bjsports-2015-095788 (PMC4789704); query https://www.ebi.ac.uk/europepmc/webservices/rest/search?query=DOI%3A%2210.1136%2Fbjsports-2015-095788%22&resultType=core&format=json&pageSize=5",medium
src_3d4df8639b311816,unknown,no evidence: Europe PMC record for doi:10.1136/bjsports-2016-096581 carries no licence; query https://www.ebi.ac.uk/europepmc/webservices/rest/search?query=DOI%3A%2210.1136%2Fbjsports-2016-096581%22&resultType=core&format=json&pageSize=5,n/a
src_60c71dd82fe5eac5,open_licence,"Europe PMC license=""cc by-nc"" for doi:10.1136/bjsports-2016-096572 (PMC5013087); query https://www.ebi.ac.uk/europepmc/webservices/rest/search?query=DOI%3A%2210.1136%2Fbjsports-2016-096572%22&resultType=core&format=json&pageSize=5",medium
src_ffa2a75adadb8bd9,unknown,no evidence: Europe PMC record for doi:10.1249/MSS.0b013e318279a10a carries no licence; query https://www.ebi.ac.uk/europepmc/webservices/rest/search?query=DOI%3A%2210.1249%2FMSS.0b013e318279a10a%22&resultType=core&format=json&pageSize=5,n/a
src_203a4b58ffb94d18,unknown,no evidence: Europe PMC record for doi:10.1136/bjsports-2020-102025 carries no licence; query https://www.ebi.ac.uk/europepmc/webservices/rest/search?query=DOI%3A%2210.1136%2Fbjsports-2020-102025%22&resultType=core&format=json&pageSize=5,n/a
src_e2abf4fe2ca6724b,open_licence,"Europe PMC license=""cc by"" for doi:10.1007/s40279-022-01706-y (PMC9584849); query https://www.ebi.ac.uk/europepmc/webservices/rest/search?query=DOI%3A%2210.1007%2Fs40279-022-01706-y%22&resultType=core&format=json&pageSize=5",high
src_6b9cf94516ba0efe,unknown,no evidence: Europe PMC record for doi:10.5665/SLEEP.1132 carries no licence; query https://www.ebi.ac.uk/europepmc/webservices/rest/search?query=DOI%3A%2210.5665%2FSLEEP.1132%22&resultType=core&format=json&pageSize=5,n/a
src_46b97b9c45b3211d,unknown,no evidence: Europe PMC record for doi:10.1097/BPO.0000000000000151 carries no licence; query https://www.ebi.ac.uk/europepmc/webservices/rest/search?query=DOI%3A%2210.1097%2FBPO.0000000000000151%22&resultType=core&format=json&pageSize=5,n/a
src_2aedd43d61d18594,unknown,no evidence: Europe PMC record for doi:10.1177/19417381221108732 carries no licence; query https://www.ebi.ac.uk/europepmc/webservices/rest/search?query=DOI%3A%2210.1177%2F19417381221108732%22&resultType=core&format=json&pageSize=5,n/a
src_3b1a6b8eee4db1f2,open_licence,"Europe PMC license=""cc by"" for doi:10.1186/s40798-023-00599-z (PMC10354314); query https://www.ebi.ac.uk/europepmc/webservices/rest/search?query=DOI%3A%2210.1186%2Fs40798-023-00599-z%22&resultType=core&format=json&pageSize=5",high
src_3f269f1db3d8f877,unknown,no evidence: Europe PMC record for doi:10.1007/s40279-021-01502-0 carries no licence; query https://www.ebi.ac.uk/europepmc/webservices/rest/search?query=DOI%3A%2210.1007%2Fs40279-021-01502-0%22&resultType=core&format=json&pageSize=5,n/a
src_f01b3100d054b184,unknown,no evidence: Europe PMC record for doi:10.1249/mss.0b013e31806010e0 carries no licence; query https://www.ebi.ac.uk/europepmc/webservices/rest/search?query=DOI%3A%2210.1249%2Fmss.0b013e31806010e0%22&resultType=core&format=json&pageSize=5,n/a
src_4f5ef0cf948e998a,unknown,"no evidence: seed identifier doi:10.1080/17461391.2020.1736183 is MISRESOLVED (points at a different work), licence not looked up",n/a
src_8e9201a67eff647b,open_licence,"Europe PMC license=""cc by"" for doi:10.1371/journal.pone.0282838 (PMC10171681); query https://www.ebi.ac.uk/europepmc/webservices/rest/search?query=DOI%3A%2210.1371%2Fjournal.pone.0282838%22&resultType=core&format=json&pageSize=5",high
src_541d0a9e8defc454,open_licence,"Europe PMC license=""cc by-nc-nd"" for doi:10.1177/23259671221127669 (PMC10071201); query https://www.ebi.ac.uk/europepmc/webservices/rest/search?query=DOI%3A%2210.1177%2F23259671221127669%22&resultType=core&format=json&pageSize=5",medium
src_e8c041af371947bd,unknown,no evidence: Europe PMC record for doi:10.1177/1558944716642756 carries no licence; query https://www.ebi.ac.uk/europepmc/webservices/rest/search?query=DOI%3A%2210.1177%2F1558944716642756%22&resultType=core&format=json&pageSize=5,n/a
src_d67ca31658547c89,unknown,no evidence: Europe PMC record for doi:10.1136/bjsm.2006.025924 carries no licence; query https://www.ebi.ac.uk/europepmc/webservices/rest/search?query=DOI%3A%2210.1136%2Fbjsm.2006.025924%22&resultType=core&format=json&pageSize=5,n/a
src_db1fbf900906f271,unknown,no evidence: Europe PMC record for doi:10.1097/JSM.0b013e31818f1582 carries no licence; query https://www.ebi.ac.uk/europepmc/webservices/rest/search?query=DOI%3A%2210.1097%2FJSM.0b013e31818f1582%22&resultType=core&format=json&pageSize=5,n/a
src_f89f458247bc0fa0,unknown,no evidence: Europe PMC record for doi:10.1136/bjsports-2020-102958 carries no licence; query https://www.ebi.ac.uk/europepmc/webservices/rest/search?query=DOI%3A%2210.1136%2Fbjsports-2020-102958%22&resultType=core&format=json&pageSize=5,n/a
src_8bee365757f7eafa,unknown,no evidence: Europe PMC record for doi:10.1136/bjsports-2016-097313 carries no licence; query https://www.ebi.ac.uk/europepmc/webservices/rest/search?query=DOI%3A%2210.1136%2Fbjsports-2016-097313%22&resultType=core&format=json&pageSize=5,n/a
src_f0f72349d5029e9c,unknown,no evidence: Europe PMC record for doi:10.1016/j.mjafi.2021.03.016 carries no licence; query https://www.ebi.ac.uk/europepmc/webservices/rest/search?query=DOI%3A%2210.1016%2Fj.mjafi.2021.03.016%22&resultType=core&format=json&pageSize=5,n/a
src_04799ac793776425,unknown,"no evidence: seed identifier doi:10.1055/s-0034-1387764 is MISRESOLVED (points at a different work), licence not looked up",n/a
src_9b44730ebb92f513,unknown,no evidence: Europe PMC record for doi:10.1136/bjsm.2003.006643 carries no licence; query https://www.ebi.ac.uk/europepmc/webservices/rest/search?query=DOI%3A%2210.1136%2Fbjsm.2003.006643%22&resultType=core&format=json&pageSize=5,n/a
src_1595ad7d7a53440b,unknown,no evidence: Europe PMC record for doi:10.1016/j.jsams.2021.08.002 carries no licence; query https://www.ebi.ac.uk/europepmc/webservices/rest/search?query=DOI%3A%2210.1016%2Fj.jsams.2021.08.002%22&resultType=core&format=json&pageSize=5,n/a
src_412dee7701bc32ab,unknown,"no evidence: seed identifier doi:10.1080/00913847.2022.2083922 is MISRESOLVED (points at a different work), licence not looked up",n/a
src_b61baf7ebebde173,open_licence,"Europe PMC license=""cc by-nc-nd"" for doi:10.1177/23259671211059815 (PMC8664317); query https://www.ebi.ac.uk/europepmc/webservices/rest/search?query=DOI%3A%2210.1177%2F23259671211059815%22&resultType=core&format=json&pageSize=5",medium
src_1f93a95cc72950c3,unknown,no evidence: Europe PMC record for doi:10.1093/milmed/usad249 carries no licence; query https://www.ebi.ac.uk/europepmc/webservices/rest/search?query=DOI%3A%2210.1093%2Fmilmed%2Fusad249%22&resultType=core&format=json&pageSize=5,n/a
src_225113224ded662b,open_licence,"Europe PMC license=""cc by"" for doi:10.1007/s00401-023-02540-w (PMC10020327); query https://www.ebi.ac.uk/europepmc/webservices/rest/search?query=DOI%3A%2210.1007%2Fs00401-023-02540-w%22&resultType=core&format=json&pageSize=5",high
src_61bc131ffec7acc8,unknown,no evidence: Europe PMC record for doi:10.1093/arclin/acy063 carries no licence; query https://www.ebi.ac.uk/europepmc/webservices/rest/search?query=DOI%3A%2210.1093%2Farclin%2Facy063%22&resultType=core&format=json&pageSize=5,n/a
src_b7b85b44f09343a2,unknown,no evidence: Europe PMC record for doi:10.1093/aje/kws456 carries no licence; query https://www.ebi.ac.uk/europepmc/webservices/rest/search?query=DOI%3A%2210.1093%2Faje%2Fkws456%22&resultType=core&format=json&pageSize=5,n/a
src_01d47b0829102ed2,unknown,no evidence: Europe PMC record for doi:10.1007/s40279-023-01838-9 carries no licence; query https://www.ebi.ac.uk/europepmc/webservices/rest/search?query=DOI%3A%2210.1007%2Fs40279-023-01838-9%22&resultType=core&format=json&pageSize=5,n/a
src_fc9be7ed91fc24bd,unknown,no evidence: Europe PMC record for doi:10.1089/neu.2017.5553 carries no licence; query https://www.ebi.ac.uk/europepmc/webservices/rest/search?query=DOI%3A%2210.1089%2Fneu.2017.5553%22&resultType=core&format=json&pageSize=5,n/a
src_476320029439abde,unknown,no evidence: Europe PMC record for doi:10.1212/WNL.0000000000207594 carries no licence; query https://www.ebi.ac.uk/europepmc/webservices/rest/search?query=DOI%3A%2210.1212%2FWNL.0000000000207594%22&resultType=core&format=json&pageSize=5,n/a
src_c960a57f92385e50,unknown,no evidence: Europe PMC record for doi:10.1136/bjsm.2004.017046 carries no licence; query https://www.ebi.ac.uk/europepmc/webservices/rest/search?query=DOI%3A%2210.1136%2Fbjsm.2004.017046%22&resultType=core&format=json&pageSize=5,n/a
src_f7176ffb046bebf5,unknown,no evidence: Europe PMC record for doi:10.1007/s40279-021-01580-0 carries no licence; query https://www.ebi.ac.uk/europepmc/webservices/rest/search?query=DOI%3A%2210.1007%2Fs40279-021-01580-0%22&resultType=core&format=json&pageSize=5,n/a
src_b6292c09e6883927,open_licence,"Europe PMC license=""cc by"" for doi:10.3389/fnhum.2019.00294 (PMC6746992); query https://www.ebi.ac.uk/europepmc/webservices/rest/search?query=DOI%3A%2210.3389%2Ffnhum.2019.00294%22&resultType=core&format=json&pageSize=5",high
src_1b6a4051bac1db93,open_licence,"Europe PMC license=""cc by"" for doi:10.1186/s40798-023-00665-6 (PMC10811313); query https://www.ebi.ac.uk/europepmc/webservices/rest/search?query=DOI%3A%2210.1186%2Fs40798-023-00665-6%22&resultType=core&format=json&pageSize=5",high
src_7c83077fe2582df8,unknown,no evidence: Europe PMC record for doi:10.1136/bjsports-2022-106656 carries no licence; query https://www.ebi.ac.uk/europepmc/webservices/rest/search?query=DOI%3A%2210.1136%2Fbjsports-2022-106656%22&resultType=core&format=json&pageSize=5,n/a
src_ce89ba6613bc7fad,unknown,no evidence: Europe PMC record for doi:10.1249/JSR.0000000000001313 carries no licence; query https://www.ebi.ac.uk/europepmc/webservices/rest/search?query=DOI%3A%2210.1249%2FJSR.0000000000001313%22&resultType=core&format=json&pageSize=5,n/a
src_92415afb3e0c74d1,unknown,no evidence: Europe PMC record for doi:10.1007/s10935-014-0355-2 carries no licence; query https://www.ebi.ac.uk/europepmc/webservices/rest/search?query=DOI%3A%2210.1007%2Fs10935-014-0355-2%22&resultType=core&format=json&pageSize=5,n/a
src_9612ddb5ecc58153,open_licence,"Europe PMC license=""cc by"" for doi:10.3390/jfmk6010008 (PMC7838928); query https://www.ebi.ac.uk/europepmc/webservices/rest/search?query=DOI%3A%2210.3390%2Fjfmk6010008%22&resultType=core&format=json&pageSize=5",high
src_38fbfcd247d2ee74,unknown,no evidence: Europe PMC record for doi:10.1016/j.jsams.2019.11.004 carries no licence; query https://www.ebi.ac.uk/europepmc/webservices/rest/search?query=DOI%3A%2210.1016%2Fj.jsams.2019.11.004%22&resultType=core&format=json&pageSize=5,n/a
src_d3d37b79c34a1f0f,unknown,no evidence: Europe PMC record for doi:10.1177/0363546514536685 carries no licence; query https://www.ebi.ac.uk/europepmc/webservices/rest/search?query=DOI%3A%2210.1177%2F0363546514536685%22&resultType=core&format=json&pageSize=5,n/a
src_9080253869c8b016,unknown,no evidence: Europe PMC record for doi:10.1097/JSM.0B013E31822C8A5C carries no licence; query https://www.ebi.ac.uk/europepmc/webservices/rest/search?query=DOI%3A%2210.1097%2FJSM.0B013E31822C8A5C%22&resultType=core&format=json&pageSize=5,n/a
src_fd82789200419db9,unknown,no evidence: Europe PMC record for doi:10.1093/milmed/usaf150 carries no licence; query https://www.ebi.ac.uk/europepmc/webservices/rest/search?query=DOI%3A%2210.1093%2Fmilmed%2Fusaf150%22&resultType=core&format=json&pageSize=5,n/a
src_44a911f67c875f94,unknown,no evidence: Europe PMC record for doi:10.1007/s40279-016-0490-4 carries no licence; query https://www.ebi.ac.uk/europepmc/webservices/rest/search?query=DOI%3A%2210.1007%2Fs40279-016-0490-4%22&resultType=core&format=json&pageSize=5,n/a
src_82f6d246fcbc0117,unknown,no evidence: Europe PMC record for doi:10.1097/00005768-200204000-00020 carries no licence; query https://www.ebi.ac.uk/europepmc/webservices/rest/search?query=DOI%3A%2210.1097%2F00005768-200204000-00020%22&resultType=core&format=json&pageSize=5,n/a
src_898fffcce9dfc2f7,open_licence,"Europe PMC license=""cc by"" for doi:10.1007/s40279-017-0750-y (PMC5752743); query https://www.ebi.ac.uk/europepmc/webservices/rest/search?query=DOI%3A%2210.1007%2Fs40279-017-0750-y%22&resultType=core&format=json&pageSize=5",high
src_7a6aabe26bab77e9,open_licence,"Europe PMC license=""cc by-nc"" for doi:10.1136/bjsports-2024-108233 (PMC11420720); query https://www.ebi.ac.uk/europepmc/webservices/rest/search?query=DOI%3A%2210.1136%2Fbjsports-2024-108233%22&resultType=core&format=json&pageSize=5",medium
src_8742970d108dd2dd,open_licence,"Europe PMC license=""cc by-nc-nd"" for doi:10.1016/j.jshs.2020.09.003 (PMC8343060); query https://www.ebi.ac.uk/europepmc/webservices/rest/search?query=DOI%3A%2210.1016%2Fj.jshs.2020.09.003%22&resultType=core&format=json&pageSize=5",medium
src_9b2ec13e03a14dc2,unknown,no evidence: Europe PMC record for doi:10.1519/JSC.0000000000001387 carries no licence; query https://www.ebi.ac.uk/europepmc/webservices/rest/search?query=DOI%3A%2210.1519%2FJSC.0000000000001387%22&resultType=core&format=json&pageSize=5,n/a
src_0f5b11a6ddf2ef1b,unknown,no evidence: Europe PMC record for doi:10.1519/JSC.0b013e31819df407 carries no licence; query https://www.ebi.ac.uk/europepmc/webservices/rest/search?query=DOI%3A%2210.1519%2FJSC.0b013e31819df407%22&resultType=core&format=json&pageSize=5,n/a
src_8b207db8f5ecba24,unknown,no evidence: Europe PMC record for doi:10.1177/1941738115598747 carries no licence; query https://www.ebi.ac.uk/europepmc/webservices/rest/search?query=DOI%3A%2210.1177%2F1941738115598747%22&resultType=core&format=json&pageSize=5,n/a
src_5b24e0d64d0aa241,unknown,no evidence: Europe PMC record for doi:10.2106/JBJS.21.00018 carries no licence; query https://www.ebi.ac.uk/europepmc/webservices/rest/search?query=DOI%3A%2210.2106%2FJBJS.21.00018%22&resultType=core&format=json&pageSize=5,n/a
src_85bea05950ee538a,unknown,no evidence: Europe PMC record for doi:10.1542/peds.2023-065129 carries no licence; query https://www.ebi.ac.uk/europepmc/webservices/rest/search?query=DOI%3A%2210.1542%2Fpeds.2023-065129%22&resultType=core&format=json&pageSize=5,n/a
src_78990cc3585cd863,unknown,no evidence: Europe PMC record for doi:10.4085/1062-6050-435-19 carries no licence; query https://www.ebi.ac.uk/europepmc/webservices/rest/search?query=DOI%3A%2210.4085%2F1062-6050-435-19%22&resultType=core&format=json&pageSize=5,n/a
src_4215cbfcface6504,open_licence,"Europe PMC license=""cc by"" for doi:10.1007/s40279-020-01319-3 (PMC7497427); query https://www.ebi.ac.uk/europepmc/webservices/rest/search?query=DOI%3A%2210.1007%2Fs40279-020-01319-3%22&resultType=core&format=json&pageSize=5",high
src_a22ff7601778c1a8,unknown,no evidence: Europe PMC record for doi:10.1249/MSS.0000000000002073 carries no licence; query https://www.ebi.ac.uk/europepmc/webservices/rest/search?query=DOI%3A%2210.1249%2FMSS.0000000000002073%22&resultType=core&format=json&pageSize=5,n/a
src_b6ff738a3c0c8a2e,unknown,no evidence: Europe PMC record for doi:10.1007/s40279-023-01871-8 carries no licence; query https://www.ebi.ac.uk/europepmc/webservices/rest/search?query=DOI%3A%2210.1007%2Fs40279-023-01871-8%22&resultType=core&format=json&pageSize=5,n/a
src_9e34636f96bf842c,open_licence,"Europe PMC license=""cc by"" for doi:10.1007/s40279-020-01317-5 (PMC7497464); query https://www.ebi.ac.uk/europepmc/webservices/rest/search?query=DOI%3A%2210.1007%2Fs40279-020-01317-5%22&resultType=core&format=json&pageSize=5",high
src_7e5559385777e5ee,open_licence,"Europe PMC license=""cc by"" for doi:10.1007/s40279-023-01911-3 (PMC10798924); query https://www.ebi.ac.uk/europepmc/webservices/rest/search?query=DOI%3A%2210.1007%2Fs40279-023-01911-3%22&resultType=core&format=json&pageSize=5",high
src_8690f10602600ad4,unknown,no evidence: Europe PMC record for doi:10.1136/bjsports-2023-106994 carries no licence; query https://www.ebi.ac.uk/europepmc/webservices/rest/search?query=DOI%3A%2210.1136%2Fbjsports-2023-106994%22&resultType=core&format=json&pageSize=5,n/a
src_eacdd76be260882e,open_licence,"Europe PMC license=""cc by"" for doi:10.1007/s40279-024-02108-y (PMC11561064); query https://www.ebi.ac.uk/europepmc/webservices/rest/search?query=DOI%3A%2210.1007%2Fs40279-024-02108-y%22&resultType=core&format=json&pageSize=5",high
src_f367c678ef39ad73,unknown,no evidence: Europe PMC record for doi:10.1152/japplphysiol.00377.2023 carries no licence; query https://www.ebi.ac.uk/europepmc/webservices/rest/search?query=DOI%3A%2210.1152%2Fjapplphysiol.00377.2023%22&resultType=core&format=json&pageSize=5,n/a
src_b422ef5f88866d11,open_licence,"Europe PMC license=""cc by"" for doi:10.1007/s40279-023-01878-1 (PMC10432356); query https://www.ebi.ac.uk/europepmc/webservices/rest/search?query=DOI%3A%2210.1007%2Fs40279-023-01878-1%22&resultType=core&format=json&pageSize=5",high
src_fe8307b89d042fb9,open_licence,"Europe PMC license=""cc by"" for doi:10.1371/journal.pone.0291526 (PMC10688738); query https://www.ebi.ac.uk/europepmc/webservices/rest/search?query=DOI%3A%2210.1371%2Fjournal.pone.0291526%22&resultType=core&format=json&pageSize=5",high
src_a7952f0b2e21305e,open_licence,"Europe PMC license=""cc by"" for doi:10.1186/s40337-022-00595-w (PMC9131524); query https://www.ebi.ac.uk/europepmc/webservices/rest/search?query=DOI%3A%2210.1186%2Fs40337-022-00595-w%22&resultType=core&format=json&pageSize=5",high
src_43614d5c172b8c97,unknown,"no evidence: seed identifier doi:10.1080/15502783.2025.2467909 is MISRESOLVED (points at a different work), licence not looked up",n/a
src_cb463ba3400decc3,unknown,no evidence: Europe PMC record for doi:10.1123/ijspp.2016-0211 carries no licence; query https://www.ebi.ac.uk/europepmc/webservices/rest/search?query=DOI%3A%2210.1123%2Fijspp.2016-0211%22&resultType=core&format=json&pageSize=5,n/a
src_0259314f28081a08,unknown,"no evidence: seed identifier doi:10.1080/02640414.2016.1184302 is MISRESOLVED (points at a different work), licence not looked up",n/a
src_a9322f974f9f8854,unknown,no evidence: Europe PMC record for doi:10.1123/ijspp.2016-0621 carries no licence; query https://www.ebi.ac.uk/europepmc/webservices/rest/search?query=DOI%3A%2210.1123%2Fijspp.2016-0621%22&resultType=core&format=json&pageSize=5,n/a
src_73e3bd0a9ccc0bcd,unknown,"no evidence: seed identifier doi:10.1080/17461391.2019.1616826 is MISRESOLVED (points at a different work), licence not looked up",n/a
src_52b8b5b95a2d64e4,unknown,no evidence: Europe PMC record for doi:10.1113/jphysiol.2007.141879 carries no licence; query https://www.ebi.ac.uk/europepmc/webservices/rest/search?query=DOI%3A%2210.1113%2Fjphysiol.2007.141879%22&resultType=core&format=json&pageSize=5,n/a
src_bff50e803ed00bbe,open_licence,"Europe PMC license=""cc by"" for doi:10.1186/s40798-023-00597-1 (PMC10317890); query https://www.ebi.ac.uk/europepmc/webservices/rest/search?query=DOI%3A%2210.1186%2Fs40798-023-00597-1%22&resultType=core&format=json&pageSize=5",high
src_d17bc224e3c6cb47,unknown,no evidence: Europe PMC record for doi:10.1249/01.MSS.0000058441.94520.32 carries no licence; query https://www.ebi.ac.uk/europepmc/webservices/rest/search?query=DOI%3A%2210.1249%2F01.MSS.0000058441.94520.32%22&resultType=core&format=json&pageSize=5,n/a
src_8d7494be94e38e91,unknown,no evidence: Europe PMC record for doi:10.1519/JSC.0b013e3181d686b7 carries no licence; query https://www.ebi.ac.uk/europepmc/webservices/rest/search?query=DOI%3A%2210.1519%2FJSC.0b013e3181d686b7%22&resultType=core&format=json&pageSize=5,n/a
src_2d1c35f12f31fad5,unknown,"no evidence: seed identifier doi:10.3389/fphys.2025.1663590 is MISRESOLVED (points at a different work), licence not looked up",n/a
src_d9e66c7001addbdf,unknown,no evidence: Europe PMC record for doi:10.1136/bjsports-2016-096938 carries no licence; query https://www.ebi.ac.uk/europepmc/webservices/rest/search?query=DOI%3A%2210.1136%2Fbjsports-2016-096938%22&resultType=core&format=json&pageSize=5,n/a
src_f96c5c5d92e95fad,open_licence,"Europe PMC license=""cc by-nc-sa"" for doi:10.26603/001c.27634 (PMC8486397); query https://www.ebi.ac.uk/europepmc/webservices/rest/search?query=DOI%3A%2210.26603%2F001c.27634%22&resultType=core&format=json&pageSize=5",medium
src_16a8cef8f45f18b1,unknown,no evidence: Europe PMC record for doi:10.1519/JSC.0000000000004333 carries no licence; query https://www.ebi.ac.uk/europepmc/webservices/rest/search?query=DOI%3A%2210.1519%2FJSC.0000000000004333%22&resultType=core&format=json&pageSize=5,n/a
src_4137704c34e62594,unknown,no evidence: Europe PMC record for doi:10.1055/a-1864-9726 carries no licence; query https://www.ebi.ac.uk/europepmc/webservices/rest/search?query=DOI%3A%2210.1055%2Fa-1864-9726%22&resultType=core&format=json&pageSize=5,n/a
src_1ffaa2216fbccf9f,unknown,no evidence: Europe PMC record for doi:10.1123/ijspp.2023-0332 carries no licence; query https://www.ebi.ac.uk/europepmc/webservices/rest/search?query=DOI%3A%2210.1123%2Fijspp.2023-0332%22&resultType=core&format=json&pageSize=5,n/a
src_a6716135d70ac13a,unknown,"no evidence: seed identifier doi:10.1080/02640414.2019.1597826 is MISRESOLVED (points at a different work), licence not looked up",n/a
src_582f130617088737,unknown,"no evidence: no licence in seed row, identifier kind url (NON_INDEXED_SOURCE), not a US federal host",n/a
src_eabd9048a7b5e4a1,unknown,"no evidence: no licence in seed row, identifier kind url (NON_INDEXED_SOURCE), not a US federal host",n/a
src_e769b84d1a7e7781,unknown,no evidence: Europe PMC record for doi:10.1542/peds.2011-1165 carries no licence; query https://www.ebi.ac.uk/europepmc/webservices/rest/search?query=DOI%3A%2210.1542%2Fpeds.2011-1165%22&resultType=core&format=json&pageSize=5,n/a
src_b347eeb88355fdcc,unknown,no evidence: Europe PMC record for pmid:36307285 carries no licence; query https://www.ebi.ac.uk/europepmc/webservices/rest/search?query=EXT_ID%3A36307285+AND+SRC%3AMED&resultType=core&format=json&pageSize=5,n/a
src_8965468f91681989,unknown,no evidence: Europe PMC record for pmid:3661815 carries no licence; query https://www.ebi.ac.uk/europepmc/webservices/rest/search?query=EXT_ID%3A3661815+AND+SRC%3AMED&resultType=core&format=json&pageSize=5,n/a
src_1f08ea1e8366e090,unknown,no evidence: Europe PMC record for pmid:11101112 carries no licence; query https://www.ebi.ac.uk/europepmc/webservices/rest/search?query=EXT_ID%3A11101112+AND+SRC%3AMED&resultType=core&format=json&pageSize=5,n/a
src_06c0867063f492e3,unknown,no evidence: Europe PMC record for pmid:19819405 carries no licence; query https://www.ebi.ac.uk/europepmc/webservices/rest/search?query=EXT_ID%3A19819405+AND+SRC%3AMED&resultType=core&format=json&pageSize=5,n/a
src_9e831b2298452288,unknown,no evidence: Europe PMC record for pmid:7435763 carries no licence; query https://www.ebi.ac.uk/europepmc/webservices/rest/search?query=EXT_ID%3A7435763+AND+SRC%3AMED&resultType=core&format=json&pageSize=5,n/a
src_80cd1eeae0647142,unknown,no evidence: Europe PMC record for pmid:39342643 carries no licence; query https://www.ebi.ac.uk/europepmc/webservices/rest/search?query=EXT_ID%3A39342643+AND+SRC%3AMED&resultType=core&format=json&pageSize=5,n/a
src_8d26a0902fda28ec,unknown,no evidence: Europe PMC record for pmid:21406281 carries no licence; query https://www.ebi.ac.uk/europepmc/webservices/rest/search?query=EXT_ID%3A21406281+AND+SRC%3AMED&resultType=core&format=json&pageSize=5,n/a
src_f09204d62c919a77,unknown,no evidence: Europe PMC record for pmid:16295814 carries no licence; query https://www.ebi.ac.uk/europepmc/webservices/rest/search?query=EXT_ID%3A16295814+AND+SRC%3AMED&resultType=core&format=json&pageSize=5,n/a
src_15b4d72b081e794b,unknown,"no evidence: no licence in seed row, identifier kind noid (NO_IDENTIFIER_BY_DESIGN), not a US federal host",n/a
src_e8eea6e199418638,unknown,no evidence: Europe PMC record for pmid:27886844 carries no licence; query https://www.ebi.ac.uk/europepmc/webservices/rest/search?query=EXT_ID%3A27886844+AND+SRC%3AMED&resultType=core&format=json&pageSize=5,n/a
src_6c194dcdc83e63ad,open_licence,"Europe PMC license=""cc by"" for pmid:39176237 (PMC11338876); query https://www.ebi.ac.uk/europepmc/webservices/rest/search?query=EXT_ID%3A39176237+AND+SRC%3AMED&resultType=core&format=json&pageSize=5",high
src_de667cbdb76809a3,unknown,no evidence: Europe PMC record for pmid:27632889 carries no licence; query https://www.ebi.ac.uk/europepmc/webservices/rest/search?query=EXT_ID%3A27632889+AND+SRC%3AMED&resultType=core&format=json&pageSize=5,n/a
src_a2a96211579e330e,unknown,"no evidence: no licence in seed row, identifier kind url (NON_INDEXED_SOURCE), not a US federal host",n/a
src_191a14b0078db92e,unknown,"no evidence: no licence in seed row, identifier kind url (NON_INDEXED_SOURCE), not a US federal host",n/a
src_007baaeadb5ffd1e,open_licence,"Europe PMC license=""cc by-nc-sa"" for pmid:40586455; query https://www.ebi.ac.uk/europepmc/webservices/rest/search?query=EXT_ID%3A40586455+AND+SRC%3AMED&resultType=core&format=json&pageSize=5",medium
src_270925ff5cfb01fa,unknown,"no evidence: seed identifier pmid:36436198 is MISRESOLVED (points at a different work), licence not looked up",n/a
src_da2b8ba0ac631baf,unknown,no evidence: Europe PMC record for pmid:31937578 carries no licence; query https://www.ebi.ac.uk/europepmc/webservices/rest/search?query=EXT_ID%3A31937578+AND+SRC%3AMED&resultType=core&format=json&pageSize=5,n/a
src_1773ffaed3b19cb4,unknown,"no evidence: seed identifier pmid:32580527 is MISRESOLVED (points at a different work), licence not looked up",n/a
src_6cefb3a6aeb9b066,open_licence,"Europe PMC license=""cc by-nc-nd"" for pmid:30539104 (PMC6226078); query https://www.ebi.ac.uk/europepmc/webservices/rest/search?query=EXT_ID%3A30539104+AND+SRC%3AMED&resultType=core&format=json&pageSize=5",medium
src_865e760d16369d2c,unknown,"no evidence: seed identifier pmid:31565911 is MISRESOLVED (points at a different work), licence not looked up",n/a
src_528fca1e64f14b1a,open_licence,"Europe PMC license=""cc by"" for pmid:33713202 (PMC8192374); query https://www.ebi.ac.uk/europepmc/webservices/rest/search?query=EXT_ID%3A33713202+AND+SRC%3AMED&resultType=core&format=json&pageSize=5",high
src_e088805c42ca8053,unknown,no evidence: Europe PMC record for pmid:31813013 carries no licence; query https://www.ebi.ac.uk/europepmc/webservices/rest/search?query=EXT_ID%3A31813013+AND+SRC%3AMED&resultType=core&format=json&pageSize=5,n/a
src_19baa8c0d7d35ef8,unknown,"no evidence: seed identifier pmid:41188865 is MISRESOLVED (points at a different work), licence not looked up",n/a
src_fa3e27d3d6ab9ccb,open_licence,"Europe PMC license=""cc by"" for pmid:38693460 (PMC11258151); query https://www.ebi.ac.uk/europepmc/webservices/rest/search?query=EXT_ID%3A38693460+AND+SRC%3AMED&resultType=core&format=json&pageSize=5",high
src_e4e57e4e7a8121a3,unknown,"no evidence: seed identifier pmid:41090106 is MISRESOLVED (points at a different work), licence not looked up",n/a
src_4f2844823fe26d27,unknown,"no evidence: seed identifier pmid:39719326 is MISRESOLVED (points at a different work), licence not looked up",n/a
src_fb4ff51dad226352,unknown,no evidence: Europe PMC record for pmid:34310264 carries no licence; query https://www.ebi.ac.uk/europepmc/webservices/rest/search?query=EXT_ID%3A34310264+AND+SRC%3AMED&resultType=core&format=json&pageSize=5,n/a
src_cf3666636da5a863,unknown,no evidence: Europe PMC record for pmid:35523423 carries no licence; query https://www.ebi.ac.uk/europepmc/webservices/rest/search?query=EXT_ID%3A35523423+AND+SRC%3AMED&resultType=core&format=json&pageSize=5,n/a
src_2111449e5d3f7092,unknown,"no evidence: seed identifier pmid:34072641 is MISRESOLVED (points at a different work), licence not looked up",n/a
src_c0ca94224f65e5d1,unknown,"no evidence: seed identifier pmid:32357500 is MISRESOLVED (points at a different work), licence not looked up",n/a
src_d2d0de74d2e9d14c,unknown,no evidence: Europe PMC record for pmid:29182408 carries no licence; query https://www.ebi.ac.uk/europepmc/webservices/rest/search?query=EXT_ID%3A29182408+AND+SRC%3AMED&resultType=core&format=json&pageSize=5,n/a
src_86367f0bc0692400,unknown,no evidence: Europe PMC record for pmid:10870869 carries no licence; query https://www.ebi.ac.uk/europepmc/webservices/rest/search?query=EXT_ID%3A10870869+AND+SRC%3AMED&resultType=core&format=json&pageSize=5,n/a
src_3c5b6e9f343f0fa2,unknown,"no evidence: seed identifier pmid:22621172 is MISRESOLVED (points at a different work), licence not looked up",n/a
src_cd1fd34f7b74a2a1,unknown,"no evidence: seed identifier pmid:20962684 is MISRESOLVED (points at a different work), licence not looked up",n/a
src_439c8cf1a1dbc7d2,open_licence,"Europe PMC license=""cc by"" for pmid:42515034 (PMC13415148); query https://www.ebi.ac.uk/europepmc/webservices/rest/search?query=EXT_ID%3A42515034+AND+SRC%3AMED&resultType=core&format=json&pageSize=5",high
src_5bdbe4485a98977f,unknown,"no evidence: no licence in seed row, identifier kind noid (NO_IDENTIFIER_BY_DESIGN), not a US federal host",n/a
src_6570751c21cd83ac,unknown,no evidence: Europe PMC record for pmid:23121380 carries no licence; query https://www.ebi.ac.uk/europepmc/webservices/rest/search?query=EXT_ID%3A23121380+AND+SRC%3AMED&resultType=core&format=json&pageSize=5,n/a
src_f2db55111eadc27e,unknown,no evidence: Europe PMC record for pmid:35633771 carries no licence; query https://www.ebi.ac.uk/europepmc/webservices/rest/search?query=EXT_ID%3A35633771+AND+SRC%3AMED&resultType=core&format=json&pageSize=5,n/a
src_283e799df337936f,unknown,no evidence: Europe PMC record for pmid:37656909 carries no licence; query https://www.ebi.ac.uk/europepmc/webservices/rest/search?query=EXT_ID%3A37656909+AND+SRC%3AMED&resultType=core&format=json&pageSize=5,n/a
src_3c92bc02ed2daa12,unknown,no evidence: Europe PMC record for pmid:34380362 carries no licence; query https://www.ebi.ac.uk/europepmc/webservices/rest/search?query=EXT_ID%3A34380362+AND+SRC%3AMED&resultType=core&format=json&pageSize=5,n/a
src_aef7f7e84866d7e1,unknown,no evidence: Europe PMC record for pmid:25569181 carries no licence; query https://www.ebi.ac.uk/europepmc/webservices/rest/search?query=EXT_ID%3A25569181+AND+SRC%3AMED&resultType=core&format=json&pageSize=5,n/a
src_05600d8d1b52180d,unknown,"no evidence: seed identifier pmid:30507257 is MISRESOLVED (points at a different work), licence not looked up",n/a
src_d6483a534377bf0c,unknown,"no evidence: no licence in seed row, identifier kind url (NON_INDEXED_SOURCE), not a US federal host",n/a
src_2642aa21ff576fe0,unknown,"no evidence: no licence in seed row, identifier kind url (NON_INDEXED_SOURCE), not a US federal host",n/a
src_57da2ab94ec7ddf6,unknown,"no evidence: no licence in seed row, identifier kind url (NON_INDEXED_SOURCE), not a US federal host",n/a
src_c1eadbe1e6b7044d,unknown,"no evidence: no licence in seed row, identifier kind url (NON_INDEXED_SOURCE), not a US federal host",n/a
src_9cb151088ffcb657,unknown,"no evidence: no licence in seed row, identifier kind noid (NO_IDENTIFIER_BY_DESIGN), not a US federal host",n/a
src_a28c90551790c894,unknown,"no evidence: no licence in seed row, identifier kind noid (NO_IDENTIFIER_BY_DESIGN), not a US federal host",n/a
src_d72eeae2ee8e4a02,unknown,no evidence: Europe PMC record for pmid:3936571 carries no licence; query https://www.ebi.ac.uk/europepmc/webservices/rest/search?query=EXT_ID%3A3936571+AND+SRC%3AMED&resultType=core&format=json&pageSize=5,n/a
src_1d351d2f7b239d66,open_licence,"Europe PMC license=""cc by"" for pmid:33057792 (PMC8036214); query https://www.ebi.ac.uk/europepmc/webservices/rest/search?query=EXT_ID%3A33057792+AND+SRC%3AMED&resultType=core&format=json&pageSize=5",high
src_3a52ae929e762a4b,unknown,"no evidence: seed identifier pmid:3377096 is MISRESOLVED (points at a different work), licence not looked up",n/a
src_85070284ee2a8a58,unknown,no evidence: Europe PMC record for pmid:26111875 carries no licence; query https://www.ebi.ac.uk/europepmc/webservices/rest/search?query=EXT_ID%3A26111875+AND+SRC%3AMED&resultType=core&format=json&pageSize=5,n/a
src_2e8c1e1f7f022671,unknown,"no evidence: seed identifier pmid:28101826 is MISRESOLVED (points at a different work), licence not looked up",n/a
src_f278325fb1a12da9,open_licence,"Europe PMC license=""cc by"" for pmid:38098620 (PMC10716571); query https://www.ebi.ac.uk/europepmc/webservices/rest/search?query=EXT_ID%3A38098620+AND+SRC%3AMED&resultType=core&format=json&pageSize=5",high
src_853683d8bbe1b8eb,unknown,no evidence: Europe PMC record for pmid:19862872 carries no licence; query https://www.ebi.ac.uk/europepmc/webservices/rest/search?query=EXT_ID%3A19862872+AND+SRC%3AMED&resultType=core&format=json&pageSize=5,n/a
src_f6c98b91827d56ef,unknown,no evidence: Europe PMC record for pmid:2000923 carries no licence; query https://www.ebi.ac.uk/europepmc/webservices/rest/search?query=EXT_ID%3A2000923+AND+SRC%3AMED&resultType=core&format=json&pageSize=5,n/a
src_0e8a19f368353834,unknown,no evidence: Europe PMC record for pmid:8673583 carries no licence; query https://www.ebi.ac.uk/europepmc/webservices/rest/search?query=EXT_ID%3A8673583+AND+SRC%3AMED&resultType=core&format=json&pageSize=5,n/a
src_07297169a3dd8c7a,unknown,no evidence: Europe PMC record for pmid:26013389 carries no licence; query https://www.ebi.ac.uk/europepmc/webservices/rest/search?query=EXT_ID%3A26013389+AND+SRC%3AMED&resultType=core&format=json&pageSize=5,n/a
src_c3dfaace9ef1022d,unknown,no evidence: Europe PMC record for pmid:33088241 carries no licence; query https://www.ebi.ac.uk/europepmc/webservices/rest/search?query=EXT_ID%3A33088241+AND+SRC%3AMED&resultType=core&format=json&pageSize=5,n/a
src_e9cecc8da465fa54,unknown,no evidence: Europe PMC record for pmid:29087872 carries no licence; query https://www.ebi.ac.uk/europepmc/webservices/rest/search?query=EXT_ID%3A29087872+AND+SRC%3AMED&resultType=core&format=json&pageSize=5,n/a
src_bae22d5b2c645eb9,unknown,no evidence: Europe PMC record for pmid:36848020 carries no licence; query https://www.ebi.ac.uk/europepmc/webservices/rest/search?query=EXT_ID%3A36848020+AND+SRC%3AMED&resultType=core&format=json&pageSize=5,n/a
src_7ff90bd84ac33490,unknown,no evidence: Europe PMC record for pmid:39485653 carries no licence; query https://www.ebi.ac.uk/europepmc/webservices/rest/search?query=EXT_ID%3A39485653+AND+SRC%3AMED&resultType=core&format=json&pageSize=5,n/a
src_2bee3c832ecda34f,open_licence,"Europe PMC license=""cc by"" for pmid:40254934 (PMC12013142); query https://www.ebi.ac.uk/europepmc/webservices/rest/search?query=EXT_ID%3A40254934+AND+SRC%3AMED&resultType=core&format=json&pageSize=5",high
src_90d45f9ec5eb4552,unknown,no evidence: Europe PMC record for pmid:21660838 carries no licence; query https://www.ebi.ac.uk/europepmc/webservices/rest/search?query=EXT_ID%3A21660838+AND+SRC%3AMED&resultType=core&format=json&pageSize=5,n/a
src_fb0477760a5d6b6d,open_licence,"Europe PMC license=""cc by"" for pmid:28919842 (PMC5596471); query https://www.ebi.ac.uk/europepmc/webservices/rest/search?query=EXT_ID%3A28919842+AND+SRC%3AMED&resultType=core&format=json&pageSize=5",high
src_34157e8d9a266683,open_licence,"Europe PMC license=""cc by"" for pmid:34001184 (PMC8127206); query https://www.ebi.ac.uk/europepmc/webservices/rest/search?query=EXT_ID%3A34001184+AND+SRC%3AMED&resultType=core&format=json&pageSize=5",high
src_1a7aebf2c405065d,unknown,no evidence: Europe PMC record for pmid:30488186 carries no licence; query https://www.ebi.ac.uk/europepmc/webservices/rest/search?query=EXT_ID%3A30488186+AND+SRC%3AMED&resultType=core&format=json&pageSize=5,n/a
src_c6453b7ffe31c27c,unknown,"no evidence: seed identifier pmid:35373671 is MISRESOLVED (points at a different work), licence not looked up",n/a
src_0e0ab305960c9eba,open_licence,"Europe PMC license=""cc by"" for pmid:28642676 (PMC5477153); query https://www.ebi.ac.uk/europepmc/webservices/rest/search?query=EXT_ID%3A28642676+AND+SRC%3AMED&resultType=core&format=json&pageSize=5",high
src_db4d0f87d8fd1e09,unknown,no evidence: Europe PMC record for pmid:26817506 carries no licence; query https://www.ebi.ac.uk/europepmc/webservices/rest/search?query=EXT_ID%3A26817506+AND+SRC%3AMED&resultType=core&format=json&pageSize=5,n/a
src_74299215c4c16a3a,unknown,no evidence: Europe PMC record for pmid:19056590 carries no licence; query https://www.ebi.ac.uk/europepmc/webservices/rest/search?query=EXT_ID%3A19056590+AND+SRC%3AMED&resultType=core&format=json&pageSize=5,n/a
src_8078c840b866b476,unknown,"no evidence: seed identifier pmid:27511985 is MISRESOLVED (points at a different work), licence not looked up",n/a
src_07f43264ffabd40f,unknown,"no evidence: seed identifier pmid:32429355 is MISRESOLVED (points at a different work), licence not looked up",n/a
src_d8f88a254c8bbcfe,open_licence,"Europe PMC license=""cc by"" for pmid:26553488 (PMC4672014); query https://www.ebi.ac.uk/europepmc/webservices/rest/search?query=EXT_ID%3A26553488+AND+SRC%3AMED&resultType=core&format=json&pageSize=5",high
src_40255507b2886ca0,unknown,no evidence: Europe PMC record for pmid:17277604 carries no licence; query https://www.ebi.ac.uk/europepmc/webservices/rest/search?query=EXT_ID%3A17277604+AND+SRC%3AMED&resultType=core&format=json&pageSize=5,n/a
src_e1c419818e9ac09f,unknown,no evidence: Europe PMC record for pmid:26227507 carries no licence; query https://www.ebi.ac.uk/europepmc/webservices/rest/search?query=EXT_ID%3A26227507+AND+SRC%3AMED&resultType=core&format=json&pageSize=5,n/a
src_b8438dabc682e1ec,unknown,no evidence: Europe PMC record for pmid:24692140 carries no licence; query https://www.ebi.ac.uk/europepmc/webservices/rest/search?query=EXT_ID%3A24692140+AND+SRC%3AMED&resultType=core&format=json&pageSize=5,n/a
src_ad263c0164d105da,open_licence,"Europe PMC license=""cc by"" for pmid:28332116 (PMC5371639); query https://www.ebi.ac.uk/europepmc/webservices/rest/search?query=EXT_ID%3A28332116+AND+SRC%3AMED&resultType=core&format=json&pageSize=5",high
src_80fa2993fc97beef,unknown,no evidence: Europe PMC record for pmid:31055680 carries no licence; query https://www.ebi.ac.uk/europepmc/webservices/rest/search?query=EXT_ID%3A31055680+AND+SRC%3AMED&resultType=core&format=json&pageSize=5,n/a
src_a1a706dedb4c446a,unknown,no evidence: Europe PMC record for pmid:33583330 carries no licence; query https://www.ebi.ac.uk/europepmc/webservices/rest/search?query=EXT_ID%3A33583330+AND+SRC%3AMED&resultType=core&format=json&pageSize=5,n/a
src_206fbbe380b24984,open_licence,"Europe PMC license=""cc by"" for pmid:36769618 (PMC9918288); query https://www.ebi.ac.uk/europepmc/webservices/rest/search?query=EXT_ID%3A36769618+AND+SRC%3AMED&resultType=core&format=json&pageSize=5",high
src_c7af257e96025d26,unknown,no evidence: Europe PMC record for pmid:28577257 carries no licence; query https://www.ebi.ac.uk/europepmc/webservices/rest/search?query=EXT_ID%3A28577257+AND+SRC%3AMED&resultType=core&format=json&pageSize=5,n/a
src_8a1607a02dbe0c6a,open_licence,"Europe PMC license=""cc by"" for pmid:35882673 (PMC9596536); query https://www.ebi.ac.uk/europepmc/webservices/rest/search?query=EXT_ID%3A35882673+AND+SRC%3AMED&resultType=core&format=json&pageSize=5",high
src_6dda270c33ec4fa6,open_licence,"Europe PMC license=""cc by-nc"" for pmid:29540367 (PMC5867441); query https://www.ebi.ac.uk/europepmc/webservices/rest/search?query=EXT_ID%3A29540367+AND+SRC%3AMED&resultType=core&format=json&pageSize=5",medium
src_d778a30d828d13e9,open_licence,"Europe PMC license=""cc by"" for pmid:33388079 (PMC7777221); query https://www.ebi.ac.uk/europepmc/webservices/rest/search?query=EXT_ID%3A33388079+AND+SRC%3AMED&resultType=core&format=json&pageSize=5",high
src_aeb9d9e1534a9743,unknown,"no evidence: seed identifier pmid:30926628 is MISRESOLVED (points at a different work), licence not looked up",n/a
src_b08316272e2499d7,open_licence,"Europe PMC license=""cc by"" for pmid:28615996 (PMC5469049); query https://www.ebi.ac.uk/europepmc/webservices/rest/search?query=EXT_ID%3A28615996+AND+SRC%3AMED&resultType=core&format=json&pageSize=5",high
src_79b234b2cf48b93a,unknown,"no evidence: seed identifier pmid:33557850 is MISRESOLVED (points at a different work), licence not looked up",n/a
src_437aad074c40aa9c,open_licence,"Europe PMC license=""cc by"" for pmid:33670822 (PMC7922146); query https://www.ebi.ac.uk/europepmc/webservices/rest/search?query=EXT_ID%3A33670822+AND+SRC%3AMED&resultType=core&format=json&pageSize=5",high
src_d80ed999c2397022,unknown,"no evidence: seed identifier pmid:37008451 is MISRESOLVED (points at a different work), licence not looked up",n/a
src_005702379a616c5e,open_licence,"Europe PMC license=""cc by"" for pmid:34503527 (PMC8427947); query https://www.ebi.ac.uk/europepmc/webservices/rest/search?query=EXT_ID%3A34503527+AND+SRC%3AMED&resultType=core&format=json&pageSize=5",high
src_133574147f2e7ab9,unknown,"no evidence: seed identifier pmid:35394616 is MISRESOLVED (points at a different work), licence not looked up",n/a
src_ddffb3aef0cbbbbc,open_licence,"Europe PMC license=""cc by"" for pmid:26175657 (PMC4501114); query https://www.ebi.ac.uk/europepmc/webservices/rest/search?query=EXT_ID%3A26175657+AND+SRC%3AMED&resultType=core&format=json&pageSize=5",high
src_49bfc761b61ae4ef,open_licence,"Europe PMC license=""cc by-nc-nd"" for pmid:35580578 (PMC9526841); query https://www.ebi.ac.uk/europepmc/webservices/rest/search?query=EXT_ID%3A35580578+AND+SRC%3AMED&resultType=core&format=json&pageSize=5",medium
src_1fa1d35c45bc8348,open_licence,"Europe PMC license=""cc by-nc-nd"" for pmid:34211326 (PMC8219275); query https://www.ebi.ac.uk/europepmc/webservices/rest/search?query=EXT_ID%3A34211326+AND+SRC%3AMED&resultType=core&format=json&pageSize=5",medium
src_c4b2b9fa18cd303a,open_licence,"Europe PMC license=""cc by"" for pmid:28976928 (PMC5691710); query https://www.ebi.ac.uk/europepmc/webservices/rest/search?query=EXT_ID%3A28976928+AND+SRC%3AMED&resultType=core&format=json&pageSize=5",high
src_d89aac1eeff994d3,unknown,"no evidence: no licence in seed row, identifier kind url (NON_INDEXED_SOURCE), not a US federal host",n/a
src_f825c366f0831591,unknown,"no evidence: no licence in seed row, identifier kind url (NON_INDEXED_SOURCE), not a US federal host",n/a
src_434b2468ad13b25a,open_licence,"Europe PMC license=""cc by-nc-nd"" for pmid:39754586; query https://www.ebi.ac.uk/europepmc/webservices/rest/search?query=EXT_ID%3A39754586+AND+SRC%3AMED&resultType=core&format=json&pageSize=5",medium
src_967c69abed931f1c,unknown,"no evidence: no licence in seed row, identifier kind url (NON_INDEXED_SOURCE), not a US federal host",n/a
src_8783f9786fd9d1c4,unknown,"no evidence: no licence in seed row, identifier kind url (NON_INDEXED_SOURCE), not a US federal host",n/a
src_82e9ab923763f249,unknown,"no evidence: no licence in seed row, identifier kind url (NON_INDEXED_SOURCE), not a US federal host",n/a
src_082959ec4c65cf79,unknown,"no evidence: no licence in seed row, identifier kind url (NON_INDEXED_SOURCE), not a US federal host",n/a
src_f36f4a579dad2712,unknown,no evidence: Europe PMC record for pmid:23672332 carries no licence; query https://www.ebi.ac.uk/europepmc/webservices/rest/search?query=EXT_ID%3A23672332+AND+SRC%3AMED&resultType=core&format=json&pageSize=5,n/a
src_61f0818992d2404c,unknown,no evidence: Europe PMC record for pmid:27834565 carries no licence; query https://www.ebi.ac.uk/europepmc/webservices/rest/search?query=EXT_ID%3A27834565+AND+SRC%3AMED&resultType=core&format=json&pageSize=5,n/a
src_5c6fe7cddf1e00f7,unknown,no evidence: Europe PMC record for pmid:9480411 carries no licence; query https://www.ebi.ac.uk/europepmc/webservices/rest/search?query=EXT_ID%3A9480411+AND+SRC%3AMED&resultType=core&format=json&pageSize=5,n/a
src_55c7d2ce4895507d,unknown,no evidence: Europe PMC record for pmid:9515985 carries no licence; query https://www.ebi.ac.uk/europepmc/webservices/rest/search?query=EXT_ID%3A9515985+AND+SRC%3AMED&resultType=core&format=json&pageSize=5,n/a
src_e93158081862d14e,open_licence,"Europe PMC license=""cc by-nc"" for pmid:37397266 (PMC10314685); query https://www.ebi.ac.uk/europepmc/webservices/rest/search?query=EXT_ID%3A37397266+AND+SRC%3AMED&resultType=core&format=json&pageSize=5",medium
src_e6b09ee4bedf7581,unknown,no evidence: Europe PMC record for pmid:29809054 carries no licence; query https://www.ebi.ac.uk/europepmc/webservices/rest/search?query=EXT_ID%3A29809054+AND+SRC%3AMED&resultType=core&format=json&pageSize=5,n/a
src_5901b045b175f9dc,unknown,"no evidence: seed identifier pmid:35453700 is MISRESOLVED (points at a different work), licence not looked up",n/a
src_fae33481da85f347,open_licence,"Europe PMC license=""cc by"" for pmid:35492609 (PMC9039236); query https://www.ebi.ac.uk/europepmc/webservices/rest/search?query=EXT_ID%3A35492609+AND+SRC%3AMED&resultType=core&format=json&pageSize=5",high
src_729c6bd977fac3ff,unknown,"no evidence: seed identifier pmid:36982067 is MISRESOLVED (points at a different work), licence not looked up",n/a
src_f13557ee31ae6bc7,unknown,"no evidence: no licence in seed row, identifier kind url (NON_INDEXED_SOURCE), not a US federal host",n/a
src_cba09705a2f16d0d,unknown,no evidence: Europe PMC record for pmid:21669104 carries no licence; query https://www.ebi.ac.uk/europepmc/webservices/rest/search?query=EXT_ID%3A21669104+AND+SRC%3AMED&resultType=core&format=json&pageSize=5,n/a
src_65e2511c755a594e,unknown,no evidence: Europe PMC record for pmid:16322186 carries no licence; query https://www.ebi.ac.uk/europepmc/webservices/rest/search?query=EXT_ID%3A16322186+AND+SRC%3AMED&resultType=core&format=json&pageSize=5,n/a
src_6dd70cf8a54ca4c8,unknown,no evidence: Europe PMC record for pmid:28827381 carries no licence; query https://www.ebi.ac.uk/europepmc/webservices/rest/search?query=EXT_ID%3A28827381+AND+SRC%3AMED&resultType=core&format=json&pageSize=5,n/a
src_23cf7af6feaead81,open_licence,"Europe PMC license=""cc by"" for pmid:41132567 (PMC12540128); query https://www.ebi.ac.uk/europepmc/webservices/rest/search?query=EXT_ID%3A41132567+AND+SRC%3AMED&resultType=core&format=json&pageSize=5",high
src_0382832b6a67a9bf,unknown,no evidence: Europe PMC record for pmid:24463911 carries no licence; query https://www.ebi.ac.uk/europepmc/webservices/rest/search?query=EXT_ID%3A24463911+AND+SRC%3AMED&resultType=core&format=json&pageSize=5,n/a
src_75dd08ee2ba5f360,unknown,"no evidence: seed identifier pmid:34091538 is MISRESOLVED (points at a different work), licence not looked up",n/a
src_38365b816b9b90b3,open_licence,"Europe PMC license=""cc by-nc"" for pmid:37221858 (PMC10210857); query https://www.ebi.ac.uk/europepmc/webservices/rest/search?query=EXT_ID%3A37221858+AND+SRC%3AMED&resultType=core&format=json&pageSize=5",medium
src_f604a11d5429e57e,unknown,no evidence: Europe PMC record for pmid:30119761 carries no licence; query https://www.ebi.ac.uk/europepmc/webservices/rest/search?query=EXT_ID%3A30119761+AND+SRC%3AMED&resultType=core&format=json&pageSize=5,n/a
src_68e6e410bfde1ec4,unknown,no evidence: Europe PMC record for pmid:30632423 carries no licence; query https://www.ebi.ac.uk/europepmc/webservices/rest/search?query=EXT_ID%3A30632423+AND+SRC%3AMED&resultType=core&format=json&pageSize=5,n/a
src_a6e1be64893424bc,unknown,no evidence: Europe PMC record for pmid:21824876 carries no licence; query https://www.ebi.ac.uk/europepmc/webservices/rest/search?query=EXT_ID%3A21824876+AND+SRC%3AMED&resultType=core&format=json&pageSize=5,n/a
src_722eb6c15b6e815b,open_licence,"Europe PMC license=""cc by-nc"" for pmid:37752006; query https://www.ebi.ac.uk/europepmc/webservices/rest/search?query=EXT_ID%3A37752006+AND+SRC%3AMED&resultType=core&format=json&pageSize=5",medium
src_a7c5c9d0195d66f3,unknown,no evidence: Europe PMC record for pmid:30454952 carries no licence; query https://www.ebi.ac.uk/europepmc/webservices/rest/search?query=EXT_ID%3A30454952+AND+SRC%3AMED&resultType=core&format=json&pageSize=5,n/a
src_5fc10996c90c42a5,open_licence,"Europe PMC license=""cc by"" for pmid:29879146 (PMC5991700); query https://www.ebi.ac.uk/europepmc/webservices/rest/search?query=EXT_ID%3A29879146+AND+SRC%3AMED&resultType=core&format=json&pageSize=5",high
src_71c2be45f4fb0d2b,open_licence,"Europe PMC license=""cc by"" for pmid:37061651 (PMC10185635); query https://www.ebi.ac.uk/europepmc/webservices/rest/search?query=EXT_ID%3A37061651+AND+SRC%3AMED&resultType=core&format=json&pageSize=5",high
src_09b48a4d63032f4e,open_licence,"Europe PMC license=""cc by"" for pmid:35807826 (PMC9268154); query https://www.ebi.ac.uk/europepmc/webservices/rest/search?query=EXT_ID%3A35807826+AND+SRC%3AMED&resultType=core&format=json&pageSize=5",high
src_b70673e283f636b5,open_licence,"Europe PMC license=""cc by"" for pmid:29473893 (PMC5852829); query https://www.ebi.ac.uk/europepmc/webservices/rest/search?query=EXT_ID%3A29473893+AND+SRC%3AMED&resultType=core&format=json&pageSize=5",high
src_4e53c7586cfe5ce9,unknown,"no evidence: seed identifier pmid:33507402 is MISRESOLVED (points at a different work), licence not looked up",n/a
src_2b53c32ddcf9bf73,open_licence,"Europe PMC license=""cc by"" for pmid:38732593 (PMC11085294); query https://www.ebi.ac.uk/europepmc/webservices/rest/search?query=EXT_ID%3A38732593+AND+SRC%3AMED&resultType=core&format=json&pageSize=5",high
src_4bfde3bd2c235525,unknown,no evidence: Europe PMC record for pmid:26891166 carries no licence; query https://www.ebi.ac.uk/europepmc/webservices/rest/search?query=EXT_ID%3A26891166+AND+SRC%3AMED&resultType=core&format=json&pageSize=5,n/a
src_ad951938a95719ec,unknown,no evidence: Europe PMC record for pmid:26920240 carries no licence; query https://www.ebi.ac.uk/europepmc/webservices/rest/search?query=EXT_ID%3A26920240+AND+SRC%3AMED&resultType=core&format=json&pageSize=5,n/a
src_3fb210b9b2b8f6be,unknown,no evidence: Europe PMC record for pmid:30952204 carries no licence; query https://www.ebi.ac.uk/europepmc/webservices/rest/search?query=EXT_ID%3A30952204+AND+SRC%3AMED&resultType=core&format=json&pageSize=5,n/a
src_8a34135bab66235d,unknown,no evidence: Europe PMC record for pmid:28872383 carries no licence; query https://www.ebi.ac.uk/europepmc/webservices/rest/search?query=EXT_ID%3A28872383+AND+SRC%3AMED&resultType=core&format=json&pageSize=5,n/a
src_cd5fa0b0378b3df8,unknown,"no evidence: seed identifier pmid:28316263 is MISRESOLVED (points at a different work), licence not looked up",n/a
src_5a236c1a6a6dc22d,unknown,no evidence: Europe PMC record for pmid:25916419 carries no licence; query https://www.ebi.ac.uk/europepmc/webservices/rest/search?query=EXT_ID%3A25916419+AND+SRC%3AMED&resultType=core&format=json&pageSize=5,n/a
src_067d9cf271a945d2,unknown,no evidence: Europe PMC record for pmid:40266645 carries no licence; query https://www.ebi.ac.uk/europepmc/webservices/rest/search?query=EXT_ID%3A40266645+AND+SRC%3AMED&resultType=core&format=json&pageSize=5,n/a
src_ab56f5acf4dcf009,open_licence,"Europe PMC license=""cc by"" for pmid:41052051 (PMC12500144); query https://www.ebi.ac.uk/europepmc/webservices/rest/search?query=EXT_ID%3A41052051+AND+SRC%3AMED&resultType=core&format=json&pageSize=5",high
src_26c680b3c912ff41,open_licence,"Europe PMC license=""cc by-nc"" for pmid:37052052 (PMC10388605); query https://www.ebi.ac.uk/europepmc/webservices/rest/search?query=EXT_ID%3A37052052+AND+SRC%3AMED&resultType=core&format=json&pageSize=5",medium
src_9119d6fa3e388eff,open_licence,"Europe PMC license=""cc by"" for pmid:32245088 (PMC7146210); query https://www.ebi.ac.uk/europepmc/webservices/rest/search?query=EXT_ID%3A32245088+AND+SRC%3AMED&resultType=core&format=json&pageSize=5",high
src_e47eddbd5e4bfc2a,open_licence,"Europe PMC license=""cc by"" for pmid:40338954 (PMC12061147); query https://www.ebi.ac.uk/europepmc/webservices/rest/search?query=EXT_ID%3A40338954+AND+SRC%3AMED&resultType=core&format=json&pageSize=5",high
src_b001691dfcb1d75e,open_licence,"Europe PMC license=""cc by-nc-nd"" for pmid:41513933 (PMC12868846); query https://www.ebi.ac.uk/europepmc/webservices/rest/search?query=EXT_ID%3A41513933+AND+SRC%3AMED&resultType=core&format=json&pageSize=5",medium
src_a8629434b65ad4e9,unknown,"no evidence: no licence in seed row, identifier kind noid (NON_INDEXED_SOURCE), not a US federal host",n/a
src_a32fe3ca397fbf9a,unknown,no evidence: Europe PMC record for pmid:41293872 carries no licence; query https://www.ebi.ac.uk/europepmc/webservices/rest/search?query=EXT_ID%3A41293872+AND+SRC%3AMED&resultType=core&format=json&pageSize=5,n/a
src_215077d08d0d96e2,open_licence,"Europe PMC license=""cc by"" for pmid:38250008 (PMC10796501); query https://www.ebi.ac.uk/europepmc/webservices/rest/search?query=EXT_ID%3A38250008+AND+SRC%3AMED&resultType=core&format=json&pageSize=5",high
src_b3ff16180bbf190e,open_licence,"Europe PMC license=""cc by"" for pmid:41805522; query https://www.ebi.ac.uk/europepmc/webservices/rest/search?query=EXT_ID%3A41805522+AND+SRC%3AMED&resultType=core&format=json&pageSize=5",high
src_8c9868f6b73aa6d1,unknown,no evidence: Europe PMC record for pmid:31634092 carries no licence; query https://www.ebi.ac.uk/europepmc/webservices/rest/search?query=EXT_ID%3A31634092+AND+SRC%3AMED&resultType=core&format=json&pageSize=5,n/a
src_9357de8d05c9239c,unknown,no evidence: Europe PMC record for pmid:32535137 carries no licence; query https://www.ebi.ac.uk/europepmc/webservices/rest/search?query=EXT_ID%3A32535137+AND+SRC%3AMED&resultType=core&format=json&pageSize=5,n/a
src_4d67241e52f2bb38,open_licence,"Europe PMC license=""cc by"" for pmid:38768169 (PMC11104618); query https://www.ebi.ac.uk/europepmc/webservices/rest/search?query=EXT_ID%3A38768169+AND+SRC%3AMED&resultType=core&format=json&pageSize=5",high
src_77770037abf1603a,unknown,no evidence: Europe PMC record for pmid:40968546 carries no licence; query https://www.ebi.ac.uk/europepmc/webservices/rest/search?query=EXT_ID%3A40968546+AND+SRC%3AMED&resultType=core&format=json&pageSize=5,n/a
src_904255934e7e2e11,open_licence,"Europe PMC license=""cc by"" for pmid:37571498 (PMC10422213); query https://www.ebi.ac.uk/europepmc/webservices/rest/search?query=EXT_ID%3A37571498+AND+SRC%3AMED&resultType=core&format=json&pageSize=5",high
src_7e958d62c1945c58,open_licence,"Europe PMC license=""cc by"" for pmid:31166989 (PMC6550386); query https://www.ebi.ac.uk/europepmc/webservices/rest/search?query=EXT_ID%3A31166989+AND+SRC%3AMED&resultType=core&format=json&pageSize=5",high
src_2d9c18bb82e7d2fb,open_licence,"Europe PMC license=""cc by"" for pmid:32498380 (PMC7308968); query https://www.ebi.ac.uk/europepmc/webservices/rest/search?query=EXT_ID%3A32498380+AND+SRC%3AMED&resultType=core&format=json&pageSize=5",high
src_1b59695f07200c3a,unknown,no evidence: Europe PMC record for pmid:28933715 carries no licence; query https://www.ebi.ac.uk/europepmc/webservices/rest/search?query=EXT_ID%3A28933715+AND+SRC%3AMED&resultType=core&format=json&pageSize=5,n/a
src_e67d4aeb61b0f2c6,unknown,no evidence: Europe PMC record for pmid:27287052 carries no licence; query https://www.ebi.ac.uk/europepmc/webservices/rest/search?query=EXT_ID%3A27287052+AND+SRC%3AMED&resultType=core&format=json&pageSize=5,n/a
src_35f9430f62f36db4,unknown,no evidence: Europe PMC record for pmid:24611244 carries no licence; query https://www.ebi.ac.uk/europepmc/webservices/rest/search?query=EXT_ID%3A24611244+AND+SRC%3AMED&resultType=core&format=json&pageSize=5,n/a
src_3effdf1138daa1ca,unknown,"no evidence: no licence in seed row, identifier kind url (NON_INDEXED_SOURCE), not a US federal host",n/a
src_e5caba167c54fd90,unknown,"no evidence: no licence in seed row, identifier kind url (NON_INDEXED_SOURCE), not a US federal host",n/a
src_2a6eef228b05f667,unknown,"no evidence: no licence in seed row, identifier kind url (NON_INDEXED_SOURCE), not a US federal host",n/a
src_5c72453649903e30,open_licence,"US federal government work, 17 USC 105; publisher host www.federalregister.gov = Federal Register (Office of the Federal Register); url https://www.federalregister.gov/documents/2025/04/22/2025-05904/childrens-online-privacy-protection-rule",medium
src_659b12489ff77418,unknown,no evidence: Europe PMC record for pmid:27330520 carries no licence; query https://www.ebi.ac.uk/europepmc/webservices/rest/search?query=EXT_ID%3A27330520+AND+SRC%3AMED&resultType=core&format=json&pageSize=5,n/a
src_32f625bbb395fb85,unknown,"no evidence: no licence in seed row, identifier kind noid (NON_INDEXED_SOURCE), not a US federal host",n/a
src_b94e23f68c039065,unknown,no evidence: Europe PMC record for pmid:10907753 carries no licence; query https://www.ebi.ac.uk/europepmc/webservices/rest/search?query=EXT_ID%3A10907753+AND+SRC%3AMED&resultType=core&format=json&pageSize=5,n/a
src_5b8fb99225ad83c8,unknown,no evidence: Europe PMC record for pmid:30307362 carries no licence; query https://www.ebi.ac.uk/europepmc/webservices/rest/search?query=EXT_ID%3A30307362+AND+SRC%3AMED&resultType=core&format=json&pageSize=5,n/a
src_97b80a133474d8ee,open_licence,"Europe PMC license=""cc by"" for pmid:31710294 (PMC6878103); query https://www.ebi.ac.uk/europepmc/webservices/rest/search?query=EXT_ID%3A31710294+AND+SRC%3AMED&resultType=core&format=json&pageSize=5",high
src_4dba97b62122d5e7,unknown,no evidence: Europe PMC record for pmid:26670995 carries no licence; query https://www.ebi.ac.uk/europepmc/webservices/rest/search?query=EXT_ID%3A26670995+AND+SRC%3AMED&resultType=core&format=json&pageSize=5,n/a
src_0da5a56dc6d564a3,open_licence,"Europe PMC license=""cc by"" for pmid:36119707 (PMC9473287); query https://www.ebi.ac.uk/europepmc/webservices/rest/search?query=EXT_ID%3A36119707+AND+SRC%3AMED&resultType=core&format=json&pageSize=5",high
src_2893247e5cb0132a,unknown,no evidence: Europe PMC record for pmid:39508424 carries no licence; query https://www.ebi.ac.uk/europepmc/webservices/rest/search?query=EXT_ID%3A39508424+AND+SRC%3AMED&resultType=core&format=json&pageSize=5,n/a
src_0642c4eed271e888,unknown,no evidence: Europe PMC record for pmid:33493543 carries no licence; query https://www.ebi.ac.uk/europepmc/webservices/rest/search?query=EXT_ID%3A33493543+AND+SRC%3AMED&resultType=core&format=json&pageSize=5,n/a
src_e4ba7367e7f5350a,unknown,no evidence: Europe PMC record for pmid:39028399 carries no licence; query https://www.ebi.ac.uk/europepmc/webservices/rest/search?query=EXT_ID%3A39028399+AND+SRC%3AMED&resultType=core&format=json&pageSize=5,n/a
src_c6963a89e03a9c5b,open_licence,"Europe PMC license=""cc by"" for pmid:39777017 (PMC11703828); query https://www.ebi.ac.uk/europepmc/webservices/rest/search?query=EXT_ID%3A39777017+AND+SRC%3AMED&resultType=core&format=json&pageSize=5",high
src_bb631612f6b7d2cb,open_licence,"Europe PMC license=""cc by"" for pmid:39687496 (PMC11646762); query https://www.ebi.ac.uk/europepmc/webservices/rest/search?query=EXT_ID%3A39687496+AND+SRC%3AMED&resultType=core&format=json&pageSize=5",high
src_2b3d13f37246928b,unknown,no evidence: Europe PMC record for pmid:41429089 carries no licence; query https://www.ebi.ac.uk/europepmc/webservices/rest/search?query=EXT_ID%3A41429089+AND+SRC%3AMED&resultType=core&format=json&pageSize=5,n/a
src_9fd14e721170f2e7,open_licence,"Europe PMC license=""cc by"" for pmid:32760314 (PMC7371850); query https://www.ebi.ac.uk/europepmc/webservices/rest/search?query=EXT_ID%3A32760314+AND+SRC%3AMED&resultType=core&format=json&pageSize=5",high
src_d94774aec59ebea7,unknown,no evidence: Europe PMC record for pmid:25939483 carries no licence; query https://www.ebi.ac.uk/europepmc/webservices/rest/search?query=EXT_ID%3A25939483+AND+SRC%3AMED&resultType=core&format=json&pageSize=5,n/a
src_7c2718d260141286,unknown,no evidence: Europe PMC record for pmid:29738282 carries no licence; query https://www.ebi.ac.uk/europepmc/webservices/rest/search?query=EXT_ID%3A29738282+AND+SRC%3AMED&resultType=core&format=json&pageSize=5,n/a
src_c7fbfb821db5b99e,unknown,no evidence: Europe PMC record for pmid:29570596 carries no licence; query https://www.ebi.ac.uk/europepmc/webservices/rest/search?query=EXT_ID%3A29570596+AND+SRC%3AMED&resultType=core&format=json&pageSize=5,n/a
src_60ed63c4f7fae936,open_licence,"Europe PMC license=""cc by"" for pmid:38894476 (PMC11175331); query https://www.ebi.ac.uk/europepmc/webservices/rest/search?query=EXT_ID%3A38894476+AND+SRC%3AMED&resultType=core&format=json&pageSize=5",high
src_25b3f947076a9ee6,open_licence,"Europe PMC license=""cc by"" for pmid:35408326 (PMC9002957); query https://www.ebi.ac.uk/europepmc/webservices/rest/search?query=EXT_ID%3A35408326+AND+SRC%3AMED&resultType=core&format=json&pageSize=5",high
src_0ecc6d076d7a7b0f,open_licence,"Europe PMC license=""cc by"" for pmid:34770254 (PMC8588074); query https://www.ebi.ac.uk/europepmc/webservices/rest/search?query=EXT_ID%3A34770254+AND+SRC%3AMED&resultType=core&format=json&pageSize=5",high
src_8d5d158e016e9fd8,open_licence,"Europe PMC license=""cc by"" for pmid:40096253 (PMC11902465); query https://www.ebi.ac.uk/europepmc/webservices/rest/search?query=EXT_ID%3A40096253+AND+SRC%3AMED&resultType=core&format=json&pageSize=5",high
src_44e5e8edc32f825f,unknown,"no evidence: no licence in seed row, identifier kind noid (NON_INDEXED_SOURCE), not a US federal host",n/a
src_768c2da3676546bc,open_licence,"Europe PMC license=""cc by"" for pmid:40275615 (PMC12217409); query https://www.ebi.ac.uk/europepmc/webservices/rest/search?query=EXT_ID%3A40275615+AND+SRC%3AMED&resultType=core&format=json&pageSize=5",high
src_5e70944b1533eae3,unknown,no evidence: Europe PMC record for pmid:22971849 carries no licence; query https://www.ebi.ac.uk/europepmc/webservices/rest/search?query=EXT_ID%3A22971849+AND+SRC%3AMED&resultType=core&format=json&pageSize=5,n/a
src_531139195056450d,unknown,no evidence: Europe PMC record for pmid:30968415 carries no licence; query https://www.ebi.ac.uk/europepmc/webservices/rest/search?query=EXT_ID%3A30968415+AND+SRC%3AMED&resultType=core&format=json&pageSize=5,n/a
src_3b4770b5c5882c3e,unknown,no evidence: Europe PMC record for pmid:16101114 carries no licence; query https://www.ebi.ac.uk/europepmc/webservices/rest/search?query=EXT_ID%3A16101114+AND+SRC%3AMED&resultType=core&format=json&pageSize=5,n/a
src_b4535c8cd3f78b76,open_licence,"Europe PMC license=""cc by-nc"" for pmid:21170418 (PMC2995315); query https://www.ebi.ac.uk/europepmc/webservices/rest/search?query=EXT_ID%3A21170418+AND+SRC%3AMED&resultType=core&format=json&pageSize=5",medium
src_e021bf8cf82a00a0,unknown,no evidence: Europe PMC record for pmid:16385751 carries no licence; query https://www.ebi.ac.uk/europepmc/webservices/rest/search?query=EXT_ID%3A16385751+AND+SRC%3AMED&resultType=core&format=json&pageSize=5,n/a
src_02bd2dc41a38a93a,unknown,no evidence: Europe PMC record for pmid:22799482 carries no licence; query https://www.ebi.ac.uk/europepmc/webservices/rest/search?query=EXT_ID%3A22799482+AND+SRC%3AMED&resultType=core&format=json&pageSize=5,n/a
src_cb9bbe5097ddd550,open_licence,"Europe PMC license=""cc by"" for pmid:27473613 (PMC4967330); query https://www.ebi.ac.uk/europepmc/webservices/rest/search?query=EXT_ID%3A27473613+AND+SRC%3AMED&resultType=core&format=json&pageSize=5",high
src_c91bd07fc14369b7,open_licence,"Europe PMC license=""cc by"" for pmid:33006544 (PMC7553220); query https://www.ebi.ac.uk/europepmc/webservices/rest/search?query=EXT_ID%3A33006544+AND+SRC%3AMED&resultType=core&format=json&pageSize=5",high
src_4fb6006db874a1e7,open_licence,"Europe PMC license=""cc by"" for pmid:28438171 (PMC5402678); query https://www.ebi.ac.uk/europepmc/webservices/rest/search?query=EXT_ID%3A28438171+AND+SRC%3AMED&resultType=core&format=json&pageSize=5",high
src_4f229ca82d45637f,unknown,no evidence: Europe PMC record for pmid:22173034 carries no licence; query https://www.ebi.ac.uk/europepmc/webservices/rest/search?query=EXT_ID%3A22173034+AND+SRC%3AMED&resultType=core&format=json&pageSize=5,n/a
src_d87c48e7be6798b3,unknown,no evidence: Europe PMC record for pmid:25559053 carries no licence; query https://www.ebi.ac.uk/europepmc/webservices/rest/search?query=EXT_ID%3A25559053+AND+SRC%3AMED&resultType=core&format=json&pageSize=5,n/a
src_6b7f69b3a1a72787,unknown,no evidence: Europe PMC returned no record for doi:10.1177/0899764013509892; query https://www.ebi.ac.uk/europepmc/webservices/rest/search?query=DOI%3A%2210.1177%2F0899764013509892%22&resultType=core&format=json&pageSize=5,n/a
src_151df2159616cb25,unknown,no evidence: Europe PMC returned no record for doi:10.1123/jsm.23.4.457; query https://www.ebi.ac.uk/europepmc/webservices/rest/search?query=DOI%3A%2210.1123%2Fjsm.23.4.457%22&resultType=core&format=json&pageSize=5,n/a
src_89e597e20311e030,unknown,no evidence: Europe PMC returned no record for doi:10.1007/s11266-012-9272-2; query https://www.ebi.ac.uk/europepmc/webservices/rest/search?query=DOI%3A%2210.1007%2Fs11266-012-9272-2%22&resultType=core&format=json&pageSize=5,n/a
src_93af47d90fbfe018,unknown,"no evidence: seed identifier doi:10.1080/17430437.2013.828902 is MISRESOLVED (points at a different work), licence not looked up",n/a
src_c891d042e73af753,open_licence,"Europe PMC license=""cc by"" for pmid:35434613 (PMC9008702); query https://www.ebi.ac.uk/europepmc/webservices/rest/search?query=EXT_ID%3A35434613+AND+SRC%3AMED&resultType=core&format=json&pageSize=5",high
src_9f811b4b02422155,unknown,no evidence: Europe PMC record for pmid:21918240 carries no licence; query https://www.ebi.ac.uk/europepmc/webservices/rest/search?query=EXT_ID%3A21918240+AND+SRC%3AMED&resultType=core&format=json&pageSize=5,n/a
src_ced853402392c631,open_licence,"Europe PMC license=""cc by"" for pmid:41735920 (PMC12961876); query https://www.ebi.ac.uk/europepmc/webservices/rest/search?query=EXT_ID%3A41735920+AND+SRC%3AMED&resultType=core&format=json&pageSize=5",high
src_1bbeb236ad71b26f,open_licence,"Europe PMC license=""cc by"" for pmid:41620730 (PMC12947335); query https://www.ebi.ac.uk/europepmc/webservices/rest/search?query=EXT_ID%3A41620730+AND+SRC%3AMED&resultType=core&format=json&pageSize=5",high
src_fbaf12d18432227e,open_licence,"Europe PMC license=""cc by"" for pmid:34209544 (PMC8297079); query https://www.ebi.ac.uk/europepmc/webservices/rest/search?query=EXT_ID%3A34209544+AND+SRC%3AMED&resultType=core&format=json&pageSize=5",high
src_46ba604cf1720ba2,unknown,no evidence: Europe PMC record for pmid:32061526 carries no licence; query https://www.ebi.ac.uk/europepmc/webservices/rest/search?query=EXT_ID%3A32061526+AND+SRC%3AMED&resultType=core&format=json&pageSize=5,n/a
src_f6a3286715f21aea,open_licence,"Europe PMC license=""cc by"" for pmid:31910846 (PMC6947832); query https://www.ebi.ac.uk/europepmc/webservices/rest/search?query=EXT_ID%3A31910846+AND+SRC%3AMED&resultType=core&format=json&pageSize=5",high
src_00b835c851b5419b,unknown,no evidence: Europe PMC record for pmid:20105247 carries no licence; query https://www.ebi.ac.uk/europepmc/webservices/rest/search?query=EXT_ID%3A20105247+AND+SRC%3AMED&resultType=core&format=json&pageSize=5,n/a
src_ec94dd971496f030,open_licence,"Europe PMC license=""cc by-nc-nd"" for pmid:41469629 (PMC12754880); query https://www.ebi.ac.uk/europepmc/webservices/rest/search?query=EXT_ID%3A41469629+AND+SRC%3AMED&resultType=core&format=json&pageSize=5",medium
src_5240d5e5e44d32f9,unknown,no evidence: Europe PMC record for pmid:25451325 carries no licence; query https://www.ebi.ac.uk/europepmc/webservices/rest/search?query=EXT_ID%3A25451325+AND+SRC%3AMED&resultType=core&format=json&pageSize=5,n/a
src_5ecec8ed8b988f54,unknown,no evidence: Europe PMC record for pmid:27568234 carries no licence; query https://www.ebi.ac.uk/europepmc/webservices/rest/search?query=EXT_ID%3A27568234+AND+SRC%3AMED&resultType=core&format=json&pageSize=5,n/a
src_7e8ba4704b79f29f,unknown,no evidence: Europe PMC record for pmid:40550499 carries no licence; query https://www.ebi.ac.uk/europepmc/webservices/rest/search?query=EXT_ID%3A40550499+AND+SRC%3AMED&resultType=core&format=json&pageSize=5,n/a
src_385ec3449ad0c4de,unknown,no evidence: Europe PMC record for pmid:25153851 carries no licence; query https://www.ebi.ac.uk/europepmc/webservices/rest/search?query=EXT_ID%3A25153851+AND+SRC%3AMED&resultType=core&format=json&pageSize=5,n/a
src_8cff9dd97443ad40,unknown,no evidence: Europe PMC record for pmid:26516053 carries no licence; query https://www.ebi.ac.uk/europepmc/webservices/rest/search?query=EXT_ID%3A26516053+AND+SRC%3AMED&resultType=core&format=json&pageSize=5,n/a
src_f07172615d0e13b4,unknown,no evidence: Europe PMC record for pmid:27923185 carries no licence; query https://www.ebi.ac.uk/europepmc/webservices/rest/search?query=EXT_ID%3A27923185+AND+SRC%3AMED&resultType=core&format=json&pageSize=5,n/a
src_d12af82f7f28d468,unknown,no evidence: Europe PMC record for pmid:29253798 carries no licence; query https://www.ebi.ac.uk/europepmc/webservices/rest/search?query=EXT_ID%3A29253798+AND+SRC%3AMED&resultType=core&format=json&pageSize=5,n/a
src_22bf9bfac3f44740,open_licence,"Europe PMC license=""cc by"" for pmid:41014171; query https://www.ebi.ac.uk/europepmc/webservices/rest/search?query=EXT_ID%3A41014171+AND+SRC%3AMED&resultType=core&format=json&pageSize=5",high
src_0260b5ec8d8c43b6,unknown,no evidence: Europe PMC record for pmid:31488027 carries no licence; query https://www.ebi.ac.uk/europepmc/webservices/rest/search?query=EXT_ID%3A31488027+AND+SRC%3AMED&resultType=core&format=json&pageSize=5,n/a
src_47825ad7087bdf72,unknown,no evidence: Europe PMC record for pmid:36225125 carries no licence; query https://www.ebi.ac.uk/europepmc/webservices/rest/search?query=EXT_ID%3A36225125+AND+SRC%3AMED&resultType=core&format=json&pageSize=5,n/a
src_69a96e127eb58eb0,open_licence,"US federal government work, 17 USC 105; publisher host stacks.cdc.gov = CDC Stacks (Centers for Disease Control and Prevention); url https://stacks.cdc.gov/view/cdc/7538",medium
src_208e2c4254ccdd74,unknown,"no evidence: no licence in seed row, identifier kind url (NON_INDEXED_SOURCE), not a US federal host",n/a
src_26425ef6a8e260a0,unknown,"no evidence: no licence in seed row, identifier kind url (NON_INDEXED_SOURCE), not a US federal host",n/a
src_ca8b1f0a1617dd3e,unknown,"no evidence: no licence in seed row, identifier kind url (NON_INDEXED_SOURCE), not a US federal host",n/a
src_ef3c21eb690668cb,unknown,"no evidence: no licence in seed row, identifier kind url (NON_INDEXED_SOURCE), not a US federal host",n/a
src_04006e3a6a23a37a,unknown,"no evidence: no licence in seed row, identifier kind url (NON_INDEXED_SOURCE), not a US federal host",n/a
src_80564dc228215c96,unknown,"no evidence: no licence in seed row, identifier kind url (NON_INDEXED_SOURCE), not a US federal host",n/a
src_862aa0128192cb47,unknown,"no evidence: no licence in seed row, identifier kind url (NON_INDEXED_SOURCE), not a US federal host",n/a
src_a572532c32a4b437,unknown,"no evidence: no licence in seed row, identifier kind noid (NO_IDENTIFIER_BY_DESIGN), not a US federal host",n/a
src_bcc55f58579963f5,open_licence,"Europe PMC license=""cc by"" for pmid:30984733 (PMC6450067); query https://www.ebi.ac.uk/europepmc/webservices/rest/search?query=EXT_ID%3A30984733+AND+SRC%3AMED&resultType=core&format=json&pageSize=5",high
src_188f84b02852a7fd,unknown,no evidence: Europe PMC record for pmid:26582207 carries no licence; query https://www.ebi.ac.uk/europepmc/webservices/rest/search?query=EXT_ID%3A26582207+AND+SRC%3AMED&resultType=core&format=json&pageSize=5,n/a
src_1f855fe1ce421e55,unknown,no evidence: Europe PMC record for pmid:26035891 carries no licence; query https://www.ebi.ac.uk/europepmc/webservices/rest/search?query=EXT_ID%3A26035891+AND+SRC%3AMED&resultType=core&format=json&pageSize=5,n/a
src_63b9f0262053bb2b,open_licence,"Europe PMC license=""cc by"" for pmid:26545582 (PMC4635975); query https://www.ebi.ac.uk/europepmc/webservices/rest/search?query=EXT_ID%3A26545582+AND+SRC%3AMED&resultType=core&format=json&pageSize=5",high
src_991ddd9a154dbd00,open_licence,"Europe PMC license=""cc by"" for pmid:29859075 (PMC5984748); query https://www.ebi.ac.uk/europepmc/webservices/rest/search?query=EXT_ID%3A29859075+AND+SRC%3AMED&resultType=core&format=json&pageSize=5",high
src_2e6c02ad4a091eb2,open_licence,"Europe PMC license=""cc by"" for pmid:28902146 (PMC5615595); query https://www.ebi.ac.uk/europepmc/webservices/rest/search?query=EXT_ID%3A28902146+AND+SRC%3AMED&resultType=core&format=json&pageSize=5",high
src_f4f932d12a315363,unknown,no evidence: Europe PMC record for pmid:22493474 carries no licence; query https://www.ebi.ac.uk/europepmc/webservices/rest/search?query=EXT_ID%3A22493474+AND+SRC%3AMED&resultType=core&format=json&pageSize=5,n/a
src_61bf595a2a46f53f,open_licence,"Europe PMC license=""cc by"" for pmid:31469081 (PMC6740166); query https://www.ebi.ac.uk/europepmc/webservices/rest/search?query=EXT_ID%3A31469081+AND+SRC%3AMED&resultType=core&format=json&pageSize=5",high
src_b403e680964fd313,open_licence,"Europe PMC license=""cc by"" for pmid:31486409 (PMC6753691); query https://www.ebi.ac.uk/europepmc/webservices/rest/search?query=EXT_ID%3A31486409+AND+SRC%3AMED&resultType=core&format=json&pageSize=5",high
src_99d366be11254ab8,unknown,no evidence: Europe PMC record for pmid:29338295 carries no licence; query https://www.ebi.ac.uk/europepmc/webservices/rest/search?query=EXT_ID%3A29338295+AND+SRC%3AMED&resultType=core&format=json&pageSize=5,n/a
src_bf70873bc724a099,unknown,no evidence: Europe PMC record for pmid:36720236 carries no licence; query https://www.ebi.ac.uk/europepmc/webservices/rest/search?query=EXT_ID%3A36720236+AND+SRC%3AMED&resultType=core&format=json&pageSize=5,n/a
src_09e8bbc441c6afb9,open_licence,"Europe PMC license=""cc by"" for pmid:31866923 (PMC6904341); query https://www.ebi.ac.uk/europepmc/webservices/rest/search?query=EXT_ID%3A31866923+AND+SRC%3AMED&resultType=core&format=json&pageSize=5",high
src_d7770a07031fe080,open_licence,"Europe PMC license=""cc by-nc"" for pmid:31282426 (PMC6839476); query https://www.ebi.ac.uk/europepmc/webservices/rest/search?query=EXT_ID%3A31282426+AND+SRC%3AMED&resultType=core&format=json&pageSize=5",medium
src_e35814038155df68,open_licence,"Europe PMC license=""cc by-nc-nd"" for pmid:34498995; query https://www.ebi.ac.uk/europepmc/webservices/rest/search?query=EXT_ID%3A34498995+AND+SRC%3AMED&resultType=core&format=json&pageSize=5",medium
src_1d566373417c6777,unknown,no evidence: Europe PMC record for pmid:35096235 carries no licence; query https://www.ebi.ac.uk/europepmc/webservices/rest/search?query=EXT_ID%3A35096235+AND+SRC%3AMED&resultType=core&format=json&pageSize=5,n/a
src_a58847ce2f510c4e,open_licence,"Europe PMC license=""cc by"" for pmid:39913542 (PMC11801631); query https://www.ebi.ac.uk/europepmc/webservices/rest/search?query=EXT_ID%3A39913542+AND+SRC%3AMED&resultType=core&format=json&pageSize=5",high
src_6c898f8f74bc6185,unknown,no evidence: Europe PMC record for pmid:24115480 carries no licence; query https://www.ebi.ac.uk/europepmc/webservices/rest/search?query=EXT_ID%3A24115480+AND+SRC%3AMED&resultType=core&format=json&pageSize=5,n/a
src_ef24e9614021e2df,unknown,"no evidence: seed identifier pmid:19945973 is MISRESOLVED (points at a different work), licence not looked up",n/a
src_76cf603d6c5f5e0c,open_licence,"Europe PMC license=""cc by-nc-nd"" for pmid:27169132 (PMC4853833); query https://www.ebi.ac.uk/europepmc/webservices/rest/search?query=EXT_ID%3A27169132+AND+SRC%3AMED&resultType=core&format=json&pageSize=5",medium
src_8e21787086195d95,unknown,"no evidence: seed identifier pmid:33587486 is MISRESOLVED (points at a different work), licence not looked up",n/a
src_1f7e9b6a89a3bc96,unknown,no evidence: Europe PMC record for pmid:17924435 carries no licence; query https://www.ebi.ac.uk/europepmc/webservices/rest/search?query=EXT_ID%3A17924435+AND+SRC%3AMED&resultType=core&format=json&pageSize=5,n/a
src_5a3fea257a696130,open_licence,"Europe PMC license=""cc by"" for pmid:35260992 (PMC9325842); query https://www.ebi.ac.uk/europepmc/webservices/rest/search?query=EXT_ID%3A35260992+AND+SRC%3AMED&resultType=core&format=json&pageSize=5",high
src_2b395d36c5ce0895,unknown,no evidence: Europe PMC record for pmid:24858574 carries no licence; query https://www.ebi.ac.uk/europepmc/webservices/rest/search?query=EXT_ID%3A24858574+AND+SRC%3AMED&resultType=core&format=json&pageSize=5,n/a
src_cce24252305703bf,unknown,no evidence: Europe PMC record for pmid:39800562 carries no licence; query https://www.ebi.ac.uk/europepmc/webservices/rest/search?query=EXT_ID%3A39800562+AND+SRC%3AMED&resultType=core&format=json&pageSize=5,n/a
src_c2976368fd360f6f,unknown,no evidence: Europe PMC record for pmid:31757625 carries no licence; query https://www.ebi.ac.uk/europepmc/webservices/rest/search?query=EXT_ID%3A31757625+AND+SRC%3AMED&resultType=core&format=json&pageSize=5,n/a
src_a4c728e773605e98,unknown,"no evidence: seed identifier pmid:30284457 is MISRESOLVED (points at a different work), licence not looked up",n/a
src_3ace194fbb7934d5,unknown,"no evidence: seed identifier pmid:39444245 is MISRESOLVED (points at a different work), licence not looked up",n/a
src_084b7a6c9b83fc87,unknown,"no evidence: no licence in seed row, identifier kind noid (NO_IDENTIFIER_BY_DESIGN), not a US federal host",n/a
src_7283d46e75bf33ba,unknown,"no evidence: no licence in seed row, identifier kind noid (NO_IDENTIFIER_BY_DESIGN), not a US federal host",n/a
src_c501afecf2b80b68,unknown,"no evidence: no licence in seed row, identifier kind noid (NO_IDENTIFIER_BY_DESIGN), not a US federal host",n/a
src_d6b417084b7e4751,unknown,"no evidence: no licence in seed row, identifier kind noid (NO_IDENTIFIER_BY_DESIGN), not a US federal host",n/a
src_bc54ea5329382128,unknown,"no evidence: no licence in seed row, identifier kind noid (NON_INDEXED_SOURCE), not a US federal host",n/a
src_639e3746fb87c1f4,unknown,"no evidence: no licence in seed row, identifier kind noid (NON_INDEXED_SOURCE), not a US federal host",n/a
src_9235008346ab6055,unknown,"no evidence: no licence in seed row, identifier kind url (NON_INDEXED_SOURCE), not a US federal host",n/a
src_272b254d79fbc46f,unknown,"no evidence: no licence in seed row, identifier kind url (NON_INDEXED_SOURCE), not a US federal host",n/a
src_8f1467089a16b98e,unknown,"no evidence: no licence in seed row, identifier kind url (NON_INDEXED_SOURCE), not a US federal host",n/a
src_55a06b19d5c847a3,unknown,"no evidence: no licence in seed row, identifier kind url (NON_INDEXED_SOURCE), not a US federal host",n/a
src_884ea7b4ceec65bc,unknown,"no evidence: no licence in seed row, identifier kind url (NON_INDEXED_SOURCE), not a US federal host",n/a
src_158e2e1d927637ff,unknown,"no evidence: no licence in seed row, identifier kind url (NON_INDEXED_SOURCE), not a US federal host",n/a
src_43c65defb6d5d3f1,unknown,"no evidence: no licence in seed row, identifier kind url (NON_INDEXED_SOURCE), not a US federal host",n/a
src_49e8f11a4eb66c74,unknown,"no evidence: no licence in seed row, identifier kind url (NON_INDEXED_SOURCE), not a US federal host",n/a
src_a582e5a6fb6f0268,unknown,no evidence: Europe PMC record for pmid:28597618 carries no licence; query https://www.ebi.ac.uk/europepmc/webservices/rest/search?query=EXT_ID%3A28597618+AND+SRC%3AMED&resultType=core&format=json&pageSize=5,n/a
src_6c3a73203a65f865,open_licence,"Europe PMC license=""cc by-nc-nd"" for pmid:29034147 (PMC5635339); query https://www.ebi.ac.uk/europepmc/webservices/rest/search?query=EXT_ID%3A29034147+AND+SRC%3AMED&resultType=core&format=json&pageSize=5",medium
src_f0ae8b9d9b3b71e7,open_licence,"Europe PMC license=""cc by"" for pmid:39748427 (PMC11697472); query https://www.ebi.ac.uk/europepmc/webservices/rest/search?query=EXT_ID%3A39748427+AND+SRC%3AMED&resultType=core&format=json&pageSize=5",high
src_bca755fff8a42ca4,unknown,no evidence: Europe PMC record for pmid:25611935 carries no licence; query https://www.ebi.ac.uk/europepmc/webservices/rest/search?query=EXT_ID%3A25611935+AND+SRC%3AMED&resultType=core&format=json&pageSize=5,n/a
src_d485abb8873802f4,open_licence,"Europe PMC license=""cc by"" for pmid:33087081 (PMC7580031); query https://www.ebi.ac.uk/europepmc/webservices/rest/search?query=EXT_ID%3A33087081+AND+SRC%3AMED&resultType=core&format=json&pageSize=5",high
src_fef4315899dc7e2a,unknown,no evidence: Europe PMC record for pmid:23359370 carries no licence; query https://www.ebi.ac.uk/europepmc/webservices/rest/search?query=EXT_ID%3A23359370+AND+SRC%3AMED&resultType=core&format=json&pageSize=5,n/a
src_5c54be540ea10fc2,open_licence,"Europe PMC license=""cc by"" for pmid:35986322 (PMC9388987); query https://www.ebi.ac.uk/europepmc/webservices/rest/search?query=EXT_ID%3A35986322+AND+SRC%3AMED&resultType=core&format=json&pageSize=5",high
src_7970a50634e2880d,unknown,no evidence: Europe PMC record for pmid:39370662 carries no licence; query https://www.ebi.ac.uk/europepmc/webservices/rest/search?query=EXT_ID%3A39370662+AND+SRC%3AMED&resultType=core&format=json&pageSize=5,n/a
src_385d24392daa3b2e,unknown,no evidence: Europe PMC record for pmid:31633408 carries no licence; query https://www.ebi.ac.uk/europepmc/webservices/rest/search?query=EXT_ID%3A31633408+AND+SRC%3AMED&resultType=core&format=json&pageSize=5,n/a
src_15adf09cebd6c555,open_licence,"Europe PMC license=""cc by"" for pmid:38198493 (PMC10781129); query https://www.ebi.ac.uk/europepmc/webservices/rest/search?query=EXT_ID%3A38198493+AND+SRC%3AMED&resultType=core&format=json&pageSize=5",high
src_8cf052e038716b7a,open_licence,"Europe PMC license=""cc by"" for pmid:41835029 (PMC12979140); query https://www.ebi.ac.uk/europepmc/webservices/rest/search?query=EXT_ID%3A41835029+AND+SRC%3AMED&resultType=core&format=json&pageSize=5",high
src_bc182567dc9c4037,open_licence,"Europe PMC license=""cc by"" for pmid:38410810 (PMC10895442); query https://www.ebi.ac.uk/europepmc/webservices/rest/search?query=EXT_ID%3A38410810+AND+SRC%3AMED&resultType=core&format=json&pageSize=5",high
src_a5a85f031e015e7c,unknown,"no evidence: no licence in seed row, identifier kind noid (NO_IDENTIFIER_BY_DESIGN), not a US federal host",n/a
src_6d3bd820ac2448ed,unknown,"no evidence: no licence in seed row, identifier kind noid (NO_IDENTIFIER_BY_DESIGN), not a US federal host",n/a
src_728a07fde1a41b0b,unknown,"no evidence: no licence in seed row, identifier kind noid (NO_IDENTIFIER_BY_DESIGN), not a US federal host",n/a
src_7511f7a649fd8ea6,unknown,"no evidence: no licence in seed row, identifier kind noid (NO_IDENTIFIER_BY_DESIGN), not a US federal host",n/a
src_c6044d780b22198e,unknown,"no evidence: no licence in seed row, identifier kind noid (NO_IDENTIFIER_BY_DESIGN), not a US federal host",n/a
src_393a2f35d351c1a0,unknown,"no evidence: no licence in seed row, identifier kind noid (NO_IDENTIFIER_BY_DESIGN), not a US federal host",n/a
src_ab6a46d0cae4288b,unknown,"no evidence: no licence in seed row, identifier kind noid (NO_IDENTIFIER_BY_DESIGN), not a US federal host",n/a
src_72c851604a92bab5,unknown,"no evidence: no licence in seed row, identifier kind noid (NON_INDEXED_SOURCE), not a US federal host",n/a
src_ecc34f5df7004999,unknown,"no evidence: no licence in seed row, identifier kind noid (NON_INDEXED_SOURCE), not a US federal host",n/a
src_0f7b4f136e34a2b9,unknown,"no evidence: no licence in seed row, identifier kind noid (NON_INDEXED_SOURCE), not a US federal host",n/a
src_bac1ce45c870b7be,unknown,"no evidence: no licence in seed row, identifier kind noid (NON_INDEXED_SOURCE), not a US federal host",n/a
src_e467574c3a03e82d,unknown,"no evidence: no licence in seed row, identifier kind noid (NON_INDEXED_SOURCE), not a US federal host",n/a
src_c6b4368eb0ff8d01,unknown,"no evidence: no licence in seed row, identifier kind noid (NON_INDEXED_SOURCE), not a US federal host",n/a
src_80bb1422e726f0c1,unknown,no evidence: Europe PMC record for pmid:38918009 carries no licence; query https://www.ebi.ac.uk/europepmc/webservices/rest/search?query=EXT_ID%3A38918009+AND+SRC%3AMED&resultType=core&format=json&pageSize=5,n/a
src_da315f9dbf9bb29b,unknown,no evidence: Europe PMC record for pmid:12937447 carries no licence; query https://www.ebi.ac.uk/europepmc/webservices/rest/search?query=EXT_ID%3A12937447+AND+SRC%3AMED&resultType=core&format=json&pageSize=5,n/a
src_e3f0a1a14511979b,unknown,no evidence: Europe PMC record for pmid:30676786 carries no licence; query https://www.ebi.ac.uk/europepmc/webservices/rest/search?query=EXT_ID%3A30676786+AND+SRC%3AMED&resultType=core&format=json&pageSize=5,n/a
src_b0c33fc928ffde89,unknown,no evidence: Europe PMC record for pmid:32818958 carries no licence; query https://www.ebi.ac.uk/europepmc/webservices/rest/search?query=EXT_ID%3A32818958+AND+SRC%3AMED&resultType=core&format=json&pageSize=5,n/a
src_c1c9cee6b09b2228,open_licence,"Europe PMC license=""cc by-nc-nd"" for pmid:35995597 (PMC9594135); query https://www.ebi.ac.uk/europepmc/webservices/rest/search?query=EXT_ID%3A35995597+AND+SRC%3AMED&resultType=core&format=json&pageSize=5",medium
src_3922b3d2e4ef1990,open_licence,"Europe PMC license=""cc by-nc"" for pmid:31275605 (PMC6579571); query https://www.ebi.ac.uk/europepmc/webservices/rest/search?query=EXT_ID%3A31275605+AND+SRC%3AMED&resultType=core&format=json&pageSize=5",medium
src_b19ca94698ef0865,unknown,"no evidence: seed identifier pmid:31829067 is MISRESOLVED (points at a different work), licence not looked up",n/a
src_c558ce348941ade3,unknown,no evidence: Europe PMC record for pmid:36285872 carries no licence; query https://www.ebi.ac.uk/europepmc/webservices/rest/search?query=EXT_ID%3A36285872+AND+SRC%3AMED&resultType=core&format=json&pageSize=5,n/a
src_018fee8e07b499b7,unknown,no evidence: Europe PMC record for pmid:34853034 carries no licence; query https://www.ebi.ac.uk/europepmc/webservices/rest/search?query=EXT_ID%3A34853034+AND+SRC%3AMED&resultType=core&format=json&pageSize=5,n/a
src_6a48afa6811ffd8a,open_licence,"Europe PMC license=""cc by-nc"" for pmid:41135968 (PMC12911632); query https://www.ebi.ac.uk/europepmc/webservices/rest/search?query=EXT_ID%3A41135968+AND+SRC%3AMED&resultType=core&format=json&pageSize=5",medium
src_6a5f9a4ca54f274c,unknown,no evidence: Europe PMC record for pmid:33081524 carries no licence; query https://www.ebi.ac.uk/europepmc/webservices/rest/search?query=EXT_ID%3A33081524+AND+SRC%3AMED&resultType=core&format=json&pageSize=5,n/a
src_b8b063abe0c787a6,unknown,no evidence: Europe PMC record for pmid:22488236 carries no licence; query https://www.ebi.ac.uk/europepmc/webservices/rest/search?query=EXT_ID%3A22488236+AND+SRC%3AMED&resultType=core&format=json&pageSize=5,n/a
src_6289ff2cd4acd8cc,unknown,no evidence: Europe PMC record for pmid:26381473 carries no licence; query https://www.ebi.ac.uk/europepmc/webservices/rest/search?query=EXT_ID%3A26381473+AND+SRC%3AMED&resultType=core&format=json&pageSize=5,n/a
src_9d6a18e4f6cd3ad8,unknown,no evidence: Europe PMC record for pmid:37316201 carries no licence; query https://www.ebi.ac.uk/europepmc/webservices/rest/search?query=EXT_ID%3A37316201+AND+SRC%3AMED&resultType=core&format=json&pageSize=5,n/a
src_99685e1de9cc4d39,unknown,no evidence: Europe PMC record for pmid:27573089 carries no licence; query https://www.ebi.ac.uk/europepmc/webservices/rest/search?query=EXT_ID%3A27573089+AND+SRC%3AMED&resultType=core&format=json&pageSize=5,n/a
src_b955a28042bf6d29,unknown,no evidence: Europe PMC record for pmid:29558195 carries no licence; query https://www.ebi.ac.uk/europepmc/webservices/rest/search?query=EXT_ID%3A29558195+AND+SRC%3AMED&resultType=core&format=json&pageSize=5,n/a
src_1f2cba7fa688c259,unknown,no evidence: Europe PMC record for pmid:33761129 carries no licence; query https://www.ebi.ac.uk/europepmc/webservices/rest/search?query=EXT_ID%3A33761129+AND+SRC%3AMED&resultType=core&format=json&pageSize=5,n/a
src_bdf4249f7adfd0b9,unknown,no evidence: Europe PMC record for pmid:31420968 carries no licence; query https://www.ebi.ac.uk/europepmc/webservices/rest/search?query=EXT_ID%3A31420968+AND+SRC%3AMED&resultType=core&format=json&pageSize=5,n/a
src_c805bfdafcee11a1,unknown,no evidence: Europe PMC record for pmid:23068588 carries no licence; query https://www.ebi.ac.uk/europepmc/webservices/rest/search?query=EXT_ID%3A23068588+AND+SRC%3AMED&resultType=core&format=json&pageSize=5,n/a
src_84e7ab78d85a4ae1,unknown,no evidence: Europe PMC record for pmid:28362160 carries no licence; query https://www.ebi.ac.uk/europepmc/webservices/rest/search?query=EXT_ID%3A28362160+AND+SRC%3AMED&resultType=core&format=json&pageSize=5,n/a
src_d33fab1fa50654c1,open_licence,"Europe PMC license=""cc by"" for pmid:35887830 (PMC9315553); query https://www.ebi.ac.uk/europepmc/webservices/rest/search?query=EXT_ID%3A35887830+AND+SRC%3AMED&resultType=core&format=json&pageSize=5",high
src_8e02317791a2e154,unknown,"no evidence: seed identifier pmid:12140477 is MISRESOLVED (points at a different work), licence not looked up",n/a
src_9b49527739f19850,unknown,no evidence: Europe PMC record for pmid:19917034 carries no licence; query https://www.ebi.ac.uk/europepmc/webservices/rest/search?query=EXT_ID%3A19917034+AND+SRC%3AMED&resultType=core&format=json&pageSize=5,n/a
src_e7ff8ae0ee32daec,unknown,"no evidence: seed identifier pmid:32096252 is MISRESOLVED (points at a different work), licence not looked up",n/a
src_d64de305e2c9df49,unknown,no evidence: Europe PMC record for pmid:26540599 carries no licence; query https://www.ebi.ac.uk/europepmc/webservices/rest/search?query=EXT_ID%3A26540599+AND+SRC%3AMED&resultType=core&format=json&pageSize=5,n/a
src_46113b215f7a8629,unknown,no evidence: Europe PMC record for pmid:10959739 carries no licence; query https://www.ebi.ac.uk/europepmc/webservices/rest/search?query=EXT_ID%3A10959739+AND+SRC%3AMED&resultType=core&format=json&pageSize=5,n/a
src_fce28d1acf97f245,unknown,"no evidence: seed identifier pmid:19741315 is MISRESOLVED (points at a different work), licence not looked up",n/a
src_d34846ba651943f9,unknown,no evidence: Europe PMC record for pmid:12011724 carries no licence; query https://www.ebi.ac.uk/europepmc/webservices/rest/search?query=EXT_ID%3A12011724+AND+SRC%3AMED&resultType=core&format=json&pageSize=5,n/a
src_b9e81642b149851c,unknown,no evidence: Europe PMC record for pmid:18614960 carries no licence; query https://www.ebi.ac.uk/europepmc/webservices/rest/search?query=EXT_ID%3A18614960+AND+SRC%3AMED&resultType=core&format=json&pageSize=5,n/a
src_7087326db93e25fe,unknown,"no evidence: seed identifier pmid:16314668 is MISRESOLVED (points at a different work), licence not looked up",n/a
src_81ed7e798fb327b5,unknown,"no evidence: seed identifier pmid:19468969 is MISRESOLVED (points at a different work), licence not looked up",n/a
src_a0354fb391c463d3,unknown,no evidence: Europe PMC record for pmid:35034516 carries no licence; query https://www.ebi.ac.uk/europepmc/webservices/rest/search?query=EXT_ID%3A35034516+AND+SRC%3AMED&resultType=core&format=json&pageSize=5,n/a
src_d7f093ea29d329cc,unknown,"no evidence: no licence in seed row, identifier kind url (NON_INDEXED_SOURCE), not a US federal host",n/a
src_501aa556c24408e0,unknown,no evidence: Europe PMC record for pmid:15562159 carries no licence; query https://www.ebi.ac.uk/europepmc/webservices/rest/search?query=EXT_ID%3A15562159+AND+SRC%3AMED&resultType=core&format=json&pageSize=5,n/a
src_46bb3f9e8042b9e1,unknown,"no evidence: seed identifier pmid:17331974 is MISRESOLVED (points at a different work), licence not looked up",n/a
src_2fb16fa7565af411,unknown,"no evidence: seed identifier pmid:32863382 is MISRESOLVED (points at a different work), licence not looked up",n/a
src_24997cad046ec68f,unknown,no evidence: Europe PMC record for pmid:16377973 carries no licence; query https://www.ebi.ac.uk/europepmc/webservices/rest/search?query=EXT_ID%3A16377973+AND+SRC%3AMED&resultType=core&format=json&pageSize=5,n/a
src_e062c08adf629d4f,open_licence,"US federal government work, 17 USC 105; publisher host www.epa.gov = US Environmental Protection Agency; url https://www.epa.gov/pesticide-registration/selected-epa-registered-disinfectants",medium
src_c69125dc5becf31c,open_licence,"Europe PMC license=""cc by"" for pmid:35308595 (PMC8924436); query https://www.ebi.ac.uk/europepmc/webservices/rest/search?query=EXT_ID%3A35308595+AND+SRC%3AMED&resultType=core&format=json&pageSize=5",high
src_a60cc63263fe0a56,open_licence,"Europe PMC license=""cc by"" for pmid:38966731 (PMC11223523); query https://www.ebi.ac.uk/europepmc/webservices/rest/search?query=EXT_ID%3A38966731+AND+SRC%3AMED&resultType=core&format=json&pageSize=5",high
src_cbcd4e7968acbef9,unknown,"no evidence: no licence in seed row, identifier kind url (NON_INDEXED_SOURCE), not a US federal host",n/a
src_724faf37406a175a,open_licence,"Europe PMC license=""cc by-nc"" for pmid:39501688 (PMC11540994); query https://www.ebi.ac.uk/europepmc/webservices/rest/search?query=EXT_ID%3A39501688+AND+SRC%3AMED&resultType=core&format=json&pageSize=5",medium
src_2d9aa632ec523cb3,unknown,"no evidence: seed identifier pmid:23237303 is MISRESOLVED (points at a different work), licence not looked up",n/a
src_cc7537f577a458f8,unknown,no evidence: Europe PMC record for pmid:19144931 carries no licence; query https://www.ebi.ac.uk/europepmc/webservices/rest/search?query=EXT_ID%3A19144931+AND+SRC%3AMED&resultType=core&format=json&pageSize=5,n/a
src_d1d37b1344b83444,open_licence,"Europe PMC license=""cc by-nc"" for pmid:40011060 (PMC11865795); query https://www.ebi.ac.uk/europepmc/webservices/rest/search?query=EXT_ID%3A40011060+AND+SRC%3AMED&resultType=core&format=json&pageSize=5",medium
src_166de28d9a3be538,unknown,"no evidence: seed identifier pmid:38866639 is MISRESOLVED (points at a different work), licence not looked up",n/a
src_db8abe5bb1de29d9,unknown,"no evidence: seed identifier pmid:27147317 is MISRESOLVED (points at a different work), licence not looked up",n/a
src_42268c9e289e2396,open_licence,"Europe PMC license=""cc by"" for pmid:38663570; query https://www.ebi.ac.uk/europepmc/webservices/rest/search?query=EXT_ID%3A38663570+AND+SRC%3AMED&resultType=core&format=json&pageSize=5",high
src_c4307f27166ed0b9,unknown,"no evidence: seed identifier pmid:31633420 is MISRESOLVED (points at a different work), licence not looked up",n/a
src_39ca0879b9087b6c,unknown,"no evidence: seed identifier pmid:21391806 is MISRESOLVED (points at a different work), licence not looked up",n/a
src_4edbd1bbf44f0753,unknown,no evidence: Europe PMC record for pmid:26473759 carries no licence; query https://www.ebi.ac.uk/europepmc/webservices/rest/search?query=EXT_ID%3A26473759+AND+SRC%3AMED&resultType=core&format=json&pageSize=5,n/a
src_c8c1786556d9cf3f,unknown,"no evidence: seed identifier pmid:17018804 is MISRESOLVED (points at a different work), licence not looked up",n/a
src_ddc062c08f6073ac,open_licence,"Europe PMC license=""cc by-nc-nd"" for pmid:34868470 (PMC8641435); query https://www.ebi.ac.uk/europepmc/webservices/rest/search?query=EXT_ID%3A34868470+AND+SRC%3AMED&resultType=core&format=json&pageSize=5",medium
src_b65092f00d00079e,unknown,"no evidence: no licence in seed row, identifier kind noid (NO_IDENTIFIER_BY_DESIGN), not a US federal host",n/a
src_9ae8d33a89340c1e,unknown,"no evidence: no licence in seed row, identifier kind noid (NO_IDENTIFIER_BY_DESIGN), not a US federal host",n/a
src_ca13f39433039beb,unknown,"no evidence: no licence in seed row, identifier kind noid (NO_IDENTIFIER_BY_DESIGN), not a US federal host",n/a
src_dfbcade68b3dca2c,unknown,"no evidence: no licence in seed row, identifier kind noid (NO_IDENTIFIER_BY_DESIGN), not a US federal host",n/a
src_3e209b3a853cc053,unknown,no evidence: Europe PMC record for pmid:17613898 carries no licence; query https://www.ebi.ac.uk/europepmc/webservices/rest/search?query=EXT_ID%3A17613898+AND+SRC%3AMED&resultType=core&format=json&pageSize=5,n/a
src_958f309d0e4239d0,unknown,no evidence: Europe PMC record for pmid:26595205 carries no licence; query https://www.ebi.ac.uk/europepmc/webservices/rest/search?query=EXT_ID%3A26595205+AND+SRC%3AMED&resultType=core&format=json&pageSize=5,n/a
src_64fabfa95f88830f,unknown,no evidence: Europe PMC record for pmid:32668035 carries no licence; query https://www.ebi.ac.uk/europepmc/webservices/rest/search?query=EXT_ID%3A32668035+AND+SRC%3AMED&resultType=core&format=json&pageSize=5,n/a
src_8c26e23614ed88ff,open_licence,"Europe PMC license=""cc by"" for pmid:40110418 (PMC11919869); query https://www.ebi.ac.uk/europepmc/webservices/rest/search?query=EXT_ID%3A40110418+AND+SRC%3AMED&resultType=core&format=json&pageSize=5",high
src_3d6b1bee23bf8b18,open_licence,"Europe PMC license=""cc by"" for pmid:42358508 (PMC13290963); query https://www.ebi.ac.uk/europepmc/webservices/rest/search?query=EXT_ID%3A42358508+AND+SRC%3AMED&resultType=core&format=json&pageSize=5",high
src_17f7b395a98787ad,unknown,no evidence: Europe PMC record for pmid:15136671 carries no licence; query https://www.ebi.ac.uk/europepmc/webservices/rest/search?query=EXT_ID%3A15136671+AND+SRC%3AMED&resultType=core&format=json&pageSize=5,n/a
src_e85180e2b6f064a7,open_licence,"Europe PMC license=""cc by"" for pmid:37426738 (PMC10328201); query https://www.ebi.ac.uk/europepmc/webservices/rest/search?query=EXT_ID%3A37426738+AND+SRC%3AMED&resultType=core&format=json&pageSize=5",high
src_6f3abc682533a73f,unknown,"no evidence: seed identifier pmid:37316208 is MISRESOLVED (points at a different work), licence not looked up",n/a
src_3864fe5298a5a904,unknown,no evidence: Europe PMC record for pmid:29237356 carries no licence; query https://www.ebi.ac.uk/europepmc/webservices/rest/search?query=EXT_ID%3A29237356+AND+SRC%3AMED&resultType=core&format=json&pageSize=5,n/a
src_ea7b320d27194c14,unknown,no evidence: Europe PMC record for pmid:25113767 carries no licence; query https://www.ebi.ac.uk/europepmc/webservices/rest/search?query=EXT_ID%3A25113767+AND+SRC%3AMED&resultType=core&format=json&pageSize=5,n/a
src_a81fec850536ea59,unknown,no evidence: Europe PMC record for pmid:21293212 carries no licence; query https://www.ebi.ac.uk/europepmc/webservices/rest/search?query=EXT_ID%3A21293212+AND+SRC%3AMED&resultType=core&format=json&pageSize=5,n/a
src_d9ad7d7981efedd4,unknown,"no evidence: seed identifier pmid:26567763 is MISRESOLVED (points at a different work), licence not looked up",n/a
src_a6b1398d6db024fd,open_licence,"Europe PMC license=""cc by"" for pmid:25889176 (PMC4409729); query https://www.ebi.ac.uk/europepmc/webservices/rest/search?query=EXT_ID%3A25889176+AND+SRC%3AMED&resultType=core&format=json&pageSize=5",high
src_399bd94d6a04393a,unknown,"no evidence: seed identifier pmid:22747967 is MISRESOLVED (points at a different work), licence not looked up",n/a
src_b3dc9a1fdc356724,unknown,no evidence: Europe PMC record for pmid:15160408 carries no licence; query https://www.ebi.ac.uk/europepmc/webservices/rest/search?query=EXT_ID%3A15160408+AND+SRC%3AMED&resultType=core&format=json&pageSize=5,n/a
src_4cd2670bc4fcaf22,unknown,"no evidence: seed identifier doi:10.1080/01621459.1999.10474144 is MISRESOLVED (points at a different work), licence not looked up",n/a
src_aa5417c1490f14fd,unknown,"no evidence: seed identifier doi:10.1093/aje/kwp107 is MISRESOLVED (points at a different work), licence not looked up",n/a
src_c157745a63ca9b71,unknown,"no evidence: seed identifier doi:10.1093/ije/dyr213 is MISRESOLVED (points at a different work), licence not looked up",n/a
src_22a32d36b56d134b,unknown,"no evidence: seed identifier doi:10.1002/sim.7501 is MISRESOLVED (points at a different work), licence not looked up",n/a
src_19e31de9ee71f8b7,unknown,no evidence: Europe PMC record for doi:10.1002/sim.4067 carries no licence; query https://www.ebi.ac.uk/europepmc/webservices/rest/search?query=DOI%3A%2210.1002%2Fsim.4067%22&resultType=core&format=json&pageSize=5,n/a
src_6493f6921e01f80c,unknown,"no evidence: seed identifier doi:10.1186/s12874-017-0442-1 is MISRESOLVED (points at a different work), licence not looked up",n/a
src_a747f192b645e2f0,unknown,no evidence: Europe PMC record for pmid:24770788 carries no licence; query https://www.ebi.ac.uk/europepmc/webservices/rest/search?query=EXT_ID%3A24770788+AND+SRC%3AMED&resultType=core&format=json&pageSize=5,n/a
src_0eb2c2164cfc1daf,unknown,"no evidence: seed identifier doi:10.1123/jpah.2016-0572 is MISRESOLVED (points at a different work), licence not looked up",n/a
src_0bec80564841a8fb,unknown,no evidence: Europe PMC record for pmid:38141604 carries no licence; query https://www.ebi.ac.uk/europepmc/webservices/rest/search?query=EXT_ID%3A38141604+AND+SRC%3AMED&resultType=core&format=json&pageSize=5,n/a
src_b112731d59916837,unknown,"no evidence: seed identifier pmid:28452695 is MISRESOLVED (points at a different work), licence not looked up",n/a
src_d4ff577fbad8d72f,unknown,"no evidence: seed identifier doi:10.1080/1750984x.2021.1910977 is MISRESOLVED (points at a different work), licence not looked up",n/a
src_378fe3a4279646a3,unknown,"no evidence: no licence in seed row, identifier kind url (NON_INDEXED_SOURCE), not a US federal host",n/a
src_7fc11b0a89149068,open_licence,"Europe PMC license=""cc by"" for pmid:33132976 (PMC7550411); query https://www.ebi.ac.uk/europepmc/webservices/rest/search?query=EXT_ID%3A33132976+AND+SRC%3AMED&resultType=core&format=json&pageSize=5",high
src_cb338b10f9a37352,unknown,"no evidence: seed identifier doi:10.1186/s12887-018-1014-1 is MISRESOLVED (points at a different work), licence not looked up",n/a
src_cf2db866f2879668,unknown,"no evidence: no licence in seed row, identifier kind url (NON_INDEXED_SOURCE), not a US federal host",n/a
src_2737b75ee9dd2130,unknown,"no evidence: seed identifier pmid:33255390 is MISRESOLVED (points at a different work), licence not looked up",n/a
src_9318a557e2292092,unknown,"no evidence: seed identifier pmid:35223962 is MISRESOLVED (points at a different work), licence not looked up",n/a
src_af64fd05bf223d5c,unknown,no evidence: Europe PMC returned no record for doi:10.1093/jopart/mun028; query https://www.ebi.ac.uk/europepmc/webservices/rest/search?query=DOI%3A%2210.1093%2Fjopart%2Fmun028%22&resultType=core&format=json&pageSize=5,n/a
src_7897d71c0b325fec,unknown,no evidence: Europe PMC returned no record for doi:10.1111/j.1467-985x.2004.00333.x; query https://www.ebi.ac.uk/europepmc/webservices/rest/search?query=DOI%3A%2210.1111%2Fj.1467-985x.2004.00333.x%22&resultType=core&format=json&pageSize=5,n/a
src_71efc90a9c8269e4,unknown,"no evidence: Europe PMC record for doi:10.1111/j.1467-985x.2008.00557.x has a different title (""Hitting and missing targets by ambulance services for emergency calls: effects o""), so its licence may not apply to this source; query https://www.ebi.ac.uk/europepmc/webservices/rest/search?query=DOI%3A%2210.1111%2Fj.1467-985x.2008.00557.x%22&resultType=core&format=json&pageSize=5",n/a
src_9369cf25bd50f049,unknown,no evidence: Europe PMC returned no record for doi:10.1177/0899764013508009; query https://www.ebi.ac.uk/europepmc/webservices/rest/search?query=DOI%3A%2210.1177%2F0899764013508009%22&resultType=core&format=json&pageSize=5,n/a
src_4e7b16e450d24c9c,unknown,no evidence: Europe PMC returned no record for doi:10.1002/nml.11308; query https://www.ebi.ac.uk/europepmc/webservices/rest/search?query=DOI%3A%2210.1002%2Fnml.11308%22&resultType=core&format=json&pageSize=5,n/a
src_617353438eedc2ad,unknown,no evidence: Europe PMC returned no record for doi:10.1177/0899764012454684; query https://www.ebi.ac.uk/europepmc/webservices/rest/search?query=DOI%3A%2210.1177%2F0899764012454684%22&resultType=core&format=json&pageSize=5,n/a
src_4c5acf4137b80818,unknown,"no evidence: seed identifier pmid:33787895 is MISRESOLVED (points at a different work), licence not looked up",n/a
src_f210ad3f00f9cf40,unknown,no evidence: Europe PMC record for pmid:38284394 carries no licence; query https://www.ebi.ac.uk/europepmc/webservices/rest/search?query=EXT_ID%3A38284394+AND+SRC%3AMED&resultType=core&format=json&pageSize=5,n/a
src_73b56880384c036f,unknown,"no evidence: no licence in seed row, identifier kind noid (NO_IDENTIFIER_BY_DESIGN), not a US federal host",n/a
src_7f30bc0e5f6c95d9,unknown,"no evidence: no licence in seed row, identifier kind noid (NO_IDENTIFIER_BY_DESIGN), not a US federal host",n/a
src_b0683a90c5676398,unknown,"no evidence: no licence in seed row, identifier kind noid (NO_IDENTIFIER_BY_DESIGN), not a US federal host",n/a
src_4a2609efd33f400f,open_licence,"Europe PMC license=""cc by-nc-nd"" for pmid:35669034 (PMC9165469); query https://www.ebi.ac.uk/europepmc/webservices/rest/search?query=EXT_ID%3A35669034+AND+SRC%3AMED&resultType=core&format=json&pageSize=5",medium
src_f240abbf7c010daa,unknown,no evidence: Europe PMC record for pmid:21937473 carries no licence; query https://www.ebi.ac.uk/europepmc/webservices/rest/search?query=EXT_ID%3A21937473+AND+SRC%3AMED&resultType=core&format=json&pageSize=5,n/a
src_a61c06a77d05bab1,unknown,"no evidence: seed identifier pmid:33258219 is MISRESOLVED (points at a different work), licence not looked up",n/a
src_de3102fa6cecc2d3,open_licence,"Europe PMC license=""cc by"" for pmid:32781753 (PMC7460334); query https://www.ebi.ac.uk/europepmc/webservices/rest/search?query=EXT_ID%3A32781753+AND+SRC%3AMED&resultType=core&format=json&pageSize=5",high
src_589673649e744464,unknown,no evidence: Europe PMC record for pmid:37734744 carries no licence; query https://www.ebi.ac.uk/europepmc/webservices/rest/search?query=EXT_ID%3A37734744+AND+SRC%3AMED&resultType=core&format=json&pageSize=5,n/a
src_f9ab0a44a4a5e943,unknown,no evidence: Europe PMC record for pmid:33570224 carries no licence; query https://www.ebi.ac.uk/europepmc/webservices/rest/search?query=EXT_ID%3A33570224+AND+SRC%3AMED&resultType=core&format=json&pageSize=5,n/a
src_953d0f98a702de9c,open_licence,"Europe PMC license=""cc by"" for pmid:40437604 (PMC12117741); query https://www.ebi.ac.uk/europepmc/webservices/rest/search?query=EXT_ID%3A40437604+AND+SRC%3AMED&resultType=core&format=json&pageSize=5",high
src_aeecd5974b4bed55,open_licence,"Europe PMC license=""cc by-nc"" for pmid:42487202; query https://www.ebi.ac.uk/europepmc/webservices/rest/search?query=EXT_ID%3A42487202+AND+SRC%3AMED&resultType=core&format=json&pageSize=5",medium
src_435e2ef3d04087f2,unknown,no evidence: Europe PMC record for pmid:33768778 carries no licence; query https://www.ebi.ac.uk/europepmc/webservices/rest/search?query=EXT_ID%3A33768778+AND+SRC%3AMED&resultType=core&format=json&pageSize=5,n/a
src_34b7e68c3ff3e278,unknown,no evidence: Europe PMC record for pmid:24707924 carries no licence; query https://www.ebi.ac.uk/europepmc/webservices/rest/search?query=EXT_ID%3A24707924+AND+SRC%3AMED&resultType=core&format=json&pageSize=5,n/a
src_65351490db7903c8,unknown,no evidence: Europe PMC returned no record for doi:10.1177/089976409102000407; query https://www.ebi.ac.uk/europepmc/webservices/rest/search?query=DOI%3A%2210.1177%2F089976409102000407%22&resultType=core&format=json&pageSize=5,n/a
src_d38b957718e3dd80,unknown,no evidence: Europe PMC returned no record for doi:10.1177/0899764001302010; query https://www.ebi.ac.uk/europepmc/webservices/rest/search?query=DOI%3A%2210.1177%2F0899764001302010%22&resultType=core&format=json&pageSize=5,n/a
src_bb46ace3c586be69,unknown,"no evidence: seed identifier doi:10.1177/0899764018807080 is MISRESOLVED (points at a different work), licence not looked up",n/a
src_5f2acadd988b7218,unknown,"no evidence: seed identifier doi:10.1080/19420676.2011.614630 is MISRESOLVED (points at a different work), licence not looked up",n/a
src_de8210507258502b,unknown,no evidence: Europe PMC returned no record for doi:10.1007/s11266-020-00311-9; query https://www.ebi.ac.uk/europepmc/webservices/rest/search?query=DOI%3A%2210.1007%2Fs11266-020-00311-9%22&resultType=core&format=json&pageSize=5,n/a
src_91c370e8307c923d,unknown,no evidence: Europe PMC returned no record for doi:10.1177/155862351400900304; query https://www.ebi.ac.uk/europepmc/webservices/rest/search?query=DOI%3A%2210.1177%2F155862351400900304%22&resultType=core&format=json&pageSize=5,n/a
src_42e135ef5ce92a56,unknown,no evidence: Europe PMC returned no record for doi:10.3390/ijfs3010031; query https://www.ebi.ac.uk/europepmc/webservices/rest/search?query=DOI%3A%2210.3390%2Fijfs3010031%22&resultType=core&format=json&pageSize=5,n/a
src_b1be1b1fc6a3c759,unknown,no evidence: Europe PMC returned no record for doi:10.3390/ijfs1040119; query https://www.ebi.ac.uk/europepmc/webservices/rest/search?query=DOI%3A%2210.3390%2Fijfs1040119%22&resultType=core&format=json&pageSize=5,n/a
src_47adf9d7096a0101,unknown,no evidence: Europe PMC returned no record for doi:10.1177/0899764015601243; query https://www.ebi.ac.uk/europepmc/webservices/rest/search?query=DOI%3A%2210.1177%2F0899764015601243%22&resultType=core&format=json&pageSize=5,n/a
src_0d0929979abb0383,unknown,no evidence: Europe PMC returned no record for doi:10.1177/0899764020959475; query https://www.ebi.ac.uk/europepmc/webservices/rest/search?query=DOI%3A%2210.1177%2F0899764020959475%22&resultType=core&format=json&pageSize=5,n/a
src_fd768929db5af3f5,unknown,no evidence: Europe PMC returned no record for doi:10.1093/jopart/muw044; query https://www.ebi.ac.uk/europepmc/webservices/rest/search?query=DOI%3A%2210.1093%2Fjopart%2Fmuw044%22&resultType=core&format=json&pageSize=5,n/a
src_051a66dfaf9cea24,unknown,no evidence: Europe PMC returned no record for doi:10.1111/puar.12769; query https://www.ebi.ac.uk/europepmc/webservices/rest/search?query=DOI%3A%2210.1111%2Fpuar.12769%22&resultType=core&format=json&pageSize=5,n/a
src_041e582eacaec83c,unknown,no evidence: Europe PMC returned no record for doi:10.1177/0899764013499072; query https://www.ebi.ac.uk/europepmc/webservices/rest/search?query=DOI%3A%2210.1177%2F0899764013499072%22&resultType=core&format=json&pageSize=5,n/a
src_99b300040a874c92,unknown,no evidence: Europe PMC returned no record for doi:10.32731/IJSF.144.112019.06; query https://www.ebi.ac.uk/europepmc/webservices/rest/search?query=DOI%3A%2210.32731%2FIJSF.144.112019.06%22&resultType=core&format=json&pageSize=5,n/a
src_9d75e2eba2be0c06,unknown,no evidence: Europe PMC returned no record for doi:10.1007/s11266-015-9562-6; query https://www.ebi.ac.uk/europepmc/webservices/rest/search?query=DOI%3A%2210.1007%2Fs11266-015-9562-6%22&resultType=core&format=json&pageSize=5,n/a
src_d592ad6cd1163b16,unknown,no evidence: Europe PMC returned no record for doi:10.1007/s11266-016-9738-8; query https://www.ebi.ac.uk/europepmc/webservices/rest/search?query=DOI%3A%2210.1007%2Fs11266-016-9738-8%22&resultType=core&format=json&pageSize=5,n/a
src_19ed6c1b849aa58c,unknown,no evidence: Europe PMC returned no record for doi:10.1002/nml.20011; query https://www.ebi.ac.uk/europepmc/webservices/rest/search?query=DOI%3A%2210.1002%2Fnml.20011%22&resultType=core&format=json&pageSize=5,n/a
src_e65da3a79cce1b4f,unknown,no evidence: Europe PMC returned no record for doi:10.1002/nml.21478; query https://www.ebi.ac.uk/europepmc/webservices/rest/search?query=DOI%3A%2210.1002%2Fnml.21478%22&resultType=core&format=json&pageSize=5,n/a
src_0398106a40e9ab55,unknown,"no evidence: no licence in seed row, identifier kind url (NON_INDEXED_SOURCE), not a US federal host",n/a
src_26d678191385d84e,unknown,"no evidence: no licence in seed row, identifier kind url (NON_INDEXED_SOURCE), not a US federal host",n/a
src_1fda1e043213a3f9,unknown,no evidence: Europe PMC returned no record for doi:10.1016/j.smr.2013.01.003; query https://www.ebi.ac.uk/europepmc/webservices/rest/search?query=DOI%3A%2210.1016%2Fj.smr.2013.01.003%22&resultType=core&format=json&pageSize=5,n/a
src_ff46bfa0db1f065c,unknown,"no evidence: seed identifier doi:10.1080/24704067.2020.1806493 is MISRESOLVED (points at a different work), licence not looked up",n/a
src_50801832303f8a91,unknown,no evidence: Europe PMC returned no record for doi:10.1177/0899764014561796; query https://www.ebi.ac.uk/europepmc/webservices/rest/search?query=DOI%3A%2210.1177%2F0899764014561796%22&resultType=core&format=json&pageSize=5,n/a
src_1e550b41df726ca8,open_licence,"US federal government work, 17 USC 105; publisher host www.irs.gov = Internal Revenue Service; url https://www.irs.gov/charities-non-profits/annual-electronic-notice-form-990-n-for-small-organizations-faqs-who-must-file",medium
src_d08e36dc63809274,open_licence,"US federal government work, 17 USC 105; publisher host www.irs.gov = Internal Revenue Service; url https://www.irs.gov/charities-non-profits/exempt-organizations-annual-reporting-requirements-form-990-schedules-a-and-b-public-charity-support-test",medium
src_58a09996b0f71556,open_licence,"US federal government work, 17 USC 105; publisher host www.irs.gov = Internal Revenue Service; url https://www.irs.gov/charities-non-profits/unrelated-business-income-tax",medium
src_bc35ce21183720a0,open_licence,"US federal government work, 17 USC 105; publisher host www.irs.gov = Internal Revenue Service; url https://www.irs.gov/charities-non-profits/advertising-or-qualified-sponsorship-payments",medium
src_8751bfe19038989d,open_licence,"US federal government work, 17 USC 105; publisher host www.congress.gov = US Congress (congress.gov); url https://www.congress.gov/crs-product/R48873",medium
src_f2401c769df479a6,open_licence,"US federal government work, 17 USC 105; publisher host www.ecfr.gov = eCFR (Office of the Federal Register); url https://www.ecfr.gov/current/title-2/subtitle-A/chapter-II/part-200/subpart-E/subject-group-ECFRd93f2a98b1f6455/section-200.414",medium
src_0a83f2fe49f82422,open_licence,"US federal government work, 17 USC 105; publisher host www.ecfr.gov = eCFR (Office of the Federal Register); url https://www.ecfr.gov/current/title-2/subtitle-A/chapter-II/part-200/subpart-F/subject-group-ECFRfd0932e473d10ba/section-200.501",medium
src_7ab43fdda540293c,unknown,"no evidence: no licence in seed row, identifier kind url (NON_INDEXED_SOURCE), not a US federal host",n/a
src_d92e0fae870be454,unknown,"no evidence: no licence in seed row, identifier kind url (NON_INDEXED_SOURCE), not a US federal host",n/a
src_d80d72f25edc35da,unknown,"no evidence: no licence in seed row, identifier kind url (NON_INDEXED_SOURCE), not a US federal host",n/a
src_fbdfe8a856920394,unknown,"no evidence: no licence in seed row, identifier kind url (NON_INDEXED_SOURCE), not a US federal host",n/a
src_8c3dd4f3cfe7ba4c,open_licence,"Europe PMC license=""cc by"" for pmid:33673812 (PMC7935002); query https://www.ebi.ac.uk/europepmc/webservices/rest/search?query=EXT_ID%3A33673812+AND+SRC%3AMED&resultType=core&format=json&pageSize=5",high
src_658a9d78e92eacd1,open_licence,"Europe PMC license=""cc by"" for pmid:36901093 (PMC10001936); query https://www.ebi.ac.uk/europepmc/webservices/rest/search?query=EXT_ID%3A36901093+AND+SRC%3AMED&resultType=core&format=json&pageSize=5",high
src_16c15db206aa5c67,open_licence,"US federal government work, 17 USC 105; publisher host www.grants.gov = Grants.gov (US Department of Health and Human Services); url https://www.grants.gov/",medium
src_83963e90deec29da,unknown,"no evidence: no licence in seed row, identifier kind noid (NON_INDEXED_SOURCE), not a US federal host",n/a
src_4ef2f0b5437259a4,unknown,"no evidence: no licence in seed row, identifier kind noid (NON_INDEXED_SOURCE), not a US federal host",n/a
src_cb3b531047479e5d,unknown,"no evidence: no licence in seed row, identifier kind noid (NON_INDEXED_SOURCE), not a US federal host",n/a
src_49f6fec2b9d4a492,unknown,"no evidence: no licence in seed row, identifier kind noid (NON_INDEXED_SOURCE), not a US federal host",n/a
src_b2ffc9d7d6e9e681,unknown,"no evidence: no licence in seed row, identifier kind noid (NON_INDEXED_SOURCE), not a US federal host",n/a
src_b308b20e5b19ac82,unknown,"no evidence: no licence in seed row, identifier kind noid (NON_INDEXED_SOURCE), not a US federal host",n/a
src_321fc41f39a68351,unknown,"no evidence: no licence in seed row, identifier kind url (NON_INDEXED_SOURCE), not a US federal host",n/a
src_06c5901f12a8f7df,unknown,"no evidence: no licence in seed row, identifier kind url (NON_INDEXED_SOURCE), not a US federal host",n/a
src_7bf263ff361fe0e5,unknown,"no evidence: no licence in seed row, identifier kind url (NON_INDEXED_SOURCE), not a US federal host",n/a
src_f55e6856e7f5363c,unknown,no evidence: Europe PMC record for pmid:33853834 carries no licence; query https://www.ebi.ac.uk/europepmc/webservices/rest/search?query=EXT_ID%3A33853834+AND+SRC%3AMED&resultType=core&format=json&pageSize=5,n/a
src_ee7531cd623a9a08,open_licence,"Europe PMC license=""cc by-nc"" for pmid:37349084 (PMC10579182); query https://www.ebi.ac.uk/europepmc/webservices/rest/search?query=EXT_ID%3A37349084+AND+SRC%3AMED&resultType=core&format=json&pageSize=5",medium
src_2b686e07ced4885e,unknown,no evidence: Europe PMC record for pmid:28076736 carries no licence; query https://www.ebi.ac.uk/europepmc/webservices/rest/search?query=EXT_ID%3A28076736+AND+SRC%3AMED&resultType=core&format=json&pageSize=5,n/a
src_ed4a6756d063ec51,open_licence,"Europe PMC license=""cc by"" for pmid:37573328 (PMC10422765); query https://www.ebi.ac.uk/europepmc/webservices/rest/search?query=EXT_ID%3A37573328+AND+SRC%3AMED&resultType=core&format=json&pageSize=5",high
src_125f714c6a650109,unknown,no evidence: Europe PMC record for pmid:27079389 carries no licence; query https://www.ebi.ac.uk/europepmc/webservices/rest/search?query=EXT_ID%3A27079389+AND+SRC%3AMED&resultType=core&format=json&pageSize=5,n/a
src_4b674b4a34be2585,open_licence,"Europe PMC license=""cc by"" for pmid:41659799 (PMC12875282); query https://www.ebi.ac.uk/europepmc/webservices/rest/search?query=EXT_ID%3A41659799+AND+SRC%3AMED&resultType=core&format=json&pageSize=5",high
src_76ffa2c1277d3bd9,unknown,no evidence: Europe PMC record for pmid:25259507 carries no licence; query https://www.ebi.ac.uk/europepmc/webservices/rest/search?query=EXT_ID%3A25259507+AND+SRC%3AMED&resultType=core&format=json&pageSize=5,n/a
src_71c8e541f78c97df,unknown,no evidence: Europe PMC record for pmid:39279016 carries no licence; query https://www.ebi.ac.uk/europepmc/webservices/rest/search?query=EXT_ID%3A39279016+AND+SRC%3AMED&resultType=core&format=json&pageSize=5,n/a
src_ee29614efd99c98f,unknown,no evidence: Europe PMC record for pmid:25388481 carries no licence; query https://www.ebi.ac.uk/europepmc/webservices/rest/search?query=EXT_ID%3A25388481+AND+SRC%3AMED&resultType=core&format=json&pageSize=5,n/a
src_2ca0c41917ba4c66,open_licence,"Europe PMC license=""cc by"" for pmid:37872612 (PMC10594857); query https://www.ebi.ac.uk/europepmc/webservices/rest/search?query=EXT_ID%3A37872612+AND+SRC%3AMED&resultType=core&format=json&pageSize=5",high
src_664dfe9b5d414e28,open_licence,"Europe PMC license=""cc by-nc"" for pmid:36508503 (PMC9933067); query https://www.ebi.ac.uk/europepmc/webservices/rest/search?query=EXT_ID%3A36508503+AND+SRC%3AMED&resultType=core&format=json&pageSize=5",medium
src_957643e227cc73ac,open_licence,"Europe PMC license=""cc by"" for pmid:35935063 (PMC9347661); query https://www.ebi.ac.uk/europepmc/webservices/rest/search?query=EXT_ID%3A35935063+AND+SRC%3AMED&resultType=core&format=json&pageSize=5",high
src_9ad792558d22ca81,open_licence,"Europe PMC license=""cc by"" for pmid:39737456 (PMC11684458); query https://www.ebi.ac.uk/europepmc/webservices/rest/search?query=EXT_ID%3A39737456+AND+SRC%3AMED&resultType=core&format=json&pageSize=5",high
src_bf3dbdf9120ded2d,unknown,no evidence: Europe PMC record for pmid:24730752 carries no licence; query https://www.ebi.ac.uk/europepmc/webservices/rest/search?query=EXT_ID%3A24730752+AND+SRC%3AMED&resultType=core&format=json&pageSize=5,n/a
src_2d502b18ef5eefbd,unknown,no evidence: Europe PMC record for pmid:34851421 carries no licence; query https://www.ebi.ac.uk/europepmc/webservices/rest/search?query=EXT_ID%3A34851421+AND+SRC%3AMED&resultType=core&format=json&pageSize=5,n/a
src_8185f31dbfda4d01,unknown,no evidence: Europe PMC record for pmid:29382235 carries no licence; query https://www.ebi.ac.uk/europepmc/webservices/rest/search?query=EXT_ID%3A29382235+AND+SRC%3AMED&resultType=core&format=json&pageSize=5,n/a
src_e64694ba005a05d5,open_licence,"Europe PMC license=""cc by"" for pmid:41052815 (PMC12506158); query https://www.ebi.ac.uk/europepmc/webservices/rest/search?query=EXT_ID%3A41052815+AND+SRC%3AMED&resultType=core&format=json&pageSize=5",high
src_7d7796ff88d33efd,unknown,no evidence: Europe PMC record for pmid:30304197 carries no licence; query https://www.ebi.ac.uk/europepmc/webservices/rest/search?query=EXT_ID%3A30304197+AND+SRC%3AMED&resultType=core&format=json&pageSize=5,n/a
src_bee6f0ad409e057f,unknown,no evidence: Europe PMC record for pmid:27820206 carries no licence; query https://www.ebi.ac.uk/europepmc/webservices/rest/search?query=EXT_ID%3A27820206+AND+SRC%3AMED&resultType=core&format=json&pageSize=5,n/a
src_e295336db3d022ff,unknown,no evidence: Europe PMC record for pmid:34314014 carries no licence; query https://www.ebi.ac.uk/europepmc/webservices/rest/search?query=EXT_ID%3A34314014+AND+SRC%3AMED&resultType=core&format=json&pageSize=5,n/a
src_2f856f5df6636875,open_licence,"Europe PMC license=""cc by-nc-nd"" for pmid:40186199 (PMC11971763); query https://www.ebi.ac.uk/europepmc/webservices/rest/search?query=EXT_ID%3A40186199+AND+SRC%3AMED&resultType=core&format=json&pageSize=5",medium
src_4b598b092141d02c,unknown,no evidence: Europe PMC record for pmid:28092165 carries no licence; query https://www.ebi.ac.uk/europepmc/webservices/rest/search?query=EXT_ID%3A28092165+AND+SRC%3AMED&resultType=core&format=json&pageSize=5,n/a
src_250310fb2e2dafc8,unknown,no evidence: Europe PMC record for pmid:26020140 carries no licence; query https://www.ebi.ac.uk/europepmc/webservices/rest/search?query=EXT_ID%3A26020140+AND+SRC%3AMED&resultType=core&format=json&pageSize=5,n/a
src_6779cff5c266eed3,unknown,no evidence: Europe PMC record for pmid:28862335 carries no licence; query https://www.ebi.ac.uk/europepmc/webservices/rest/search?query=EXT_ID%3A28862335+AND+SRC%3AMED&resultType=core&format=json&pageSize=5,n/a
src_06d964e037109b59,open_licence,"Europe PMC license=""cc by"" for pmid:38089025 (PMC10715262); query https://www.ebi.ac.uk/europepmc/webservices/rest/search?query=EXT_ID%3A38089025+AND+SRC%3AMED&resultType=core&format=json&pageSize=5",high
src_7418753d6232f38b,open_licence,"Europe PMC license=""cc by"" for pmid:32657456; query https://www.ebi.ac.uk/europepmc/webservices/rest/search?query=EXT_ID%3A32657456+AND+SRC%3AMED&resultType=core&format=json&pageSize=5",high
src_c7baf6b17289a906,open_licence,"Europe PMC license=""cc by"" for pmid:32977387 (PMC7597963); query https://www.ebi.ac.uk/europepmc/webservices/rest/search?query=EXT_ID%3A32977387+AND+SRC%3AMED&resultType=core&format=json&pageSize=5",high
src_3da968212f78289a,open_licence,"Europe PMC license=""cc by"" for pmid:36287774 (PMC9606913); query https://www.ebi.ac.uk/europepmc/webservices/rest/search?query=EXT_ID%3A36287774+AND+SRC%3AMED&resultType=core&format=json&pageSize=5",high
src_62da4dc132f02fdb,open_licence,"Europe PMC license=""cc by-nc-nd"" for pmid:30682401; query https://www.ebi.ac.uk/europepmc/webservices/rest/search?query=EXT_ID%3A30682401+AND+SRC%3AMED&resultType=core&format=json&pageSize=5",medium
src_c061467aad797441,unknown,no evidence: Europe PMC record for pmid:33929170 carries no licence; query https://www.ebi.ac.uk/europepmc/webservices/rest/search?query=EXT_ID%3A33929170+AND+SRC%3AMED&resultType=core&format=json&pageSize=5,n/a
src_210f6bc8f0d70118,unknown,no evidence: Europe PMC record for pmid:21685142 carries no licence; query https://www.ebi.ac.uk/europepmc/webservices/rest/search?query=EXT_ID%3A21685142+AND+SRC%3AMED&resultType=core&format=json&pageSize=5,n/a
src_06db9d5313a2cebc,unknown,no evidence: Europe PMC record for pmid:38112824 carries no licence; query https://www.ebi.ac.uk/europepmc/webservices/rest/search?query=EXT_ID%3A38112824+AND+SRC%3AMED&resultType=core&format=json&pageSize=5,n/a
src_2f96ce721fb7ca13,unknown,no evidence: Europe PMC record for pmid:42148822 carries no licence; query https://www.ebi.ac.uk/europepmc/webservices/rest/search?query=EXT_ID%3A42148822+AND+SRC%3AMED&resultType=core&format=json&pageSize=5,n/a
src_d3debc86fdd5cdbd,open_licence,"Europe PMC license=""cc by"" for pmid:33146626 (PMC7673981); query https://www.ebi.ac.uk/europepmc/webservices/rest/search?query=EXT_ID%3A33146626+AND+SRC%3AMED&resultType=core&format=json&pageSize=5",high
src_d1765ba8950f52e3,unknown,no evidence: Europe PMC record for pmid:24940129 carries no licence; query https://www.ebi.ac.uk/europepmc/webservices/rest/search?query=EXT_ID%3A24940129+AND+SRC%3AMED&resultType=core&format=json&pageSize=5,n/a
src_3d0273b574f0a460,open_licence,"Europe PMC license=""cc by"" for pmid:38626948 (PMC11019967); query https://www.ebi.ac.uk/europepmc/webservices/rest/search?query=EXT_ID%3A38626948+AND+SRC%3AMED&resultType=core&format=json&pageSize=5",high
src_f86c07bf2fb8885e,unknown,no evidence: Europe PMC record for pmid:25569120 carries no licence; query https://www.ebi.ac.uk/europepmc/webservices/rest/search?query=EXT_ID%3A25569120+AND+SRC%3AMED&resultType=core&format=json&pageSize=5,n/a
src_be487f49784a5c6f,unknown,no evidence: Europe PMC record for pmid:35689749 carries no licence; query https://www.ebi.ac.uk/europepmc/webservices/rest/search?query=EXT_ID%3A35689749+AND+SRC%3AMED&resultType=core&format=json&pageSize=5,n/a
src_9c6555ed672f04f1,open_licence,"Europe PMC license=""cc by"" for pmid:33855647 (PMC8046881); query https://www.ebi.ac.uk/europepmc/webservices/rest/search?query=EXT_ID%3A33855647+AND+SRC%3AMED&resultType=core&format=json&pageSize=5",high
src_24906e3334b821ac,open_licence,"Europe PMC license=""cc by"" for pmid:33981989 (PMC8107824); query https://www.ebi.ac.uk/europepmc/webservices/rest/search?query=EXT_ID%3A33981989+AND+SRC%3AMED&resultType=core&format=json&pageSize=5",high
src_a893f2a3705b2dbc,unknown,no evidence: Europe PMC returned no record for doi:10.1016/j.inffus.2019.12.012; query https://www.ebi.ac.uk/europepmc/webservices/rest/search?query=DOI%3A%2210.1016%2Fj.inffus.2019.12.012%22&resultType=core&format=json&pageSize=5,n/a
src_1b60854f4975f463,open_licence,"Europe PMC license=""cc by"" for pmid:37848609 (PMC10772063); query https://www.ebi.ac.uk/europepmc/webservices/rest/search?query=EXT_ID%3A37848609+AND+SRC%3AMED&resultType=core&format=json&pageSize=5",high
src_785997f0e06b8390,open_licence,"Europe PMC license=""cc by"" for pmid:40070923 (PMC11894576); query https://www.ebi.ac.uk/europepmc/webservices/rest/search?query=EXT_ID%3A40070923+AND+SRC%3AMED&resultType=core&format=json&pageSize=5",high
src_ee415f4ba484abe8,unknown,no evidence: Europe PMC record for pmid:39551930 carries no licence; query https://www.ebi.ac.uk/europepmc/webservices/rest/search?query=EXT_ID%3A39551930+AND+SRC%3AMED&resultType=core&format=json&pageSize=5,n/a
src_24981a7c7357b1cd,unknown,"no evidence: no licence in seed row, identifier kind noid (NO_IDENTIFIER_BY_DESIGN), not a US federal host",n/a
src_23a6ef1df68aa8c1,unknown,"no evidence: no licence in seed row, identifier kind noid (NO_IDENTIFIER_BY_DESIGN), not a US federal host",n/a
src_3ff83f3df958321b,unknown,"no evidence: no licence in seed row, identifier kind noid (NO_IDENTIFIER_BY_DESIGN), not a US federal host",n/a
src_099fafa9ce799078,unknown,"no evidence: no licence in seed row, identifier kind noid (NO_IDENTIFIER_BY_DESIGN), not a US federal host",n/a
src_db1b37bc6ed28eaa,unknown,"no evidence: no licence in seed row, identifier kind noid (NO_IDENTIFIER_BY_DESIGN), not a US federal host",n/a
src_f7ebbb5787153a87,unknown,"no evidence: no licence in seed row, identifier kind noid (NO_IDENTIFIER_BY_DESIGN), not a US federal host",n/a
src_b73016c2aaee0a47,unknown,"no evidence: no licence in seed row, identifier kind noid (NO_IDENTIFIER_BY_DESIGN), not a US federal host",n/a
src_5d5df5986471d9d2,unknown,"no evidence: no licence in seed row, identifier kind noid (NO_IDENTIFIER_BY_DESIGN), not a US federal host",n/a
src_0a66b949c696acba,unknown,"no evidence: no licence in seed row, identifier kind noid (NO_IDENTIFIER_BY_DESIGN), not a US federal host",n/a
src_8fd6de7b764688a5,unknown,"no evidence: no licence in seed row, identifier kind noid (NO_IDENTIFIER_BY_DESIGN), not a US federal host",n/a
