organization_id,source_event_name,source_entity_type,source_entity_id,research_requirement,knowledge_gap,evidence_label,source_status,source_confidence_tier,source_verification_state,status,created_by_account_id,created_by_role,metadata
{{PPBF_ORG_ID}},research_program_seed.evidence_conflicted,evidence_claim,A1-003,Resolve conflicting evidence on: Deliberate practice. Sources disagree; PPBF must not present this as settled.,The dispute is definitional as much as empirical. Neither side has boxing-specific longitudinal data.,CONTESTED PRACTICE,seeded_from_research_program,CONFLICTED,partially_verified,open,{{SEED_ACCOUNT_ID}},platform_owner,"{""gap_type"": ""evidence_conflicted"", ""capability_key"": ""motor_learning_practice_design"", ""track"": ""A1"", ""topic"": ""Deliberate practice"", ""claim"": ""The claim that deliberate practice largely determines expertise is actively contested: Ericsson argues Macnamara et al. summed hours of any practice type rather than isolating structured, feedback-rich, individually-targeted practice."", ""boxing_specificity"": ""transferred"", ""authority_tier"": 4, ""evidence_tier"": ""EXPERIMENTAL"", ""tbd_flag"": ""no"", ""seeded"": ""2026-08-07""}"
{{PPBF_ORG_ID}},research_program_seed.hypothesis_untested,evidence_claim,A1-007,"Test the hypothesis: Attentional focus. Currently reasoning, not evidence.","Two of the three OPTIMAL pillars have failed in preregistered tests (see A1-009, A1-010) and the third is bias-contested (A1-006). Treat the integrated theory as unconfirmed.",HYPOTHESIS REQUIRING TESTING,seeded_from_research_program,LIMITED,partially_verified,open,{{SEED_ACCOUNT_ID}},platform_owner,"{""gap_type"": ""hypothesis_untested"", ""capability_key"": ""motor_learning_practice_design"", ""track"": ""A1"", ""topic"": ""Attentional focus"", ""claim"": ""OPTIMAL theory proposes enhanced expectancies, autonomy support and external focus jointly improve learning by strengthening goal-action coupling."", ""boxing_specificity"": ""transferred"", ""authority_tier"": 4, ""evidence_tier"": ""EXPERIMENTAL"", ""tbd_flag"": ""no"", ""seeded"": ""2026-08-07""}"
{{PPBF_ORG_ID}},research_program_seed.evidence_conflicted,evidence_claim,A1-011,Resolve conflicting evidence on: Contextual interference. Sources disagree; PPBF must not present this as settled.,Any product that states a single CI recommendation as settled science is misrepresenting the field as of 2026.,CONTESTED PRACTICE,seeded_from_research_program,CONFLICTED,partially_verified,open,{{SEED_ACCOUNT_ID}},platform_owner,"{""gap_type"": ""evidence_conflicted"", ""capability_key"": ""motor_learning_practice_design"", ""track"": ""A1"", ""topic"": ""Contextual interference"", ""claim"": ""The contextual interference effect is a genuine live dispute in the current literature, with two 2023-2024 meta-analyses reaching opposite headline conclusions and a published rebuttal exchange continuing into 2025."", ""boxing_specificity"": ""transferred"", ""authority_tier"": 2, ""evidence_tier"": ""EXPERIMENTAL"", ""tbd_flag"": ""no"", ""seeded"": ""2026-08-07""}"
{{PPBF_ORG_ID}},research_program_seed.hypothesis_untested,evidence_claim,A1-017,"Test the hypothesis: Differential learning. Currently reasoning, not evidence.",Small literature concentrated in a limited number of research groups; heterogeneity limits pooling; authors themselves label the analysis exploratory.,HYPOTHESIS REQUIRING TESTING,seeded_from_research_program,LIMITED,partially_verified,open,{{SEED_ACCOUNT_ID}},platform_owner,"{""gap_type"": ""hypothesis_untested"", ""capability_key"": ""motor_learning_practice_design"", ""track"": ""A1"", ""topic"": ""Differential learning"", ""claim"": ""Differential learning has been evaluated only in an exploratory meta-analytic review with high heterogeneity; it is not established as superior to other methods."", ""boxing_specificity"": ""transferred"", ""authority_tier"": 2, ""evidence_tier"": ""EXPERIMENTAL"", ""tbd_flag"": ""no"", ""seeded"": ""2026-08-07""}"
{{PPBF_ORG_ID}},research_program_seed.parameter_undefined,evidence_claim,A1-021,Derive a defensible value for: Representative learning design. Currently TBD — no invented number may be used.,Consensus validity only; predictive validity for actual transfer not established.,VERIFIED EVIDENCE,seeded_from_research_program,LIMITED,partially_verified,open,{{SEED_ACCOUNT_ID}},platform_owner,"{""gap_type"": ""parameter_undefined"", ""capability_key"": ""motor_learning_practice_design"", ""track"": ""A1"", ""topic"": ""Representative learning design"", ""claim"": ""A coach-usable representativeness rating instrument has been built and consensus-validated in tennis (7 items, each with a task-goal and a competition-relevance sub-question), via a 4-round Delphi with 10 academic and 13 coaching experts."", ""boxing_specificity"": ""transferred"", ""authority_tier"": 4, ""evidence_tier"": ""EXPERIMENTAL"", ""tbd_flag"": ""yes"", ""seeded"": ""2026-08-07""}"
{{PPBF_ORG_ID}},research_program_seed.parameter_undefined,evidence_claim,A1-026,Derive a defensible value for: Feedback frequency. Currently TBD — no invented number may be used.,"A null across a heterogeneous, underpowered literature means evidence is lacking, not that feedback frequency is proven irrelevant.",VERIFIED EVIDENCE,seeded_from_research_program,LIMITED,partially_verified,open,{{SEED_ACCOUNT_ID}},platform_owner,"{""gap_type"": ""parameter_undefined"", ""capability_key"": ""motor_learning_practice_design"", ""track"": ""A1"", ""topic"": ""Feedback frequency"", ""claim"": ""A large meta-analysis found NO significant effect of reduced feedback frequency at any time point and no significant acquisition-to-delayed-retention reversal; included studies were severely underpowered."", ""boxing_specificity"": ""transferred"", ""authority_tier"": 2, ""evidence_tier"": ""EMERGING"", ""tbd_flag"": ""yes"", ""seeded"": ""2026-08-07""}"
{{PPBF_ORG_ID}},research_program_seed.parameter_undefined,evidence_claim,A1-028,Derive a defensible value for: Bandwidth feedback. Currently TBD — no invented number may be used.,"Small, old, laboratory-task literature. No meta-analysis in sport located. The bandwidth width itself is arbitrary across studies.",VERIFIED EVIDENCE,seeded_from_research_program,LIMITED,partially_verified,open,{{SEED_ACCOUNT_ID}},platform_owner,"{""gap_type"": ""parameter_undefined"", ""capability_key"": ""motor_learning_practice_design"", ""track"": ""A1"", ""topic"": ""Bandwidth feedback"", ""claim"": ""Bandwidth knowledge of results (feedback only when error exceeds a tolerance) has been studied since the late 1980s with reported learning advantages in laboratory tasks."", ""boxing_specificity"": ""transferred"", ""authority_tier"": 4, ""evidence_tier"": ""EXPERIMENTAL"", ""tbd_flag"": ""yes"", ""seeded"": ""2026-08-07""}"
{{PPBF_ORG_ID}},research_program_seed.evidence_conflicted,evidence_claim,A1-034,Resolve conflicting evidence on: Implicit vs explicit learning. Sources disagree; PPBF must not present this as settled.,This is a 1996 challenge to a 1992 study; the wider implicit-learning literature has continued in both directions.,CONTESTED PRACTICE,seeded_from_research_program,CONFLICTED,partially_verified,open,{{SEED_ACCOUNT_ID}},platform_owner,"{""gap_type"": ""evidence_conflicted"", ""capability_key"": ""motor_learning_practice_design"", ""track"": ""A1"", ""topic"": ""Implicit vs explicit learning"", ""claim"": ""The founding implicit-learning result was challenged on methodological grounds: the original implicit group performed articulatory suppression during learning but not during the stress test, so the comparison was confounded."", ""boxing_specificity"": ""transferred"", ""authority_tier"": 4, ""evidence_tier"": ""EXPERIMENTAL"", ""tbd_flag"": ""no"", ""seeded"": ""2026-08-07""}"
{{PPBF_ORG_ID}},research_program_seed.hypothesis_untested,evidence_claim,A1-047,"Test the hypothesis: Perceptual-cognitive training transfer. Currently reasoning, not evidence.",The framework is theoretically grounded but not itself validated by a transfer trial. Generic brain-training approaches have been separately criticised on ecological grounds.,HYPOTHESIS REQUIRING TESTING,seeded_from_research_program,LIMITED,partially_verified,open,{{SEED_ACCOUNT_ID}},platform_owner,"{""gap_type"": ""hypothesis_untested"", ""capability_key"": ""motor_learning_practice_design"", ""track"": ""A1"", ""topic"": ""Perceptual-cognitive training transfer"", ""claim"": ""Whether perceptual-cognitive training transfers to on-field performance remains an open research question, and a classification framework has been proposed to predict which modified perceptual training tasks should transfer."", ""boxing_specificity"": ""transferred"", ""authority_tier"": 3, ""evidence_tier"": ""EXPERIMENTAL"", ""tbd_flag"": ""no"", ""seeded"": ""2026-08-07""}"
{{PPBF_ORG_ID}},research_program_seed.parameter_undefined,evidence_claim,A1-052,Derive a defensible value for: Retention and transfer methodology. Currently TBD — no invented number may be used.,Retention intervals in the literature are typically 24 hours to one week - far shorter than a boxing development cycle. The correct interval for a boxing technique is unknown.,STRONG EVIDENCE-SUPPORTED INFERENCE,seeded_from_research_program,LIMITED,partially_verified,open,{{SEED_ACCOUNT_ID}},platform_owner,"{""gap_type"": ""parameter_undefined"", ""capability_key"": ""motor_learning_practice_design"", ""track"": ""A1"", ""topic"": ""Retention and transfer methodology"", ""claim"": ""Establishing that learning has occurred requires a delayed retention test and a transfer test administered without the practice-condition supports, not an end-of-session measure."", ""boxing_specificity"": ""transferred"", ""authority_tier"": 3, ""evidence_tier"": ""EMERGING"", ""tbd_flag"": ""yes"", ""seeded"": ""2026-08-07""}"
{{PPBF_ORG_ID}},research_program_seed.parameter_undefined,evidence_claim,A1-055,Derive a defensible value for: Youth practice design. Currently TBD — no invented number may be used.,Heterogeneous outcomes; risk-of-bias assessment reported but effect sizes not pooled into a single estimate.,VERIFIED EVIDENCE,seeded_from_research_program,LIMITED,partially_verified,open,{{SEED_ACCOUNT_ID}},platform_owner,"{""gap_type"": ""parameter_undefined"", ""capability_key"": ""motor_learning_practice_design"", ""track"": ""A1"", ""topic"": ""Youth practice design"", ""claim"": ""Scaling equipment and play area to children improves aspects of motor skill acquisition and is preferred by children, based on 25 studies with 989 participants."", ""boxing_specificity"": ""transferred"", ""authority_tier"": 2, ""evidence_tier"": ""EMERGING"", ""tbd_flag"": ""yes"", ""seeded"": ""2026-08-07""}"
{{PPBF_ORG_ID}},research_program_seed.parameter_undefined,evidence_claim,A1-056,Derive a defensible value for: Mental fatigue and skill. Currently TBD — no invented number may be used.,"Laboratory mental-fatigue induction protocols (e.g. Stroop tasks) may not represent the cognitive load of a competitive boxing week (school, weight management, travel).",VERIFIED EVIDENCE,seeded_from_research_program,LIMITED,partially_verified,open,{{SEED_ACCOUNT_ID}},platform_owner,"{""gap_type"": ""parameter_undefined"", ""capability_key"": ""motor_learning_practice_design"", ""track"": ""A1"", ""topic"": ""Mental fatigue and skill"", ""claim"": ""Mental fatigue degrades sport-specific technical performance, established by meta-analysis in soccer, with a separate meta-analysis of counteractive interventions."", ""boxing_specificity"": ""transferred"", ""authority_tier"": 2, ""evidence_tier"": ""EMERGING"", ""tbd_flag"": ""yes"", ""seeded"": ""2026-08-07""}"
{{PPBF_ORG_ID}},research_program_seed.evidence_absent,evidence_claim,A1-059,Establish evidence for: Sleep and skill acquisition in youth. No adequate source located in the indexed literature.,"Small, heterogeneous child literature; risk-of-bias concerns.",INSUFFICIENT EVIDENCE,seeded_from_research_program,INSUFFICIENT,unverified,open,{{SEED_ACCOUNT_ID}},platform_owner,"{""gap_type"": ""evidence_absent"", ""capability_key"": ""motor_learning_practice_design"", ""track"": ""A1"", ""topic"": ""Sleep and skill acquisition in youth"", ""claim"": ""The influence of sleep on motor skill acquisition in children remains controversial; a systematic review found the evidence unsettled."", ""boxing_specificity"": ""transferred"", ""authority_tier"": 2, ""evidence_tier"": ""RESEARCH_NEEDED"", ""tbd_flag"": ""no"", ""seeded"": ""2026-08-07""}"
{{PPBF_ORG_ID}},research_program_seed.evidence_absent,evidence_claim,A1-069,Establish evidence for: Boxing skill acquisition evidence gap. No adequate source located in the indexed literature.,"Absence of evidence in this search is not proof of absence; non-English, thesis and federation-internal literature was not exhaustively covered, and OpenAlex querying was truncated mid-session by an API quota limit.",INSUFFICIENT EVIDENCE,seeded_from_research_program,INSUFFICIENT,unverified,open,{{SEED_ACCOUNT_ID}},platform_owner,"{""gap_type"": ""evidence_absent"", ""capability_key"": ""motor_learning_practice_design"", ""track"": ""A1"", ""topic"": ""Boxing skill acquisition evidence gap"", ""claim"": ""No randomised controlled trial of a boxing skill-acquisition instructional method (cue type, practice schedule or feedback schedule) with a delayed retention and transfer test was located in this search."", ""boxing_specificity"": ""boxing_specific"", ""authority_tier"": 3, ""evidence_tier"": ""RESEARCH_NEEDED"", ""tbd_flag"": ""no"", ""seeded"": ""2026-08-07""}"
{{PPBF_ORG_ID}},research_program_seed.evidence_absent,evidence_claim,A1-070,Establish evidence for: Coach cue wording evidence. No adequate source located in the indexed literature.,"Cue wording is plausibly athlete-specific and coach-specific, which may make wording-level validation intrinsically low-yield compared with class-level validation.",INSUFFICIENT EVIDENCE,seeded_from_research_program,INSUFFICIENT,unverified,open,{{SEED_ACCOUNT_ID}},platform_owner,"{""gap_type"": ""evidence_absent"", ""capability_key"": ""motor_learning_practice_design"", ""track"": ""A1"", ""topic"": ""Coach cue wording evidence"", ""claim"": ""No evidence base was located that validates individual cue WORDINGS. Evidence attaches to cue CLASSES (external focus, analogy, instruction quantity, autonomy-supportive vs controlling language), not to specific phrases."", ""boxing_specificity"": ""transferred"", ""authority_tier"": 5, ""evidence_tier"": ""RESEARCH_NEEDED"", ""tbd_flag"": ""no"", ""seeded"": ""2026-08-07""}"
{{PPBF_ORG_ID}},research_program_seed.evidence_conflicted,evidence_claim,A2-004,Resolve conflicting evidence on: contested claim: 'power comes from the legs'. Sources disagree; PPBF must not present this as settled.,"Correlational: strength-punch associations are not causal. Absolute forces are device-specific. The colloquial percentage claim is a coaching heuristic, not a measured quantity",CONTESTED PRACTICE,seeded_from_research_program,CONFLICTED,partially_verified,open,{{SEED_ACCOUNT_ID}},platform_owner,"{""gap_type"": ""evidence_conflicted"", ""capability_key"": ""technical_curriculum"", ""track"": ""A2"", ""topic"": ""contested claim: 'power comes from the legs'"", ""claim"": ""The specific quantified coaching claim that a stated percentage of punch power 'comes from the legs' is not supported by a single verifiable boxing biomechanics estimate. Lower-limb kinetics do measurably contribute (dual force-plate GRF and RFD covary with punch output) and lower-body strength/power correlate with punch impact force, but no validated partition of punch force into leg/trunk/arm percentages exists in the boxing literature retrieved."", ""boxing_specificity"": ""boxing_specific"", ""authority_tier"": 4, ""evidence_tier"": ""EXPERIMENTAL"", ""tbd_flag"": ""NO"", ""seeded"": ""2026-08-07""}"
{{PPBF_ORG_ID}},research_program_seed.parameter_undefined,evidence_claim,A2-007,Derive a defensible value for: expert-novice punch force discrimination. Currently TBD — no invented number may be used.,Small groups; single custom device from 2000; cross-sectional so cannot show that training a novice to a given force produces elite performance; correlation with competitive success not tested,VERIFIED EVIDENCE,seeded_from_research_program,LIMITED,partially_verified,open,{{SEED_ACCOUNT_ID}},platform_owner,"{""gap_type"": ""parameter_undefined"", ""capability_key"": ""technical_curriculum"", ""track"": ""A2"", ""topic"": ""expert-novice punch force discrimination"", ""claim"": ""A boxing dynamometer discriminated maximal rear-hand straight punch force by skill level: elite 4800 +/- 227 N, intermediate 3722 +/- 133 N, novice 2381 +/- 116 N."", ""boxing_specificity"": ""boxing_specific"", ""authority_tier"": 3, ""evidence_tier"": ""EMERGING"", ""tbd_flag"": ""TBD"", ""seeded"": ""2026-08-07""}"
{{PPBF_ORG_ID}},research_program_seed.parameter_undefined,evidence_claim,A2-022,Derive a defensible value for: low-cost IMU reliability. Currently TBD — no invented number may be used.,Low sampling frequency acknowledged by authors; moderate not excellent reliability,VERIFIED EVIDENCE,seeded_from_research_program,LIMITED,partially_verified,open,{{SEED_ACCOUNT_ID}},platform_owner,"{""gap_type"": ""parameter_undefined"", ""capability_key"": ""technical_curriculum"", ""track"": ""A2"", ""topic"": ""low-cost IMU reliability"", ""claim"": ""A low-cost accelerometer/smartphone system for punch and kick velocity showed only moderate reliability (ICC(3,1) 0.746-0.786; SEM 0.488-0.921 m/s), comparable to commercial systems."", ""boxing_specificity"": ""partly_boxing_specific"", ""authority_tier"": 3, ""evidence_tier"": ""EMERGING"", ""tbd_flag"": ""TBD"", ""seeded"": ""2026-08-07""}"
{{PPBF_ORG_ID}},research_program_seed.parameter_undefined,evidence_claim,A2-025,Derive a defensible value for: observational rubric inter-rater reliability is achievable but not automatic. Currently TBD — no invented number may be used.,Neither instrument is a boxing instrument. Transfer of the reliability figures to boxing rubrics is NOT justified; only the METHOD transfers,VERIFIED EVIDENCE,seeded_from_research_program,LIMITED,partially_verified,open,{{SEED_ACCOUNT_ID}},platform_owner,"{""gap_type"": ""parameter_undefined"", ""capability_key"": ""technical_curriculum"", ""track"": ""A2"", ""topic"": ""observational rubric inter-rater reliability is achievable but not automatic"", ""claim"": ""Observational movement-rating instruments reach usable inter-rater reliability only with defined criteria and rater training: an FMS-style tool scored by generalist primary-school teachers achieved good inter-rater reliability by ICC for overall movement competence, whereas the Functional Movement Screen scored by 20 qualified physiotherapists acting as untrained raters was studied precisely because untrained-rater agreement is a known problem."", ""boxing_specificity"": ""transferred"", ""authority_tier"": 3, ""evidence_tier"": ""EMERGING"", ""tbd_flag"": ""TBD"", ""seeded"": ""2026-08-07""}"
{{PPBF_ORG_ID}},research_program_seed.parameter_undefined,evidence_claim,A2-030,Derive a defensible value for: adaptive/para assessment gap. Currently TBD — no invented number may be used.,Not boxing; not a technical-skill assessment review,VERIFIED EVIDENCE,seeded_from_research_program,LIMITED,partially_verified,open,{{SEED_ACCOUNT_ID}},platform_owner,"{""gap_type"": ""parameter_undefined"", ""capability_key"": ""technical_curriculum"", ""track"": ""A2"", ""topic"": ""adaptive/para assessment gap"", ""claim"": ""A systematic review of impairment and activity-limitation measures for evidence-based classification in para sport concluded that measures with the necessary measurement properties are lacking, presenting significant challenges to building an evidence-based system."", ""boxing_specificity"": ""transferred"", ""authority_tier"": 2, ""evidence_tier"": ""EMERGING"", ""tbd_flag"": ""TBD"", ""seeded"": ""2026-08-07""}"
{{PPBF_ORG_ID}},research_program_seed.hypothesis_untested,evidence_claim,A2-035,"Test the hypothesis: differential learning. Currently reasoning, not evidence.",Authors explicitly flag controversy; small heterogeneous literature; risk of small-study and publication bias; no boxing trial identified,HYPOTHESIS REQUIRING TESTING,seeded_from_research_program,LIMITED,partially_verified,open,{{SEED_ACCOUNT_ID}},platform_owner,"{""gap_type"": ""hypothesis_untested"", ""capability_key"": ""technical_curriculum"", ""track"": ""A2"", ""topic"": ""differential learning"", ""claim"": ""An exploratory meta-analytic review of differential learning found it compared favourably with other motor learning methods in acquisition and retention, but the authors themselves note controversy surrounding the theory and describe the review as exploratory."", ""boxing_specificity"": ""transferred"", ""authority_tier"": 2, ""evidence_tier"": ""EXPERIMENTAL"", ""tbd_flag"": ""NO"", ""seeded"": ""2026-08-07""}"
{{PPBF_ORG_ID}},research_program_seed.evidence_conflicted,evidence_claim,A2-038,Resolve conflicting evidence on: external focus - CONTESTED by publication-bias reanalysis. Sources disagree; PPBF must not present this as settled.,"A reanalysis, not new primary data; bias-adjusted models involve modelling assumptions of their own",CONTESTED PRACTICE,seeded_from_research_program,CONFLICTED,partially_verified,open,{{SEED_ACCOUNT_ID}},platform_owner,"{""gap_type"": ""evidence_conflicted"", ""capability_key"": ""technical_curriculum"", ""track"": ""A2"", ""topic"": ""external focus - CONTESTED by publication-bias reanalysis"", ""claim"": ""A robust Bayesian reanalysis of the external-focus literature, incorporating several plausible models of publication bias, found moderate to strong evidence of publication bias and concluded that the apparent external-focus superiority is substantially attributable to reporting bias."", ""boxing_specificity"": ""transferred"", ""authority_tier"": 2, ""evidence_tier"": ""EXPERIMENTAL"", ""tbd_flag"": ""NO"", ""seeded"": ""2026-08-07""}"
{{PPBF_ORG_ID}},research_program_seed.evidence_conflicted,evidence_claim,A2-041,Resolve conflicting evidence on: feedback frequency - boundary conditions. Sources disagree; PPBF must not present this as settled.,Different tasks; the exceptions do not overturn the guidance hypothesis but bound it,CONTESTED PRACTICE,seeded_from_research_program,CONFLICTED,partially_verified,open,{{SEED_ACCOUNT_ID}},platform_owner,"{""gap_type"": ""evidence_conflicted"", ""capability_key"": ""technical_curriculum"", ""track"": ""A2"", ""topic"": ""feedback frequency - boundary conditions"", ""claim"": ""The reduced-feedback principle has documented exceptions: augmented kinematic feedback in rifle shooting produced group differences only at delayed no-feedback retention tests rather than during acquisition, and separate work reports conditions under which continuous feedback benefits learning of a novel coordination pattern."", ""boxing_specificity"": ""transferred"", ""authority_tier"": 3, ""evidence_tier"": ""EXPERIMENTAL"", ""tbd_flag"": ""NO"", ""seeded"": ""2026-08-07""}"
{{PPBF_ORG_ID}},research_program_seed.evidence_conflicted,evidence_claim,A2-043,Resolve conflicting evidence on: self-controlled feedback - null/contested findings. Sources disagree; PPBF must not present this as settled.,Task-specific; does not negate the meta-analytic retention finding but bounds it,CONTESTED PRACTICE,seeded_from_research_program,CONFLICTED,partially_verified,open,{{SEED_ACCOUNT_ID}},platform_owner,"{""gap_type"": ""evidence_conflicted"", ""capability_key"": ""technical_curriculum"", ""track"": ""A2"", ""topic"": ""self-controlled feedback - null/contested findings"", ""claim"": ""Autonomy-support effects are not robust: a study of a golf putting task found autonomy support and reduced feedback frequency had trivial effects on learning and performance, and a preregistered manipulation found increased perceptions of autonomy through choice failed to enhance motor skill retention."", ""boxing_specificity"": ""transferred"", ""authority_tier"": 3, ""evidence_tier"": ""EXPERIMENTAL"", ""tbd_flag"": ""NO"", ""seeded"": ""2026-08-07""}"
{{PPBF_ORG_ID}},research_program_seed.parameter_undefined,evidence_claim,A2-069,Derive a defensible value for: pad vs bag training demands. Currently TBD — no invented number may be used.,"n=14; physiological outcomes only, not skill or learning outcomes",VERIFIED EVIDENCE,seeded_from_research_program,LIMITED,partially_verified,open,{{SEED_ACCOUNT_ID}},platform_owner,"{""gap_type"": ""parameter_undefined"", ""capability_key"": ""technical_curriculum"", ""track"": ""A2"", ""topic"": ""pad vs bag training demands"", ""claim"": ""Pad-based and bag-based boxing-specific training protocols elicit different physical responses in elite amateur boxers across heart rate, oxygen consumption, blood lactate and RPE during matched 3x3-minute protocols."", ""boxing_specificity"": ""boxing_specific"", ""authority_tier"": 3, ""evidence_tier"": ""EMERGING"", ""tbd_flag"": ""TBD"", ""seeded"": ""2026-08-07""}"
{{PPBF_ORG_ID}},research_program_seed.evidence_conflicted,evidence_claim,A2-075,Resolve conflicting evidence on: headguard policy is contested. Sources disagree; PPBF must not present this as settled.,Policy debate with governing-body and scientific positions not aligned; jurisdictional variation,CONTESTED PRACTICE,seeded_from_research_program,CONFLICTED,partially_verified,open,{{SEED_ACCOUNT_ID}},platform_owner,"{""gap_type"": ""evidence_conflicted"", ""capability_key"": ""technical_curriculum"", ""track"": ""A2"", ""topic"": ""headguard policy is contested"", ""claim"": ""The evidence base for the IBA/AIBA headguard ban is contested: a Current Opinion argues headguards are effective against cuts and lacerations and that there is insufficient evidence supporting headguard bans, while a systematic review of head trauma in boxing assessed headguard efficiency alongside concussion ratios."", ""boxing_specificity"": ""boxing_specific"", ""authority_tier"": 2, ""evidence_tier"": ""EXPERIMENTAL"", ""tbd_flag"": ""NO"", ""seeded"": ""2026-08-07""}"
{{PPBF_ORG_ID}},research_program_seed.evidence_absent,evidence_claim,A2-078,Establish evidence for: acute symptoms and sparring exposure. No adequate source located in the indexed literature.,n=7; exploratory; sensor limitations per A2-077,INSUFFICIENT EVIDENCE,seeded_from_research_program,INSUFFICIENT,unverified,open,{{SEED_ACCOUNT_ID}},platform_owner,"{""gap_type"": ""evidence_absent"", ""capability_key"": ""technical_curriculum"", ""track"": ""A2"", ""topic"": ""acute symptoms and sparring exposure"", ""claim"": ""The acute dose-response relationship between head impact exposure and concussion remains unresolved; an exploratory cohort in seven competitive boxers tracked SCAT5 symptom-scale changes before, immediately after and 48 h after sparring against instrumented-mouthguard impact data."", ""boxing_specificity"": ""boxing_specific"", ""authority_tier"": 3, ""evidence_tier"": ""RESEARCH_NEEDED"", ""tbd_flag"": ""TBD"", ""seeded"": ""2026-08-07""}"
{{PPBF_ORG_ID}},research_program_seed.parameter_undefined,evidence_claim,A2-085,Derive a defensible value for: agility development in youth. Currently TBD — no invented number may be used.,Scoping review; agility definitions vary widely across the included literature,VERIFIED EVIDENCE,seeded_from_research_program,LIMITED,partially_verified,open,{{SEED_ACCOUNT_ID}},platform_owner,"{""gap_type"": ""parameter_undefined"", ""capability_key"": ""technical_curriculum"", ""track"": ""A2"", ""topic"": ""agility development in youth"", ""claim"": ""The development and trainability of agility in youth is under-researched: a pre-registered systematic scoping review was undertaken specifically because the paediatric literature on agility development and trainability is sparse."", ""boxing_specificity"": ""transferred"", ""authority_tier"": 3, ""evidence_tier"": ""EMERGING"", ""tbd_flag"": ""TBD"", ""seeded"": ""2026-08-07""}"
{{PPBF_ORG_ID}},research_program_seed.parameter_undefined,evidence_claim,A2-087,Derive a defensible value for: USA Boxing competition structure. Currently TBD — no invented number may be used.,JURISDICTION-SPECIFIC. Rulebooks are revised; PPBF must verify against the current-year USA Boxing rulebook before encoding any threshold. Secondary web sources disagree in detail with the primary rulebook,VERIFIED EVIDENCE,seeded_from_research_program,LIMITED,partially_verified,open,{{SEED_ACCOUNT_ID}},platform_owner,"{""gap_type"": ""parameter_undefined"", ""capability_key"": ""technical_curriculum"", ""track"": ""A2"", ""topic"": ""USA Boxing competition structure"", ""claim"": ""USA Boxing structures amateur competition by age and experience: boxers aged 15-16 are Junior, 17-18 Youth, with Novice/Open classification by bout count (0-10 bouts Novice within a division), and requires that boxers adhere to the competition rules of the lower age division when divisions cross."", ""boxing_specificity"": ""boxing_specific"", ""authority_tier"": 1, ""evidence_tier"": ""PROVEN"", ""tbd_flag"": ""TBD"", ""seeded"": ""2026-08-07""}"
{{PPBF_ORG_ID}},research_program_seed.evidence_absent,evidence_claim,A2-089,Establish evidence for: boxing technical curriculum has no validated assessment instrument. No adequate source located in the indexed literature.,"Absence in this search is not proof of absence: non-indexed coaching-body assessment materials (USA Boxing coach certification, England Boxing awards) were not systematically retrieved and should be inventoried",INSUFFICIENT EVIDENCE,seeded_from_research_program,INSUFFICIENT,unverified,open,{{SEED_ACCOUNT_ID}},platform_owner,"{""gap_type"": ""evidence_absent"", ""capability_key"": ""technical_curriculum"", ""track"": ""A2"", ""topic"": ""boxing technical curriculum has no validated assessment instrument"", ""claim"": ""No published, reliability-tested, boxing-specific technical skill assessment rubric was identified in this search. The one retrieved boxing technical-acquisition intervention used a 'customized scoring system' with no reported reliability or validity, and the combat-sport test review found most sport-specific test studies were small and under-described."", ""boxing_specificity"": ""boxing_specific"", ""authority_tier"": 5, ""evidence_tier"": ""RESEARCH_NEEDED"", ""tbd_flag"": ""TBD"", ""seeded"": ""2026-08-07""}"
{{PPBF_ORG_ID}},research_program_seed.evidence_absent,evidence_claim,A2-090,Establish evidence for: no evidence base for prerequisite ordering. No adequate source located in the indexed literature.,Absence in this search; part-vs-whole practice literature exists in other domains but was not found applied to boxing technique sequencing,INSUFFICIENT EVIDENCE,seeded_from_research_program,INSUFFICIENT,unverified,open,{{SEED_ACCOUNT_ID}},platform_owner,"{""gap_type"": ""evidence_absent"", ""capability_key"": ""technical_curriculum"", ""track"": ""A2"", ""topic"": ""no evidence base for prerequisite ordering"", ""claim"": ""No study was identified that empirically tests whether stabilising one boxing skill before introducing another improves learning outcomes. All prerequisite relationships in the PPBF technical dependency graph are therefore biomechanically-reasoned or traditional, with the sole partial exception of hand/wrist integrity before power work (grounded in injury epidemiology)."", ""boxing_specificity"": ""boxing_specific"", ""authority_tier"": 5, ""evidence_tier"": ""RESEARCH_NEEDED"", ""tbd_flag"": ""TBD"", ""seeded"": ""2026-08-07""}"
{{PPBF_ORG_ID}},research_program_seed.hypothesis_untested,evidence_claim,A3-031,"Test the hypothesis: Aerobic capacity and competitive ranking. Currently reasoning, not evidence.","n=12, cross-sectional, correlational. CORRELATION IS NOT CAUSATION - no training intervention was tested.",HYPOTHESIS REQUIRING TESTING,seeded_from_research_program,LIMITED,partially_verified,open,{{SEED_ACCOUNT_ID}},platform_owner,"{""gap_type"": ""hypothesis_untested"", ""capability_key"": ""stage_pathway_progression"", ""track"": ""A3"", ""topic"": ""Aerobic capacity and competitive ranking"", ""claim"": ""In 12 boxers from the Lithuanian national team, running speed at the first and second ventilatory thresholds, VO2max and maximal oxygen pulse showed moderate to strong correlations with sport-mastery ranking."", ""boxing_specificity"": ""boxing_specific"", ""authority_tier"": 3, ""evidence_tier"": ""EXPERIMENTAL"", ""tbd_flag"": ""no"", ""seeded"": ""2026-08-07""}"
{{PPBF_ORG_ID}},research_program_seed.evidence_conflicted,evidence_claim,A3-038,Resolve conflicting evidence on: Sparring and brain volumes - competing evidence. Sources disagree; PPBF must not present this as settled.,Cross-sectional; larger volume is not automatically better; motor-skill training is a plausible competing explanation the authors raise; MMA sparring differs from boxing sparring.,CONTESTED PRACTICE,seeded_from_research_program,CONFLICTED,partially_verified,open,{{SEED_ACCOUNT_ID}},platform_owner,"{""gap_type"": ""evidence_conflicted"", ""capability_key"": ""stage_pathway_progression"", ""track"": ""A3"", ""topic"": ""Sparring and brain volumes - competing evidence"", ""claim"": ""In 94 active professional mixed martial arts fighters, a higher number of weekly sparring rounds during typical training was significantly associated with LARGER left (beta 13.5 microlitres per round, 95% CI 2.26-24.8) and right (14.9 microlitres per round, 95% CI 3.64-26.2) caudate volumes, and was not significantly associated with thalamus, putamen, hippocampus or amygdala volumes."", ""boxing_specificity"": ""transferred"", ""authority_tier"": 3, ""evidence_tier"": ""EXPERIMENTAL"", ""tbd_flag"": ""no"", ""seeded"": ""2026-08-07""}"
{{PPBF_ORG_ID}},research_program_seed.parameter_undefined,evidence_claim,A3-043,Derive a defensible value for: Competitive boxing injury - prospective. Currently TBD — no invented number may be used.,Included only as a pointer for the human validation sprint. NO numeric finding is asserted from this record.,VERIFIED EVIDENCE,seeded_from_research_program,LIMITED,partially_verified,open,{{SEED_ACCOUNT_ID}},platform_owner,"{""gap_type"": ""parameter_undefined"", ""capability_key"": ""stage_pathway_progression"", ""track"": ""A3"", ""topic"": ""Competitive boxing injury - prospective"", ""claim"": ""A prospective study of injuries in competitive boxing was published in the International Journal of Sports Medicine in 2014."", ""boxing_specificity"": ""boxing_specific"", ""authority_tier"": 3, ""evidence_tier"": ""EMERGING"", ""tbd_flag"": ""yes"", ""seeded"": ""2026-08-07""}"
{{PPBF_ORG_ID}},research_program_seed.parameter_undefined,evidence_claim,A3-044,Derive a defensible value for: Injury surveillance feasibility. Currently TBD — no invented number may be used.,Included as a directly relevant methods precedent for PPBF's own surveillance design; findings not extracted.,VERIFIED EVIDENCE,seeded_from_research_program,LIMITED,partially_verified,open,{{SEED_ACCOUNT_ID}},platform_owner,"{""gap_type"": ""parameter_undefined"", ""capability_key"": ""stage_pathway_progression"", ""track"": ""A3"", ""topic"": ""Injury surveillance feasibility"", ""claim"": ""A 2025 mixed-methods study examined whether it is feasible to implement an injury surveillance system for amateur boxing events in Australia."", ""boxing_specificity"": ""boxing_specific"", ""authority_tier"": 3, ""evidence_tier"": ""EMERGING"", ""tbd_flag"": ""yes"", ""seeded"": ""2026-08-07""}"
{{PPBF_ORG_ID}},research_program_seed.evidence_absent,evidence_claim,A3-050,Establish evidence for: Retirement decisions after concussion. No adequate source located in the indexed literature.,"The finding is the absence of evidence, which is itself important.",INSUFFICIENT EVIDENCE,seeded_from_research_program,INSUFFICIENT,unverified,open,{{SEED_ACCOUNT_ID}},platform_owner,"{""gap_type"": ""evidence_absent"", ""capability_key"": ""stage_pathway_progression"", ""track"": ""A3"", ""topic"": ""Retirement decisions after concussion"", ""claim"": ""A systematic review of factors relevant to advising athletes about retirement or discontinuation from contact or collision sport after sport-related concussion screened 4,355 articles and included 93, and found that NONE of the included articles directly examined retirement or discontinuation."", ""boxing_specificity"": ""transferred"", ""authority_tier"": 2, ""evidence_tier"": ""RESEARCH_NEEDED"", ""tbd_flag"": ""yes"", ""seeded"": ""2026-08-07""}"
{{PPBF_ORG_ID}},research_program_seed.evidence_conflicted,evidence_claim,A3-056,Resolve conflicting evidence on: Headguard policy - counter-position. Sources disagree; PPBF must not present this as settled.,"Opinion piece, not a systematic review. Represents one side of an active policy dispute.",CONTESTED PRACTICE,seeded_from_research_program,CONFLICTED,partially_verified,open,{{SEED_ACCOUNT_ID}},platform_owner,"{""gap_type"": ""evidence_conflicted"", ""capability_key"": ""stage_pathway_progression"", ""track"": ""A3"", ""topic"": ""Headguard policy - counter-position"", ""claim"": ""A 2025 current-opinion article argues that headguards are effective in protecting against cuts and lacerations, that there is insufficient evidence supporting headguard bans, and that a gap exists in collaboration and communication between the IBA and smaller representative bodies."", ""boxing_specificity"": ""boxing_specific"", ""authority_tier"": 4, ""evidence_tier"": ""EXPERIMENTAL"", ""tbd_flag"": ""no"", ""seeded"": ""2026-08-07""}"
{{PPBF_ORG_ID}},research_program_seed.parameter_undefined,evidence_claim,A3-060,Derive a defensible value for: Concussion prevention strategies. Currently TBD — no invented number may be used.,Listed as a required read for PPBF's prevention design; no numeric finding asserted here.,VERIFIED EVIDENCE,seeded_from_research_program,LIMITED,partially_verified,open,{{SEED_ACCOUNT_ID}},platform_owner,"{""gap_type"": ""parameter_undefined"", ""capability_key"": ""stage_pathway_progression"", ""track"": ""A3"", ""topic"": ""Concussion prevention strategies"", ""claim"": ""A systematic review informing the Amsterdam consensus examined prevention strategies and modifiable risk factors for sport-related concussions and head impacts."", ""boxing_specificity"": ""transferred"", ""authority_tier"": 2, ""evidence_tier"": ""EMERGING"", ""tbd_flag"": ""yes"", ""seeded"": ""2026-08-07""}"
{{PPBF_ORG_ID}},research_program_seed.parameter_undefined,evidence_claim,A3-061,Derive a defensible value for: Concussion education for coaches and parents. Currently TBD — no invented number may be used.,Existence and topic verified; conclusions not extracted.,VERIFIED EVIDENCE,seeded_from_research_program,LIMITED,partially_verified,open,{{SEED_ACCOUNT_ID}},platform_owner,"{""gap_type"": ""parameter_undefined"", ""capability_key"": ""stage_pathway_progression"", ""track"": ""A3"", ""topic"": ""Concussion education for coaches and parents"", ""claim"": ""A systematic review examined the effectiveness of concussion education programmes for coaches and parents of youth athletes."", ""boxing_specificity"": ""transferred"", ""authority_tier"": 2, ""evidence_tier"": ""EMERGING"", ""tbd_flag"": ""yes"", ""seeded"": ""2026-08-07""}"
{{PPBF_ORG_ID}},research_program_seed.evidence_conflicted,evidence_claim,A3-063,Resolve conflicting evidence on: LTAD model critique. Sources disagree; PPBF must not present this as settled.,"A critique, not an empirical test. LTAD's general principles (individualise, account for maturation) remain defensible.",CONTESTED PRACTICE,seeded_from_research_program,CONFLICTED,partially_verified,open,{{SEED_ACCOUNT_ID}},platform_owner,"{""gap_type"": ""evidence_conflicted"", ""capability_key"": ""stage_pathway_progression"", ""track"": ""A3"", ""topic"": ""LTAD model critique"", ""claim"": ""A critical review of the Long-Term Athlete Development model found a number of problems not necessarily transparent to coaches: the model is one-dimensional and primarily physiological, there is a lack of empirical evidence on which it is based, interpretations are restricted because the underlying data rely on questionable assumptions and erroneous methodologies, and it is a generic model rather than an individualised plan; the authors argue it should be seen as a work in progress."", ""boxing_specificity"": ""transferred"", ""authority_tier"": 3, ""evidence_tier"": ""EXPERIMENTAL"", ""tbd_flag"": ""no"", ""seeded"": ""2026-08-07""}"
{{PPBF_ORG_ID}},research_program_seed.parameter_undefined,evidence_claim,A3-067,Derive a defensible value for: Youth specialisation guidelines - lack of consensus. Currently TBD — no invented number may be used.,Guidelines published 2000-2018; boxing not among the sports reviewed.,VERIFIED EVIDENCE,seeded_from_research_program,LIMITED,partially_verified,open,{{SEED_ACCOUNT_ID}},platform_owner,"{""gap_type"": ""parameter_undefined"", ""capability_key"": ""stage_pathway_progression"", ""track"": ""A3"", ""topic"": ""Youth specialisation guidelines - lack of consensus"", ""claim"": ""A systematic review of 23 sport-organisation guidelines across soccer, basketball, ice hockey and swimming found consensus on only 2 of 15 framework items - emphasis on early skill development and access to well-trained coaches - with volume recommendations inconsistent between and within sports and no group proposing methods to monitor athlete wellbeing."", ""boxing_specificity"": ""transferred"", ""authority_tier"": 1, ""evidence_tier"": ""EMERGING"", ""tbd_flag"": ""yes"", ""seeded"": ""2026-08-07""}"
{{PPBF_ORG_ID}},research_program_seed.parameter_undefined,evidence_claim,A3-076,Derive a defensible value for: Neuromuscular training injury prevention. Currently TBD — no invented number may be used.,"Effect magnitude not extracted here; team-sport dominated; boxing-specific injury patterns (upper limb in training, head/neck in competition) differ.",VERIFIED EVIDENCE,seeded_from_research_program,LIMITED,partially_verified,open,{{SEED_ACCOUNT_ID}},platform_owner,"{""gap_type"": ""parameter_undefined"", ""capability_key"": ""stage_pathway_progression"", ""track"": ""A3"", ""topic"": ""Neuromuscular training injury prevention"", ""claim"": ""A systematic review and meta-analysis found neuromuscular training injury prevention strategies are effective in youth sport."", ""boxing_specificity"": ""transferred"", ""authority_tier"": 2, ""evidence_tier"": ""EMERGING"", ""tbd_flag"": ""yes"", ""seeded"": ""2026-08-07""}"
{{PPBF_ORG_ID}},research_program_seed.parameter_undefined,evidence_claim,A3-077,Derive a defensible value for: Neuromuscular training dose-response. Currently TBD — no invented number may be used.,Numbers not extracted; must be read before PPBF sets a neuromuscular training dose.,VERIFIED EVIDENCE,seeded_from_research_program,LIMITED,partially_verified,open,{{SEED_ACCOUNT_ID}},platform_owner,"{""gap_type"": ""parameter_undefined"", ""capability_key"": ""stage_pathway_progression"", ""track"": ""A3"", ""topic"": ""Neuromuscular training dose-response"", ""claim"": ""A meta-analysis examined the dose-response relationship of neuromuscular training for injury prevention in youth athletes."", ""boxing_specificity"": ""transferred"", ""authority_tier"": 2, ""evidence_tier"": ""EMERGING"", ""tbd_flag"": ""yes"", ""seeded"": ""2026-08-07""}"
{{PPBF_ORG_ID}},research_program_seed.evidence_conflicted,evidence_claim,A3-079,Resolve conflicting evidence on: Deliberate practice in sport. Sources disagree; PPBF must not present this as settled.,An active academic dispute. PPBF should not adopt either extreme position.,CONTESTED PRACTICE,seeded_from_research_program,CONFLICTED,partially_verified,open,{{SEED_ACCOUNT_ID}},platform_owner,"{""gap_type"": ""evidence_conflicted"", ""capability_key"": ""stage_pathway_progression"", ""track"": ""A3"", ""topic"": ""Deliberate practice in sport"", ""claim"": ""A meta-analysis of the relationship between deliberate practice and performance specifically in sports was published in Perspectives on Psychological Science in 2016, alongside a published reply and commentary reflecting active scientific disagreement."", ""boxing_specificity"": ""transferred"", ""authority_tier"": 2, ""evidence_tier"": ""EXPERIMENTAL"", ""tbd_flag"": ""no"", ""seeded"": ""2026-08-07""}"
{{PPBF_ORG_ID}},research_program_seed.parameter_undefined,evidence_claim,A3-083,Derive a defensible value for: Tapering - earlier meta-analysis. Currently TBD — no invented number may be used.,2007; parameters not extracted here. Read before quoting a taper duration from it.,VERIFIED EVIDENCE,seeded_from_research_program,LIMITED,partially_verified,open,{{SEED_ACCOUNT_ID}},platform_owner,"{""gap_type"": ""parameter_undefined"", ""capability_key"": ""stage_pathway_progression"", ""track"": ""A3"", ""topic"": ""Tapering - earlier meta-analysis"", ""claim"": ""A meta-analysis of the effects of tapering on performance examined 27 studies in competitive athletes against competition or field-based performance outcomes."", ""boxing_specificity"": ""transferred"", ""authority_tier"": 2, ""evidence_tier"": ""EMERGING"", ""tbd_flag"": ""yes"", ""seeded"": ""2026-08-07""}"
{{PPBF_ORG_ID}},research_program_seed.hypothesis_untested,evidence_claim,A3-085,"Test the hypothesis: Periodisation model comparison. Currently reasoning, not evidence.",n=13 TOTAL. Severely underpowered to detect a difference between models. A null result here means nothing.,HYPOTHESIS REQUIRING TESTING,seeded_from_research_program,LIMITED,partially_verified,open,{{SEED_ACCOUNT_ID}},platform_owner,"{""gap_type"": ""hypothesis_untested"", ""capability_key"": ""stage_pathway_progression"", ""track"": ""A3"", ""topic"": ""Periodisation model comparison"", ""claim"": ""A study comparing linear and daily undulating periodisation of strength training concurrent with judo training over 8 weeks in 13 adult male judo athletes (6 linear, 7 undulating) found strength improvements with both models."", ""boxing_specificity"": ""transferred"", ""authority_tier"": 3, ""evidence_tier"": ""EXPERIMENTAL"", ""tbd_flag"": ""yes"", ""seeded"": ""2026-08-07""}"
{{PPBF_ORG_ID}},research_program_seed.parameter_undefined,evidence_claim,A3-087,Derive a defensible value for: HIIT in combat sports. Currently TBD — no invented number may be used.,Effect magnitudes not extracted; heterogeneous sports and protocols; small total sample.,VERIFIED EVIDENCE,seeded_from_research_program,LIMITED,partially_verified,open,{{SEED_ACCOUNT_ID}},platform_owner,"{""gap_type"": ""parameter_undefined"", ""capability_key"": ""stage_pathway_progression"", ""track"": ""A3"", ""topic"": ""HIIT in combat sports"", ""claim"": ""A systematic review with meta-analysis of high-intensity interval training in combat sport athletes included 12 studies with 255 subjects and reported aerobic, anaerobic and anthropometric outcomes."", ""boxing_specificity"": ""partly_boxing_specific"", ""authority_tier"": 2, ""evidence_tier"": ""EMERGING"", ""tbd_flag"": ""yes"", ""seeded"": ""2026-08-07""}"
{{PPBF_ORG_ID}},research_program_seed.parameter_undefined,evidence_claim,A3-088,Derive a defensible value for: HIIT in Olympic combat sports. Currently TBD — no invented number may be used.,Estimates not extracted here.,VERIFIED EVIDENCE,seeded_from_research_program,LIMITED,partially_verified,open,{{SEED_ACCOUNT_ID}},platform_owner,"{""gap_type"": ""parameter_undefined"", ""capability_key"": ""stage_pathway_progression"", ""track"": ""A3"", ""topic"": ""HIIT in Olympic combat sports"", ""claim"": ""A separate systematic review examined the effects of high-intensity interval training on Olympic combat sports athletes' performance and physiological adaptation."", ""boxing_specificity"": ""partly_boxing_specific"", ""authority_tier"": 2, ""evidence_tier"": ""EMERGING"", ""tbd_flag"": ""yes"", ""seeded"": ""2026-08-07""}"
{{PPBF_ORG_ID}},research_program_seed.parameter_undefined,evidence_claim,A3-091,Derive a defensible value for: Interval vs continuous training. Currently TBD — no invented number may be used.,Non-athletic population; trained athletes respond differently.,VERIFIED EVIDENCE,seeded_from_research_program,LIMITED,partially_verified,open,{{SEED_ACCOUNT_ID}},platform_owner,"{""gap_type"": ""parameter_undefined"", ""capability_key"": ""stage_pathway_progression"", ""track"": ""A3"", ""topic"": ""Interval vs continuous training"", ""claim"": ""A systematic review and meta-analysis of 28 controlled trials with 723 participants compared high-intensity interval training with continuous endurance training for VO2max improvement in healthy young to middle-aged adults."", ""boxing_specificity"": ""transferred"", ""authority_tier"": 2, ""evidence_tier"": ""EMERGING"", ""tbd_flag"": ""yes"", ""seeded"": ""2026-08-07""}"
{{PPBF_ORG_ID}},research_program_seed.parameter_undefined,evidence_claim,A3-092,Derive a defensible value for: Short sprint interval training. Currently TBD — no invented number may be used.,Estimates not extracted; population heterogeneous.,VERIFIED EVIDENCE,seeded_from_research_program,LIMITED,partially_verified,open,{{SEED_ACCOUNT_ID}},platform_owner,"{""gap_type"": ""parameter_undefined"", ""capability_key"": ""stage_pathway_progression"", ""track"": ""A3"", ""topic"": ""Short sprint interval training"", ""claim"": ""A systematic review and meta-analysis of short sprint interval training (efforts of 10 seconds or less) examined effects on VO2max and aerobic and anaerobic indices across 18 studies."", ""boxing_specificity"": ""transferred"", ""authority_tier"": 2, ""evidence_tier"": ""EMERGING"", ""tbd_flag"": ""yes"", ""seeded"": ""2026-08-07""}"
{{PPBF_ORG_ID}},research_program_seed.parameter_undefined,evidence_claim,A3-093,Derive a defensible value for: Strength dose-response. Currently TBD — no invented number may be used.,2003; superseded in part by more recent dose-response modelling (A3-093). Not boxing-specific.,VERIFIED EVIDENCE,seeded_from_research_program,LIMITED,partially_verified,open,{{SEED_ACCOUNT_ID}},platform_owner,"{""gap_type"": ""parameter_undefined"", ""capability_key"": ""stage_pathway_progression"", ""track"": ""A3"", ""topic"": ""Strength dose-response"", ""claim"": ""A meta-analysis determined the dose response for strength development."", ""boxing_specificity"": ""transferred"", ""authority_tier"": 2, ""evidence_tier"": ""EMERGING"", ""tbd_flag"": ""yes"", ""seeded"": ""2026-08-07""}"
{{PPBF_ORG_ID}},research_program_seed.parameter_undefined,evidence_claim,A3-094,Derive a defensible value for: Resistance exercise dose-response. Currently TBD — no invented number may be used.,Not boxing-specific; parameters not extracted.,VERIFIED EVIDENCE,seeded_from_research_program,LIMITED,partially_verified,open,{{SEED_ACCOUNT_ID}},platform_owner,"{""gap_type"": ""parameter_undefined"", ""capability_key"": ""stage_pathway_progression"", ""track"": ""A3"", ""topic"": ""Resistance exercise dose-response"", ""claim"": ""A meta-analysis modelled dose-response relationships of resistance exercise across outcome domains in strength and conditioning."", ""boxing_specificity"": ""transferred"", ""authority_tier"": 2, ""evidence_tier"": ""EMERGING"", ""tbd_flag"": ""yes"", ""seeded"": ""2026-08-07""}"
{{PPBF_ORG_ID}},research_program_seed.parameter_undefined,evidence_claim,A3-095,Derive a defensible value for: Resistance training frequency. Currently TBD — no invented number may be used.,"Hypertrophy outcome, which is not boxing's primary S&C goal (strength and RFD are).",VERIFIED EVIDENCE,seeded_from_research_program,LIMITED,partially_verified,open,{{SEED_ACCOUNT_ID}},platform_owner,"{""gap_type"": ""parameter_undefined"", ""capability_key"": ""stage_pathway_progression"", ""track"": ""A3"", ""topic"": ""Resistance training frequency"", ""claim"": ""A systematic review and meta-analysis examined how many times per week a muscle should be trained to maximise muscle hypertrophy."", ""boxing_specificity"": ""transferred"", ""authority_tier"": 2, ""evidence_tier"": ""EMERGING"", ""tbd_flag"": ""yes"", ""seeded"": ""2026-08-07""}"
{{PPBF_ORG_ID}},research_program_seed.parameter_undefined,evidence_claim,A3-096,Derive a defensible value for: Detraining. Currently TBD — no invented number may be used.,2000; endurance-focused; no boxing return-to-training protocol exists in the literature.,VERIFIED EVIDENCE,seeded_from_research_program,LIMITED,partially_verified,open,{{SEED_ACCOUNT_ID}},platform_owner,"{""gap_type"": ""parameter_undefined"", ""capability_key"": ""stage_pathway_progression"", ""track"": ""A3"", ""topic"": ""Detraining"", ""claim"": ""A review of short-term insufficient training stimulus (under 4 weeks) reported that in highly trained athletes it produces a rapid decline in VO2max and blood volume, reduced maximal cardiac output, impaired ventilatory efficiency and reduced endurance performance, with increased reliance on carbohydrate metabolism and a lowered lactate threshold, while changes are more moderate in recently trained individuals."", ""boxing_specificity"": ""transferred"", ""authority_tier"": 4, ""evidence_tier"": ""EXPERIMENTAL"", ""tbd_flag"": ""yes"", ""seeded"": ""2026-08-07""}"
{{PPBF_ORG_ID}},research_program_seed.evidence_conflicted,evidence_claim,A3-103,Resolve conflicting evidence on: ACWR and injury - systematic review. Sources disagree; PPBF must not present this as settled.,Team sports; no boxing data.,CONTESTED PRACTICE,seeded_from_research_program,CONFLICTED,partially_verified,open,{{SEED_ACCOUNT_ID}},platform_owner,"{""gap_type"": ""evidence_conflicted"", ""capability_key"": ""stage_pathway_progression"", ""track"": ""A3"", ""topic"": ""ACWR and injury - systematic review"", ""claim"": ""A systematic review of the acute:chronic workload ratio and time-loss injury in adult elite team sports included studies covering 2,375 injuries in 1,234 athletes and found methodological heterogeneity and inconsistent risk estimates across studies."", ""boxing_specificity"": ""transferred"", ""authority_tier"": 2, ""evidence_tier"": ""EXPERIMENTAL"", ""tbd_flag"": ""no"", ""seeded"": ""2026-08-07""}"
{{PPBF_ORG_ID}},research_program_seed.parameter_undefined,evidence_claim,A3-110,Derive a defensible value for: Overtraining / overreaching. Currently TBD — no invented number may be used.,Included only as a reading pointer. No finding is asserted.,VERIFIED EVIDENCE,seeded_from_research_program,LIMITED,partially_verified,open,{{SEED_ACCOUNT_ID}},platform_owner,"{""gap_type"": ""parameter_undefined"", ""capability_key"": ""stage_pathway_progression"", ""track"": ""A3"", ""topic"": ""Overtraining / overreaching"", ""claim"": ""A 2020 publication addressed overtraining syndrome or related overreaching and recovery concepts in athletes."", ""boxing_specificity"": ""transferred"", ""authority_tier"": 3, ""evidence_tier"": ""EMERGING"", ""tbd_flag"": ""yes"", ""seeded"": ""2026-08-07""}"
{{PPBF_ORG_ID}},research_program_seed.parameter_undefined,evidence_claim,A3-111,Derive a defensible value for: Professional career descriptive data. Currently TBD — no invented number may be used.,"Single division, male, elite professional. Not generalisable to PPBF's population.",VERIFIED EVIDENCE,seeded_from_research_program,LIMITED,partially_verified,open,{{SEED_ACCOUNT_ID}},platform_owner,"{""gap_type"": ""parameter_undefined"", ""capability_key"": ""stage_pathway_progression"", ""track"": ""A3"", ""topic"": ""Professional career descriptive data"", ""claim"": ""A descriptive analysis of the male heavyweight division examined World Heavyweight Championship boxing over the past 30-plus years."", ""boxing_specificity"": ""boxing_specific"", ""authority_tier"": 3, ""evidence_tier"": ""EMERGING"", ""tbd_flag"": ""yes"", ""seeded"": ""2026-08-07""}"
{{PPBF_ORG_ID}},research_program_seed.evidence_absent,evidence_claim,A3-112,Establish evidence for: TBD - safe sparring dose. No adequate source located in the indexed literature.,"Available evidence is cross-sectional and associational, in professionals, using self-reported exposure, with sensor-based measurement shown to be unreliable in boxing.",INSUFFICIENT EVIDENCE,seeded_from_research_program,INSUFFICIENT,unverified,open,{{SEED_ACCOUNT_ID}},platform_owner,"{""gap_type"": ""evidence_absent"", ""capability_key"": ""stage_pathway_progression"", ""track"": ""A3"", ""topic"": ""TBD - safe sparring dose"", ""claim"": ""No evidence-based safe sparring dose (rounds per week, rounds per session, or cumulative rounds) exists for any boxing population. PPBF must not publish one."", ""boxing_specificity"": ""boxing_specific"", ""authority_tier"": 3, ""evidence_tier"": ""RESEARCH_NEEDED"", ""tbd_flag"": ""yes"", ""seeded"": ""2026-08-07""}"
{{PPBF_ORG_ID}},research_program_seed.hypothesis_untested,evidence_claim,A3-113,"Test the hypothesis: PROPOSED PPBF PARAMETER - session frequency ranges. Currently reasoning, not evidence.","No boxing frequency dose-response study was found. Ranges were set to be operationally plausible for a community club, not derived from data.",HYPOTHESIS REQUIRING TESTING,seeded_from_research_program,LIMITED,partially_verified,open,{{SEED_ACCOUNT_ID}},platform_owner,"{""gap_type"": ""hypothesis_untested"", ""capability_key"": ""stage_pathway_progression"", ""track"": ""A3"", ""topic"": ""PROPOSED PPBF PARAMETER - session frequency ranges"", ""claim"": ""The sessions-per-week and session-length ranges given in stage_and_pathway_matrix.csv (e.g. 2-4 sessions of 45-75 min at S01; 4-6 sessions of 60-120 min at S05) are PROPOSED PPBF PARAMETERS - ASSUMPTIONS, REQUIRING VALIDATION. No study prescribes training frequency for any boxing stage."", ""boxing_specificity"": ""boxing_specific"", ""authority_tier"": 4, ""evidence_tier"": ""EXPERIMENTAL"", ""tbd_flag"": ""yes"", ""seeded"": ""2026-08-07""}"
{{PPBF_ORG_ID}},research_program_seed.parameter_undefined,evidence_claim,A3-114,Derive a defensible value for: PROPOSED PPBF PARAMETER - technical:tactical:physical splits. Currently TBD — no invented number may be used.,"Direction of change (technical-heavy early, tactical-heavy later) is consistent with skill-acquisition principles but the specific numbers are invented for planning purposes.",COACHING/FILM-STUDY INTERPRETATION,seeded_from_research_program,LIMITED,partially_verified,open,{{SEED_ACCOUNT_ID}},platform_owner,"{""gap_type"": ""parameter_undefined"", ""capability_key"": ""stage_pathway_progression"", ""track"": ""A3"", ""topic"": ""PROPOSED PPBF PARAMETER - technical:tactical:physical splits"", ""claim"": ""The technical/tactical/physical percentage allocations by stage are PROPOSED PPBF PARAMETERS - ASSUMPTIONS, REQUIRING VALIDATION. No study prescribes these ratios in boxing."", ""boxing_specificity"": ""boxing_specific"", ""authority_tier"": 4, ""evidence_tier"": ""EXPERIMENTAL"", ""tbd_flag"": ""yes"", ""seeded"": ""2026-08-07""}"
{{PPBF_ORG_ID}},research_program_seed.parameter_undefined,evidence_claim,A3-115,Derive a defensible value for: PROPOSED PPBF PARAMETER - warm-up floor and cut order. Currently TBD — no invented number may be used.,"The floor is a compression of a 12-minute team-sport protocol; it has not been tested at 8 minutes, in boxing, or against injury outcomes.",STRONG EVIDENCE-SUPPORTED INFERENCE,seeded_from_research_program,LIMITED,partially_verified,open,{{SEED_ACCOUNT_ID}},platform_owner,"{""gap_type"": ""parameter_undefined"", ""capability_key"": ""stage_pathway_progression"", ""track"": ""A3"", ""topic"": ""PROPOSED PPBF PARAMETER - warm-up floor and cut order"", ""claim"": ""The 8-minute warm-up floor and the fixed cut order (conditioning first, then drill volume, then technical volume, then sparring, then warm-up to the floor, never check-in or review) are PROPOSED PPBF PARAMETERS - ASSUMPTIONS, REQUIRES VALIDATION."", ""boxing_specificity"": ""transferred"", ""authority_tier"": 3, ""evidence_tier"": ""EMERGING"", ""tbd_flag"": ""yes"", ""seeded"": ""2026-08-07""}"
{{PPBF_ORG_ID}},research_program_seed.parameter_undefined,evidence_claim,A3-116,Derive a defensible value for: PROPOSED PPBF PARAMETER - regulatory review cadence. Currently TBD — no invented number may be used.,England Boxing and Boxing Canada revision cadences were not established. A single annual window may be too slow for some bodies.,STRONG EVIDENCE-SUPPORTED INFERENCE,seeded_from_research_program,LIMITED,partially_verified,open,{{SEED_ACCOUNT_ID}},platform_owner,"{""gap_type"": ""parameter_undefined"", ""capability_key"": ""stage_pathway_progression"", ""track"": ""A3"", ""topic"": ""PROPOSED PPBF PARAMETER - regulatory review cadence"", ""claim"": ""A 12-month review_due_on window for stored regulatory rule rows is a PROPOSED PPBF PARAMETER - ASSUMPTION, REQUIRES VALIDATION, chosen because USA Boxing rulebook editions were observed with effective dates of 1 January 2024, 2025 and 2026, matching an annual publication rhythm."", ""boxing_specificity"": ""boxing_specific"", ""authority_tier"": 1, ""evidence_tier"": ""EMERGING"", ""tbd_flag"": ""yes"", ""seeded"": ""2026-08-07""}"
{{PPBF_ORG_ID}},research_program_seed.hypothesis_untested,evidence_claim,A4-016,"Test the hypothesis: Anxiety — catastrophe model. Currently reasoning, not evidence.",Difficult to test; results inconsistent; parameter estimation contested,HYPOTHESIS REQUIRING TESTING,seeded_from_research_program,LIMITED,partially_verified,open,{{SEED_ACCOUNT_ID}},platform_owner,"{""gap_type"": ""hypothesis_untested"", ""capability_key"": ""psychology_motivation"", ""track"": ""A4"", ""topic"": ""Anxiety — catastrophe model"", ""claim"": ""Catastrophe models predict that under high cognitive anxiety, increasing physiological arousal can produce a sudden rather than gradual performance drop, with hysteresis on recovery."", ""boxing_specificity"": ""transferred"", ""authority_tier"": 3, ""evidence_tier"": ""EXPERIMENTAL"", ""tbd_flag"": ""No"", ""seeded"": ""2026-08-07""}"
{{PPBF_ORG_ID}},research_program_seed.parameter_undefined,evidence_claim,A4-027,Derive a defensible value for: Psychological skills — pooled. Currently TBD — no invented number may be used.,Heterogeneous interventions and outcomes; many small studies,VERIFIED EVIDENCE,seeded_from_research_program,LIMITED,partially_verified,open,{{SEED_ACCOUNT_ID}},platform_owner,"{""gap_type"": ""parameter_undefined"", ""capability_key"": ""psychology_motivation"", ""track"": ""A4"", ""topic"": ""Psychological skills — pooled"", ""claim"": ""Meta-analysis of psychological and psychosocial interventions reports overall positive effects on sport performance."", ""boxing_specificity"": ""transferred"", ""authority_tier"": 2, ""evidence_tier"": ""EMERGING"", ""tbd_flag"": ""Yes"", ""seeded"": ""2026-08-07""}"
{{PPBF_ORG_ID}},research_program_seed.parameter_undefined,evidence_claim,A4-029,Derive a defensible value for: Attention — quiet eye. Currently TBD — no invented number may be used.,Dominated by targeting tasks; causal training effects less established than correlational differences,VERIFIED EVIDENCE,seeded_from_research_program,LIMITED,partially_verified,open,{{SEED_ACCOUNT_ID}},platform_owner,"{""gap_type"": ""parameter_undefined"", ""capability_key"": ""psychology_motivation"", ""track"": ""A4"", ""topic"": ""Attention — quiet eye"", ""claim"": ""Meta-analysis reports longer quiet-eye durations in experts and in successful performance attempts."", ""boxing_specificity"": ""transferred"", ""authority_tier"": 2, ""evidence_tier"": ""EMERGING"", ""tbd_flag"": ""Yes"", ""seeded"": ""2026-08-07""}"
{{PPBF_ORG_ID}},research_program_seed.evidence_conflicted,evidence_claim,A4-035,Resolve conflicting evidence on: Goal setting — side effects. Sources disagree; PPBF must not present this as settled.,Contested; rebutted by Locke & Latham; case-based reasoning,CONTESTED PRACTICE,seeded_from_research_program,CONFLICTED,partially_verified,open,{{SEED_ACCOUNT_ID}},platform_owner,"{""gap_type"": ""evidence_conflicted"", ""capability_key"": ""psychology_motivation"", ""track"": ""A4"", ""topic"": ""Goal setting — side effects"", ""claim"": ""Influential critique argues over-prescribed goal setting can produce systematic side effects including narrowed focus, unethical behaviour, risk distortion and reduced intrinsic motivation."", ""boxing_specificity"": ""transferred"", ""authority_tier"": 3, ""evidence_tier"": ""EXPERIMENTAL"", ""tbd_flag"": ""No"", ""seeded"": ""2026-08-07""}"
{{PPBF_ORG_ID}},research_program_seed.parameter_undefined,evidence_claim,A4-048,Derive a defensible value for: Fear and return after injury. Currently TBD — no invented number may be used.,Knee-injury specific; cannot be applied to concussion or knockout return,VERIFIED EVIDENCE,seeded_from_research_program,LIMITED,partially_verified,open,{{SEED_ACCOUNT_ID}},platform_owner,"{""gap_type"": ""parameter_undefined"", ""capability_key"": ""psychology_motivation"", ""track"": ""A4"", ""topic"": ""Fear and return after injury"", ""claim"": ""Systematic review and meta-analysis found psychological readiness (including fear of reinjury) is associated with returning to sport after ACL reconstruction."", ""boxing_specificity"": ""transferred"", ""authority_tier"": 2, ""evidence_tier"": ""EMERGING"", ""tbd_flag"": ""Yes"", ""seeded"": ""2026-08-07""}"
{{PPBF_ORG_ID}},research_program_seed.parameter_undefined,evidence_claim,A4-049,Derive a defensible value for: Fear — measurement. Currently TBD — no invented number may be used.,Injury-site specific; not transferable to combat-sport fear without new validation,VERIFIED EVIDENCE,seeded_from_research_program,LIMITED,partially_verified,open,{{SEED_ACCOUNT_ID}},platform_owner,"{""gap_type"": ""parameter_undefined"", ""capability_key"": ""psychology_motivation"", ""track"": ""A4"", ""topic"": ""Fear — measurement"", ""claim"": ""The ACL-RSI scale was developed and preliminarily validated to measure the psychological impact of returning to sport after ACL reconstruction."", ""boxing_specificity"": ""transferred"", ""authority_tier"": 3, ""evidence_tier"": ""EMERGING"", ""tbd_flag"": ""Yes"", ""seeded"": ""2026-08-07""}"
{{PPBF_ORG_ID}},research_program_seed.evidence_absent,evidence_claim,A4-051,Establish evidence for: Fear after knockout / loss. No adequate source located in the indexed literature.,"Searches across PubMed, OpenAlex and Crossref did not surface a controlled or systematically reviewed body of work on this question",INSUFFICIENT EVIDENCE,seeded_from_research_program,INSUFFICIENT,unverified,open,{{SEED_ACCOUNT_ID}},platform_owner,"{""gap_type"": ""evidence_absent"", ""capability_key"": ""psychology_motivation"", ""track"": ""A4"", ""topic"": ""Fear after knockout / loss"", ""claim"": ""No adequate peer-reviewed evidence base was located quantifying psychological sequelae of knockout or heavy defeat in boxing, or specifying safe psychological return criteria."", ""boxing_specificity"": ""boxing_specific"", ""authority_tier"": 5, ""evidence_tier"": ""RESEARCH_NEEDED"", ""tbd_flag"": ""Yes"", ""seeded"": ""2026-08-07""}"
{{PPBF_ORG_ID}},research_program_seed.evidence_conflicted,evidence_claim,A4-054,Resolve conflicting evidence on: Aggression — traditional vs modern training. Sources disagree; PPBF must not present this as settled.,Dated; small samples; non-random assignment; self-selection strongly plausible; not replicated to modern standards,CONTESTED PRACTICE,seeded_from_research_program,CONFLICTED,partially_verified,open,{{SEED_ACCOUNT_ID}},platform_owner,"{""gap_type"": ""evidence_conflicted"", ""capability_key"": ""psychology_motivation"", ""track"": ""A4"", ""topic"": ""Aggression — traditional vs modern training"", ""claim"": ""Early studies reported that traditional martial arts training (with explicit philosophical/ethical instruction) was associated with lower aggressiveness, whereas modern/sport-only training was not."", ""boxing_specificity"": ""transferred"", ""authority_tier"": 3, ""evidence_tier"": ""EXPERIMENTAL"", ""tbd_flag"": ""No"", ""seeded"": ""2026-08-07""}"
{{PPBF_ORG_ID}},research_program_seed.hypothesis_untested,evidence_claim,A4-069,"Test the hypothesis: Safeguarding — trauma-informed practice. Currently reasoning, not evidence.",Early-stage literature; outcome evidence for athlete benefit not established,HYPOTHESIS REQUIRING TESTING,seeded_from_research_program,LIMITED,partially_verified,open,{{SEED_ACCOUNT_ID}},platform_owner,"{""gap_type"": ""hypothesis_untested"", ""capability_key"": ""psychology_motivation"", ""track"": ""A4"", ""topic"": ""Safeguarding — trauma-informed practice"", ""claim"": ""Work on trauma-informed approaches in sport coaching is emerging; it is largely conceptual and practice-oriented rather than an evaluated intervention literature."", ""boxing_specificity"": ""transferred"", ""authority_tier"": 3, ""evidence_tier"": ""EXPERIMENTAL"", ""tbd_flag"": ""Yes"", ""seeded"": ""2026-08-07""}"
{{PPBF_ORG_ID}},research_program_seed.parameter_undefined,evidence_claim,A4-093,Derive a defensible value for: Athlete strain screening instrument. Currently TBD — no invented number may be used.,Initial validation in male elite athletes; not a diagnostic tool; youth applicability unestablished,VERIFIED EVIDENCE,seeded_from_research_program,LIMITED,partially_verified,open,{{SEED_ACCOUNT_ID}},platform_owner,"{""gap_type"": ""parameter_undefined"", ""capability_key"": ""psychology_motivation"", ""track"": ""A4"", ""topic"": ""Athlete strain screening instrument"", ""claim"": ""The Athlete Psychological Strain Questionnaire is a brief sport-specific screening measure of athlete mental health strain, with initial validation in male elite athletes and subsequent cross-cultural validations."", ""boxing_specificity"": ""transferred"", ""authority_tier"": 3, ""evidence_tier"": ""EMERGING"", ""tbd_flag"": ""Yes"", ""seeded"": ""2026-08-07""}"
{{PPBF_ORG_ID}},research_program_seed.evidence_conflicted,evidence_claim,A4-095,Resolve conflicting evidence on: Mental toughness — construct critique. Sources disagree; PPBF must not present this as settled.,Active scholarly dispute; some commercial instruments have weak published support,CONTESTED PRACTICE,seeded_from_research_program,CONFLICTED,partially_verified,open,{{SEED_ACCOUNT_ID}},platform_owner,"{""gap_type"": ""evidence_conflicted"", ""capability_key"": ""psychology_motivation"", ""track"": ""A4"", ""topic"": ""Mental toughness — construct critique"", ""claim"": ""Measurement of mental toughness has been substantively critiqued, with disputes over dimensionality and the validity of widely marketed instruments."", ""boxing_specificity"": ""transferred"", ""authority_tier"": 3, ""evidence_tier"": ""EXPERIMENTAL"", ""tbd_flag"": ""No"", ""seeded"": ""2026-08-07""}"
{{PPBF_ORG_ID}},research_program_seed.parameter_undefined,evidence_claim,A5-017,Derive a defensible value for: Core/trunk strength training in striking combat sports. Currently TBD — no invented number may be used.,"Systematic review without meta-analysis in the reported abstract; included sports differ substantially in the striking task; 'core strength training' is a heterogeneous, poorly standardised intervention category; CNKI inclusion introduces language/indexing heterogeneity.",STRONG EVIDENCE-SUPPORTED INFERENCE,seeded_from_research_program,LIMITED,partially_verified,open,{{SEED_ACCOUNT_ID}},platform_owner,"{""gap_type"": ""parameter_undefined"", ""capability_key"": ""physical_preparation"", ""track"": ""A5"", ""topic"": ""Core/trunk strength training in striking combat sports"", ""claim"": ""A systematic review of core strength training in striking combat sports (karate, taekwondo, boxing, Chinese martial arts, Muay Thai) examined effects on kick count, striking force and impact speed."", ""boxing_specificity"": ""partly_boxing_specific"", ""authority_tier"": 2, ""evidence_tier"": ""EMERGING"", ""tbd_flag"": ""TBD"", ""seeded"": ""2026-08-07""}"
{{PPBF_ORG_ID}},research_program_seed.parameter_undefined,evidence_claim,A5-018,Derive a defensible value for: Landmine punch throw — reliable load-velocity assessment in boxers. Currently TBD — no invented number may be used.,"Intra-session reliability only (no between-session data); small n; requires a linear position transducer, which many community gyms lack.",VERIFIED EVIDENCE,seeded_from_research_program,LIMITED,partially_verified,open,{{SEED_ACCOUNT_ID}},platform_owner,"{""gap_type"": ""parameter_undefined"", ""capability_key"": ""physical_preparation"", ""track"": ""A5"", ""topic"": ""Landmine punch throw — reliable load-velocity assessment in boxers"", ""claim"": ""In 14 boxers, three landmine-punch-throw variations (seated without trunk rotation, seated with rotation, standing whole body) at 20, 22.5 and 25.0 kg were mostly highly reliable within session (ICC >0.91), with the non-dominant hand as reliable or more reliable than the dominant hand, and very strong linear group-average load-velocity relationships."", ""boxing_specificity"": ""boxing_specific"", ""authority_tier"": 3, ""evidence_tier"": ""EMERGING"", ""tbd_flag"": ""TBD"", ""seeded"": ""2026-08-07""}"
{{PPBF_ORG_ID}},research_program_seed.parameter_undefined,evidence_claim,A5-022,Derive a defensible value for: HIIT in Olympic combat sports. Currently TBD — no invented number may be used.,Pooled across combat sports with different demands; interventions heterogeneous in work:rest and duration; the comparator ('active control') varies across studies.,VERIFIED EVIDENCE,seeded_from_research_program,LIMITED,partially_verified,open,{{SEED_ACCOUNT_ID}},platform_owner,"{""gap_type"": ""parameter_undefined"", ""capability_key"": ""physical_preparation"", ""track"": ""A5"", ""topic"": ""HIIT in Olympic combat sports"", ""claim"": ""A systematic review and meta-analysis of 20 studies found a significant moderate-magnitude advantage of high-intensity interval training over control conditions for maximal oxygen uptake in Olympic combat sport athletes, with study quality assessed by PEDro and certainty by GRADE."", ""boxing_specificity"": ""partly_boxing_specific"", ""authority_tier"": 2, ""evidence_tier"": ""EMERGING"", ""tbd_flag"": ""TBD"", ""seeded"": ""2026-08-07""}"
{{PPBF_ORG_ID}},research_program_seed.parameter_undefined,evidence_claim,A5-039,Derive a defensible value for: sRPE validation in combat sports specifically. Currently TBD — no invented number may be used.,Karate and taekwondo differ from boxing in session structure and contact; small samples; no boxing-specific sRPE validation study was located in this search.,VERIFIED EVIDENCE,seeded_from_research_program,LIMITED,partially_verified,open,{{SEED_ACCOUNT_ID}},platform_owner,"{""gap_type"": ""parameter_undefined"", ""capability_key"": ""physical_preparation"", ""track"": ""A5"", ""topic"": ""sRPE validation in combat sports specifically"", ""claim"": ""Session-RPE has been validated for quantifying training load in karate athletes and used to quantify the load of different youth taekwondo training sessions."", ""boxing_specificity"": ""partly_boxing_specific"", ""authority_tier"": 4, ""evidence_tier"": ""EXPERIMENTAL"", ""tbd_flag"": ""TBD"", ""seeded"": ""2026-08-07""}"
{{PPBF_ORG_ID}},research_program_seed.parameter_undefined,evidence_claim,A5-043,Derive a defensible value for: Training monotony and strain. Currently TBD — no invented number may be used.,"Small n; observational; the thresholds were INDIVIDUAL, not population thresholds — a critical caveat routinely lost in secondary citation; illness is self- or coach-reported; 1998 study.",VERIFIED EVIDENCE,seeded_from_research_program,LIMITED,partially_verified,open,{{SEED_ACCOUNT_ID}},platform_owner,"{""gap_type"": ""parameter_undefined"", ""capability_key"": ""physical_preparation"", ""track"": ""A5"", ""topic"": ""Training monotony and strain"", ""claim"": ""In 25 experienced athletes, illnesses and minor injuries were related to indices of training load, monotony (daily mean divided by standard deviation) and strain (load multiplied by monotony), with a high percentage of illnesses accounted for when individuals exceeded INDIVIDUALLY identifiable training thresholds, mostly related to strain."", ""boxing_specificity"": ""transferred"", ""authority_tier"": 3, ""evidence_tier"": ""EMERGING"", ""tbd_flag"": ""TBD"", ""seeded"": ""2026-08-07""}"
{{PPBF_ORG_ID}},research_program_seed.parameter_undefined,evidence_claim,A5-044,Derive a defensible value for: Monotony/strain vary seasonally and by context. Currently TBD — no invented number may be used.,Observational; team-sport calendars differ fundamentally from boxing's bout-driven calendar; no causal claim supported.,VERIFIED EVIDENCE,seeded_from_research_program,LIMITED,partially_verified,open,{{SEED_ACCOUNT_ID}},platform_owner,"{""gap_type"": ""parameter_undefined"", ""capability_key"": ""physical_preparation"", ""track"": ""A5"", ""topic"": ""Monotony/strain vary seasonally and by context"", ""claim"": ""Studies tracking training load, monotony and strain across seasons in team-sport athletes have described variations across the competitive year and examined dose-response relationships with aerobic fitness."", ""boxing_specificity"": ""transferred"", ""authority_tier"": 4, ""evidence_tier"": ""EXPERIMENTAL"", ""tbd_flag"": ""TBD"", ""seeded"": ""2026-08-07""}"
{{PPBF_ORG_ID}},research_program_seed.evidence_conflicted,evidence_claim,A5-051,Resolve conflicting evidence on: Training-load / injury 'paradox' framing. Sources disagree; PPBF must not present this as settled.,"This is a conceptual/position paper, not primary evidence; it has been extensively criticised in the subsequent methodological literature (A5-045, A5-047, A5-050); widely cited in ways that overstate its evidentiary weight.",CONTESTED PRACTICE,seeded_from_research_program,CONFLICTED,partially_verified,open,{{SEED_ACCOUNT_ID}},platform_owner,"{""gap_type"": ""evidence_conflicted"", ""capability_key"": ""physical_preparation"", ""track"": ""A5"", ""topic"": ""Training-load / injury 'paradox' framing"", ""claim"": ""An influential British Journal of Sports Medicine paper framed a training-injury prevention paradox, arguing that appropriately high chronic training loads may be protective and that rapid load spikes are the risk, popularising load-ratio thinking in applied sport."", ""boxing_specificity"": ""transferred"", ""authority_tier"": 4, ""evidence_tier"": ""EXPERIMENTAL"", ""tbd_flag"": ""none"", ""seeded"": ""2026-08-07""}"
{{PPBF_ORG_ID}},research_program_seed.parameter_undefined,evidence_claim,A5-057,Derive a defensible value for: Sleep extension improved performance in one small athlete trial. Currently TBD — no invented number may be used.,"n=11, male, single sport, no control group over a long study period during which normal training progression could account for gains; 10 h in bed is not achievable for most working or school-attending athletes.",VERIFIED EVIDENCE,seeded_from_research_program,LIMITED,partially_verified,open,{{SEED_ACCOUNT_ID}},platform_owner,"{""gap_type"": ""parameter_undefined"", ""capability_key"": ""physical_preparation"", ""track"": ""A5"", ""topic"": ""Sleep extension improved performance in one small athlete trial"", ""claim"": ""In 11 male collegiate basketball players, a 5-7 week sleep extension period targeting a minimum 10 hours in bed increased objective nightly sleep by 110.9 minutes and produced faster timed sprints and improved shooting accuracy compared with baseline."", ""boxing_specificity"": ""transferred"", ""authority_tier"": 4, ""evidence_tier"": ""EXPERIMENTAL"", ""tbd_flag"": ""TBD"", ""seeded"": ""2026-08-07""}"
{{PPBF_ORG_ID}},research_program_seed.parameter_undefined,evidence_claim,A5-059,Derive a defensible value for: Sleep in the young athlete. Currently TBD — no invented number may be used.,The review itself is level 4; it documents an evidence gap rather than filling it.,VERIFIED EVIDENCE,seeded_from_research_program,LIMITED,partially_verified,open,{{SEED_ACCOUNT_ID}},platform_owner,"{""gap_type"": ""parameter_undefined"", ""capability_key"": ""physical_preparation"", ""track"": ""A5"", ""topic"": ""Sleep in the young athlete"", ""claim"": ""A review of sleep in teenage athletes (13-19 y) concluded that few studies exist on the effects of disordered sleep in this population and noted a paucity of evidence-based recommendations to promote sleep quantity and quality in athletes of this age."", ""boxing_specificity"": ""transferred"", ""authority_tier"": 4, ""evidence_tier"": ""EXPERIMENTAL"", ""tbd_flag"": ""TBD"", ""seeded"": ""2026-08-07""}"
{{PPBF_ORG_ID}},research_program_seed.parameter_undefined,evidence_claim,A5-060,Derive a defensible value for: Sleep interventions and performance. Currently TBD — no invented number may be used.,Heterogeneous interventions prevent pooling; short intervention durations; adherence rarely reported; not boxing-specific.,VERIFIED EVIDENCE,seeded_from_research_program,LIMITED,partially_verified,open,{{SEED_ACCOUNT_ID}},platform_owner,"{""gap_type"": ""parameter_undefined"", ""capability_key"": ""physical_preparation"", ""track"": ""A5"", ""topic"": ""Sleep interventions and performance"", ""claim"": ""A systematic review of 25 intervention studies published 2011-2021 examined sleep hygiene, naps and other sleep interventions in athletes, requiring at least one objective performance or recovery outcome."", ""boxing_specificity"": ""transferred"", ""authority_tier"": 2, ""evidence_tier"": ""EMERGING"", ""tbd_flag"": ""TBD"", ""seeded"": ""2026-08-07""}"
{{PPBF_ORG_ID}},research_program_seed.parameter_undefined,evidence_claim,A5-064,Derive a defensible value for: Taper in endurance athletes — volume reduction range. Currently TBD — no invented number may be used.,"Endurance sport outcomes (time trial, time to exhaustion) are not boxing performance; the 41-60% volume reduction figure comes from endurance protocols and has NOT been tested in boxing.",VERIFIED EVIDENCE,seeded_from_research_program,LIMITED,partially_verified,open,{{SEED_ACCOUNT_ID}},platform_owner,"{""gap_type"": ""parameter_undefined"", ""capability_key"": ""physical_preparation"", ""track"": ""A5"", ""topic"": ""Taper in endurance athletes — volume reduction range"", ""claim"": ""A systematic review and meta-analysis of 14 studies in endurance athletes found significant improvements in time-trial performance (SMD -0.45) and time to exhaustion (SMD 1.28) but no improvement in maximal oxygen consumption or movement economy, with subgroup analysis showing that reducing training volume by 41-60% while maintaining intensity and frequency, over durations of up to 7 days, 8-14 days or 15-21 days, significantly improved time-trial performance."", ""boxing_specificity"": ""transferred"", ""authority_tier"": 2, ""evidence_tier"": ""EMERGING"", ""tbd_flag"": ""TBD"", ""seeded"": ""2026-08-07""}"
{{PPBF_ORG_ID}},research_program_seed.evidence_conflicted,evidence_claim,A5-084,Resolve conflicting evidence on: CTE — a published dissenting position. Sources disagree; PPBF must not present this as settled.,"A single-author opinion piece, not primary evidence; contested by the neuropathology consensus (A5-083); included here for honest representation of the state of debate, not as an endorsement.",CONTESTED PRACTICE,seeded_from_research_program,CONFLICTED,partially_verified,open,{{SEED_ACCOUNT_ID}},platform_owner,"{""gap_type"": ""evidence_conflicted"", ""capability_key"": ""physical_preparation"", ""track"": ""A5"", ""topic"": ""CTE — a published dissenting position"", ""claim"": ""A published commentary argued that chronic traumatic encephalopathy does not rise to the level of a verifiable disease and remains at the level of case report, citing arguments that traumatic brain injury does not cause neurodegeneration, that protein deposits in the brain poorly predict behavioural symptoms, and that p-tau is not necessarily toxic or self-propagating."", ""boxing_specificity"": ""partly_boxing_specific"", ""authority_tier"": 4, ""evidence_tier"": ""EXPERIMENTAL"", ""tbd_flag"": ""none"", ""seeded"": ""2026-08-07""}"
{{PPBF_ORG_ID}},research_program_seed.evidence_conflicted,evidence_claim,A5-097,Resolve conflicting evidence on: Headguard policy — contested and jurisdiction-dependent. Sources disagree; PPBF must not present this as settled.,"An opinion article, not a systematic review; policy differs by governing body and age category — headguard requirements for junior and youth categories differ from elite senior rules in many jurisdictions.",CONTESTED PRACTICE,seeded_from_research_program,CONFLICTED,partially_verified,open,{{SEED_ACCOUNT_ID}},platform_owner,"{""gap_type"": ""evidence_conflicted"", ""capability_key"": ""physical_preparation"", ""track"": ""A5"", ""topic"": ""Headguard policy — contested and jurisdiction-dependent"", ""claim"": ""A Current Opinion article argued that the International Boxing Association's prohibition of headguards has generated controversy, demonstrated headguard effectiveness against cuts and lacerations, and stated there is insufficient evidence supporting headguard bans, while highlighting a gap in collaboration and communication between the IBA and smaller representative bodies for future policy reform."", ""boxing_specificity"": ""boxing_specific"", ""authority_tier"": 4, ""evidence_tier"": ""EXPERIMENTAL"", ""tbd_flag"": ""none"", ""seeded"": ""2026-08-07""}"
{{PPBF_ORG_ID}},research_program_seed.evidence_conflicted,evidence_claim,A5-115,Resolve conflicting evidence on: Early specialisation — the counter-caution. Sources disagree; PPBF must not present this as settled.,"Highlights that the early-specialisation literature suffers from definitional inconsistency, making pooled conclusions unreliable.",CONTESTED PRACTICE,seeded_from_research_program,CONFLICTED,partially_verified,open,{{SEED_ACCOUNT_ID}},platform_owner,"{""gap_type"": ""evidence_conflicted"", ""capability_key"": ""physical_preparation"", ""track"": ""A5"", ""topic"": ""Early specialisation — the counter-caution"", ""claim"": ""A review of early sport specialisation noted there is no universally agreed terminology or definition for early sport specialisation, that there is a limited number of comprehensive long-term outcome studies identifying a potential link between early specialisation and musculoskeletal injury or burnout, and that methodologically sound prospective research is needed."", ""boxing_specificity"": ""transferred"", ""authority_tier"": 3, ""evidence_tier"": ""EXPERIMENTAL"", ""tbd_flag"": ""none"", ""seeded"": ""2026-08-07""}"
{{PPBF_ORG_ID}},research_program_seed.parameter_undefined,evidence_claim,A5-117,Derive a defensible value for: Training load and injury in middle-school athletes. Currently TBD — no invented number may be used.,Observational; small and specific population; load measurement in young athletes is less validated than in adults.,VERIFIED EVIDENCE,seeded_from_research_program,LIMITED,partially_verified,open,{{SEED_ACCOUNT_ID}},platform_owner,"{""gap_type"": ""parameter_undefined"", ""capability_key"": ""physical_preparation"", ""track"": ""A5"", ""topic"": ""Training load and injury in middle-school athletes"", ""claim"": ""A study examined the relationship between training load and injury among middle-school-aged athletes."", ""boxing_specificity"": ""transferred"", ""authority_tier"": 4, ""evidence_tier"": ""EXPERIMENTAL"", ""tbd_flag"": ""TBD"", ""seeded"": ""2026-08-07""}"
{{PPBF_ORG_ID}},research_program_seed.evidence_conflicted,evidence_claim,A5-124,Resolve conflicting evidence on: RED-S — a published critique. Sources disagree; PPBF must not present this as settled.,"A critique rather than new data; does not dispute that low energy availability causes harm, only the diagnostic construct and its application.",CONTESTED PRACTICE,seeded_from_research_program,CONFLICTED,partially_verified,open,{{SEED_ACCOUNT_ID}},platform_owner,"{""gap_type"": ""evidence_conflicted"", ""capability_key"": ""physical_preparation"", ""track"": ""A5"", ""topic"": ""RED-S — a published critique"", ""claim"": ""A critical review challenged the REDs construct, noting that the IOC 2023 consensus itself concludes energy availability is impossible to measure accurately enough in the field, that consequently the only apparent way to diagnose an athlete with REDs is by symptom presentation and risk factors, that the symptoms are rather generic and the causes likely multifactorial, and that it is very difficult to isolate the effects of low energy availability from other potential causes of the same symptoms."", ""boxing_specificity"": ""transferred"", ""authority_tier"": 3, ""evidence_tier"": ""EXPERIMENTAL"", ""tbd_flag"": ""none"", ""seeded"": ""2026-08-07""}"
{{PPBF_ORG_ID}},research_program_seed.parameter_undefined,evidence_claim,A5-136,Derive a defensible value for: Recovery from resistance exercise in older adults — evidence gap. Currently TBD — no invented number may be used.,Age 65+ is older than most masters boxers; not athletes in most included studies; scoping review documents gaps rather than providing prescriptions.,VERIFIED EVIDENCE,seeded_from_research_program,LIMITED,partially_verified,open,{{SEED_ACCOUNT_ID}},platform_owner,"{""gap_type"": ""parameter_undefined"", ""capability_key"": ""physical_preparation"", ""track"": ""A5"", ""topic"": ""Recovery from resistance exercise in older adults — evidence gap"", ""claim"": ""A scoping review of exercise-induced muscle damage and recovery from resistance exercise in adults aged 65 and over identified current knowledge gaps and noted that little is known about recovery from resistance exercise in older adults, which may have implications for exercise prescription."", ""boxing_specificity"": ""transferred"", ""authority_tier"": 3, ""evidence_tier"": ""EMERGING"", ""tbd_flag"": ""TBD"", ""seeded"": ""2026-08-07""}"
{{PPBF_ORG_ID}},research_program_seed.parameter_undefined,evidence_claim,A5-138,Derive a defensible value for: Yo-Yo intermittent recovery test — validated intermittent capacity test. Currently TBD — no invented number may be used.,"Soccer players, not boxers; male only; the running-based movement pattern differs from boxing footwork; boxing-specific normative data does not exist for this test.",VERIFIED EVIDENCE,seeded_from_research_program,LIMITED,partially_verified,open,{{SEED_ACCOUNT_ID}},platform_owner,"{""gap_type"": ""parameter_undefined"", ""capability_key"": ""physical_preparation"", ""track"": ""A5"", ""topic"": ""Yo-Yo intermittent recovery test — validated intermittent capacity test"", ""claim"": ""The Yo-Yo intermittent recovery test showed a test-retest coefficient of variation of 4.9%, peak heart rate similar to an exhaustive incremental treadmill test (187 ± 2 vs 189 ± 2 bpm) with higher peak blood lactate, an eightfold increase in muscle lactate and reductions in muscle creatine phosphate (51%) and glycogen (23%), and elite soccer players improved Yo-Yo performance by 25 ± 6% and VO2max by 7% during a precompetition period."", ""boxing_specificity"": ""transferred"", ""authority_tier"": 4, ""evidence_tier"": ""EXPERIMENTAL"", ""tbd_flag"": ""TBD"", ""seeded"": ""2026-08-07""}"
{{PPBF_ORG_ID}},research_program_seed.parameter_undefined,evidence_claim,A5-139,Derive a defensible value for: 30-15 Intermittent Fitness Test — validated across populations. Currently TBD — no invented number may be used.,Not validated in boxing; requires ~40 m of space and an audio track; no boxing normative data.,VERIFIED EVIDENCE,seeded_from_research_program,LIMITED,partially_verified,open,{{SEED_ACCOUNT_ID}},platform_owner,"{""gap_type"": ""parameter_undefined"", ""capability_key"": ""physical_preparation"", ""track"": ""A5"", ""topic"": ""30-15 Intermittent Fitness Test — validated across populations"", ""claim"": ""The 30-15 Intermittent Fitness Test and its sport-specific variants have demonstrated reliability, usefulness and validity across multiple populations, including intraclass correlation coefficients above 0.94 and coefficients of variation of 1.6% for maximal speed in young elite ice hockey players, with validity established against the running version used as a cardiovascular fitness reference marker."", ""boxing_specificity"": ""transferred"", ""authority_tier"": 4, ""evidence_tier"": ""EXPERIMENTAL"", ""tbd_flag"": ""TBD"", ""seeded"": ""2026-08-07""}"
{{PPBF_ORG_ID}},research_program_seed.parameter_undefined,evidence_claim,A5-143,Derive a defensible value for: Seated/supine medicine ball throw — upper-body power proxy. Currently TBD — no invented number may be used.,"Validated primarily in older adults and general physically active adults, NOT in boxers or combat athletes; throw distance depends on technique and release angle; no boxing normative data.",VERIFIED EVIDENCE,seeded_from_research_program,LIMITED,partially_verified,open,{{SEED_ACCOUNT_ID}},platform_owner,"{""gap_type"": ""parameter_undefined"", ""capability_key"": ""physical_preparation"", ""track"": ""A5"", ""topic"": ""Seated/supine medicine ball throw — upper-body power proxy"", ""claim"": ""The seated medicine ball throw has been examined as a measure of upper-body power, with validity and reliability studies conducted in older adults and a supine upper-body power test validated in physically active male and female adults using a medicine ball."", ""boxing_specificity"": ""transferred"", ""authority_tier"": 4, ""evidence_tier"": ""EXPERIMENTAL"", ""tbd_flag"": ""TBD"", ""seeded"": ""2026-08-07""}"
{{PPBF_ORG_ID}},research_program_seed.evidence_absent,evidence_claim,A6-007,Establish evidence for: Scaphoid in boxers. No adequate source located in the indexed literature.,PubMed record carries no abstract; claim is limited to the existence and title of the source. Incidence of scaphoid injury in boxing is NOT established by this record. Do not quote any rate.,INSUFFICIENT EVIDENCE,seeded_from_research_program,INSUFFICIENT,unverified,open,{{SEED_ACCOUNT_ID}},platform_owner,"{""gap_type"": ""evidence_absent"", ""capability_key"": ""regulatory_eligibility_reference"", ""track"": ""A6"", ""topic"": ""Scaphoid in boxers"", ""claim"": ""Non-union of scaphoid fractures in boxers is documented in the orthopaedic literature as a recognised therapeutic problem."", ""boxing_specificity"": ""boxing_specific"", ""authority_tier"": 3, ""evidence_tier"": ""RESEARCH_NEEDED"", ""tbd_flag"": ""Yes"", ""seeded"": ""2026-08-07""}"
{{PPBF_ORG_ID}},research_program_seed.evidence_absent,evidence_claim,A6-015,Establish evidence for: Evidence for wrapping as injury prevention. No adequate source located in the indexed literature.,"Absence of evidence in the searched databases is not proof of absence; grey literature and non-indexed governing-body technical reports were not exhaustively searched. Wrapping is nonetheless mandatory under every rulebook examined, so an unwrapped control arm would be neither legal nor ethical in competition.",INSUFFICIENT EVIDENCE,seeded_from_research_program,INSUFFICIENT,unverified,open,{{SEED_ACCOUNT_ID}},platform_owner,"{""gap_type"": ""evidence_absent"", ""capability_key"": ""regulatory_eligibility_reference"", ""track"": ""A6"", ""topic"": ""Evidence for wrapping as injury prevention"", ""claim"": ""There is no randomised controlled trial establishing that any specific hand-wrapping material or method reduces hand or wrist injury incidence in boxing. The practice rests on mechanical reasoning, governing-body mandate and coaching tradition."", ""boxing_specificity"": ""boxing_specific"", ""authority_tier"": 5, ""evidence_tier"": ""RESEARCH_NEEDED"", ""tbd_flag"": ""Yes"", ""seeded"": ""2026-08-07""}"
{{PPBF_ORG_ID}},research_program_seed.evidence_conflicted,evidence_claim,A6-016,Resolve conflicting evidence on: Hand protection and technique. Sources disagree; PPBF must not present this as settled.,"This is a narrative review assertion, not a trial result. It is listed as CONTESTED because it conflicts with A6-015: the underlying controlled evidence for that claim was not located. Treat the strength of the wording in the source with caution.",CONTESTED PRACTICE,seeded_from_research_program,CONFLICTED,partially_verified,open,{{SEED_ACCOUNT_ID}},platform_owner,"{""gap_type"": ""evidence_conflicted"", ""capability_key"": ""regulatory_eligibility_reference"", ""track"": ""A6"", ""topic"": ""Hand protection and technique"", ""claim"": ""A clinical review of hand and wrist injuries in boxing and martial arts asserts there is clear evidence that hand protection reduces the risk of hand injury and that technique/target training is an important component of prevention."", ""boxing_specificity"": ""partly_boxing_specific"", ""authority_tier"": 4, ""evidence_tier"": ""EXPERIMENTAL"", ""tbd_flag"": ""No"", ""seeded"": ""2026-08-07""}"
{{PPBF_ORG_ID}},research_program_seed.evidence_conflicted,evidence_claim,A6-040,Resolve conflicting evidence on: Mouthguards and concussion - the weaker claim. Sources disagree; PPBF must not present this as settled.,"Observational designs cannot establish causation; mouthguard users may differ systematically from non-users (equipment-conscious behaviour, coaching, level of play). The college study is very small and partly non-significant. The counterintuitive finding that off-the-shelf outperformed custom-fit argues for residual confounding. Boxing exposure (repeated deliberate head blows) is not represented at all.",CONTESTED PRACTICE,seeded_from_research_program,CONFLICTED,partially_verified,open,{{SEED_ACCOUNT_ID}},platform_owner,"{""gap_type"": ""evidence_conflicted"", ""capability_key"": ""regulatory_eligibility_reference"", ""track"": ""A6"", ""topic"": ""Mouthguards and concussion - the weaker claim"", ""claim"": ""Evidence that mouthguards prevent concussion is inconsistent and much weaker than the orofacial-protection evidence: individual case-control studies report lower odds of concussion with mouthguard use, but the mechanism and the strength of evidence remain disputed."", ""boxing_specificity"": ""transferred"", ""authority_tier"": 3, ""evidence_tier"": ""EXPERIMENTAL"", ""tbd_flag"": ""No"", ""seeded"": ""2026-08-07""}"
{{PPBF_ORG_ID}},research_program_seed.parameter_undefined,evidence_claim,A6-044,Derive a defensible value for: Mouthguard hygiene and deterioration. Currently TBD — no invented number may be used.,"In vitro study on a limited organism panel; agents tested are not automatically appropriate for youth home use, and hypochlorite handling by minors raises its own safety issue. Field deterioration data are from football, not boxing.",VERIFIED EVIDENCE,seeded_from_research_program,LIMITED,partially_verified,open,{{SEED_ACCOUNT_ID}},platform_owner,"{""gap_type"": ""parameter_undefined"", ""capability_key"": ""regulatory_eligibility_reference"", ""track"": ""A6"", ""topic"": ""Mouthguard hygiene and deterioration"", ""claim"": ""Mouthguards become microbially contaminated in use and can be measurably decontaminated by specific agents; separate work in young footballers documented surface deterioration and poor handling of mouthguards."", ""boxing_specificity"": ""transferred"", ""authority_tier"": 3, ""evidence_tier"": ""EMERGING"", ""tbd_flag"": ""Yes"", ""seeded"": ""2026-08-07""}"
{{PPBF_ORG_ID}},research_program_seed.parameter_undefined,evidence_claim,A6-051,Derive a defensible value for: Skin infection in combat sport. Currently TBD — no invented number may be used.,"Boxing involves gloved contact and shared equipment rather than sustained skin-to-skin grappling, so grappling-derived incidence should not be applied to boxing. The turf survival study is experimental, not a transmission study in a gym.",VERIFIED EVIDENCE,seeded_from_research_program,LIMITED,partially_verified,open,{{SEED_ACCOUNT_ID}},platform_owner,"{""gap_type"": ""parameter_undefined"", ""capability_key"": ""regulatory_eligibility_reference"", ""track"": ""A6"", ""topic"": ""Skin infection in combat sport"", ""claim"": ""Dermatophyte and staphylococcal skin infections are documented in combat-sport and shared-equipment settings, transmitted primarily by person-to-person and surface contact, and MRSA can survive on sports surfaces for extended periods."", ""boxing_specificity"": ""transferred"", ""authority_tier"": 3, ""evidence_tier"": ""EMERGING"", ""tbd_flag"": ""Yes"", ""seeded"": ""2026-08-07""}"
{{PPBF_ORG_ID}},research_program_seed.evidence_absent,evidence_claim,A6-053,Establish evidence for: Pad-holder injury risk. No adequate source located in the indexed literature.,"Coaching-injury literature may exist outside PubMed (occupational health, physiotherapy grey literature) and was not exhaustively searched. Absence of published incidence does not mean absence of risk - the mechanical exposure (repeated eccentric shoulder and elbow loading, thumb and wrist impact, mistimed strikes) is plausible but unquantified.",INSUFFICIENT EVIDENCE,seeded_from_research_program,INSUFFICIENT,unverified,open,{{SEED_ACCOUNT_ID}},platform_owner,"{""gap_type"": ""evidence_absent"", ""capability_key"": ""regulatory_eligibility_reference"", ""track"": ""A6"", ""topic"": ""Pad-holder injury risk"", ""claim"": ""No peer-reviewed study quantifying injury incidence in boxing pad holders (focus-mitt and coaching-pad work) was located."", ""boxing_specificity"": ""boxing_specific"", ""authority_tier"": 5, ""evidence_tier"": ""RESEARCH_NEEDED"", ""tbd_flag"": ""Yes"", ""seeded"": ""2026-08-07""}"
{{PPBF_ORG_ID}},research_program_seed.parameter_undefined,evidence_claim,A6-056,Derive a defensible value for: Film tagging reliability. Currently TBD — no invented number may be used.,Two analysts only; the 33% lower bound on inter-observer agreement is a serious limitation for any multi-coach tagging system; reliability of a template does not establish validity of the indicators as performance predictors,VERIFIED EVIDENCE,seeded_from_research_program,LIMITED,partially_verified,open,{{SEED_ACCOUNT_ID}},platform_owner,"{""gap_type"": ""parameter_undefined"", ""capability_key"": ""regulatory_eligibility_reference"", ""track"": ""A6"", ""topic"": ""Film tagging reliability"", ""claim"": ""A reliable amateur boxing performance-analysis template has been developed; intra-observer reliability was high but inter-observer agreement was substantially lower and varied with analyst experience."", ""boxing_specificity"": ""boxing_specific"", ""authority_tier"": 3, ""evidence_tier"": ""EMERGING"", ""tbd_flag"": ""Yes"", ""seeded"": ""2026-08-07""}"
{{PPBF_ORG_ID}},research_program_seed.parameter_undefined,evidence_claim,A6-063,Derive a defensible value for: Training load monitoring standards. Currently TBD — no invented number may be used.,Consensus is expert judgement; boxing's mixed skill/impact load is poorly represented in the underlying literature; no validated boxing-specific internal-load threshold exists,VERIFIED EVIDENCE,seeded_from_research_program,LIMITED,partially_verified,open,{{SEED_ACCOUNT_ID}},platform_owner,"{""gap_type"": ""parameter_undefined"", ""capability_key"": ""regulatory_eligibility_reference"", ""track"": ""A6"", ""topic"": ""Training load monitoring standards"", ""claim"": ""An international consensus statement defines standards for monitoring athlete training loads, and evidence indicates subjective self-report measures can be more sensitive than some objective measures to changes in athlete wellbeing."", ""boxing_specificity"": ""transferred"", ""authority_tier"": 1, ""evidence_tier"": ""EMERGING"", ""tbd_flag"": ""Yes"", ""seeded"": ""2026-08-07""}"
{{PPBF_ORG_ID}},research_program_seed.parameter_undefined,evidence_claim,A6-064,Derive a defensible value for: Travel and competition. Currently TBD — no invented number may be used.,Boxing's same-day weigh-in and weight-category context is not represented in these studies; effect sizes are study-specific and should not be summarised as a single number,VERIFIED EVIDENCE,seeded_from_research_program,LIMITED,partially_verified,open,{{SEED_ACCOUNT_ID}},platform_owner,"{""gap_type"": ""parameter_undefined"", ""capability_key"": ""regulatory_eligibility_reference"", ""track"": ""A6"", ""topic"": ""Travel and competition"", ""claim"": ""Long-haul travel and time-zone crossing degrade sleep quantity and quality and produce jet-lag symptoms in athletes, with several studies examining mitigation."", ""boxing_specificity"": ""transferred"", ""authority_tier"": 3, ""evidence_tier"": ""EMERGING"", ""tbd_flag"": ""Yes"", ""seeded"": ""2026-08-07""}"
{{PPBF_ORG_ID}},research_program_seed.parameter_undefined,evidence_claim,A6-069,Derive a defensible value for: Ring construction and floor safety. Currently TBD — no invented number may be used.,"Editions as retrieved. These are competition-ring specifications; they do not govern training-floor layout, matting, or bag-station spacing, for which no verified standard was located.",VERIFIED EVIDENCE,seeded_from_research_program,LIMITED,partially_verified,open,{{SEED_ACCOUNT_ID}},platform_owner,"{""gap_type"": ""parameter_undefined"", ""capability_key"": ""regulatory_eligibility_reference"", ""track"": ""A6"", ""topic"": ""Ring construction and floor safety"", ""claim"": ""Governing bodies specify ring dimensions, padding thickness and rope configuration as safety requirements."", ""boxing_specificity"": ""boxing_specific"", ""authority_tier"": 1, ""evidence_tier"": ""PROVEN"", ""tbd_flag"": ""Yes"", ""seeded"": ""2026-08-07""}"
{{PPBF_ORG_ID}},research_program_seed.parameter_undefined,evidence_claim,A6-072,Derive a defensible value for: Glove retirement criteria. Currently TBD — no invented number may be used.,"Manufacturer guidance exists but is vendor claim and low authority. Any PPBF retirement interval is therefore an operational assumption, not a rule or a research finding.",VERIFIED EVIDENCE,seeded_from_research_program,LIMITED,partially_verified,open,{{SEED_ACCOUNT_ID}},platform_owner,"{""gap_type"": ""parameter_undefined"", ""capability_key"": ""regulatory_eligibility_reference"", ""track"": ""A6"", ""topic"": ""Glove retirement criteria"", ""claim"": ""Governing bodies require gloves to be clean and serviceable with padding neither displaced nor broken, but no rulebook examined specifies a quantitative retirement threshold (hours of use, age, or compression measurement)."", ""boxing_specificity"": ""boxing_specific"", ""authority_tier"": 1, ""evidence_tier"": ""PROVEN"", ""tbd_flag"": ""Yes"", ""seeded"": ""2026-08-07""}"
{{PPBF_ORG_ID}},research_program_seed.evidence_absent,evidence_claim,A6-073,Establish evidence for: Sparring glove weight. No adequate source located in the indexed literature.,"Gym convention widely holds that heavier gloves are used for sparring, but this is tradition and is low-authority. The Boxing Canada reference was located in a rulebook list rather than a dedicated numbered sparring rule and should be re-verified in the current official edition before being relied upon.",INSUFFICIENT EVIDENCE,seeded_from_research_program,INSUFFICIENT,unverified,open,{{SEED_ACCOUNT_ID}},platform_owner,"{""gap_type"": ""evidence_absent"", ""capability_key"": ""regulatory_eligibility_reference"", ""track"": ""A6"", ""topic"": ""Sparring glove weight"", ""claim"": ""No verified governing-body rule specifying a minimum sparring glove weight for general club training was located in the rulebooks examined; Boxing Canada's rulebook text does reference sixteen-ounce gloves for sparring."", ""boxing_specificity"": ""boxing_specific"", ""authority_tier"": 1, ""evidence_tier"": ""RESEARCH_NEEDED"", ""tbd_flag"": ""Yes"", ""seeded"": ""2026-08-07""}"
{{PPBF_ORG_ID}},research_program_seed.parameter_undefined,evidence_claim,A6-074,Derive a defensible value for: Wrap reuse and drying. Currently TBD — no invented number may be used.,"The rule states the required state but specifies no laundering method, temperature, frequency, or replacement interval. No evidence linking damp wrap reuse to a measured infection or skin outcome in boxing was located.",VERIFIED EVIDENCE,seeded_from_research_program,LIMITED,partially_verified,open,{{SEED_ACCOUNT_ID}},platform_owner,"{""gap_type"": ""parameter_undefined"", ""capability_key"": ""regulatory_eligibility_reference"", ""track"": ""A6"", ""topic"": ""Wrap reuse and drying"", ""claim"": ""England Boxing requires bandages/wraps to be in good condition, clean and dry as a rule-level condition of competition, which makes wrap laundering and full drying a compliance requirement rather than optional hygiene."", ""boxing_specificity"": ""boxing_specific"", ""authority_tier"": 1, ""evidence_tier"": ""PROVEN"", ""tbd_flag"": ""Yes"", ""seeded"": ""2026-08-07""}"
{{PPBF_ORG_ID}},research_program_seed.parameter_undefined,evidence_claim,A6-075,Derive a defensible value for: Kinesiology tape restriction. Currently TBD — no invented number may be used.,The USA Boxing upper-extremity wrap provision was located in USA Boxing technical rules material rather than in the numbered rules of the retrieved National Rulebook PDF; PPBF should re-verify against the current official technical rules before relying on it operationally. MARKED PARTIALLY UNVERIFIED for that reason.,VERIFIED EVIDENCE,seeded_from_research_program,LIMITED,partially_verified,open,{{SEED_ACCOUNT_ID}},platform_owner,"{""gap_type"": ""parameter_undefined"", ""capability_key"": ""regulatory_eligibility_reference"", ""track"": ""A6"", ""topic"": ""Kinesiology tape restriction"", ""claim"": ""World Boxing permits kinesiology taping only from the waist down and only on the back of the body, and USA Boxing prohibits soft wraps other than hand wraps on the upper extremities in competition."", ""boxing_specificity"": ""boxing_specific"", ""authority_tier"": 1, ""evidence_tier"": ""PROVEN"", ""tbd_flag"": ""Yes"", ""seeded"": ""2026-08-07""}"
{{PPBF_ORG_ID}},research_program_seed.evidence_absent,evidence_claim,A6-078,Establish evidence for: Written instruction insufficiency for wrapping. No adequate source located in the indexed literature.,"Absence in the searched databases is not proof of absence. However, World Boxing's provision for Cut Technicians to run handwrap workshops for accredited team members (r10.10.3) is direct evidence that the sport's own governance treats wrapping as a taught, supervised skill rather than a written instruction.",INSUFFICIENT EVIDENCE,seeded_from_research_program,INSUFFICIENT,unverified,open,{{SEED_ACCOUNT_ID}},platform_owner,"{""gap_type"": ""evidence_absent"", ""capability_key"": ""regulatory_eligibility_reference"", ""track"": ""A6"", ""topic"": ""Written instruction insufficiency for wrapping"", ""claim"": ""No study was located evaluating whether written or video hand-wrapping instruction alone produces competent wrapping, or comparing it with supervised hands-on instruction."", ""boxing_specificity"": ""boxing_specific"", ""authority_tier"": 5, ""evidence_tier"": ""RESEARCH_NEEDED"", ""tbd_flag"": ""Yes"", ""seeded"": ""2026-08-07""}"
{{PPBF_ORG_ID}},research_program_seed.evidence_absent,evidence_claim,A6-079,Establish evidence for: Over-tight wrapping and circulation. No adequate source located in the indexed literature.,"The absence of a quantified threshold does not mean over-tight wrapping is harmless; it means PPBF cannot state a number. The clinical check must be symptom-based (colour, capillary refill, numbness, tingling, throbbing pain, inability to make a fist) and performed by a human.",INSUFFICIENT EVIDENCE,seeded_from_research_program,INSUFFICIENT,unverified,open,{{SEED_ACCOUNT_ID}},platform_owner,"{""gap_type"": ""evidence_absent"", ""capability_key"": ""regulatory_eligibility_reference"", ""track"": ""A6"", ""topic"": ""Over-tight wrapping and circulation"", ""claim"": ""No boxing-specific study quantifying the pressure at which a hand wrap causes vascular or neurological compromise was located; the concern rests on general clinical principles of circumferential bandaging."", ""boxing_specificity"": ""boxing_specific"", ""authority_tier"": 5, ""evidence_tier"": ""RESEARCH_NEEDED"", ""tbd_flag"": ""Yes"", ""seeded"": ""2026-08-07""}"
{{PPBF_ORG_ID}},research_program_seed.parameter_undefined,evidence_claim,A6-080,Derive a defensible value for: Re-check after warm-up. Currently TBD — no invented number may be used.,"Explicitly labelled coaching inference. Note the countervailing rule constraint: under Indiana regulation and WBC Amateur rules, once a wrap is signed or sealed it must not be adjusted - so a post-warm-up re-check is a TRAINING practice, and in competition it must occur before sign-off, not after.",COACHING/FILM-STUDY INTERPRETATION,seeded_from_research_program,LIMITED,partially_verified,open,{{SEED_ACCOUNT_ID}},platform_owner,"{""gap_type"": ""parameter_undefined"", ""capability_key"": ""regulatory_eligibility_reference"", ""track"": ""A6"", ""topic"": ""Re-check after warm-up"", ""claim"": ""No study was located testing whether re-checking hand wraps after warm-up reduces injury or improves fit; the practice is coaching craft."", ""boxing_specificity"": ""boxing_specific"", ""authority_tier"": 4, ""evidence_tier"": ""EXPERIMENTAL"", ""tbd_flag"": ""Yes"", ""seeded"": ""2026-08-07""}"
{{PPBF_ORG_ID}},research_program_seed.evidence_absent,evidence_claim,A6-082,Establish evidence for: Corner sequence allocation within 60 seconds. No adequate source located in the indexed literature.,"Coaching literature and practitioner texts offer sequences, but none located were evaluated against a performance or safety outcome. Do not present any second-by-second breakdown as evidence-based.",INSUFFICIENT EVIDENCE,seeded_from_research_program,INSUFFICIENT,unverified,open,{{SEED_ACCOUNT_ID}},platform_owner,"{""gap_type"": ""evidence_absent"", ""capability_key"": ""regulatory_eligibility_reference"", ""track"": ""A6"", ""topic"": ""Corner sequence allocation within 60 seconds"", ""claim"": ""No study was located establishing an optimal allocation of the one-minute between-round interval among hydration, cooling, cut care, instruction and rest."", ""boxing_specificity"": ""boxing_specific"", ""authority_tier"": 5, ""evidence_tier"": ""RESEARCH_NEEDED"", ""tbd_flag"": ""Yes"", ""seeded"": ""2026-08-07""}"
{{PPBF_ORG_ID}},research_program_seed.parameter_undefined,evidence_claim,A6-084,Derive a defensible value for: Coach licensing and safeguarding preconditions. Currently TBD — no invented number may be used.,2026 edition as retrieved. DBS is a UK safeguarding mechanism; the US equivalent (background screening under USA Boxing / SafeSport) was not verified in this track and is marked UNVERIFIED here.,VERIFIED EVIDENCE,seeded_from_research_program,LIMITED,partially_verified,open,{{SEED_ACCOUNT_ID}},platform_owner,"{""gap_type"": ""parameter_undefined"", ""capability_key"": ""regulatory_eligibility_reference"", ""track"": ""A6"", ""topic"": ""Coach licensing and safeguarding preconditions"", ""claim"": ""England Boxing requires coaches to hold a current licence to corner a boxer, sets a minimum age of 18 to act as a coach, and requires enhanced DBS certification for supervisors, referees and any official who is also a registered coach."", ""boxing_specificity"": ""boxing_specific"", ""authority_tier"": 1, ""evidence_tier"": ""PROVEN"", ""tbd_flag"": ""Yes"", ""seeded"": ""2026-08-07""}"
{{PPBF_ORG_ID}},research_program_seed.evidence_absent,evidence_claim,A6-090,Establish evidence for: Sonographic assessment of boxer's knuckle. No adequate source located in the indexed literature.,"Only the title, journal, year and DOI are verified. No diagnostic performance claim can be made from this record and none is made here.",INSUFFICIENT EVIDENCE,seeded_from_research_program,INSUFFICIENT,unverified,open,{{SEED_ACCOUNT_ID}},platform_owner,"{""gap_type"": ""evidence_absent"", ""capability_key"": ""regulatory_eligibility_reference"", ""track"": ""A6"", ""topic"": ""Sonographic assessment of boxer's knuckle"", ""claim"": ""Sonographic assessment of sagittal band tears of the dorsal hood has been described in the ultrasound literature under the heading of boxer's knuckle."", ""boxing_specificity"": ""boxing_specific"", ""authority_tier"": 3, ""evidence_tier"": ""RESEARCH_NEEDED"", ""tbd_flag"": ""Yes"", ""seeded"": ""2026-08-07""}"
{{PPBF_ORG_ID}},research_program_seed.evidence_absent,evidence_claim,A6-091,Establish evidence for: Facial cut management literature. No adequate source located in the indexed literature.,"Only title, journal and year are verified; the PubMed record has no abstract and no DOI. No content claim is made. PPBF must not derive any cut-management technique from this entry.",INSUFFICIENT EVIDENCE,seeded_from_research_program,INSUFFICIENT,unverified,open,{{SEED_ACCOUNT_ID}},platform_owner,"{""gap_type"": ""evidence_absent"", ""capability_key"": ""regulatory_eligibility_reference"", ""track"": ""A6"", ""topic"": ""Facial cut management literature"", ""claim"": ""A practice article on the principles and practices of treating facial cuts during boxing matches exists in the wound-care literature."", ""boxing_specificity"": ""boxing_specific"", ""authority_tier"": 5, ""evidence_tier"": ""RESEARCH_NEEDED"", ""tbd_flag"": ""Yes"", ""seeded"": ""2026-08-07""}"
{{PPBF_ORG_ID}},research_program_seed.parameter_undefined,evidence_claim,A6-093,Derive a defensible value for: Wrist orthosis evidence (transfer). Currently TBD — no invented number may be used.,Clinical orthoses are rigid or semi-rigid devices for pathological wrists; boxing hand wraps are soft circumferential textile. The mechanical situations are not comparable and the transfer is flagged as unsupported.,VERIFIED EVIDENCE,seeded_from_research_program,LIMITED,partially_verified,open,{{SEED_ACCOUNT_ID}},platform_owner,"{""gap_type"": ""parameter_undefined"", ""capability_key"": ""regulatory_eligibility_reference"", ""track"": ""A6"", ""topic"": ""Wrist orthosis evidence (transfer)"", ""claim"": ""Wrist and forearm orthoses have measurable effects on grip strength and dexterity in clinical populations; no equivalent evidence exists for boxing hand wraps."", ""boxing_specificity"": ""transferred"", ""authority_tier"": 3, ""evidence_tier"": ""EMERGING"", ""tbd_flag"": ""Yes"", ""seeded"": ""2026-08-07""}"
{{PPBF_ORG_ID}},research_program_seed.hypothesis_untested,evidence_claim,A6-094,"Test the hypothesis: Repetitive subconcussive exposure. Currently reasoning, not evidence.",The relationship between cumulative subconcussive exposure and long-term outcome is not established; causal claims in this area are frequently overstated in popular coverage,HYPOTHESIS REQUIRING TESTING,seeded_from_research_program,LIMITED,partially_verified,open,{{SEED_ACCOUNT_ID}},platform_owner,"{""gap_type"": ""hypothesis_untested"", ""capability_key"": ""regulatory_eligibility_reference"", ""track"": ""A6"", ""topic"": ""Repetitive subconcussive exposure"", ""claim"": ""Repetitive subconcussive head impacts in sport are an active area of investigation with recognised uncertainty about long-term consequences."", ""boxing_specificity"": ""transferred"", ""authority_tier"": 3, ""evidence_tier"": ""EXPERIMENTAL"", ""tbd_flag"": ""Yes"", ""seeded"": ""2026-08-07""}"
{{PPBF_ORG_ID}},research_program_seed.parameter_undefined,evidence_claim,A6-098,Derive a defensible value for: Hand injuries across combat sports. Currently TBD — no invented number may be used.,"Search current to January 2015; German-language publication; the finding is an absence of comparative evidence, which does not mean absence of risk",VERIFIED EVIDENCE,seeded_from_research_program,LIMITED,partially_verified,open,{{SEED_ACCOUNT_ID}},platform_owner,"{""gap_type"": ""parameter_undefined"", ""capability_key"": ""regulatory_eligibility_reference"", ""track"": ""A6"", ""topic"": ""Hand injuries across combat sports"", ""claim"": ""A systematic review of hand injuries in combat sports concluded that conclusive comparative studies on the incidence and severity of combat-sport-related hand injuries could not be found in the literature."", ""boxing_specificity"": ""partly_boxing_specific"", ""authority_tier"": 2, ""evidence_tier"": ""EMERGING"", ""tbd_flag"": ""Yes"", ""seeded"": ""2026-08-07""}"
{{PPBF_ORG_ID}},research_program_seed.parameter_undefined,evidence_claim,A6-101,Derive a defensible value for: Emerging infection considerations in contact sport. Currently TBD — no invented number may be used.,Narrative review with a forward-looking argument rather than measured transmission data; boxing's gloved contact profile differs materially from wrestling; must not be presented as a boxing risk estimate,VERIFIED EVIDENCE,seeded_from_research_program,LIMITED,partially_verified,open,{{SEED_ACCOUNT_ID}},platform_owner,"{""gap_type"": ""parameter_undefined"", ""capability_key"": ""regulatory_eligibility_reference"", ""track"": ""A6"", ""topic"": ""Emerging infection considerations in contact sport"", ""claim"": ""A review of mpox in contact sports argued that sports with significant skin-to-skin contact - explicitly including wrestling and other combat sports - are settings where infectious skin diseases spread rapidly, and set out preventive considerations."", ""boxing_specificity"": ""transferred"", ""authority_tier"": 4, ""evidence_tier"": ""EXPERIMENTAL"", ""tbd_flag"": ""Yes"", ""seeded"": ""2026-08-07""}"
{{PPBF_ORG_ID}},research_program_seed.evidence_conflicted,evidence_claim,A7-004,Resolve conflicting evidence on: Energy availability / REDs. Sources disagree; PPBF must not present this as settled.,A critique is not evidence of absence of harm; the underlying harms of severe energy deficiency are separately well-documented,CONTESTED PRACTICE,seeded_from_research_program,CONFLICTED,partially_verified,open,{{SEED_ACCOUNT_ID}},platform_owner,"{""gap_type"": ""evidence_conflicted"", ""capability_key"": ""performance_nutrition"", ""track"": ""A7"", ""topic"": ""Energy availability / REDs"", ""claim"": ""The existence of REDs as a discrete syndrome is contested in the literature; at least one 2024 peer-reviewed critique explicitly questions whether the syndrome, as defined, exists."", ""boxing_specificity"": ""transferred"", ""authority_tier"": 4, ""evidence_tier"": ""EXPERIMENTAL"", ""tbd_flag"": """", ""seeded"": ""2026-08-07""}"
{{PPBF_ORG_ID}},research_program_seed.hypothesis_untested,evidence_claim,A7-012,"Test the hypothesis: Protein. Currently reasoning, not evidence.","Total daily protein intake appears to dominate; distribution effects, if present, are small; boxing-specific data absent",HYPOTHESIS REQUIRING TESTING,seeded_from_research_program,LIMITED,partially_verified,open,{{SEED_ACCOUNT_ID}},platform_owner,"{""gap_type"": ""hypothesis_untested"", ""capability_key"": ""performance_nutrition"", ""track"": ""A7"", ""topic"": ""Protein"", ""claim"": ""Whether spreading protein evenly across meals improves muscle-related outcomes is not settled; a 2020 review found the observational and randomised evidence supporting the distribution concept is inconsistent."", ""boxing_specificity"": ""transferred"", ""authority_tier"": 2, ""evidence_tier"": ""EXPERIMENTAL"", ""tbd_flag"": """", ""seeded"": ""2026-08-07""}"
{{PPBF_ORG_ID}},research_program_seed.evidence_conflicted,evidence_claim,A7-013,Resolve conflicting evidence on: Fat. Sources disagree; PPBF must not present this as settled.,High-fat approaches reduce the capacity for high-intensity work in several reported contexts; no boxing-specific trial identified; the debate is largely endurance-framed,CONTESTED PRACTICE,seeded_from_research_program,CONFLICTED,partially_verified,open,{{SEED_ACCOUNT_ID}},platform_owner,"{""gap_type"": ""evidence_conflicted"", ""capability_key"": ""performance_nutrition"", ""track"": ""A7"", ""topic"": ""Fat"", ""claim"": ""The case for high-fat/low-carbohydrate diets improving sports performance has been re-examined in the peer-reviewed literature and remains unresolved rather than settled in either direction."", ""boxing_specificity"": ""transferred"", ""authority_tier"": 4, ""evidence_tier"": ""EXPERIMENTAL"", ""tbd_flag"": """", ""seeded"": ""2026-08-07""}"
{{PPBF_ORG_ID}},research_program_seed.parameter_undefined,evidence_claim,A7-017,Derive a defensible value for: Hydration. Currently TBD — no invented number may be used.,"Because variability is large and method-dependent, any single sweat sodium figure applied to an athlete is unreliable",VERIFIED EVIDENCE,seeded_from_research_program,LIMITED,partially_verified,open,{{SEED_ACCOUNT_ID}},platform_owner,"{""gap_type"": ""parameter_undefined"", ""capability_key"": ""performance_nutrition"", ""track"": ""A7"", ""topic"": ""Hydration"", ""claim"": ""Sweating rate and sweat sodium concentration vary substantially within and between individuals, and unstandardised sweat-testing methods produce inconsistent or inaccurate results."", ""boxing_specificity"": ""transferred"", ""authority_tier"": 3, ""evidence_tier"": ""EMERGING"", ""tbd_flag"": ""TBD"", ""seeded"": ""2026-08-07""}"
{{PPBF_ORG_ID}},research_program_seed.evidence_conflicted,evidence_claim,A7-019,Resolve conflicting evidence on: Iron. Sources disagree; PPBF must not present this as settled.,Threshold disagreement means any app-side numeric iron rule would encode a contested value,CONTESTED PRACTICE,seeded_from_research_program,CONFLICTED,partially_verified,open,{{SEED_ACCOUNT_ID}},platform_owner,"{""gap_type"": ""evidence_conflicted"", ""capability_key"": ""performance_nutrition"", ""track"": ""A7"", ""topic"": ""Iron"", ""claim"": ""The interpretation of iron status in athletic females has been argued to require a shift from the older paradigm, indicating the ferritin thresholds and screening approach are not settled."", ""boxing_specificity"": ""transferred"", ""authority_tier"": 3, ""evidence_tier"": ""EXPERIMENTAL"", ""tbd_flag"": ""TBD"", ""seeded"": ""2026-08-07""}"
{{PPBF_ORG_ID}},research_program_seed.evidence_absent,evidence_claim,A7-027,Establish evidence for: Supplements - creatine in youth. No adequate source located in the indexed literature.,Absence of demonstrated harm is not demonstration of safety; the paediatric literature is dominated by clinical rather than athletic applications,INSUFFICIENT EVIDENCE,seeded_from_research_program,INSUFFICIENT,unverified,open,{{SEED_ACCOUNT_ID}},platform_owner,"{""gap_type"": ""evidence_absent"", ""capability_key"": ""performance_nutrition"", ""track"": ""A7"", ""topic"": ""Supplements - creatine in youth"", ""claim"": ""Whether the physiological benefits and safety profile of creatine established in adults extend to children and adolescents is not established; the literature on paediatric creatine use is described as limited relative to the adult evidence base."", ""boxing_specificity"": ""transferred"", ""authority_tier"": 4, ""evidence_tier"": ""RESEARCH_NEEDED"", ""tbd_flag"": """", ""seeded"": ""2026-08-07""}"
{{PPBF_ORG_ID}},research_program_seed.parameter_undefined,evidence_claim,A7-039,Derive a defensible value for: Weight making - regulation. Currently TBD — no invented number may be used.,"Applies to WBC title bouts, not to amateur or non-title boxing; the underlying percentage thresholds are administrative choices, not validated safety thresholds; primary WBC programme PDF was not directly reachable, so this rests on the WBC's own published article plus consistent press reporting",VERIFIED EVIDENCE,seeded_from_research_program,LIMITED,partially_verified,open,{{SEED_ACCOUNT_ID}},platform_owner,"{""gap_type"": ""parameter_undefined"", ""capability_key"": ""performance_nutrition"", ""track"": ""A7"", ""topic"": ""Weight making - regulation"", ""claim"": ""The WBC weight management programme adds pre-bout weight checks at 30, 14 and 7 days before a title bout, at which the boxer must not exceed the division limit by more than 10%, 5% and 3% respectively, plus a same-day arena check at which the boxer must not exceed the official weigh-in weight by more than 10%."", ""boxing_specificity"": ""boxing_specific"", ""authority_tier"": 1, ""evidence_tier"": ""PROVEN"", ""tbd_flag"": ""TBD"", ""seeded"": ""2026-08-07""}"
{{PPBF_ORG_ID}},research_program_seed.evidence_conflicted,evidence_claim,A7-050,Resolve conflicting evidence on: Weight making - conflicting evidence. Sources disagree; PPBF must not present this as settled.,"These null findings concern PHYSICAL PERFORMANCE measured in a laboratory, not health, not cognition, not head-impact tolerance, and not youth; a null result in an underpowered study is weak evidence of no effect; performance neutrality is not a safety endorsement",CONTESTED PRACTICE,seeded_from_research_program,CONFLICTED,partially_verified,open,{{SEED_ACCOUNT_ID}},platform_owner,"{""gap_type"": ""evidence_conflicted"", ""capability_key"": ""performance_nutrition"", ""track"": ""A7"", ""topic"": ""Weight making - conflicting evidence"", ""claim"": ""The evidence on whether rapid weight loss impairs physical performance is not uniform: one study reported that rapid weight loss of up to five percent of body mass in less than seven days did not affect physical performance, and an updated systematic review found no clear consistent negative effect across performance parameters."", ""boxing_specificity"": ""partly_boxing_specific"", ""authority_tier"": 2, ""evidence_tier"": ""EXPERIMENTAL"", ""tbd_flag"": """", ""seeded"": ""2026-08-07""}"
{{PPBF_ORG_ID}},research_program_seed.parameter_undefined,evidence_claim,A7-051,Derive a defensible value for: Weight making - regulation. Currently TBD — no invented number may be used.,"The NCAA's own packet states the 1.020 threshold is partly evidence-based and partly arbitrary; state high-school federations use 1.025 instead, showing the threshold is not settled; body-fat floors are derived from prediction equations with their own error",VERIFIED EVIDENCE,seeded_from_research_program,LIMITED,partially_verified,open,{{SEED_ACCOUNT_ID}},platform_owner,"{""gap_type"": ""parameter_undefined"", ""capability_key"": ""performance_nutrition"", ""track"": ""A7"", ""topic"": ""Weight making - regulation"", ""claim"": ""The NCAA wrestling weight management programme requires a urine specific gravity of 1.020 or lower before body-composition assessment, sets a minimum competitive weight based on 5% body fat for men (with a separate women's packet using a 12% floor), and limits descent to a maximum of 1.5% of body weight per week."", ""boxing_specificity"": ""transferred"", ""authority_tier"": 1, ""evidence_tier"": ""EMERGING"", ""tbd_flag"": ""TBD"", ""seeded"": ""2026-08-07""}"
{{PPBF_ORG_ID}},research_program_seed.parameter_undefined,evidence_claim,A7-062,Derive a defensible value for: Body composition - measurement error. Currently TBD — no invented number may be used.,"DXA-specific; site- and machine-specific; PPBF is unlikely to have DXA access, so the practical error term for whatever method PPBF uses is unmeasured",VERIFIED EVIDENCE,seeded_from_research_program,LIMITED,partially_verified,open,{{SEED_ACCOUNT_ID}},platform_owner,"{""gap_type"": ""parameter_undefined"", ""capability_key"": ""performance_nutrition"", ""track"": ""A7"", ""topic"": ""Body composition - measurement error"", ""claim"": ""Interpreting body-composition change requires the least significant change concept; same-day consecutive DXA scans capture technical error only, while consecutive-day scans additionally capture short-term biological variation, which is the relevant error term for longitudinal monitoring."", ""boxing_specificity"": ""transferred"", ""authority_tier"": 4, ""evidence_tier"": ""EXPERIMENTAL"", ""tbd_flag"": ""TBD"", ""seeded"": ""2026-08-07""}"
{{PPBF_ORG_ID}},research_program_seed.evidence_absent,evidence_claim,A7-065,Establish evidence for: Gastrointestinal tolerance. No adequate source located in the indexed literature.,Probiotic strain specificity means results do not generalise across products; no boxing evidence; commercial products are a cost burden with unproven benefit,INSUFFICIENT EVIDENCE,seeded_from_research_program,INSUFFICIENT,unverified,open,{{SEED_ACCOUNT_ID}},platform_owner,"{""gap_type"": ""evidence_absent"", ""capability_key"": ""performance_nutrition"", ""track"": ""A7"", ""topic"": ""Gastrointestinal tolerance"", ""claim"": ""A systematic review of randomised trials examined the effect of probiotic supplementation on gastrointestinal symptoms in athletes."", ""boxing_specificity"": ""transferred"", ""authority_tier"": 2, ""evidence_tier"": ""RESEARCH_NEEDED"", ""tbd_flag"": """", ""seeded"": ""2026-08-07""}"
{{PPBF_ORG_ID}},research_program_seed.parameter_undefined,evidence_claim,A7-067,Derive a defensible value for: Food access. Currently TBD — no invented number may be used.,"Collegiate population, not a community youth gym; scoping review including grey literature; self-reported food security instruments; no PPBF-specific data exists",VERIFIED EVIDENCE,seeded_from_research_program,LIMITED,partially_verified,open,{{SEED_ACCOUNT_ID}},platform_owner,"{""gap_type"": ""parameter_undefined"", ""capability_key"": ""performance_nutrition"", ""track"": ""A7"", ""topic"": ""Food access"", ""claim"": ""Food insecurity is documented among collegiate athletes at rates the reviewed literature describes as exceeding those of the general student population, driven by financial demands, time commitments and the energy demands of sport."", ""boxing_specificity"": ""transferred"", ""authority_tier"": 3, ""evidence_tier"": ""EMERGING"", ""tbd_flag"": ""TBD"", ""seeded"": ""2026-08-07""}"
{{PPBF_ORG_ID}},research_program_seed.parameter_undefined,evidence_claim,A7-069,Derive a defensible value for: Boxing physiology. Currently TBD — no invented number may be used.,Acute-response characterisation does not by itself yield nutrition targets; sample sizes across included studies are typically small,VERIFIED EVIDENCE,seeded_from_research_program,LIMITED,partially_verified,open,{{SEED_ACCOUNT_ID}},platform_owner,"{""gap_type"": ""parameter_undefined"", ""capability_key"": ""performance_nutrition"", ""track"": ""A7"", ""topic"": ""Boxing physiology"", ""claim"": ""A systematic review has characterised the acute physiological, endocrine, biochemical and performance responses associated with amateur boxing."", ""boxing_specificity"": ""boxing_specific"", ""authority_tier"": 2, ""evidence_tier"": ""PROVEN"", ""tbd_flag"": ""TBD"", ""seeded"": ""2026-08-07""}"
{{PPBF_ORG_ID}},research_program_seed.parameter_undefined,evidence_claim,A7-075,Derive a defensible value for: Weight making - sex differences. Currently TBD — no invented number may be used.,"Wrestling, not boxing; female combat-sport samples remain small across this literature (156 of 4432 participants in the main systematic review were female)",VERIFIED EVIDENCE,seeded_from_research_program,LIMITED,partially_verified,open,{{SEED_ACCOUNT_ID}},platform_owner,"{""gap_type"": ""parameter_undefined"", ""capability_key"": ""performance_nutrition"", ""track"": ""A7"", ""topic"": ""Weight making - sex differences"", ""claim"": ""The effects of rapid weight loss have been examined separately in male and female wrestlers, indicating that sex-disaggregated analysis of weight-cutting effects is now being undertaken."", ""boxing_specificity"": ""transferred"", ""authority_tier"": 3, ""evidence_tier"": ""EMERGING"", ""tbd_flag"": ""TBD"", ""seeded"": ""2026-08-07""}"
{{PPBF_ORG_ID}},research_program_seed.parameter_undefined,evidence_claim,A8-007,Derive a defensible value for: Punch phase model. Currently TBD — no invented number may be used.,"Ten participants, laboratory maximal-effort punches, high-speed video; whether phases are resolvable at consumer phone frame rates is untested",VERIFIED EVIDENCE,seeded_from_research_program,LIMITED,partially_verified,open,{{SEED_ACCOUNT_ID}},platform_owner,"{""gap_type"": ""parameter_undefined"", ""capability_key"": ""video_annotation_ontology"", ""track"": ""A8"", ""topic"": ""Punch phase model"", ""claim"": ""Phases of lead and rear straight and hook punches were defined using ground reaction force, EMG, high-speed video and striking dynamometry, producing a shared phase structure for describing punching research."", ""boxing_specificity"": ""boxing_specific"", ""authority_tier"": 3, ""evidence_tier"": ""EMERGING"", ""tbd_flag"": ""YES"", ""seeded"": ""2026-08-07""}"
{{PPBF_ORG_ID}},research_program_seed.hypothesis_untested,evidence_claim,A8-010,"Test the hypothesis: Fine-grained boxing action recognition - preprint. Currently reasoning, not evidence.","arXiv preprint, not peer reviewed; dataset composition and ecological validity unclear; boxing accuracy is meaningfully below the fencing figure, which is consistent with boxing being the harder problem",HYPOTHESIS REQUIRING TESTING,seeded_from_research_program,LIMITED,partially_verified,open,{{SEED_ACCOUNT_ID}},platform_owner,"{""gap_type"": ""hypothesis_untested"", ""capability_key"": ""video_annotation_ontology"", ""track"": ""A8"", ""topic"": ""Fine-grained boxing action recognition - preprint"", ""claim"": ""A transformer approach processing raw video without pose estimation reported 90% accuracy on fencing actions and 83.25% on boxing actions."", ""boxing_specificity"": ""partly_boxing_specific"", ""authority_tier"": 4, ""evidence_tier"": ""EXPERIMENTAL"", ""tbd_flag"": ""NO"", ""seeded"": ""2026-08-07""}"
{{PPBF_ORG_ID}},research_program_seed.parameter_undefined,evidence_claim,A8-016,Derive a defensible value for: Acute symptoms and head-impact exposure in boxing sparring. Currently TBD — no invented number may be used.,"Seven participants, exploratory and qualitative analysis, no control condition; the authors state the acute dose-response relationship remains elusive",VERIFIED EVIDENCE,seeded_from_research_program,LIMITED,partially_verified,open,{{SEED_ACCOUNT_ID}},platform_owner,"{""gap_type"": ""parameter_undefined"", ""capability_key"": ""video_annotation_ontology"", ""track"": ""A8"", ""topic"": ""Acute symptoms and head-impact exposure in boxing sparring"", ""claim"": ""Monitoring seven competitive boxers with instrumented mouthguards across sparring sessions, group symptom scores did not differ pre- to post-sparring (median change in total symptom severity -1, p=0.85), symptom scores were lower at 48 hours than pre-session, and no strong association was found between session-specific exposure and symptom change; four of sixteen sessions from three participants showed a symptom-severity change greater than 5."", ""boxing_specificity"": ""boxing_specific"", ""authority_tier"": 3, ""evidence_tier"": ""EMERGING"", ""tbd_flag"": ""YES"", ""seeded"": ""2026-08-07""}"
{{PPBF_ORG_ID}},research_program_seed.parameter_undefined,evidence_claim,A8-022,Derive a defensible value for: Observational instrument validation in judo. Currently TBD — no invented number may be used.,Grappling sport; small match sample; the seven-match figure is judo-specific and must not be transferred to boxing,VERIFIED EVIDENCE,seeded_from_research_program,LIMITED,partially_verified,open,{{SEED_ACCOUNT_ID}},platform_owner,"{""gap_type"": ""parameter_undefined"", ""capability_key"": ""video_annotation_ontology"", ""track"": ""A8"", ""topic"": ""Observational instrument validation in judo"", ""claim"": ""The JUTACTIC judo observation instrument, with 8 fixed and 13 variable criteria, was validated by an 11-expert panel with intra- and inter-observer reliability established via Fleiss kappa and Krippendorff alpha, and generalizability analysis indicated roughly seven matches are needed to characterise a competitor's behaviour."", ""boxing_specificity"": ""transferred"", ""authority_tier"": 3, ""evidence_tier"": ""EMERGING"", ""tbd_flag"": ""YES"", ""seeded"": ""2026-08-07""}"
{{PPBF_ORG_ID}},research_program_seed.parameter_undefined,evidence_claim,A8-028,Derive a defensible value for: RPE for combat-sport load quantification. Currently TBD — no invented number may be used.,Short narrative review rather than a systematic one; correlation with physiological markers does not make RPE a substitute for them; scale version varies across the underlying studies,VERIFIED EVIDENCE,seeded_from_research_program,LIMITED,partially_verified,open,{{SEED_ACCOUNT_ID}},platform_owner,"{""gap_type"": ""parameter_undefined"", ""capability_key"": ""video_annotation_ontology"", ""track"": ""A8"", ""topic"": ""RPE for combat-sport load quantification"", ""claim"": ""A review of RPE and session-RPE in combat-sport activities reported significant correlations between RPE, blood lactate and heart rate, with a stronger RPE-lactate correlation for official striking matches (r=0.81) than grappling matches (r=0.53), and session-RPE correlating moderately to largely with heart-rate-based training-load methods."", ""boxing_specificity"": ""partly_boxing_specific"", ""authority_tier"": 3, ""evidence_tier"": ""EMERGING"", ""tbd_flag"": ""YES"", ""seeded"": ""2026-08-07""}"
{{PPBF_ORG_ID}},research_program_seed.hypothesis_untested,evidence_claim,A8-061,"Test the hypothesis: Analytics to inform practice design. Currently reasoning, not evidence.","A perspectives paper proposing methods, not reporting validated applications; no boxing evidence",HYPOTHESIS REQUIRING TESTING,seeded_from_research_program,LIMITED,partially_verified,open,{{SEED_ACCOUNT_ID}},platform_owner,"{""gap_type"": ""hypothesis_untested"", ""capability_key"": ""video_annotation_ontology"", ""track"": ""A8"", ""topic"": ""Analytics to inform practice design"", ""claim"": ""A perspectives paper argues that machine-learning techniques including decision trees, random forests, rule association and clustering could operationalise constraint manipulation, representative learning design and functional variability in practice design."", ""boxing_specificity"": ""transferred"", ""authority_tier"": 3, ""evidence_tier"": ""EXPERIMENTAL"", ""tbd_flag"": ""NO"", ""seeded"": ""2026-08-07""}"
{{PPBF_ORG_ID}},research_program_seed.parameter_undefined,evidence_claim,A8-076,Derive a defensible value for: Coder tier is a first-order determinant of data quality. Currently TBD — no invented number may be used.,Two analysts is too few to separate the effect of experience from individual differences; the inference that tier drives agreement is supported but not isolated by this design,STRONG EVIDENCE-SUPPORTED INFERENCE,seeded_from_research_program,LIMITED,partially_verified,open,{{SEED_ACCOUNT_ID}},platform_owner,"{""gap_type"": ""parameter_undefined"", ""capability_key"": ""video_annotation_ontology"", ""track"": ""A8"", ""topic"": ""Coder tier is a first-order determinant of data quality"", ""claim"": ""In the published amateur boxing performance-analysis template, inter-observer reliability was assessed with analysts of differing experience - an amateur boxer and an experienced analyst - and was substantially weaker than intra-observer reliability, with agreement ranging from 33% to 100% across indicators."", ""boxing_specificity"": ""boxing_specific"", ""authority_tier"": 3, ""evidence_tier"": ""EMERGING"", ""tbd_flag"": ""YES"", ""seeded"": ""2026-08-07""}"
{{PPBF_ORG_ID}},research_program_seed.evidence_absent,evidence_claim,A8-078,Establish evidence for: No verified automated detector exists for boxing defensive actions. No adequate source located in the indexed literature.,Absence of evidence in the databases searched is not proof of absence; commercial systems may exist but vendor claims are low authority and were not verifiable,INSUFFICIENT EVIDENCE,seeded_from_research_program,INSUFFICIENT,unverified,open,{{SEED_ACCOUNT_ID}},platform_owner,"{""gap_type"": ""evidence_absent"", ""capability_key"": ""video_annotation_ontology"", ""track"": ""A8"", ""topic"": ""No verified automated detector exists for boxing defensive actions"", ""claim"": ""Across the boxing and combat-sport literature searched, published automated recognition work addresses punch type and generic boxing action classes; no verified automated detector for boxing defensive actions such as slips, rolls, parries or shoulder rolls was identified."", ""boxing_specificity"": ""boxing_specific"", ""authority_tier"": 5, ""evidence_tier"": ""RESEARCH_NEEDED"", ""tbd_flag"": ""NO"", ""seeded"": ""2026-08-07""}"
{{PPBF_ORG_ID}},research_program_seed.evidence_absent,evidence_claim,A8-079,Establish evidence for: No boxing-specific evidence for coach-to-athlete supervision ratios. No adequate source located in the indexed literature.,"Ratios are typically set by insurers, governing bodies and local regulation rather than by research, and those sources vary by jurisdiction",INSUFFICIENT EVIDENCE,seeded_from_research_program,INSUFFICIENT,unverified,open,{{SEED_ACCOUNT_ID}},platform_owner,"{""gap_type"": ""evidence_absent"", ""capability_key"": ""video_annotation_ontology"", ""track"": ""A8"", ""topic"": ""No boxing-specific evidence for coach-to-athlete supervision ratios"", ""claim"": ""No evidence-based coach-to-athlete supervision ratio for boxing training or sparring was identified in the literature searched."", ""boxing_specificity"": ""boxing_specific"", ""authority_tier"": 1, ""evidence_tier"": ""RESEARCH_NEEDED"", ""tbd_flag"": ""YES"", ""seeded"": ""2026-08-07""}"
{{PPBF_ORG_ID}},research_program_seed.evidence_absent,evidence_claim,A8-080,Establish evidence for: No defensible video-coding time or reliability threshold exists for PPBF yet. No adequate source located in the indexed literature.,"Published notational studies used trained analysts and research settings, so their implicit burden is not representative of a nonprofit gym",INSUFFICIENT EVIDENCE,seeded_from_research_program,INSUFFICIENT,unverified,open,{{SEED_ACCOUNT_ID}},platform_owner,"{""gap_type"": ""evidence_absent"", ""capability_key"": ""video_annotation_ontology"", ""track"": ""A8"", ""topic"": ""No defensible video-coding time or reliability threshold exists for PPBF yet"", ""claim"": ""No published figure was identified for the time cost of coding boxing video to an ontology of this granularity, nor for the inter-rater agreement achievable by volunteer or part-time coaches in a community gym setting."", ""boxing_specificity"": ""boxing_specific"", ""authority_tier"": 5, ""evidence_tier"": ""RESEARCH_NEEDED"", ""tbd_flag"": ""YES"", ""seeded"": ""2026-08-07""}"
{{PPBF_ORG_ID}},research_program_seed.parameter_undefined,evidence_claim,B1-007,Derive a defensible value for: Attendance threshold. Currently TBD — no invented number may be used.,60% is a post-hoc threshold in an obesity-prevention programme; NOT a validated boxing training threshold; summer rebound shows benefit is not durable without continued dose,VERIFIED EVIDENCE,seeded_from_research_program,LIMITED,partially_verified,open,{{SEED_ACCOUNT_ID}},platform_owner,"{""gap_type"": ""parameter_undefined"", ""capability_key"": ""safeguarding_boundaries"", ""track"": ""B1"", ""topic"": ""Attendance threshold"", ""claim"": ""In a 3-year after-school PA programme, year-by-year dose-response analysis showed the clearest beneficial effects on percent body fat and cardiorespiratory fitness for youth attending at least 60% of sessions."", ""boxing_specificity"": ""transferred"", ""authority_tier"": 3, ""evidence_tier"": ""EMERGING"", ""tbd_flag"": ""yes"", ""seeded"": ""2026-08-07""}"
{{PPBF_ORG_ID}},research_program_seed.parameter_undefined,evidence_claim,B1-046,Derive a defensible value for: Pennsylvania child-care staff:child ratios as a REFERENCE anchor. Currently TBD — no invented number may be used.,"Whether PPBF's programme falls under child care licensure is a legal question requiring counsel. Ratios designed for custodial care do not account for combat-sport hazard exposure, which may warrant tighter ratios during contact activity.",VERIFIED EVIDENCE,seeded_from_research_program,LIMITED,partially_verified,open,{{SEED_ACCOUNT_ID}},platform_owner,"{""gap_type"": ""parameter_undefined"", ""capability_key"": ""safeguarding_boundaries"", ""track"": ""B1"", ""topic"": ""Pennsylvania child-care staff:child ratios as a REFERENCE anchor"", ""claim"": ""Pennsylvania licensed child care center regulations set maximum group sizes and staff:child ratios of 1:12 with maximum group size 24 for young school-age and 1:15 with maximum group size 30 for older school-age, requiring 2 staff for the maximum group; separately, at least two facility persons must be present whenever two or more children are in care."", ""boxing_specificity"": ""transferred"", ""authority_tier"": 1, ""evidence_tier"": ""EMERGING"", ""tbd_flag"": ""yes"", ""seeded"": ""2026-08-07""}"
{{PPBF_ORG_ID}},research_program_seed.evidence_absent,evidence_claim,B1-047,Establish evidence for: No verified coach:athlete ratio for boxing. No adequate source located in the indexed literature.,"Absence of evidence in these two databases is not proof of absence in grey literature, insurer standards or governing-body operational guidance not indexed there",INSUFFICIENT EVIDENCE,seeded_from_research_program,INSUFFICIENT,unverified,open,{{SEED_ACCOUNT_ID}},platform_owner,"{""gap_type"": ""evidence_absent"", ""capability_key"": ""safeguarding_boundaries"", ""track"": ""B1"", ""topic"": ""No verified coach:athlete ratio for boxing"", ""claim"": ""Targeted searches of PubMed and OpenAlex for coach:athlete ratio, staff:child ratio and group-size evidence in youth sport and out-of-school-time settings returned no study establishing an optimal or minimum-safe coach-to-athlete ratio for boxing or for combat sport."", ""boxing_specificity"": ""transferred"", ""authority_tier"": 5, ""evidence_tier"": ""RESEARCH_NEEDED"", ""tbd_flag"": ""yes"", ""seeded"": ""2026-08-07""}"
{{PPBF_ORG_ID}},research_program_seed.parameter_undefined,evidence_claim,B1-060,Derive a defensible value for: Operational growth trajectory of a community boxing programme. Currently TBD — no invented number may be used.,Single programme; 17/40 responded at follow-up; no comparison programme; success case (publication bias toward programmes that survived),VERIFIED EVIDENCE,seeded_from_research_program,LIMITED,partially_verified,open,{{SEED_ACCOUNT_ID}},platform_owner,"{""gap_type"": ""parameter_undefined"", ""capability_key"": ""safeguarding_boundaries"", ""track"": ""B1"", ""topic"": ""Operational growth trajectory of a community boxing programme"", ""claim"": ""A community boxing programme for people with Parkinson's disease started classes with 10 participants and, at 18-month follow-up, consisted of four boxing sessions per week led by three instructors with 40 participants; 81% of patients and 80% of instructors were very satisfied at the workshop stage."", ""boxing_specificity"": ""boxing_specific"", ""authority_tier"": 3, ""evidence_tier"": ""EMERGING"", ""tbd_flag"": ""yes"", ""seeded"": ""2026-08-07""}"
{{PPBF_ORG_ID}},research_program_seed.evidence_absent,evidence_claim,B1-076,Establish evidence for: EVIDENCE GAP — boxing gym operating models. No adequate source located in the indexed literature.,"Grey literature, insurer guidance and governing-body operations manuals were not systematically searched and may contain practice guidance",INSUFFICIENT EVIDENCE,seeded_from_research_program,INSUFFICIENT,unverified,open,{{SEED_ACCOUNT_ID}},platform_owner,"{""gap_type"": ""evidence_absent"", ""capability_key"": ""safeguarding_boundaries"", ""track"": ""B1"", ""topic"": ""EVIDENCE GAP — boxing gym operating models"", ""claim"": ""Structured searches of PubMed and OpenAlex located no study comparing operating models (open gym, fixed class, station rotation, team practice, competition camp, hybrid digital, franchise) for boxing gyms or any combat-sport facility on any operational outcome."", ""boxing_specificity"": ""transferred"", ""authority_tier"": 5, ""evidence_tier"": ""RESEARCH_NEEDED"", ""tbd_flag"": ""yes"", ""seeded"": ""2026-08-07""}"
{{PPBF_ORG_ID}},research_program_seed.evidence_absent,evidence_claim,B1-077,Establish evidence for: EVIDENCE GAP — enrolment band cutoffs. No adequate source located in the indexed literature.,Ranked search returns only; a targeted grey-literature or sport-management thesis search might surface descriptive typologies,INSUFFICIENT EVIDENCE,seeded_from_research_program,INSUFFICIENT,unverified,open,{{SEED_ACCOUNT_ID}},platform_owner,"{""gap_type"": ""evidence_absent"", ""capability_key"": ""safeguarding_boundaries"", ""track"": ""B1"", ""topic"": ""EVIDENCE GAP — enrolment band cutoffs"", ""claim"": ""No verified source was located that establishes enrolment thresholds at which a community sport or youth programme must change operating model, add staff, or add facility space."", ""boxing_specificity"": ""transferred"", ""authority_tier"": 5, ""evidence_tier"": ""RESEARCH_NEEDED"", ""tbd_flag"": ""yes"", ""seeded"": ""2026-08-07""}"
{{PPBF_ORG_ID}},research_program_seed.evidence_absent,evidence_claim,B1-078,Establish evidence for: EVIDENCE GAP — equipment units and space per athlete. No adequate source located in the indexed literature.,"Building codes, occupancy limits and insurer requirements are the likely real constraint and are jurisdiction-specific; these were not searched and must be obtained locally",INSUFFICIENT EVIDENCE,seeded_from_research_program,INSUFFICIENT,unverified,open,{{SEED_ACCOUNT_ID}},platform_owner,"{""gap_type"": ""evidence_absent"", ""capability_key"": ""safeguarding_boundaries"", ""track"": ""B1"", ""topic"": ""EVIDENCE GAP — equipment units and space per athlete"", ""claim"": ""No verified source was located specifying required bags, ring area, floor area or equipment units per boxing athlete, nor a validated space-per-participant standard for combat-sport training facilities."", ""boxing_specificity"": ""transferred"", ""authority_tier"": 5, ""evidence_tier"": ""RESEARCH_NEEDED"", ""tbd_flag"": ""yes"", ""seeded"": ""2026-08-07""}"
{{PPBF_ORG_ID}},research_program_seed.evidence_absent,evidence_claim,B1-079,Establish evidence for: EVIDENCE GAP — admin hours per week by programme size. No adequate source located in the indexed literature.,This is the type of external-validity information systematically under-reported in the intervention literature (see B1-049),INSUFFICIENT EVIDENCE,seeded_from_research_program,INSUFFICIENT,unverified,open,{{SEED_ACCOUNT_ID}},platform_owner,"{""gap_type"": ""evidence_absent"", ""capability_key"": ""safeguarding_boundaries"", ""track"": ""B1"", ""topic"": ""EVIDENCE GAP — admin hours per week by programme size"", ""claim"": ""No verified source was located quantifying administrative staff hours required per week as a function of programme enrolment for a community sport or youth programme."", ""boxing_specificity"": ""transferred"", ""authority_tier"": 5, ""evidence_tier"": ""RESEARCH_NEEDED"", ""tbd_flag"": ""yes"", ""seeded"": ""2026-08-07""}"
{{PPBF_ORG_ID}},research_program_seed.hypothesis_untested,evidence_claim,B1-080,"Test the hypothesis: PROPOSED PPBF PARAMETER — supervision ratio floor for minors during non-contact work. Currently reasoning, not evidence.",Child care ratios were not designed for combat-sport hazard exposure; the ratio may be too loose during contact work and unnecessarily tight during conditioning; it is not a legal requirement for a sport programme unless PPBF is licensed as child care (a question for counsel),HYPOTHESIS REQUIRING TESTING,seeded_from_research_program,LIMITED,partially_verified,open,{{SEED_ACCOUNT_ID}},platform_owner,"{""gap_type"": ""hypothesis_untested"", ""capability_key"": ""safeguarding_boundaries"", ""track"": ""B1"", ""topic"": ""PROPOSED PPBF PARAMETER — supervision ratio floor for minors during non-contact work"", ""claim"": ""PROPOSED PPBF PARAMETER — ASSUMPTION, REQUIRES VALIDATION: a floor of one screened adult per 12 minors during non-contact floor work, with a minimum of two screened adults present whenever any minor is on the floor."", ""boxing_specificity"": ""transferred"", ""authority_tier"": 1, ""evidence_tier"": ""EXPERIMENTAL"", ""tbd_flag"": ""yes"", ""seeded"": ""2026-08-07""}"
{{PPBF_ORG_ID}},research_program_seed.hypothesis_untested,evidence_claim,B1-081,"Test the hypothesis: PROPOSED PPBF PARAMETER — contact-activity supervision. Currently reasoning, not evidence.","No study establishes that dedicated supervision reduces sparring injury in youth boxing; England Boxing's under-10 sparring prohibition (B1-043) is a rule, not evidence; USA Boxing rules differ",HYPOTHESIS REQUIRING TESTING,seeded_from_research_program,LIMITED,partially_verified,open,{{SEED_ACCOUNT_ID}},platform_owner,"{""gap_type"": ""hypothesis_untested"", ""capability_key"": ""safeguarding_boundaries"", ""track"": ""B1"", ""topic"": ""PROPOSED PPBF PARAMETER — contact-activity supervision"", ""claim"": ""PROPOSED PPBF PARAMETER — ASSUMPTION, REQUIRES VALIDATION: any sparring or contact drill involving a minor requires direct line-of-sight supervision by a certified coach dedicated to that activity, not shared with other floor duties, and is subject to a separate written clearance decision made by qualified humans."", ""boxing_specificity"": ""transferred"", ""authority_tier"": 4, ""evidence_tier"": ""EXPERIMENTAL"", ""tbd_flag"": ""yes"", ""seeded"": ""2026-08-07""}"
{{PPBF_ORG_ID}},research_program_seed.hypothesis_untested,evidence_claim,B1-082,"Test the hypothesis: PROPOSED PPBF PARAMETER — planning attendance rate. Currently reasoning, not evidence.",Comparators are school-hosted programmes with captive populations; a voluntary community gym may differ in either direction. The band is wide precisely because the comparators disagree.,HYPOTHESIS REQUIRING TESTING,seeded_from_research_program,LIMITED,partially_verified,open,{{SEED_ACCOUNT_ID}},platform_owner,"{""gap_type"": ""hypothesis_untested"", ""capability_key"": ""safeguarding_boundaries"", ""track"": ""B1"", ""topic"": ""PROPOSED PPBF PARAMETER — planning attendance rate"", ""claim"": ""PROPOSED PPBF PARAMETER — ASSUMPTION, REQUIRES VALIDATION: plan floor capacity, coach rostering and equipment against a daily attendance rate of 40-60% of active enrolment until PPBF has 12 weeks of its own attendance data."", ""boxing_specificity"": ""transferred"", ""authority_tier"": 4, ""evidence_tier"": ""EXPERIMENTAL"", ""tbd_flag"": ""yes"", ""seeded"": ""2026-08-07""}"
{{PPBF_ORG_ID}},research_program_seed.parameter_undefined,evidence_claim,B2-008,Derive a defensible value for: Boxing-specific ratio. Currently TBD — no invented number may be used.,Absence of a number in this form is not proof that England Boxing prescribes none anywhere; other EB coaching handbooks were not exhaustively searched.,VERIFIED EVIDENCE,seeded_from_research_program,LIMITED,partially_verified,open,{{SEED_ACCOUNT_ID}},platform_owner,"{""gap_type"": ""parameter_undefined"", ""capability_key"": ""session_design_templates"", ""track"": ""B2"", ""topic"": ""Boxing-specific ratio"", ""claim"": ""England Boxing publishes a combined attendance register and 'Coach to Boxer Ratio' template for club sessions, but the template records the ratio achieved rather than prescribing a required numeric value."", ""boxing_specificity"": ""boxing_specific"", ""authority_tier"": 4, ""evidence_tier"": ""EXPERIMENTAL"", ""tbd_flag"": ""TBD"", ""seeded"": ""2026-08-07""}"
{{PPBF_ORG_ID}},research_program_seed.parameter_undefined,evidence_claim,B2-012,Derive a defensible value for: Membership gating. Currently TBD — no invented number may be used.,VERSION RISK: the edition obtained is effective 1 January 2014 (revised August 2013). Newer editions exist and rule numbering changes between editions. Confidence is moderate solely because of edition currency.,VERIFIED EVIDENCE,seeded_from_research_program,LIMITED,partially_verified,open,{{SEED_ACCOUNT_ID}},platform_owner,"{""gap_type"": ""parameter_undefined"", ""capability_key"": ""session_design_templates"", ""track"": ""B2"", ""topic"": ""Membership gating"", ""claim"": ""USA Boxing's rulebook states that boxers, coaches, officials and physicians must be USA Boxing members to participate in USA Boxing activities, expressly including club workouts and sparring sessions."", ""boxing_specificity"": ""boxing_specific"", ""authority_tier"": 1, ""evidence_tier"": ""PROVEN"", ""tbd_flag"": ""TBD"", ""seeded"": ""2026-08-07""}"
{{PPBF_ORG_ID}},research_program_seed.parameter_undefined,evidence_claim,B2-020,Derive a defensible value for: Head impact in novice boxing instruction. Currently TBD — no invented number may be used.,"Small preliminary sample, male only, compulsory military course context. No control of instructional format. Cannot support any threshold or dose recommendation.",VERIFIED EVIDENCE,seeded_from_research_program,LIMITED,partially_verified,open,{{SEED_ACCOUNT_ID}},platform_owner,"{""gap_type"": ""parameter_undefined"", ""capability_key"": ""session_design_templates"", ""track"": ""B2"", ""topic"": ""Head impact in novice boxing instruction"", ""claim"": ""Instrumented mouthguards were used to measure head impact exposure in 22 male cadets during a compulsory introductory boxing course at the U.S. Military Academy, establishing baseline head-impact frequency and severity for beginner-level instruction."", ""boxing_specificity"": ""boxing_specific"", ""authority_tier"": 4, ""evidence_tier"": ""EXPERIMENTAL"", ""tbd_flag"": ""TBD"", ""seeded"": ""2026-08-07""}"
{{PPBF_ORG_ID}},research_program_seed.parameter_undefined,evidence_claim,B2-022,Derive a defensible value for: Youth resistance training supervision. Currently TBD — no invented number may be used.,"CRITICAL: the statement requires QUALIFIED SUPERVISION but does not supply a coach:athlete ratio. Any number PPBF uses for the strength station is therefore PPBF's, not the NSCA's.",VERIFIED EVIDENCE,seeded_from_research_program,LIMITED,partially_verified,open,{{SEED_ACCOUNT_ID}},platform_owner,"{""gap_type"": ""parameter_undefined"", ""capability_key"": ""session_design_templates"", ""track"": ""B2"", ""topic"": ""Youth resistance training supervision"", ""claim"": ""The National Strength and Conditioning Association's updated position statement holds that resistance training offers benefits for children and adolescents when appropriately prescribed and supervised, and that qualified acceptance by medical, fitness and sport organizations is becoming universal."", ""boxing_specificity"": ""transferred"", ""authority_tier"": 4, ""evidence_tier"": ""EXPERIMENTAL"", ""tbd_flag"": ""TBD"", ""seeded"": ""2026-08-07""}"
{{PPBF_ORG_ID}},research_program_seed.parameter_undefined,evidence_claim,B2-026,Derive a defensible value for: Lesson length and engagement. Currently TBD — no invented number may be used.,"Abstract-level verification only; effect sizes not extracted. Cited for the question it addresses, not for a number.",VERIFIED EVIDENCE,seeded_from_research_program,LIMITED,partially_verified,open,{{SEED_ACCOUNT_ID}},platform_owner,"{""gap_type"": ""parameter_undefined"", ""capability_key"": ""session_design_templates"", ""track"": ""B2"", ""topic"": ""Lesson length and engagement"", ""claim"": ""A study of physical education lesson duration examined whether longer lessons deliver proportionally more physical activity, addressing the assumption that extending session length linearly increases active time."", ""boxing_specificity"": ""transferred"", ""authority_tier"": 4, ""evidence_tier"": ""EXPERIMENTAL"", ""tbd_flag"": ""TBD"", ""seeded"": ""2026-08-07""}"
{{PPBF_ORG_ID}},research_program_seed.parameter_undefined,evidence_claim,B2-033,Derive a defensible value for: Volunteer coach workforce. Currently TBD — no invented number may be used.,"Small purposive qualitative sample from one sport and one country; women-only. Produces themes, not generalisable rates. Cannot support any retention or churn number.",VERIFIED EVIDENCE,seeded_from_research_program,LIMITED,partially_verified,open,{{SEED_ACCOUNT_ID}},platform_owner,"{""gap_type"": ""parameter_undefined"", ""capability_key"": ""session_design_templates"", ""track"": ""B2"", ""topic"": ""Volunteer coach workforce"", ""claim"": ""A qualitative study of eleven volunteer women coaches across three community Gaelic football clubs identified retention and recruitment, support structures within the club, and club culture and norms as the key themes shaping their support and development in the role."", ""boxing_specificity"": ""transferred"", ""authority_tier"": 3, ""evidence_tier"": ""EMERGING"", ""tbd_flag"": ""TBD"", ""seeded"": ""2026-08-07""}"
{{PPBF_ORG_ID}},research_program_seed.evidence_absent,evidence_claim,B2-039,Establish evidence for: Boxing coach:athlete ratio. No adequate source located in the indexed literature.,"Absence of evidence in the sources searched is not proof of absence. Searches covered PubMed, the fetched governing-body documents, and allowlisted web sources on 2026-08-07; paywalled NGB coaching handbooks and insurer guidance were not exhaustively obtained.",INSUFFICIENT EVIDENCE,seeded_from_research_program,INSUFFICIENT,unverified,open,{{SEED_ACCOUNT_ID}},platform_owner,"{""gap_type"": ""evidence_absent"", ""capability_key"": ""session_design_templates"", ""track"": ""B2"", ""topic"": ""Boxing coach:athlete ratio"", ""claim"": ""No published, verifiable coach-to-athlete supervision ratio specific to boxing training was located in governing-body rulebooks, NGB club standards, or the peer-reviewed literature searched."", ""boxing_specificity"": ""boxing_specific"", ""authority_tier"": 5, ""evidence_tier"": ""RESEARCH_NEEDED"", ""tbd_flag"": ""TBD"", ""seeded"": ""2026-08-07""}"
{{PPBF_ORG_ID}},research_program_seed.evidence_absent,evidence_claim,B2-040,Establish evidence for: Per-athlete floor area. No adequate source located in the indexed literature.,"Absence of evidence in the sources searched is not proof of absence. Searches covered PubMed, the fetched governing-body documents, and allowlisted web sources on 2026-08-07; paywalled NGB coaching handbooks and insurer guidance were not exhaustively obtained.",INSUFFICIENT EVIDENCE,seeded_from_research_program,INSUFFICIENT,unverified,open,{{SEED_ACCOUNT_ID}},platform_owner,"{""gap_type"": ""evidence_absent"", ""capability_key"": ""session_design_templates"", ""track"": ""B2"", ""topic"": ""Per-athlete floor area"", ""claim"": ""No verifiable published per-athlete floor-area standard for boxing training was located. England Boxing specifies a 324 ft^2 minimum for the facility as a whole and 1.5 m bag spacing, but no per-person allowance."", ""boxing_specificity"": ""transferred"", ""authority_tier"": 5, ""evidence_tier"": ""RESEARCH_NEEDED"", ""tbd_flag"": ""TBD"", ""seeded"": ""2026-08-07""}"
{{PPBF_ORG_ID}},research_program_seed.evidence_absent,evidence_claim,B2-041,Establish evidence for: PPBF no-show rate. No adequate source located in the indexed literature.,"Absence of evidence in the sources searched is not proof of absence. Searches covered PubMed, the fetched governing-body documents, and allowlisted web sources on 2026-08-07; paywalled NGB coaching handbooks and insurer guidance were not exhaustively obtained.",INSUFFICIENT EVIDENCE,seeded_from_research_program,INSUFFICIENT,unverified,open,{{SEED_ACCOUNT_ID}},platform_owner,"{""gap_type"": ""evidence_absent"", ""capability_key"": ""session_design_templates"", ""track"": ""B2"", ""topic"": ""PPBF no-show rate"", ""claim"": ""No defensible external value exists for PPBF's no-show rate; program-specific attendance behaviour cannot be imported from another organisation."", ""boxing_specificity"": ""transferred"", ""authority_tier"": 5, ""evidence_tier"": ""RESEARCH_NEEDED"", ""tbd_flag"": ""TBD"", ""seeded"": ""2026-08-07""}"
{{PPBF_ORG_ID}},research_program_seed.evidence_absent,evidence_claim,B2-042,Establish evidence for: Waitlist conversion. No adequate source located in the indexed literature.,"Absence of evidence in the sources searched is not proof of absence. Searches covered PubMed, the fetched governing-body documents, and allowlisted web sources on 2026-08-07; paywalled NGB coaching handbooks and insurer guidance were not exhaustively obtained.",INSUFFICIENT EVIDENCE,seeded_from_research_program,INSUFFICIENT,unverified,open,{{SEED_ACCOUNT_ID}},platform_owner,"{""gap_type"": ""evidence_absent"", ""capability_key"": ""session_design_templates"", ""track"": ""B2"", ""topic"": ""Waitlist conversion"", ""claim"": ""No external value; and the pilot schema currently provides no waitlist state on scheduler_registrations from which to measure it."", ""boxing_specificity"": ""transferred"", ""authority_tier"": 5, ""evidence_tier"": ""RESEARCH_NEEDED"", ""tbd_flag"": ""TBD"", ""seeded"": ""2026-08-07""}"
{{PPBF_ORG_ID}},research_program_seed.evidence_absent,evidence_claim,B2-043,Establish evidence for: Coach availability / substitute need. No adequate source located in the indexed literature.,"Absence of evidence in the sources searched is not proof of absence. Searches covered PubMed, the fetched governing-body documents, and allowlisted web sources on 2026-08-07; paywalled NGB coaching handbooks and insurer guidance were not exhaustively obtained.",INSUFFICIENT EVIDENCE,seeded_from_research_program,INSUFFICIENT,unverified,open,{{SEED_ACCOUNT_ID}},platform_owner,"{""gap_type"": ""evidence_absent"", ""capability_key"": ""session_design_templates"", ""track"": ""B2"", ""topic"": ""Coach availability / substitute need"", ""claim"": ""No external value for per-coach session availability."", ""boxing_specificity"": ""transferred"", ""authority_tier"": 5, ""evidence_tier"": ""RESEARCH_NEEDED"", ""tbd_flag"": ""TBD"", ""seeded"": ""2026-08-07""}"
{{PPBF_ORG_ID}},research_program_seed.evidence_absent,evidence_claim,B2-044,Establish evidence for: Optimal work:rest for youth boxing station rotation. No adequate source located in the indexed literature.,"Absence of evidence in the sources searched is not proof of absence. Searches covered PubMed, the fetched governing-body documents, and allowlisted web sources on 2026-08-07; paywalled NGB coaching handbooks and insurer guidance were not exhaustively obtained.",INSUFFICIENT EVIDENCE,seeded_from_research_program,INSUFFICIENT,unverified,open,{{SEED_ACCOUNT_ID}},platform_owner,"{""gap_type"": ""evidence_absent"", ""capability_key"": ""session_design_templates"", ""track"": ""B2"", ""topic"": ""Optimal work:rest for youth boxing station rotation"", ""claim"": ""No verifiable boxing-specific evidence was located prescribing a work:rest interval for youth station rotation."", ""boxing_specificity"": ""boxing_specific"", ""authority_tier"": 5, ""evidence_tier"": ""RESEARCH_NEEDED"", ""tbd_flag"": ""TBD"", ""seeded"": ""2026-08-07""}"
{{PPBF_ORG_ID}},research_program_seed.evidence_absent,evidence_claim,B2-045,Establish evidence for: Coach-stop latency in sparring supervision. No adequate source located in the indexed literature.,"Absence of evidence in the sources searched is not proof of absence. Searches covered PubMed, the fetched governing-body documents, and allowlisted web sources on 2026-08-07; paywalled NGB coaching handbooks and insurer guidance were not exhaustively obtained.",INSUFFICIENT EVIDENCE,seeded_from_research_program,INSUFFICIENT,unverified,open,{{SEED_ACCOUNT_ID}},platform_owner,"{""gap_type"": ""evidence_absent"", ""capability_key"": ""session_design_templates"", ""track"": ""B2"", ""topic"": ""Coach-stop latency in sparring supervision"", ""claim"": ""No published measurement of how quickly a supervising coach can halt an exchange, nor of how that latency varies with the number of pairs supervised."", ""boxing_specificity"": ""boxing_specific"", ""authority_tier"": 5, ""evidence_tier"": ""RESEARCH_NEEDED"", ""tbd_flag"": ""TBD"", ""seeded"": ""2026-08-07""}"
{{PPBF_ORG_ID}},research_program_seed.parameter_undefined,evidence_claim,B3-013,Derive a defensible value for: Exertional heat illness. Currently TBD — no invented number may be used.,No boxing-gym-specific thresholds; wet-bulb globe temperature policies are written for outdoor sport,VERIFIED EVIDENCE,seeded_from_research_program,LIMITED,partially_verified,open,{{SEED_ACCOUNT_ID}},platform_owner,"{""gap_type"": ""parameter_undefined"", ""capability_key"": ""safeguarding_boundaries"", ""track"": ""B3"", ""topic"": ""Exertional heat illness"", ""claim"": ""Exertional heat illness is preventable and recognisable, and exertional heat stroke remains a leading cause of sudden death in sport; recognition and immediate cooling protocols belong in the venue EAP."", ""boxing_specificity"": ""transferred"", ""authority_tier"": 1, ""evidence_tier"": ""EMERGING"", ""tbd_flag"": ""yes"", ""seeded"": ""2026-08-07""}"
{{PPBF_ORG_ID}},research_program_seed.parameter_undefined,evidence_claim,B3-021,Derive a defensible value for: Head impact exposure — measurement. Currently TBD — no invented number may be used.,Very small samples; sensor artefact possible despite video verification; no dose-response to clinical outcome established; no safe threshold exists,VERIFIED EVIDENCE,seeded_from_research_program,LIMITED,partially_verified,open,{{SEED_ACCOUNT_ID}},platform_owner,"{""gap_type"": ""parameter_undefined"", ""capability_key"": ""safeguarding_boundaries"", ""track"": ""B3"", ""topic"": ""Head impact exposure — measurement"", ""claim"": ""Instrumented mouthguards can quantify head impact exposure in boxing sparring; in beginner boxing courses most measured impacts were of low magnitude, with a right-skewed distribution and rare higher-magnitude events."", ""boxing_specificity"": ""boxing_specific"", ""authority_tier"": 3, ""evidence_tier"": ""EMERGING"", ""tbd_flag"": ""yes"", ""seeded"": ""2026-08-07""}"
{{PPBF_ORG_ID}},research_program_seed.evidence_conflicted,evidence_claim,B3-029,Resolve conflicting evidence on: Mat and surface contamination. Sources disagree; PPBF must not present this as settled.,"Two studies, same region, conflicting environmental results; culture sensitivity from surfaces is poor and a negative culture does not prove absence; neither study tested a cleaning intervention",CONTESTED PRACTICE,seeded_from_research_program,CONFLICTED,partially_verified,open,{{SEED_ACCOUNT_ID}},platform_owner,"{""gap_type"": ""evidence_conflicted"", ""capability_key"": ""safeguarding_boundaries"", ""track"": ""B3"", ""topic"": ""Mat and surface contamination"", ""claim"": ""Evidence on environmental (mat) reservoirs for dermatophytes is mixed: one Iranian study cultured T. tonsurans from a third of surveyed mats, while another found no positive mat cultures and concluded person-to-person spread predominated."", ""boxing_specificity"": ""transferred"", ""authority_tier"": 3, ""evidence_tier"": ""EXPERIMENTAL"", ""tbd_flag"": ""yes"", ""seeded"": ""2026-08-07""}"
{{PPBF_ORG_ID}},research_program_seed.evidence_conflicted,evidence_claim,B3-034,Resolve conflicting evidence on: Exclusion criteria — governing-body standard. Sources disagree; PPBF must not present this as settled.,"NFHS itself states no definitive data allow prediction of when a lesion stops shedding transmissible organisms. Peer-reviewed commentary notes HSV DNA can be detected by PCR after 5 days of antiviral therapy, with unknown relation to infectivity. These are administrative return thresholds, not biological clearance",CONTESTED PRACTICE,seeded_from_research_program,CONFLICTED,partially_verified,open,{{SEED_ACCOUNT_ID}},platform_owner,"{""gap_type"": ""evidence_conflicted"", ""capability_key"": ""safeguarding_boundaries"", ""track"": ""B3"", ""topic"": ""Exclusion criteria — governing-body standard"", ""claim"": ""NFHS and NCAA guidance specify minimum treatment durations before return to contact for common infectious skin lesions (e.g. 72 hours of topical antifungal for tinea corporis; 120 hours of oral antiviral for recurrent herpes gladiatorum; 72 hours after incision and drainage for MRSA abscess with no further drainage), while acknowledging the underlying evidence is limited."", ""boxing_specificity"": ""transferred"", ""authority_tier"": 1, ""evidence_tier"": ""EXPERIMENTAL"", ""tbd_flag"": ""no"", ""seeded"": ""2026-08-07""}"
{{PPBF_ORG_ID}},research_program_seed.parameter_undefined,evidence_claim,B3-038,Derive a defensible value for: Gym equipment microbial load — temporal pattern. Currently TBD — no invented number may be used.,"Single facility, one week, culture-based; contamination is not infection; no clinical outcome measured",VERIFIED EVIDENCE,seeded_from_research_program,LIMITED,partially_verified,open,{{SEED_ACCOUNT_ID}},platform_owner,"{""gap_type"": ""parameter_undefined"", ""capability_key"": ""safeguarding_boundaries"", ""track"": ""B3"", ""topic"": ""Gym equipment microbial load — temporal pattern"", ""claim"": ""Cultivable surface contamination on gym equipment is dominated by skin-associated taxa and varies strongly by time of day, with midday sampling markedly more likely to be contaminated than morning."", ""boxing_specificity"": ""transferred"", ""authority_tier"": 3, ""evidence_tier"": ""EMERGING"", ""tbd_flag"": ""yes"", ""seeded"": ""2026-08-07""}"
{{PPBF_ORG_ID}},research_program_seed.hypothesis_untested,evidence_claim,B3-043,"Test the hypothesis: Bystander training in clubs. Currently reasoning, not evidence.",Development paper only; the authors note bystander interventions are established outside sport but not yet extensively evaluated within it,HYPOTHESIS REQUIRING TESTING,seeded_from_research_program,LIMITED,partially_verified,open,{{SEED_ACCOUNT_ID}},platform_owner,"{""gap_type"": ""hypothesis_untested"", ""capability_key"": ""safeguarding_boundaries"", ""track"": ""B3"", ""topic"": ""Bystander training in clubs"", ""claim"": ""Structured bystander training for youth sport participants and coaches has been systematically developed for local clubs, but published effectiveness evidence in the sport setting remains limited."", ""boxing_specificity"": ""transferred"", ""authority_tier"": 3, ""evidence_tier"": ""EXPERIMENTAL"", ""tbd_flag"": ""no"", ""seeded"": ""2026-08-07""}"
{{PPBF_ORG_ID}},research_program_seed.parameter_undefined,evidence_claim,B3-044,Derive a defensible value for: Mandated reporting — Pennsylvania. Currently TBD — no invented number may be used.,"JURISDICTIONAL. Mandated-reporter status, clearance types and renewal intervals differ by US state and by country. Renewal-interval guidance is inconsistent across secondary sources (60-month state minimum vs 36-month school-sector practice) — PPBF must confirm the applicable interval with counsel, not with a web page. This entry is not legal advice",VERIFIED EVIDENCE,seeded_from_research_program,LIMITED,partially_verified,open,{{SEED_ACCOUNT_ID}},platform_owner,"{""gap_type"": ""parameter_undefined"", ""capability_key"": ""safeguarding_boundaries"", ""track"": ""B3"", ""topic"": ""Mandated reporting — Pennsylvania"", ""claim"": ""Under Pennsylvania's Child Protective Services Law, individuals who provide a programme, activity or service sponsored by a school — expressly including sports or athletic programmes — are mandated reporters, and adults in paid or unpaid positions with direct contact with children must obtain background clearances."", ""boxing_specificity"": ""transferred"", ""authority_tier"": 1, ""evidence_tier"": ""EMERGING"", ""tbd_flag"": ""yes"", ""seeded"": ""2026-08-07""}"
{{PPBF_ORG_ID}},research_program_seed.parameter_undefined,evidence_claim,B3-053,Derive a defensible value for: Youth overuse and specialisation. Currently TBD — no invented number may be used.,Underlying evidence largely observational; commonly cited volume thresholds (e.g. hours per week vs age) originate from a small number of studies and are contested,VERIFIED EVIDENCE,seeded_from_research_program,LIMITED,partially_verified,open,{{SEED_ACCOUNT_ID}},platform_owner,"{""gap_type"": ""parameter_undefined"", ""capability_key"": ""safeguarding_boundaries"", ""track"": ""B3"", ""topic"": ""Youth overuse and specialisation"", ""claim"": ""Early single-sport specialisation and high training volume in youth are associated with overuse injury and burnout, and professional bodies recommend limiting specialisation and monitoring load in young athletes."", ""boxing_specificity"": ""transferred"", ""authority_tier"": 1, ""evidence_tier"": ""EMERGING"", ""tbd_flag"": ""yes"", ""seeded"": ""2026-08-07""}"
{{PPBF_ORG_ID}},research_program_seed.evidence_conflicted,evidence_claim,B3-054,Resolve conflicting evidence on: Preparticipation screening. Sources disagree; PPBF must not present this as settled.,The Italian trend study is observational with secular trends as a competing explanation; ECG-inclusive screening is not consensus in the US; a gym cannot perform or interpret screening,CONTESTED PRACTICE,seeded_from_research_program,CONFLICTED,partially_verified,open,{{SEED_ACCOUNT_ID}},platform_owner,"{""gap_type"": ""evidence_conflicted"", ""capability_key"": ""safeguarding_boundaries"", ""track"": ""B3"", ""topic"": ""Preparticipation screening"", ""claim"": ""Preparticipation health screening is a recognised practice before exercise participation, but the content, necessity and cost-effectiveness of cardiovascular screening for athletes remain debated, and screening models differ by country."", ""boxing_specificity"": ""transferred"", ""authority_tier"": 1, ""evidence_tier"": ""EXPERIMENTAL"", ""tbd_flag"": ""no"", ""seeded"": ""2026-08-07""}"
{{PPBF_ORG_ID}},research_program_seed.parameter_undefined,evidence_claim,B3-055,Derive a defensible value for: EAP rehearsal frequency. Currently TBD — no invented number may be used.,Wide ranges reflect heterogeneous survey instruments; self-report; US-only,VERIFIED EVIDENCE,seeded_from_research_program,LIMITED,partially_verified,open,{{SEED_ACCOUNT_ID}},platform_owner,"{""gap_type"": ""parameter_undefined"", ""capability_key"": ""safeguarding_boundaries"", ""track"": ""B3"", ""topic"": ""EAP rehearsal frequency"", ""claim"": ""Reported annual rehearsal and review of EAPs among schools that have one varies enormously, and full compliance with best-practice guidance is rare."", ""boxing_specificity"": ""transferred"", ""authority_tier"": 2, ""evidence_tier"": ""EMERGING"", ""tbd_flag"": ""yes"", ""seeded"": ""2026-08-07""}"
{{PPBF_ORG_ID}},research_program_seed.hypothesis_untested,evidence_claim,B3-056,"Test the hypothesis: Emerging pathogens in contact sport. Currently reasoning, not evidence.",Opinion piece written during the 2022 outbreak; the authors note mpox had not reached the athletic community at time of writing; no athlete case data,HYPOTHESIS REQUIRING TESTING,seeded_from_research_program,LIMITED,partially_verified,open,{{SEED_ACCOUNT_ID}},platform_owner,"{""gap_type"": ""hypothesis_untested"", ""capability_key"": ""safeguarding_boundaries"", ""track"": ""B3"", ""topic"": ""Emerging pathogens in contact sport"", ""claim"": ""Skin-to-skin contact sports are a plausible amplification setting for emerging skin-transmissible pathogens, and sport-specific participation guidance has been proposed for mpox."", ""boxing_specificity"": ""transferred"", ""authority_tier"": 4, ""evidence_tier"": ""EXPERIMENTAL"", ""tbd_flag"": ""no"", ""seeded"": ""2026-08-07""}"
{{PPBF_ORG_ID}},research_program_seed.evidence_absent,evidence_claim,B3-057,Establish evidence for: Equipment retirement criteria. No adequate source located in the indexed literature.,Searches of PubMed and general web did not return validated equipment-life criteria; manufacturer guidance is vendor material and is low authority,INSUFFICIENT EVIDENCE,seeded_from_research_program,INSUFFICIENT,unverified,open,{{SEED_ACCOUNT_ID}},platform_owner,"{""gap_type"": ""evidence_absent"", ""capability_key"": ""safeguarding_boundaries"", ""track"": ""B3"", ""topic"": ""Equipment retirement criteria"", ""claim"": ""No validated criteria were located for when boxing gloves, headguards, hand wraps, heavy bags, ring ropes or canvas should be retired from service on safety grounds."", ""boxing_specificity"": ""boxing_specific"", ""authority_tier"": 5, ""evidence_tier"": ""RESEARCH_NEEDED"", ""tbd_flag"": ""yes"", ""seeded"": ""2026-08-07""}"
{{PPBF_ORG_ID}},research_program_seed.evidence_absent,evidence_claim,B3-058,Establish evidence for: Coach-to-athlete supervision ratio. No adequate source located in the indexed literature.,"Ratio requirements may exist in state youth-programme licensing, insurance policy conditions or governing-body sanctioning terms — PPBF must check its insurer and USA Boxing terms rather than the literature",INSUFFICIENT EVIDENCE,seeded_from_research_program,INSUFFICIENT,unverified,open,{{SEED_ACCOUNT_ID}},platform_owner,"{""gap_type"": ""evidence_absent"", ""capability_key"": ""safeguarding_boundaries"", ""track"": ""B3"", ""topic"": ""Coach-to-athlete supervision ratio"", ""claim"": ""No validated coach-to-athlete ratio for boxing gym floor supervision, or for supervised sparring, was located."", ""boxing_specificity"": ""boxing_specific"", ""authority_tier"": 5, ""evidence_tier"": ""RESEARCH_NEEDED"", ""tbd_flag"": ""yes"", ""seeded"": ""2026-08-07""}"
{{PPBF_ORG_ID}},research_program_seed.evidence_absent,evidence_claim,B3-059,Establish evidence for: Cleaning frequency for boxing-specific equipment. No adequate source located in the indexed literature.,Absence of evidence is not evidence of no benefit; disinfection is justified on general infection-control principle and regulatory label compliance,INSUFFICIENT EVIDENCE,seeded_from_research_program,INSUFFICIENT,unverified,open,{{SEED_ACCOUNT_ID}},platform_owner,"{""gap_type"": ""evidence_absent"", ""capability_key"": ""safeguarding_boundaries"", ""track"": ""B3"", ""topic"": ""Cleaning frequency for boxing-specific equipment"", ""claim"": ""No study was located that measured the effect of any specific cleaning frequency for boxing gloves, wraps, heavy bags, focus mitts or ring canvas on infection outcomes."", ""boxing_specificity"": ""boxing_specific"", ""authority_tier"": 5, ""evidence_tier"": ""RESEARCH_NEEDED"", ""tbd_flag"": ""yes"", ""seeded"": ""2026-08-07""}"
{{PPBF_ORG_ID}},research_program_seed.evidence_absent,evidence_claim,B3-060,Establish evidence for: Sparring authorisation criteria. No adequate source located in the indexed literature.,"Governing-body rules set minimum ages, medical requirements and matching rules, but readiness within those bounds is a coaching judgement with no validated instrument",INSUFFICIENT EVIDENCE,seeded_from_research_program,INSUFFICIENT,unverified,open,{{SEED_ACCOUNT_ID}},platform_owner,"{""gap_type"": ""evidence_absent"", ""capability_key"": ""safeguarding_boundaries"", ""track"": ""B3"", ""topic"": ""Sparring authorisation criteria"", ""claim"": ""No validated criterion set was located for deciding when a novice boxer is ready for their first contact sparring, or for setting safe sparring volume in training."", ""boxing_specificity"": ""boxing_specific"", ""authority_tier"": 5, ""evidence_tier"": ""RESEARCH_NEEDED"", ""tbd_flag"": ""yes"", ""seeded"": ""2026-08-07""}"
{{PPBF_ORG_ID}},research_program_seed.parameter_undefined,evidence_claim,B3-062,Derive a defensible value for: Data retention and minors. Currently TBD — no invented number may be used.,"Policy document, not a legal determination; compliance scope names FERPA, COPPA, GDPR and state law but the mapping to each is not demonstrated in the excerpt; counsel should confirm",VERIFIED EVIDENCE,seeded_from_research_program,LIMITED,partially_verified,open,{{SEED_ACCOUNT_ID}},platform_owner,"{""gap_type"": ""parameter_undefined"", ""capability_key"": ""safeguarding_boundaries"", ""track"": ""B3"", ""topic"": ""Data retention and minors"", ""claim"": ""PPBF's own repository policy sets retention windows for athlete records, media, medical intake, training notes, waivers and guardian data, tied to relationship end or age of majority."", ""boxing_specificity"": ""boxing_specific"", ""authority_tier"": 3, ""evidence_tier"": ""EMERGING"", ""tbd_flag"": ""yes"", ""seeded"": ""2026-08-07""}"
{{PPBF_ORG_ID}},research_program_seed.evidence_absent,evidence_claim,B4-013,Establish evidence for: Acute symptom response to boxing head impacts is unresolved. No adequate source located in the indexed literature.,Seven participants; exploratory qualitative analysis of impact metrics; no control condition; self-reported symptoms are under-reported in competitive settings; a null result at n=7 is uninformative about a true effect,INSUFFICIENT EVIDENCE,seeded_from_research_program,INSUFFICIENT,unverified,open,{{SEED_ACCOUNT_ID}},platform_owner,"{""gap_type"": ""evidence_absent"", ""capability_key"": ""kpi_success_measurement"", ""track"": ""B4"", ""topic"": ""Acute symptom response to boxing head impacts is unresolved"", ""claim"": ""An exploratory observational cohort of seven competitive boxers used instrumented mouthguards and the SCAT5 symptom scale before, immediately after and 48 hours after sparring, and found no group-level difference in symptom scores pre- to post-sparring; the authors describe the acute dose-response relationship between head impact exposure and concussion as unresolved."", ""boxing_specificity"": ""boxing_specific"", ""authority_tier"": 3, ""evidence_tier"": ""RESEARCH_NEEDED"", ""tbd_flag"": ""yes"", ""seeded"": ""2026-08-07""}"
{{PPBF_ORG_ID}},research_program_seed.hypothesis_untested,evidence_claim,B4-016,"Test the hypothesis: Boxing as a mental-health intervention - evidence is preliminary and non-contact. Currently reasoning, not evidence.","Scoping review, so no pooled effect estimate and no formal risk-of-bias synthesis; includes grey literature; the interventions are non-contact boxing-style exercise, which is a different exposure from competitive boxing training; mostly adult, not youth",HYPOTHESIS REQUIRING TESTING,seeded_from_research_program,LIMITED,partially_verified,open,{{SEED_ACCOUNT_ID}},platform_owner,"{""gap_type"": ""hypothesis_untested"", ""capability_key"": ""kpi_success_measurement"", ""track"": ""B4"", ""topic"": ""Boxing as a mental-health intervention - evidence is preliminary and non-contact"", ""claim"": ""A scoping review following PRISMA-ScR identified 16 documents using NON-CONTACT boxing exercise as an intervention, reporting reductions in symptoms of anxiety, depression, PTSD and negative symptoms of schizophrenia, and concluded that the evidence is preliminary."", ""boxing_specificity"": ""boxing_specific"", ""authority_tier"": 3, ""evidence_tier"": ""EXPERIMENTAL"", ""tbd_flag"": ""no"", ""seeded"": ""2026-08-07""}"
{{PPBF_ORG_ID}},research_program_seed.evidence_conflicted,evidence_claim,B4-030,Resolve conflicting evidence on: Commercial fitness retention benchmarks are low-authority and not transferable. Sources disagree; PPBF must not present this as settled.,"LOW AUTHORITY: self-selected respondent base, vendor and trade-association sourcing, methodology not peer-reviewed, definitions of retention vary between operators, figures accessed through secondary reporting rather than the primary paywalled reports. Membership churn measures a billing relationship, not participation in a developmental youth program.",CONTESTED PRACTICE,seeded_from_research_program,CONFLICTED,partially_verified,open,{{SEED_ACCOUNT_ID}},platform_owner,"{""gap_type"": ""evidence_conflicted"", ""capability_key"": ""kpi_success_measurement"", ""track"": ""B4"", ""topic"": ""Commercial fitness retention benchmarks are low-authority and not transferable"", ""claim"": ""Widely circulated health-club retention figures originate from trade-association industry surveys rather than peer-reviewed research. A commonly quoted 71.4% annual retention figure is attributed to IHRSA Profiles of Success reporting 2015 data from a self-selected sample of member clubs, and a corresponding 28.6% annual attrition figure is attributed to the same source; more recent trade reporting attributes a 66.4% annual retention figure to a 2025 Health and Fitness Association benchmarking report using 2024 data. Trade commentary itself notes that member clubs in these surveys tend to be b"", ""boxing_specificity"": ""transferred"", ""authority_tier"": 5, ""evidence_tier"": ""EXPERIMENTAL"", ""tbd_flag"": ""no"", ""seeded"": ""2026-08-07""}"
{{PPBF_ORG_ID}},research_program_seed.evidence_absent,evidence_claim,B4-038,Establish evidence for: No boxing-specific club retention benchmark exists. No adequate source located in the indexed literature.,"Absence of evidence in the searched databases is not proof of absence; grey literature, national federation internal data and non-English sources were not searched. OpenAlex querying was additionally curtailed by an API daily-budget limit during this work, so coverage of that index was incomplete.",INSUFFICIENT EVIDENCE,seeded_from_research_program,INSUFFICIENT,unverified,open,{{SEED_ACCOUNT_ID}},platform_owner,"{""gap_type"": ""evidence_absent"", ""capability_key"": ""kpi_success_measurement"", ""track"": ""B4"", ""topic"": ""No boxing-specific club retention benchmark exists"", ""claim"": ""Systematic searching of PubMed and OpenAlex for boxing-specific club retention, dropout, or membership survival evidence returned no study reporting 30-day, 90-day, 180-day or 365-day retention for a community boxing program. The boxing-specific literature located concerns injury epidemiology, head impact exposure, competition verdicts, weight-making practices and non-contact boxing as a mental-health intervention - not participation retention."", ""boxing_specificity"": ""boxing_specific"", ""authority_tier"": 5, ""evidence_tier"": ""RESEARCH_NEEDED"", ""tbd_flag"": ""yes"", ""seeded"": ""2026-08-07""}"
{{PPBF_ORG_ID}},research_program_seed.evidence_absent,evidence_claim,B4-039,Establish evidence for: No evidence-based coach-to-athlete ratio for youth boxing. No adequate source located in the indexed literature.,"Only rulebook excerpts retrieved via web search were reviewed, not complete current rulebooks; insurer requirements, state youth-serving-organisation regulation and safeguarding-body guidance were not systematically searched and may specify ratios",INSUFFICIENT EVIDENCE,seeded_from_research_program,INSUFFICIENT,unverified,open,{{SEED_ACCOUNT_ID}},platform_owner,"{""gap_type"": ""evidence_absent"", ""capability_key"": ""kpi_success_measurement"", ""track"": ""B4"", ""topic"": ""No evidence-based coach-to-athlete ratio for youth boxing"", ""claim"": ""Searching of the peer-reviewed literature and of retrieved England Boxing and USA Boxing rulebook material located no evidence-based or rulebook-mandated coach-to-athlete supervision ratio for youth boxing training."", ""boxing_specificity"": ""boxing_specific"", ""authority_tier"": 1, ""evidence_tier"": ""RESEARCH_NEEDED"", ""tbd_flag"": ""yes"", ""seeded"": ""2026-08-07""}"
{{PPBF_ORG_ID}},research_program_seed.evidence_absent,evidence_claim,B4-040,Establish evidence for: No validated skill-progression rate or scale for community boxing. No adequate source located in the indexed literature.,"Physical literacy assessment tools for children exist with published measurement properties, but they assess general movement competence rather than boxing skill; national federation coaching syllabi were not systematically searched",INSUFFICIENT EVIDENCE,seeded_from_research_program,INSUFFICIENT,unverified,open,{{SEED_ACCOUNT_ID}},platform_owner,"{""gap_type"": ""evidence_absent"", ""capability_key"": ""kpi_success_measurement"", ""track"": ""B4"", ""topic"": ""No validated skill-progression rate or scale for community boxing"", ""claim"": ""No validated boxing skill-progression scale with published reliability, and no expected progression rate for a community youth boxing program, was located in the searched literature."", ""boxing_specificity"": ""boxing_specific"", ""authority_tier"": 3, ""evidence_tier"": ""RESEARCH_NEEDED"", ""tbd_flag"": ""yes"", ""seeded"": ""2026-08-07""}"
{{PPBF_ORG_ID}},research_program_seed.evidence_absent,evidence_claim,B4-041,"Establish evidence for: No validated activation, dose or lapse threshold for community sport. No adequate source located in the indexed literature.","Exercise-adherence literature in clinical trial settings exists but concerns supervised adult clinical interventions with prescribed doses, not open community youth programs",INSUFFICIENT EVIDENCE,seeded_from_research_program,INSUFFICIENT,unverified,open,{{SEED_ACCOUNT_ID}},platform_owner,"{""gap_type"": ""evidence_absent"", ""capability_key"": ""kpi_success_measurement"", ""track"": ""B4"", ""topic"": ""No validated activation, dose or lapse threshold for community sport"", ""claim"": ""No validated threshold defining an 'active' participant, an early-dose sufficiency level, or a lapse point beyond which return becomes unlikely, was located for community youth sport or boxing."", ""boxing_specificity"": ""boxing_specific"", ""authority_tier"": 3, ""evidence_tier"": ""RESEARCH_NEEDED"", ""tbd_flag"": ""yes"", ""seeded"": ""2026-08-07""}"
{{PPBF_ORG_ID}},research_program_seed.evidence_absent,evidence_claim,B4-043,Establish evidence for: No credible cost-per-participant or coach-retention benchmark for a community boxing nonprofit. No adequate source located in the indexed literature.,Sector reports and funder databases were not systematically searched; even where figures exist they are generally not comparable across differing cost-allocation rules,INSUFFICIENT EVIDENCE,seeded_from_research_program,INSUFFICIENT,unverified,open,{{SEED_ACCOUNT_ID}},platform_owner,"{""gap_type"": ""evidence_absent"", ""capability_key"": ""kpi_success_measurement"", ""track"": ""B4"", ""topic"": ""No credible cost-per-participant or coach-retention benchmark for a community boxing nonprofit"", ""claim"": ""No credible, methodologically comparable benchmark for cost per participant, coach retention, or volunteer retention in a single-site community youth boxing nonprofit was located. Community sport club capacity is described in the nonprofit literature as a multidimensional construct rather than a single retention rate."", ""boxing_specificity"": ""boxing_specific"", ""authority_tier"": 3, ""evidence_tier"": ""RESEARCH_NEEDED"", ""tbd_flag"": ""yes"", ""seeded"": ""2026-08-07""}"
{{PPBF_ORG_ID}},research_program_seed.evidence_conflicted,evidence_claim,B5-011,Resolve conflicting evidence on: Revenue diversification vs concentration — contested. Sources disagree; PPBF must not present this as settled.,Primary studies use heterogeneous definitions of both diversification and financial health; most rely on Form 990 data with known reporting-quality limits; the outcome measured (volatility vs survival vs efficiency) changes the answer.,CONTESTED PRACTICE,seeded_from_research_program,CONFLICTED,partially_verified,open,{{SEED_ACCOUNT_ID}},platform_owner,"{""gap_type"": ""evidence_conflicted"", ""capability_key"": ""finance_sustainability"", ""track"": ""B5"", ""topic"": ""Revenue diversification vs concentration — contested"", ""claim"": ""Whether revenue diversification improves nonprofit financial health is contested in the literature: a meta-analysis synthesising the empirical studies exists, and separate work argues concentration can carry rewards as well as risks."", ""boxing_specificity"": ""transferred"", ""authority_tier"": 2, ""evidence_tier"": ""EXPERIMENTAL"", ""tbd_flag"": """", ""seeded"": ""2026-08-07""}"
{{PPBF_ORG_ID}},research_program_seed.parameter_undefined,evidence_claim,B5-019,Derive a defensible value for: Government funding and private donations. Currently TBD — no invented number may be used.,Primary studies use heterogeneous designs and definitions; publication bias is a standing concern in this literature; I have not verified a specific pooled coefficient and therefore do not state one.,VERIFIED EVIDENCE,seeded_from_research_program,LIMITED,partially_verified,open,{{SEED_ACCOUNT_ID}},platform_owner,"{""gap_type"": ""parameter_undefined"", ""capability_key"": ""finance_sustainability"", ""track"": ""B5"", ""topic"": ""Government funding and private donations"", ""claim"": ""A meta-analysis examined whether government support crowds out or crowds in charitable donations, synthesising the empirical literature on this relationship."", ""boxing_specificity"": ""transferred"", ""authority_tier"": 1, ""evidence_tier"": ""EMERGING"", ""tbd_flag"": ""TBD — the pooled effect size was not verified; read the paper before citing a number"", ""seeded"": ""2026-08-07""}"
{{PPBF_ORG_ID}},research_program_seed.parameter_undefined,evidence_claim,B5-021,Derive a defensible value for: Sport-club revenue volatility. Currently TBD — no invented number may be used.,"German context; I verified the record but not the numeric results, so no figures are cited.",VERIFIED EVIDENCE,seeded_from_research_program,LIMITED,partially_verified,open,{{SEED_ACCOUNT_ID}},platform_owner,"{""gap_type"": ""parameter_undefined"", ""capability_key"": ""finance_sustainability"", ""track"": ""B5"", ""topic"": ""Sport-club revenue volatility"", ""claim"": ""Revenue volatility in German nonprofit sports clubs has been analysed empirically as a distinct financial phenomenon from revenue level or concentration."", ""boxing_specificity"": ""transferred"", ""authority_tier"": 3, ""evidence_tier"": ""EMERGING"", ""tbd_flag"": ""TBD — PPBF's own coefficient of variation of monthly revenue; compute after 24-36 months of ledger data"", ""seeded"": ""2026-08-07""}"
{{PPBF_ORG_ID}},research_program_seed.parameter_undefined,evidence_claim,B5-022,Derive a defensible value for: Membership fee level determinants in nonprofit sport clubs. Currently TBD — no invented number may be used.,German institutional pricing norms differ profoundly from the US; do not import any German fee figure as a PPBF price anchor.,VERIFIED EVIDENCE,seeded_from_research_program,LIMITED,partially_verified,open,{{SEED_ACCOUNT_ID}},platform_owner,"{""gap_type"": ""parameter_undefined"", ""capability_key"": ""finance_sustainability"", ""track"": ""B5"", ""topic"": ""Membership fee level determinants in nonprofit sport clubs"", ""claim"": ""Determinants of membership fee levels in nonprofit sports clubs have been modelled empirically, establishing that club fee-setting is systematically related to club and environment characteristics rather than arbitrary."", ""boxing_specificity"": ""transferred"", ""authority_tier"": 3, ""evidence_tier"": ""EMERGING"", ""tbd_flag"": ""TBD — PPBF's defensible fee point; obtain via local affordability analysis and board policy"", ""seeded"": ""2026-08-07""}"
{{PPBF_ORG_ID}},research_program_seed.parameter_undefined,evidence_claim,B5-025,Derive a defensible value for: Nonprofit competition for grants. Currently TBD — no invented number may be used.,Record verified; numeric findings not verified and therefore not cited.,VERIFIED EVIDENCE,seeded_from_research_program,LIMITED,partially_verified,open,{{SEED_ACCOUNT_ID}},platform_owner,"{""gap_type"": ""parameter_undefined"", ""capability_key"": ""finance_sustainability"", ""track"": ""B5"", ""topic"": ""Nonprofit competition for grants"", ""claim"": ""Nonprofits operate in a competitive grants marketplace, and competition among nonprofits for grant funding has been analysed as a structural feature of that market."", ""boxing_specificity"": ""transferred"", ""authority_tier"": 3, ""evidence_tier"": ""EMERGING"", ""tbd_flag"": ""TBD — PPBF's grant application win rate; track applications submitted vs awarded from year 1"", ""seeded"": ""2026-08-07""}"
{{PPBF_ORG_ID}},research_program_seed.parameter_undefined,evidence_claim,B5-029,Derive a defensible value for: Volunteer labour as hidden subsidy — coupled with finance. Currently TBD — no invented number may be used.,"This is an inference combining two studies, not a direct finding; cross-sectional data cannot establish the direction of the coupling; a US 501(c)(3) has different volunteer norms.",STRONG EVIDENCE-SUPPORTED INFERENCE,seeded_from_research_program,LIMITED,partially_verified,open,{{SEED_ACCOUNT_ID}},platform_owner,"{""gap_type"": ""parameter_undefined"", ""capability_key"": ""finance_sustainability"", ""track"": ""B5"", ""topic"": ""Volunteer labour as hidden subsidy — coupled with finance"", ""claim"": ""Volunteer supply problems and financial problems in community sport clubs are empirically interrelated rather than independent, so a budget that relies on volunteer labour carries a financial risk that does not appear in the ledger."", ""boxing_specificity"": ""transferred"", ""authority_tier"": 3, ""evidence_tier"": ""EMERGING"", ""tbd_flag"": ""TBD — PPBF's actual volunteer hours per week and volunteer turnover rate; log from session records"", ""seeded"": ""2026-08-07""}"
{{PPBF_ORG_ID}},research_program_seed.evidence_conflicted,evidence_claim,B5-041,Resolve conflicting evidence on: Operating reserves — sector practice. Sources disagree; PPBF must not present this as settled.,"This is a widely repeated practice heuristic, not a finding from a controlled study; the appropriate reserve depends on the organisation's own revenue volatility, funder concentration and fixed-cost rigidity. Treat any single number as a starting point for a board policy discussion.",CONTESTED PRACTICE,seeded_from_research_program,CONFLICTED,partially_verified,open,{{SEED_ACCOUNT_ID}},platform_owner,"{""gap_type"": ""evidence_conflicted"", ""capability_key"": ""finance_sustainability"", ""track"": ""B5"", ""topic"": ""Operating reserves — sector practice"", ""claim"": ""A commonly cited nonprofit operating-reserve benchmark is a minimum of 25% of the annual operating expense budget, equivalent to roughly three months of operating expenses; this is a practice recommendation from sector bodies, not an empirically validated optimum."", ""boxing_specificity"": ""transferred"", ""authority_tier"": 4, ""evidence_tier"": ""EXPERIMENTAL"", ""tbd_flag"": ""TBD — PPBF's reserve target; derive from measured revenue volatility after 24-36 months"", ""seeded"": ""2026-08-07""}"
{{PPBF_ORG_ID}},research_program_seed.parameter_undefined,evidence_claim,B5-042,Derive a defensible value for: Pennsylvania charitable solicitation registration. Currently TBD — no invented number may be used.,Exact dollar tiers and exemption criteria must be confirmed against the current PA Department of State BCO-10 instructions before filing; thresholds have been amended and could change again. Registration in other states may be triggered by online solicitation.,VERIFIED EVIDENCE,seeded_from_research_program,LIMITED,partially_verified,open,{{SEED_ACCOUNT_ID}},platform_owner,"{""gap_type"": ""parameter_undefined"", ""capability_key"": ""finance_sustainability"", ""track"": ""B5"", ""topic"": ""Pennsylvania charitable solicitation registration"", ""claim"": ""Pennsylvania's Solicitation of Funds for Charitable Purposes Act requires charitable organisations soliciting in the Commonwealth to register (Form BCO-10) subject to gross-contribution thresholds, with tiered financial-statement requirements — a compilation, review or audit depending on the level of annual contributions, following amendments made by Act 71 of 2017."", ""boxing_specificity"": ""transferred"", ""authority_tier"": 1, ""evidence_tier"": ""EMERGING"", ""tbd_flag"": ""TBD — the current dollar tiers; confirm against the live BCO-10 instructions at filing time"", ""seeded"": ""2026-08-07""}"
{{PPBF_ORG_ID}},research_program_seed.parameter_undefined,evidence_claim,B5-044,Derive a defensible value for: Insurance categories for youth sport organisations. Currently TBD — no invented number may be used.,"LOW-AUTHORITY SOURCES: broker and carrier marketing material has a commercial interest in the message. The consistent structural point (abuse/molestation is commonly separate from GL) is corroborated across independent commercial sources, but no premium, limit or term should be taken from them. Terms vary by state, carrier and the organisation's own protocols.",STRONG EVIDENCE-SUPPORTED INFERENCE,seeded_from_research_program,LIMITED,partially_verified,open,{{SEED_ACCOUNT_ID}},platform_owner,"{""gap_type"": ""parameter_undefined"", ""capability_key"": ""finance_sustainability"", ""track"": ""B5"", ""topic"": ""Insurance categories for youth sport organisations"", ""claim"": ""Sexual abuse and molestation exposure is frequently excluded from standard general liability policies for youth-serving and sport organisations and is addressed through a separate policy or endorsement, with coverage terms, limits, sublimits and conditions varying materially by carrier."", ""boxing_specificity"": ""partly_boxing_specific"", ""authority_tier"": 5, ""evidence_tier"": ""EXPERIMENTAL"", ""tbd_flag"": ""TBD — every insurance premium; obtain three broker quotes; do not use any figure in this model"", ""seeded"": ""2026-08-07""}"
{{PPBF_ORG_ID}},research_program_seed.parameter_undefined,evidence_claim,B5-050,Derive a defensible value for: Federal grant opportunity landscape — method. Currently TBD — no invented number may be used.,"IMPORTANT METHOD CAVEAT: the search endpoint does not enforce semantic relevance; hit counts overstate relevant opportunities. Assistance-listing-number filtering returned mostly archived records. Federal funding availability changes with appropriations and administration priorities, so any snapshot ages quickly.",VERIFIED EVIDENCE,seeded_from_research_program,LIMITED,partially_verified,open,{{SEED_ACCOUNT_ID}},platform_owner,"{""gap_type"": ""parameter_undefined"", ""capability_key"": ""finance_sustainability"", ""track"": ""B5"", ""topic"": ""Federal grant opportunity landscape — method"", ""claim"": ""A live query of the federal grants database returned currently posted and forecasted opportunities matching youth, mentoring and recreation keywords, but keyword relevance was weak and many returned records were unrelated to youth sport, so the federal landscape cannot be characterised from keyword counts alone."", ""boxing_specificity"": ""transferred"", ""authority_tier"": 4, ""evidence_tier"": ""EXPERIMENTAL"", ""tbd_flag"": ""TBD — the specific federal programs PPBF is eligible for; requires per-program eligibility review"", ""seeded"": ""2026-08-07""}"
{{PPBF_ORG_ID}},research_program_seed.parameter_undefined,evidence_claim,B5-051,Derive a defensible value for: Cost per participant — denominator choice. Currently TBD — no invented number may be used.,"This is an accounting identity plus explicit assumptions, not evidence about the world. The magnitudes shown depend entirely on the placeholder inputs and must not be quoted as costs.",STRONG EVIDENCE-SUPPORTED INFERENCE,seeded_from_research_program,LIMITED,partially_verified,open,{{SEED_ACCOUNT_ID}},platform_owner,"{""gap_type"": ""parameter_undefined"", ""capability_key"": ""finance_sustainability"", ""track"": ""B5"", ""topic"": ""Cost per participant — denominator choice"", ""claim"": ""Cost per participant is not a single well-defined quantity: it changes materially depending on whether the denominator is enrolled athletes, active/attending athletes, full-fee-equivalent athletes, or athlete-contact-hours, and depending on whether the numerator is total expense or program-function expense only."", ""boxing_specificity"": ""transferred"", ""authority_tier"": 4, ""evidence_tier"": ""EXPERIMENTAL"", ""tbd_flag"": ""TBD — PPBF's chosen official cost-per-participant definition; a board decision"", ""seeded"": ""2026-08-07""}"
{{PPBF_ORG_ID}},research_program_seed.parameter_undefined,evidence_claim,B5-052,Derive a defensible value for: Step-fixed costs and the economics of small rosters. Currently TBD — no invented number may be used.,"The location of the steps depends entirely on the supervision ratio and facility capacity assumed, both of which are PPBF safety and facility decisions, not model outputs.",STRONG EVIDENCE-SUPPORTED INFERENCE,seeded_from_research_program,LIMITED,partially_verified,open,{{SEED_ACCOUNT_ID}},platform_owner,"{""gap_type"": ""parameter_undefined"", ""capability_key"": ""finance_sustainability"", ""track"": ""B5"", ""topic"": ""Step-fixed costs and the economics of small rosters"", ""claim"": ""In a coached sport program, coaching and facility costs are step-fixed rather than smoothly variable — they jump when a supervision-ratio or capacity threshold is crossed — so cost per participant does not decline monotonically with enrolment but sawtooths."", ""boxing_specificity"": ""transferred"", ""authority_tier"": 4, ""evidence_tier"": ""EXPERIMENTAL"", ""tbd_flag"": ""TBD — PPBF's actual supervision ratio and facility capacity; Head Coach and board decision, informed by governing-body and insurer requirements"", ""seeded"": ""2026-08-07""}"
{{PPBF_ORG_ID}},research_program_seed.hypothesis_untested,evidence_claim,B5-053,"Test the hypothesis: Structural dependence on contributed revenue. Currently reasoning, not evidence.","THIS IS NOT A FINDING ABOUT PPBF. It is what these particular placeholder numbers imply. Change the fee, the access mix, the facility cost or the staffing model and the result changes. It becomes a real finding only when PPBF's audited figures replace the placeholders.",HYPOTHESIS REQUIRING TESTING,seeded_from_research_program,LIMITED,partially_verified,open,{{SEED_ACCOUNT_ID}},platform_owner,"{""gap_type"": ""hypothesis_untested"", ""capability_key"": ""finance_sustainability"", ""track"": ""B5"", ""topic"": ""Structural dependence on contributed revenue"", ""claim"": ""Under both modelled staffing configurations and every roster from 10 to 500, the illustrative program does not reach fee-funded break-even; the volunteer-led configuration reduces the deficit substantially but does not eliminate it."", ""boxing_specificity"": ""transferred"", ""authority_tier"": 4, ""evidence_tier"": ""EXPERIMENTAL"", ""tbd_flag"": ""TBD — every input; rerun with PPBF's audited general-ledger figures before any use"", ""seeded"": ""2026-08-07""}"
{{PPBF_ORG_ID}},research_program_seed.hypothesis_untested,evidence_claim,B5-054,"Test the hypothesis: Sensitivity — where measurement effort should go. Currently reasoning, not evidence.","OAT sensitivity ignores interactions and does not give an outcome distribution; the ranking depends on the base values chosen. It answers 'which assumption most deserves measurement effort', not 'what will happen'.",HYPOTHESIS REQUIRING TESTING,seeded_from_research_program,LIMITED,partially_verified,open,{{SEED_ACCOUNT_ID}},platform_owner,"{""gap_type"": ""hypothesis_untested"", ""capability_key"": ""finance_sustainability"", ""track"": ""B5"", ""topic"": ""Sensitivity — where measurement effort should go"", ""claim"": ""In one-at-a-time sensitivity analysis at a 100-athlete roster, coaching-labour parameters (athletes per paid coach, and cost per assistant coach) dominated the swing in annual surplus by a wide margin over price, collection rate, grants and every other tested parameter."", ""boxing_specificity"": ""transferred"", ""authority_tier"": 4, ""evidence_tier"": ""EXPERIMENTAL"", ""tbd_flag"": ""TBD — PPBF's real coaching cost and observed supervision ratio"", ""seeded"": ""2026-08-07""}"
{{PPBF_ORG_ID}},research_program_seed.evidence_conflicted,evidence_claim,B5-056,Resolve conflicting evidence on: Failure mode — single-funder concentration. Sources disagree; PPBF must not present this as settled.,The disagreement is genuine and unresolved; presenting either position as settled would misrepresent the literature.,CONTESTED PRACTICE,seeded_from_research_program,CONFLICTED,partially_verified,open,{{SEED_ACCOUNT_ID}},platform_owner,"{""gap_type"": ""evidence_conflicted"", ""capability_key"": ""finance_sustainability"", ""track"": ""B5"", ""topic"": ""Failure mode — single-funder concentration"", ""claim"": ""Concentration of revenue in a single funder is a recognised nonprofit risk, though the literature disputes whether concentration per se or the TYPE of concentrated income (particularly grant dependence) drives vulnerability."", ""boxing_specificity"": ""transferred"", ""authority_tier"": 2, ""evidence_tier"": ""EXPERIMENTAL"", ""tbd_flag"": ""TBD — PPBF's board-set maximum acceptable single-funder share"", ""seeded"": ""2026-08-07""}"
{{PPBF_ORG_ID}},research_program_seed.parameter_undefined,evidence_claim,B5-057,Derive a defensible value for: Failure mode — deferred equipment replacement. Currently TBD — no invented number may be used.,I found no verifiable published useful-life figures for boxing training equipment under community-program use intensity. The model's life parameter is therefore an explicit assumption and should not be cited.,STRONG EVIDENCE-SUPPORTED INFERENCE,seeded_from_research_program,LIMITED,partially_verified,open,{{SEED_ACCOUNT_ID}},platform_owner,"{""gap_type"": ""parameter_undefined"", ""capability_key"": ""finance_sustainability"", ""track"": ""B5"", ""topic"": ""Failure mode — deferred equipment replacement"", ""claim"": ""Treating equipment as a one-off purchase rather than a depreciating asset with a replacement cycle systematically understates the true annual cost of a boxing program and defers a capital shock."", ""boxing_specificity"": ""transferred"", ""authority_tier"": 4, ""evidence_tier"": ""EXPERIMENTAL"", ""tbd_flag"": ""TBD — boxing equipment useful life by item class; derive from PPBF's own asset log"", ""seeded"": ""2026-08-07""}"
{{PPBF_ORG_ID}},research_program_seed.parameter_undefined,evidence_claim,B5-058,Derive a defensible value for: Failure mode — volunteer burnout as hidden subsidy. Currently TBD — no invented number may be used.,"The coupling evidence is cross-sectional and German; the budget-structure argument is analytical. No published replacement-wage figure is adopted here, by design.",STRONG EVIDENCE-SUPPORTED INFERENCE,seeded_from_research_program,LIMITED,partially_verified,open,{{SEED_ACCOUNT_ID}},platform_owner,"{""gap_type"": ""parameter_undefined"", ""capability_key"": ""finance_sustainability"", ""track"": ""B5"", ""topic"": ""Failure mode — volunteer burnout as hidden subsidy"", ""claim"": ""Volunteer labour functions as an unpriced subsidy in community sport budgets; because it does not appear as an expense, its withdrawal appears as a sudden cost increase rather than as a foreseeable risk."", ""boxing_specificity"": ""transferred"", ""authority_tier"": 3, ""evidence_tier"": ""EMERGING"", ""tbd_flag"": ""TBD — PPBF's actual volunteer hours and concentration among individuals"", ""seeded"": ""2026-08-07""}"
{{PPBF_ORG_ID}},research_program_seed.hypothesis_untested,evidence_claim,B5-059,"Test the hypothesis: Failure mode — facility cost shock. Currently reasoning, not evidence.",Depends entirely on the assumed facility cost. A program in donated or shared-use space has a completely different risk profile — which is itself the point.,HYPOTHESIS REQUIRING TESTING,seeded_from_research_program,LIMITED,partially_verified,open,{{SEED_ACCOUNT_ID}},platform_owner,"{""gap_type"": ""hypothesis_untested"", ""capability_key"": ""finance_sustainability"", ""track"": ""B5"", ""topic"": ""Failure mode — facility cost shock"", ""claim"": ""Facility cost is the largest single fixed line in the illustrative model and is the least controllable in the short run, making a lease increase, loss of a shared-use arrangement, or a required capital repair the highest-magnitude single-event financial risk to a program of this shape."", ""boxing_specificity"": ""transferred"", ""authority_tier"": 4, ""evidence_tier"": ""EXPERIMENTAL"", ""tbd_flag"": ""TBD — PPBF's lease terms, escalation clause and renewal date"", ""seeded"": ""2026-08-07""}"
{{PPBF_ORG_ID}},research_program_seed.parameter_undefined,evidence_claim,B6-017,Derive a defensible value for: head impact. Currently TBD — no invented number may be used.,Very small n; level 3 evidence; cannot support any sparring-volume threshold,VERIFIED EVIDENCE,seeded_from_research_program,LIMITED,partially_verified,open,{{SEED_ACCOUNT_ID}},platform_owner,"{""gap_type"": ""parameter_undefined"", ""capability_key"": ""operational_data_model"", ""track"": ""B6"", ""topic"": ""head impact"", ""claim"": ""Head impact exposure during boxing and MMA sparring and competition was characterised with an instrumented custom-fit mouthguard in a cross-sectional study of 23 athletes, of whom 4 were women (level of evidence 3)."", ""boxing_specificity"": ""boxing_specific"", ""authority_tier"": 3, ""evidence_tier"": ""EMERGING"", ""tbd_flag"": ""yes"", ""seeded"": ""2026-08-07""}"
{{PPBF_ORG_ID}},research_program_seed.parameter_undefined,evidence_claim,B6-052,Derive a defensible value for: weight management. Currently TBD — no invented number may be used.,Adult elite sample; no paediatric applicability,VERIFIED EVIDENCE,seeded_from_research_program,LIMITED,partially_verified,open,{{SEED_ACCOUNT_ID}},platform_owner,"{""gap_type"": ""parameter_undefined"", ""capability_key"": ""operational_data_model"", ""track"": ""B6"", ""topic"": ""weight management"", ""claim"": ""Pre-competition rapid weight loss in elite boxers has been studied for effects on nutrition, vitamin status and oxidative stress."", ""boxing_specificity"": ""boxing_specific"", ""authority_tier"": 3, ""evidence_tier"": ""EMERGING"", ""tbd_flag"": ""yes"", ""seeded"": ""2026-08-07""}"
{{PPBF_ORG_ID}},research_program_seed.parameter_undefined,evidence_claim,B6-060,Derive a defensible value for: attendance. Currently TBD — no invented number may be used.,Healthcare appointments differ from recurring class attendance; effect may not transfer,VERIFIED EVIDENCE,seeded_from_research_program,LIMITED,partially_verified,open,{{SEED_ACCOUNT_ID}},platform_owner,"{""gap_type"": ""parameter_undefined"", ""capability_key"": ""operational_data_model"", ""track"": ""B6"", ""topic"": ""attendance"", ""claim"": ""A systematic review and meta-analysis evaluated text message reminders for improving paediatric appointment adherence, searching eight databases to January 2024 and using a random-effects model."", ""boxing_specificity"": ""transferred"", ""authority_tier"": 1, ""evidence_tier"": ""EMERGING"", ""tbd_flag"": ""yes"", ""seeded"": ""2026-08-07""}"
{{PPBF_ORG_ID}},research_program_seed.parameter_undefined,evidence_claim,B6-061,Derive a defensible value for: attendance. Currently TBD — no invented number may be used.,Different population and appointment type from youth boxing classes,VERIFIED EVIDENCE,seeded_from_research_program,LIMITED,partially_verified,open,{{SEED_ACCOUNT_ID}},platform_owner,"{""gap_type"": ""parameter_undefined"", ""capability_key"": ""operational_data_model"", ""track"": ""B6"", ""topic"": ""attendance"", ""claim"": ""An automated text-message appointment-reminder intervention was tested in a randomized design for post-emergency-department follow-up attendance."", ""boxing_specificity"": ""transferred"", ""authority_tier"": 3, ""evidence_tier"": ""EMERGING"", ""tbd_flag"": ""yes"", ""seeded"": ""2026-08-07""}"
{{PPBF_ORG_ID}},research_program_seed.parameter_undefined,evidence_claim,B6-064,Derive a defensible value for: retention. Currently TBD — no invented number may be used.,Single program; findings may not generalise to a boxing gym,VERIFIED EVIDENCE,seeded_from_research_program,LIMITED,partially_verified,open,{{SEED_ACCOUNT_ID}},platform_owner,"{""gap_type"": ""parameter_undefined"", ""capability_key"": ""operational_data_model"", ""track"": ""B6"", ""topic"": ""retention"", ""claim"": ""A mixed-methods study of a sport-based positive youth development program found retention remained a challenge among socially vulnerable youth even when common barriers were removed."", ""boxing_specificity"": ""transferred"", ""authority_tier"": 3, ""evidence_tier"": ""EMERGING"", ""tbd_flag"": ""yes"", ""seeded"": ""2026-08-07""}"
{{PPBF_ORG_ID}},research_program_seed.parameter_undefined,evidence_claim,B6-090,Derive a defensible value for: hygiene. Currently TBD — no invented number may be used.,Wrestling mat contact differs from boxing glove/bag/headgear contact; do not assume equivalence,VERIFIED EVIDENCE,seeded_from_research_program,LIMITED,partially_verified,open,{{SEED_ACCOUNT_ID}},platform_owner,"{""gap_type"": ""parameter_undefined"", ""capability_key"": ""operational_data_model"", ""track"": ""B6"", ""topic"": ""hygiene"", ""claim"": ""A controlled laboratory and crossover study measured disinfectant effectiveness on wrestling mats and produced best-practice guidelines; the field component involved 231 collegiate wrestlers and 8 officials at two 15-college invitational meets."", ""boxing_specificity"": ""transferred"", ""authority_tier"": 3, ""evidence_tier"": ""EMERGING"", ""tbd_flag"": ""yes"", ""seeded"": ""2026-08-07""}"
{{PPBF_ORG_ID}},research_program_seed.parameter_undefined,evidence_claim,B6-094,Derive a defensible value for: facility. Currently TBD — no invented number may be used.,Measured facilities are not boxing gyms; no exposure thresholds derived for PPBF,VERIFIED EVIDENCE,seeded_from_research_program,LIMITED,partially_verified,open,{{SEED_ACCOUNT_ID}},platform_owner,"{""gap_type"": ""parameter_undefined"", ""capability_key"": ""operational_data_model"", ""track"": ""B6"", ""topic"": ""facility"", ""claim"": ""Indoor air quality in health clubs has been assessed with attention to fine, ultrafine and coarse particles."", ""boxing_specificity"": ""transferred"", ""authority_tier"": 3, ""evidence_tier"": ""EMERGING"", ""tbd_flag"": ""yes"", ""seeded"": ""2026-08-07""}"
{{PPBF_ORG_ID}},research_program_seed.parameter_undefined,evidence_claim,B6-095,Derive a defensible value for: facility. Currently TBD — no invented number may be used.,Review-level; no boxing gym data,VERIFIED EVIDENCE,seeded_from_research_program,LIMITED,partially_verified,open,{{SEED_ACCOUNT_ID}},platform_owner,"{""gap_type"": ""parameter_undefined"", ""capability_key"": ""operational_data_model"", ""track"": ""B6"", ""topic"": ""facility"", ""claim"": ""Human exposure to air contaminants in sports environments has been reviewed, confirming the exposure pathway is real in indoor sport settings."", ""boxing_specificity"": ""transferred"", ""authority_tier"": 3, ""evidence_tier"": ""EMERGING"", ""tbd_flag"": ""yes"", ""seeded"": ""2026-08-07""}"
{{PPBF_ORG_ID}},research_program_seed.parameter_undefined,evidence_claim,B6-112,Derive a defensible value for: decision support. Currently TBD — no invented number may be used.,No agreed alert-fatigue metric exists to reuse,VERIFIED EVIDENCE,seeded_from_research_program,LIMITED,partially_verified,open,{{SEED_ACCOUNT_ID}},platform_owner,"{""gap_type"": ""parameter_undefined"", ""capability_key"": ""operational_data_model"", ""track"": ""B6"", ""topic"": ""decision support"", ""claim"": ""A systematic review of systematic reviews found that criteria for determining the presence or absence of alert fatigue are poorly defined, while alert fatigue is frequently cited as a barrier to CDSS use and impact."", ""boxing_specificity"": ""transferred"", ""authority_tier"": 2, ""evidence_tier"": ""EMERGING"", ""tbd_flag"": ""yes"", ""seeded"": ""2026-08-07""}"
{{PPBF_ORG_ID}},research_program_seed.parameter_undefined,evidence_claim,B6-140,Derive a defensible value for: sparring. Currently TBD — no invented number may be used.,MMA sparring differs structurally from boxing sparring; adult sample,VERIFIED EVIDENCE,seeded_from_research_program,LIMITED,partially_verified,open,{{SEED_ACCOUNT_ID}},platform_owner,"{""gap_type"": ""parameter_undefined"", ""capability_key"": ""operational_data_model"", ""track"": ""B6"", ""topic"": ""sparring"", ""claim"": ""Sparring loads and intensities in mixed martial arts have been studied in relation to aerobic capacity, showing sparring is a quantifiable training exposure in combat sport."", ""boxing_specificity"": ""transferred"", ""authority_tier"": 3, ""evidence_tier"": ""EMERGING"", ""tbd_flag"": ""yes"", ""seeded"": ""2026-08-07""}"
{{PPBF_ORG_ID}},research_program_seed.evidence_absent,evidence_claim,B6-150,Establish evidence for: staffing. No adequate source located in the indexed literature.,"Targeted searches for supervision ratio evidence returned only unrelated records; governing-body pages retrieved (USA Boxing, England Boxing) did not surface a numeric ratio in the search results obtained",INSUFFICIENT EVIDENCE,seeded_from_research_program,INSUFFICIENT,unverified,open,{{SEED_ACCOUNT_ID}},platform_owner,"{""gap_type"": ""evidence_absent"", ""capability_key"": ""operational_data_model"", ""track"": ""B6"", ""topic"": ""staffing"", ""claim"": ""No verified coach-to-athlete ratio for boxing training, adaptive boxing, or youth boxing was located in the searched literature or in the governing-body documents retrieved."", ""boxing_specificity"": ""transferred"", ""authority_tier"": 5, ""evidence_tier"": ""RESEARCH_NEEDED"", ""tbd_flag"": ""yes"", ""seeded"": ""2026-08-07""}"
{{PPBF_ORG_ID}},research_program_seed.evidence_absent,evidence_claim,B6-151,Establish evidence for: capacity. No adequate source located in the indexed literature.,No eligible source; pilot.scheduler_classes.capacity EXISTS as a column but the repo pack contains no evidence-derived default,INSUFFICIENT EVIDENCE,seeded_from_research_program,INSUFFICIENT,unverified,open,{{SEED_ACCOUNT_ID}},platform_owner,"{""gap_type"": ""evidence_absent"", ""capability_key"": ""operational_data_model"", ""track"": ""B6"", ""topic"": ""capacity"", ""claim"": ""No verified class-capacity limit for a boxing gym floor, by station type or by square footage, was located."", ""boxing_specificity"": ""transferred"", ""authority_tier"": 5, ""evidence_tier"": ""RESEARCH_NEEDED"", ""tbd_flag"": ""yes"", ""seeded"": ""2026-08-07""}"
{{PPBF_ORG_ID}},research_program_seed.evidence_absent,evidence_claim,B6-152,Establish evidence for: sparring. No adequate source located in the indexed literature.,"Head-impact literature located (B6-017) is adult, n=23, level 3 and cannot support a threshold; the USA Boxing rulebook governs competition bouts, not gym sparring volume",INSUFFICIENT EVIDENCE,seeded_from_research_program,INSUFFICIENT,unverified,open,{{SEED_ACCOUNT_ID}},platform_owner,"{""gap_type"": ""evidence_absent"", ""capability_key"": ""operational_data_model"", ""track"": ""B6"", ""topic"": ""sparring"", ""claim"": ""No verified maximum sparring volume (rounds per week, per session, or per age band) for youth or adaptive amateur boxing was located."", ""boxing_specificity"": ""transferred"", ""authority_tier"": 5, ""evidence_tier"": ""RESEARCH_NEEDED"", ""tbd_flag"": ""yes"", ""seeded"": ""2026-08-07""}"
{{PPBF_ORG_ID}},research_program_seed.evidence_absent,evidence_claim,B6-153,Establish evidence for: staffing. No adequate source located in the indexed literature.,Searches for volunteer screening and staffing benchmarks returned no eligible source,INSUFFICIENT EVIDENCE,seeded_from_research_program,INSUFFICIENT,unverified,open,{{SEED_ACCOUNT_ID}},platform_owner,"{""gap_type"": ""evidence_absent"", ""capability_key"": ""operational_data_model"", ""track"": ""B6"", ""topic"": ""staffing"", ""claim"": ""No verified volunteer-to-athlete ratio or volunteer coverage benchmark for community youth sport operations was located."", ""boxing_specificity"": ""transferred"", ""authority_tier"": 5, ""evidence_tier"": ""RESEARCH_NEEDED"", ""tbd_flag"": ""yes"", ""seeded"": ""2026-08-07""}"
{{PPBF_ORG_ID}},research_program_seed.evidence_absent,evidence_claim,B6-154,Establish evidence for: retention. No adequate source located in the indexed literature.,"Closest located evidence (B6-064, B6-065) is community youth sport generally and reports determinants, not benchmark rates",INSUFFICIENT EVIDENCE,seeded_from_research_program,INSUFFICIENT,unverified,open,{{SEED_ACCOUNT_ID}},platform_owner,"{""gap_type"": ""evidence_absent"", ""capability_key"": ""operational_data_model"", ""track"": ""B6"", ""topic"": ""retention"", ""claim"": ""No verified retention or attendance benchmark for a community boxing program was located, so no target retention rate may be stated."", ""boxing_specificity"": ""transferred"", ""authority_tier"": 5, ""evidence_tier"": ""RESEARCH_NEEDED"", ""tbd_flag"": ""yes"", ""seeded"": ""2026-08-07""}"
{{PPBF_ORG_ID}},research_program_seed.evidence_absent,evidence_claim,B6-155,Establish evidence for: queue/telemetry. No adequate source located in the indexed literature.,Queueing-theory searches returned only unrelated healthcare and computing records,INSUFFICIENT EVIDENCE,seeded_from_research_program,INSUFFICIENT,unverified,open,{{SEED_ACCOUNT_ID}},platform_owner,"{""gap_type"": ""evidence_absent"", ""capability_key"": ""operational_data_model"", ""track"": ""B6"", ""topic"": ""queue/telemetry"", ""claim"": ""No verified queueing or staffing model calibrated to a boxing gym floor (station dwell time, rotation interval, arrival distribution) was located."", ""boxing_specificity"": ""transferred"", ""authority_tier"": 5, ""evidence_tier"": ""RESEARCH_NEEDED"", ""tbd_flag"": ""yes"", ""seeded"": ""2026-08-07""}"
{{PPBF_ORG_ID}},research_program_seed.evidence_absent,evidence_claim,B6-156,Establish evidence for: equipment. No adequate source located in the indexed literature.,Equipment maintenance searches returned no eligible source; USA Boxing publishes a certified-equipment list (per governing-body page located) but no inspection cadence was retrieved,INSUFFICIENT EVIDENCE,seeded_from_research_program,INSUFFICIENT,unverified,open,{{SEED_ACCOUNT_ID}},platform_owner,"{""gap_type"": ""evidence_absent"", ""capability_key"": ""operational_data_model"", ""track"": ""B6"", ""topic"": ""equipment"", ""claim"": ""No verified inspection interval or replacement lifespan for boxing gloves, headgear, wraps, bags or ring/apron equipment was located in the searched literature."", ""boxing_specificity"": ""transferred"", ""authority_tier"": 5, ""evidence_tier"": ""RESEARCH_NEEDED"", ""tbd_flag"": ""yes"", ""seeded"": ""2026-08-07""}"
{{PPBF_ORG_ID}},research_program_seed.evidence_absent,evidence_claim,B6-157,Establish evidence for: finance/board. No adequate source located in the indexed literature.,Nonprofit operations searches returned no eligible peer-reviewed source through the available connectors,INSUFFICIENT EVIDENCE,seeded_from_research_program,INSUFFICIENT,unverified,open,{{SEED_ACCOUNT_ID}},platform_owner,"{""gap_type"": ""evidence_absent"", ""capability_key"": ""operational_data_model"", ""track"": ""B6"", ""topic"": ""finance/board"", ""claim"": ""No verified benchmark for nonprofit youth-sport cost-per-athlete, donation conversion, or board-reporting cadence was located in the searched literature."", ""boxing_specificity"": ""transferred"", ""authority_tier"": 5, ""evidence_tier"": ""RESEARCH_NEEDED"", ""tbd_flag"": ""yes"", ""seeded"": ""2026-08-07""}"
{{PPBF_ORG_ID}},research_program_seed.evidence_absent,evidence_claim,B6-158,Establish evidence for: bout matching. No adequate source located in the indexed literature.,USA Boxing rulebook governs matching but the numeric criteria were not extracted from a retrieved rulebook document; no peer-reviewed matching-algorithm evidence located,INSUFFICIENT EVIDENCE,seeded_from_research_program,INSUFFICIENT,unverified,open,{{SEED_ACCOUNT_ID}},platform_owner,"{""gap_type"": ""evidence_absent"", ""capability_key"": ""operational_data_model"", ""track"": ""B6"", ""topic"": ""bout matching"", ""claim"": ""No verified algorithmic bout-matching safety criterion (beyond governing-body weight/age/experience classes) was located."", ""boxing_specificity"": ""transferred"", ""authority_tier"": 5, ""evidence_tier"": ""RESEARCH_NEEDED"", ""tbd_flag"": ""yes"", ""seeded"": ""2026-08-07""}"
{{PPBF_ORG_ID}},research_program_seed.evidence_absent,evidence_claim,B6-159,Establish evidence for: behaviour/discipline. No adequate source located in the indexed literature.,No eligible source located; the general fairness literature (B6-119) warns against exactly this class of application,INSUFFICIENT EVIDENCE,seeded_from_research_program,INSUFFICIENT,unverified,open,{{SEED_ACCOUNT_ID}},platform_owner,"{""gap_type"": ""evidence_absent"", ""capability_key"": ""operational_data_model"", ""track"": ""B6"", ""topic"": ""behaviour/discipline"", ""claim"": ""No verified evidence base was located for automated behavioural or disciplinary classification of youth athletes in a sport setting."", ""boxing_specificity"": ""transferred"", ""authority_tier"": 5, ""evidence_tier"": ""RESEARCH_NEEDED"", ""tbd_flag"": ""yes"", ""seeded"": ""2026-08-07""}"
