source_id,organization_id,title,publisher,source_type,authority_tier,url,publication_date,status,approval_state,verification_state,metadata,created_by_account_id,created_by_role
src_6a5f99045eae8a7c,{{PPBF_ORG_ID}},The Relationship Between Deliberate Practice and Performance in Sports: A Meta-Analysis.,Perspectives on psychological science : a journal of the Association for Psychological Science,peer_reviewed,2,https://pubmed.ncbi.nlm.nih.gov/27217246/,2016-01-01,active,pending_review,unverified,"{""identifier_kind"": ""pmid"", ""identifier"": ""27217246"", ""verification_status"": ""RESOLVED"", ""verified_title"": ""The Relationship Between Deliberate Practice and Performance in Sports: A Meta-Analysis."", ""seeded_from"": ""PPBF research program 2026-08-07""}",{{SEED_ACCOUNT_ID}},platform_owner
src_e2b8b255880faa36,{{PPBF_ORG_ID}},"Summing Up Hours of Any Type of Practice Versus Identifying Optimal Practice Activities: Commentary on Macnamara, Moreau, & Hambrick (2016).",Perspectives on psychological science : a journal of the Association for Psychological Science,other,4,https://pubmed.ncbi.nlm.nih.gov/27217247/,2016-01-01,active,pending_review,unverified,"{""identifier_kind"": ""pmid"", ""identifier"": ""27217247"", ""verification_status"": ""RESOLVED"", ""verified_title"": ""Summing Up Hours of Any Type of Practice Versus Identifying Optimal Practice Activities: Commentary on Macnamara, Moreau, & Hambrick (2016)."", ""seeded_from"": ""PPBF research program 2026-08-07""}",{{SEED_ACCOUNT_ID}},platform_owner
src_f65a5ff611275aa6,{{PPBF_ORG_ID}},How Important Is Deliberate Practice? Reply to Ericsson (2016).,Perspectives on psychological science : a journal of the Association for Psychological Science,other,4,https://pubmed.ncbi.nlm.nih.gov/27217248/,2016-01-01,active,pending_review,unverified,"{""identifier_kind"": ""pmid"", ""identifier"": ""27217248"", ""verification_status"": ""RESOLVED"", ""verified_title"": ""Summing Up Hours of Any Type of Practice Versus Identifying Optimal Practice Activities: Commentary on Macnamara, Moreau, & Hambrick (2016)."", ""seeded_from"": ""PPBF research program 2026-08-07""}",{{SEED_ACCOUNT_ID}},platform_owner
src_fb75afa38ca39fa9,{{PPBF_ORG_ID}},The role of deliberate practice in the acquisition of expert performance.,Psychological Review,other,4,https://doi.org/10.1037/0033-295X.100.3.363,1993-01-01,active,pending_review,unverified,"{""identifier_kind"": ""doi"", ""identifier"": ""10.1037/0033-295X.100.3.363"", ""verification_status"": ""RESOLVED"", ""verified_title"": ""The role of deliberate practice in the acquisition of expert performance."", ""seeded_from"": ""PPBF research program 2026-08-07""}",{{SEED_ACCOUNT_ID}},platform_owner
src_854b2c2f7f82ea9e,{{PPBF_ORG_ID}},Superiority of external attentional focus for motor performance and learning: Systematic reviews and meta-analyses.,Psychological bulletin,peer_reviewed,2,https://pubmed.ncbi.nlm.nih.gov/34843301/,2021-01-01,active,pending_review,unverified,"{""identifier_kind"": ""pmid"", ""identifier"": ""34843301"", ""verification_status"": ""RESOLVED"", ""verified_title"": ""Superiority of external attentional focus for motor performance and learning: Systematic reviews and meta-analyses."", ""seeded_from"": ""PPBF research program 2026-08-07""}",{{SEED_ACCOUNT_ID}},platform_owner
src_6d114dbc7f6375eb,{{PPBF_ORG_ID}},"Reporting bias, not external focus: A robust Bayesian meta-analysis and systematic review of the external focus of attention literature.",Psychological bulletin,peer_reviewed,2,https://pubmed.ncbi.nlm.nih.gov/39480294/,2024-01-01,active,pending_review,unverified,"{""identifier_kind"": ""pmid"", ""identifier"": ""39480294"", ""verification_status"": ""RESOLVED"", ""verified_title"": ""Reporting bias, not external focus: A robust Bayesian meta-analysis and systematic review of the external focus of attention literature."", ""seeded_from"": ""PPBF research program 2026-08-07""}",{{SEED_ACCOUNT_ID}},platform_owner
src_4b6675e85f7fb8b2,{{PPBF_ORG_ID}},Optimizing performance through intrinsic motivation and attention for learning: The OPTIMAL theory of motor learning.,Psychonomic bulletin & review,other,4,https://pubmed.ncbi.nlm.nih.gov/26833314/,2016-01-01,active,pending_review,unverified,"{""identifier_kind"": ""pmid"", ""identifier"": ""26833314"", ""verification_status"": ""RESOLVED"", ""verified_title"": ""Optimizing performance through intrinsic motivation and attention for learning: The OPTIMAL theory of motor learning."", ""seeded_from"": ""PPBF research program 2026-08-07""}",{{SEED_ACCOUNT_ID}},platform_owner
src_c72976b03e995af5,{{PPBF_ORG_ID}},Analysis of the pancreatic-ribonuclease-digestion products of alfalfa-mosaic-virus ribonucleic acid. Sequence homologies between the different RNAs.,European journal of biochemistry,peer_reviewed,3,https://pubmed.ncbi.nlm.nih.gov/1175651/,1975-01-01,active,pending_review,unverified,"{""identifier_kind"": ""pmid"", ""identifier"": ""1175651"", ""verification_status"": ""RESOLVED"", ""verified_title"": ""Analysis of the pancreatic-ribonuclease-digestion products of alfalfa-mosaic-virus ribonucleic acid. Sequence homologies between the different RNAs."", ""seeded_from"": ""PPBF research program 2026-08-07""}",{{SEED_ACCOUNT_ID}},platform_owner
src_3ca2059fb5ba13f6,{{PPBF_ORG_ID}},The effects of attentional focus instructions on punching velocity and impact forces among trained combat athletes.,Journal of sports sciences,peer_reviewed,3,https://pubmed.ncbi.nlm.nih.gov/27088370/,2017-01-01,active,pending_review,unverified,"{""identifier_kind"": ""pmid"", ""identifier"": ""27088370"", ""verification_status"": ""RESOLVED"", ""verified_title"": ""Analysis of the pancreatic-ribonuclease-digestion products of alfalfa-mosaic-virus ribonucleic acid. Sequence homologies between the different RNAs."", ""seeded_from"": ""PPBF research program 2026-08-07""}",{{SEED_ACCOUNT_ID}},platform_owner
src_a99df18a8f086694,{{PPBF_ORG_ID}},"Meta-Analytic Findings of the Self-Controlled Motor Learning Literature: Underpowered, Biased, and Lacking Evidential Value",Meta-Psychology,peer_reviewed,2,https://doi.org/10.15626/mp.2021.2803,2022-01-01,active,pending_review,unverified,"{""identifier_kind"": ""doi"", ""identifier"": ""10.15626/mp.2021.2803"", ""verification_status"": ""RESOLVED"", ""verified_title"": ""Meta-Analytic Findings of the Self-Controlled Motor Learning Literature: Underpowered, Biased, and Lacking Evidential Value"", ""seeded_from"": ""PPBF research program 2026-08-07""}",{{SEED_ACCOUNT_ID}},platform_owner
src_14aba6a233007cb7,{{PPBF_ORG_ID}},Autonomy-supportive instructional language does not enhance skill acquisition compared to controlling instructional language.,Psychological research,peer_reviewed,3,https://pubmed.ncbi.nlm.nih.gov/39589568/,2024-01-01,active,pending_review,unverified,"{""identifier_kind"": ""pmid"", ""identifier"": ""39589568"", ""verification_status"": ""RESOLVED"", ""verified_title"": ""Autonomy-supportive instructional language does not enhance skill acquisition compared to controlling instructional language."", ""seeded_from"": ""PPBF research program 2026-08-07""}",{{SEED_ACCOUNT_ID}},platform_owner
src_eb80469cef76eb95,{{PPBF_ORG_ID}},The myth of contextual interference learning benefit in sports practice: A systematic review and meta-analysis,Educational Research Review,peer_reviewed,2,https://doi.org/10.1016/j.edurev.2023.100537,2023-01-01,active,pending_review,unverified,"{""identifier_kind"": ""doi"", ""identifier"": ""10.1016/j.edurev.2023.100537"", ""verification_status"": ""RESOLVED"", ""verified_title"": ""The myth of contextual interference learning benefit in sports practice: A systematic review and meta-analysis"", ""seeded_from"": ""PPBF research program 2026-08-07""}",{{SEED_ACCOUNT_ID}},platform_owner
src_c9a9a3616bd67d7b,{{PPBF_ORG_ID}},High contextual interference improves retention in motor learning: systematic review and meta-analysis,Scientific Reports,peer_reviewed,2,https://doi.org/10.1038/s41598-024-65753-3,2024-01-01,active,pending_review,unverified,"{""identifier_kind"": ""doi"", ""identifier"": ""10.1038/s41598-024-65753-3"", ""verification_status"": ""RESOLVED"", ""verified_title"": ""The myth of contextual interference learning benefit in sports practice: A systematic review and meta-analysis"", ""seeded_from"": ""PPBF research program 2026-08-07""}",{{SEED_ACCOUNT_ID}},platform_owner
src_d0cb241ea3b8da99,{{PPBF_ORG_ID}},The Effects of Contextual Interference Learning on the Acquisition and Relatively Permanent Gains in Skilled Performance: A Critical Systematic Review with Multilevel Meta-Analysis,Educational Psychology Review,peer_reviewed,2,https://doi.org/10.1007/s10648-024-09892-z,2024-01-01,active,pending_review,unverified,"{""identifier_kind"": ""doi"", ""identifier"": ""10.1007/s10648-024-09892-z"", ""verification_status"": ""RESOLVED"", ""verified_title"": ""The myth of contextual interference learning benefit in sports practice: A systematic review and meta-analysis"", ""seeded_from"": ""PPBF research program 2026-08-07""}",{{SEED_ACCOUNT_ID}},platform_owner
src_920662617554b807,{{PPBF_ORG_ID}},"Advancing Contextual Interference: Addressing Methodological Debates, Reflecting on Meta-Analytic Practices and Generalizability, and Guiding Future Directions in Motor Learning",Educational Psychology Review,peer_reviewed,2,https://doi.org/10.1007/s10648-025-10043-1,2025-01-01,active,pending_review,unverified,"{""identifier_kind"": ""doi"", ""identifier"": ""10.1007/s10648-025-10043-1"", ""verification_status"": ""RESOLVED"", ""verified_title"": ""The myth of contextual interference learning benefit in sports practice: A systematic review and meta-analysis"", ""seeded_from"": ""PPBF research program 2026-08-07""}",{{SEED_ACCOUNT_ID}},platform_owner
src_e2155bd5c9235927,{{PPBF_ORG_ID}},High contextual interference improves retention in motor learning: systematic review and meta-analysis.,Scientific reports,peer_reviewed,2,https://pubmed.ncbi.nlm.nih.gov/38987617/,2024-01-01,active,pending_review,unverified,"{""identifier_kind"": ""pmid"", ""identifier"": ""38987617"", ""verification_status"": ""RESOLVED"", ""verified_title"": ""High contextual interference improves retention in motor learning: systematic review and meta-analysis."", ""seeded_from"": ""PPBF research program 2026-08-07""}",{{SEED_ACCOUNT_ID}},platform_owner
src_5a4da18cd75fba91,{{PPBF_ORG_ID}},Systematically increasing contextual interference is beneficial for learning sport skills.,Journal of sports sciences,peer_reviewed,3,https://pubmed.ncbi.nlm.nih.gov/20845219/,2010-01-01,active,pending_review,unverified,"{""identifier_kind"": ""pmid"", ""identifier"": ""20845219"", ""verification_status"": ""RESOLVED"", ""verified_title"": ""Systematically increasing contextual interference is beneficial for learning sport skills."", ""seeded_from"": ""PPBF research program 2026-08-07""}",{{SEED_ACCOUNT_ID}},platform_owner
src_ab5d85c11da94229,{{PPBF_ORG_ID}},What Is the Level of Contextual Interference in Serial Practice? A Meta-Analytic Review,Journal of Motor Learning and Development,peer_reviewed,3,https://doi.org/10.1123/jmld.2021-0020,2022-01-01,active,pending_review,unverified,"{""identifier_kind"": ""doi"", ""identifier"": ""10.1123/jmld.2021-0020"", ""verification_status"": ""RESOLVED"", ""verified_title"": ""What Is the Level of Contextual Interference in Serial Practice? A Meta-Analytic Review"", ""seeded_from"": ""PPBF research program 2026-08-07""}",{{SEED_ACCOUNT_ID}},platform_owner
src_9d39cb4978f391f4,{{PPBF_ORG_ID}},An Exploratory Meta-Analytic Review on the Empirical Evidence of Differential Learning as an Enhanced Motor Learning Method.,Frontiers in psychology,peer_reviewed,2,https://pubmed.ncbi.nlm.nih.gov/34025487/,2021-01-01,active,pending_review,unverified,"{""identifier_kind"": ""pmid"", ""identifier"": ""34025487"", ""verification_status"": ""RESOLVED"", ""verified_title"": ""An Exploratory Meta-Analytic Review on the Empirical Evidence of Differential Learning as an Enhanced Motor Learning Method."", ""seeded_from"": ""PPBF research program 2026-08-07""}",{{SEED_ACCOUNT_ID}},platform_owner
src_bd727e691339beef,{{PPBF_ORG_ID}},The Nonlinear Nature of Learning - A Differential Learning Approach,The Open Sports Sciences Journal,peer_reviewed,3,https://doi.org/10.2174/1875399X01205010100,2012-01-01,active,pending_review,unverified,"{""identifier_kind"": ""doi"", ""identifier"": ""10.2174/1875399X01205010100"", ""verification_status"": ""RESOLVED"", ""verified_title"": ""The Nonlinear Nature of Learning - A Differential Learning Approach"", ""seeded_from"": ""PPBF research program 2026-08-07""}",{{SEED_ACCOUNT_ID}},platform_owner
src_12c7c0a1c6550f6c,{{PPBF_ORG_ID}},Representative Learning Design and Functionality of Research and Practice in Sport,Journal of Sport and Exercise Psychology,other,4,https://doi.org/10.1123/jsep.33.1.146,2011-01-01,active,pending_review,unverified,"{""identifier_kind"": ""doi"", ""identifier"": ""10.1123/jsep.33.1.146"", ""verification_status"": ""RESOLVED"", ""verified_title"": ""Representative Learning Design and Functionality of Research and Practice in Sport"", ""seeded_from"": ""PPBF research program 2026-08-07""}",{{SEED_ACCOUNT_ID}},platform_owner
src_74451032f85ddc38,{{PPBF_ORG_ID}},Sequence comparison of the GABAA receptor alpha 1 subunit cDNA in long and short sleep mice by direct sequencing of polymerase chain reaction amplified cDNA.,Annals of the New York Academy of Sciences,other,3,https://pubmed.ncbi.nlm.nih.gov/1647739/,1991-01-01,active,pending_review,unverified,"{""identifier_kind"": ""pmid"", ""identifier"": ""1647739"", ""verification_status"": ""RESOLVED"", ""verified_title"": ""Sequence comparison of the GABAA receptor alpha 1 subunit cDNA in long and short sleep mice by direct sequencing of polymerase chain reaction amplified cDNA."", ""seeded_from"": ""PPBF research program 2026-08-07""}",{{SEED_ACCOUNT_ID}},platform_owner
src_86eacf00d0bbc85f,{{PPBF_ORG_ID}},Enhancing skill transfer in tennis using representative learning design.,Journal of sports sciences,other,4,https://pubmed.ncbi.nlm.nih.gov/31379253/,2019-01-01,active,pending_review,unverified,"{""identifier_kind"": ""pmid"", ""identifier"": ""31379253"", ""verification_status"": ""RESOLVED"", ""verified_title"": ""Sequence comparison of the GABAA receptor alpha 1 subunit cDNA in long and short sleep mice by direct sequencing of polymerase chain reaction amplified cDNA."", ""seeded_from"": ""PPBF research program 2026-08-07""}",{{SEED_ACCOUNT_ID}},platform_owner
src_3715053a02d91060,{{PPBF_ORG_ID}},Distinct phosphotyrosines on a growth factor receptor bind to specific molecules that mediate different signaling pathways.,Cell,other,3,https://pubmed.ncbi.nlm.nih.gov/1374684/,1992-01-01,active,pending_review,unverified,"{""identifier_kind"": ""pmid"", ""identifier"": ""1374684"", ""verification_status"": ""RESOLVED"", ""verified_title"": ""Distinct phosphotyrosines on a growth factor receptor bind to specific molecules that mediate different signaling pathways."", ""seeded_from"": ""PPBF research program 2026-08-07""}",{{SEED_ACCOUNT_ID}},platform_owner
src_05b34159ee4a15da,{{PPBF_ORG_ID}},Helping coaches apply the principles of representative learning design: validation of a tennis specific practice assessment tool.,Journal of sports sciences,other,4,https://pubmed.ncbi.nlm.nih.gov/28905685/,2018-01-01,active,pending_review,unverified,"{""identifier_kind"": ""pmid"", ""identifier"": ""28905685"", ""verification_status"": ""RESOLVED"", ""verified_title"": ""Distinct phosphotyrosines on a growth factor receptor bind to specific molecules that mediate different signaling pathways."", ""seeded_from"": ""PPBF research program 2026-08-07""}",{{SEED_ACCOUNT_ID}},platform_owner
src_cc2b4bc9f5e2507d,{{PPBF_ORG_ID}},Constraints on the Development of Coordination,Motor Development in Children: Aspects of Coordination and Control,other,4,https://doi.org/10.1007/978-94-009-4460-2_19,1986-01-01,active,pending_review,unverified,"{""identifier_kind"": ""doi"", ""identifier"": ""10.1007/978-94-009-4460-2_19"", ""verification_status"": ""RESOLVED"", ""verified_title"": ""Constraints on the Development of Coordination"", ""seeded_from"": ""PPBF research program 2026-08-07""}",{{SEED_ACCOUNT_ID}},platform_owner
src_43f95aac225f25a4,{{PPBF_ORG_ID}},Nonlinear Pedagogy: An Effective Approach to Cater for Individual Differences in Learning a Sports Skill,PLoS ONE,other,4,https://doi.org/10.1371/journal.pone.0104744,2014-01-01,active,pending_review,unverified,"{""identifier_kind"": ""doi"", ""identifier"": ""10.1371/journal.pone.0104744"", ""verification_status"": ""RESOLVED"", ""verified_title"": ""Nonlinear Pedagogy: An Effective Approach to Cater for Individual Differences in Learning a Sports Skill"", ""seeded_from"": ""PPBF research program 2026-08-07""}",{{SEED_ACCOUNT_ID}},platform_owner
src_72dcee48c57b44e5,{{PPBF_ORG_ID}},Development of a Skill Acquisition Periodisation Framework for High-Performance Sport,Sports Medicine,other,4,https://doi.org/10.1007/s40279-016-0646-2,2016-01-01,active,pending_review,unverified,"{""identifier_kind"": ""doi"", ""identifier"": ""10.1007/s40279-016-0646-2"", ""verification_status"": ""RESOLVED"", ""verified_title"": ""Development of a Skill Acquisition Periodisation Framework for High-Performance Sport"", ""seeded_from"": ""PPBF research program 2026-08-07""}",{{SEED_ACCOUNT_ID}},platform_owner
src_1bb859f4784346a6,{{PPBF_ORG_ID}},Skill Training Periodization in “Specialist” Sports Coaching—An Introduction of the “PoST” Framework for Skill Development,Frontiers in Sports and Active Living,other,4,https://doi.org/10.3389/fspor.2019.00061,2019-01-01,active,pending_review,unverified,"{""identifier_kind"": ""doi"", ""identifier"": ""10.3389/fspor.2019.00061"", ""verification_status"": ""RESOLVED"", ""verified_title"": ""Development of a Skill Acquisition Periodisation Framework for High-Performance Sport"", ""seeded_from"": ""PPBF research program 2026-08-07""}",{{SEED_ACCOUNT_ID}},platform_owner
src_9616ccd378d859d9,{{PPBF_ORG_ID}},Reduced frequency of knowledge of results enhances motor skill learning.,"Journal of Experimental Psychology: Learning, Memory, and Cognition",other,4,https://doi.org/10.1037/0278-7393.16.4.677,1990-01-01,active,pending_review,unverified,"{""identifier_kind"": ""doi"", ""identifier"": ""10.1037/0278-7393.16.4.677"", ""verification_status"": ""RESOLVED"", ""verified_title"": ""Reduced frequency of knowledge of results enhances motor skill learning."", ""seeded_from"": ""PPBF research program 2026-08-07""}",{{SEED_ACCOUNT_ID}},platform_owner
src_ad866aec2a0a3b2c,{{PPBF_ORG_ID}},Meta-analysis of the reduced relative feedback frequency effect on motor learning and performance,Psychology of Sport and Exercise,peer_reviewed,2,https://doi.org/10.1016/j.psychsport.2022.102165,2022-01-01,active,pending_review,unverified,"{""identifier_kind"": ""doi"", ""identifier"": ""10.1016/j.psychsport.2022.102165"", ""verification_status"": ""RESOLVED"", ""verified_title"": ""Meta-analysis of the reduced relative feedback frequency effect on motor learning and performance"", ""seeded_from"": ""PPBF research program 2026-08-07""}",{{SEED_ACCOUNT_ID}},platform_owner
src_4adddc652bd2e633,{{PPBF_ORG_ID}},Autonomy support and reduced feedback frequency have trivial effects on learning and performance of a golf putting task.,Human movement science,peer_reviewed,3,https://pubmed.ncbi.nlm.nih.gov/32452429/,2020-01-01,active,pending_review,unverified,"{""identifier_kind"": ""pmid"", ""identifier"": ""32452429"", ""verification_status"": ""RESOLVED"", ""verified_title"": ""Autonomy support and reduced feedback frequency have trivial effects on learning and performance of a golf putting task."", ""seeded_from"": ""PPBF research program 2026-08-07""}",{{SEED_ACCOUNT_ID}},platform_owner
src_8742ac8a28bb6423,{{PPBF_ORG_ID}},Genotoxic markers among butadiene polymer workers in China.,Carcinogenesis,other,4,https://pubmed.ncbi.nlm.nih.gov/10607734/,2000-01-01,active,pending_review,unverified,"{""identifier_kind"": ""pmid"", ""identifier"": ""10607734"", ""verification_status"": ""RESOLVED"", ""verified_title"": ""Genotoxic markers among butadiene polymer workers in China."", ""seeded_from"": ""PPBF research program 2026-08-07""}",{{SEED_ACCOUNT_ID}},platform_owner
src_1c5e3e2954e97434,{{PPBF_ORG_ID}},Bandwidth knowledge of results enhances generalized motor program learning.,Research quarterly for exercise and sport,other,4,https://pubmed.ncbi.nlm.nih.gov/10100339/,1999-01-01,active,pending_review,unverified,"{""identifier_kind"": ""pmid"", ""identifier"": ""10100339"", ""verification_status"": ""RESOLVED"", ""verified_title"": ""Genotoxic markers among butadiene polymer workers in China."", ""seeded_from"": ""PPBF research program 2026-08-07""}",{{SEED_ACCOUNT_ID}},platform_owner
src_35f060fa5e73aa63,{{PPBF_ORG_ID}},Intercellular signalling in Stigmatella aurantiaca.,Current opinion in microbiology,other,4,https://pubmed.ncbi.nlm.nih.gov/10607625/,1999-01-01,active,pending_review,unverified,"{""identifier_kind"": ""pmid"", ""identifier"": ""10607625"", ""verification_status"": ""RESOLVED"", ""verified_title"": ""Genotoxic markers among butadiene polymer workers in China."", ""seeded_from"": ""PPBF research program 2026-08-07""}",{{SEED_ACCOUNT_ID}},platform_owner
src_c429bbe5ed919e45,{{PPBF_ORG_ID}},Effects of bandwidth goals and bandwidth knowledge of results on motor learning.,Research quarterly for exercise and sport,other,4,https://pubmed.ncbi.nlm.nih.gov/7973073/,1994-01-01,active,pending_review,unverified,"{""identifier_kind"": ""pmid"", ""identifier"": ""7973073"", ""verification_status"": ""RESOLVED"", ""verified_title"": ""Genotoxic markers among butadiene polymer workers in China."", ""seeded_from"": ""PPBF research program 2026-08-07""}",{{SEED_ACCOUNT_ID}},platform_owner
src_84d1105ce5ceace2,{{PPBF_ORG_ID}},Impact of the Banff '97 classification for histological diagnosis of rejection on clinical outcome and renal function parameters after kidney transplantation.,Transplantation,other,4,https://pubmed.ncbi.nlm.nih.gov/10762217/,2000-01-01,active,pending_review,unverified,"{""identifier_kind"": ""pmid"", ""identifier"": ""10762217"", ""verification_status"": ""RESOLVED"", ""verified_title"": ""Genotoxic markers among butadiene polymer workers in China."", ""seeded_from"": ""PPBF research program 2026-08-07""}",{{SEED_ACCOUNT_ID}},platform_owner
src_b8a081d0756bc553,{{PPBF_ORG_ID}},Using bandwidth knowledge of results to alter relative frequencies during motor skill acquisition.,Research quarterly for exercise and sport,other,4,https://pubmed.ncbi.nlm.nih.gov/7644839/,1995-01-01,active,pending_review,unverified,"{""identifier_kind"": ""pmid"", ""identifier"": ""7644839"", ""verification_status"": ""RESOLVED"", ""verified_title"": ""Genotoxic markers among butadiene polymer workers in China."", ""seeded_from"": ""PPBF research program 2026-08-07""}",{{SEED_ACCOUNT_ID}},platform_owner
src_abacfb861a1fe0df,{{PPBF_ORG_ID}},Coaching cues in amateur boxing: An analysis of ringside feedback provided between rounds of competition,Psychology of Sport and Exercise,other,4,https://doi.org/10.1016/j.psychsport.2016.04.003,2016-01-01,active,pending_review,unverified,"{""identifier_kind"": ""doi"", ""identifier"": ""10.1016/j.psychsport.2016.04.003"", ""verification_status"": ""RESOLVED"", ""verified_title"": ""Coaching cues in amateur boxing: An analysis of ringside feedback provided between rounds of competition"", ""seeded_from"": ""PPBF research program 2026-08-07""}",{{SEED_ACCOUNT_ID}},platform_owner
src_d62557f718cdc0da,{{PPBF_ORG_ID}},Motor Behavior Literature Fails to Translate: A Preliminary Investigation into Coaching and Focus of Attention in Recreational Distance Runners.,International journal of exercise science,peer_reviewed,3,https://pubmed.ncbi.nlm.nih.gov/32509132/,2020-01-01,active,pending_review,unverified,"{""identifier_kind"": ""pmid"", ""identifier"": ""32509132"", ""verification_status"": ""RESOLVED"", ""verified_title"": ""Motor Behavior Literature Fails to Translate: A Preliminary Investigation into Coaching and Focus of Attention in Recreational Distance Runners."", ""seeded_from"": ""PPBF research program 2026-08-07""}",{{SEED_ACCOUNT_ID}},platform_owner
src_5b874db9868eb945,{{PPBF_ORG_ID}},A systematic review of coach augmented verbal feedback during practice and competition in team sports,International Journal of Sports Science &amp; Coaching,peer_reviewed,2,https://doi.org/10.1177/17479541231218665,2023-01-01,active,pending_review,unverified,"{""identifier_kind"": ""doi"", ""identifier"": ""10.1177/17479541231218665"", ""verification_status"": ""RESOLVED"", ""verified_title"": ""A systematic review of coach augmented verbal feedback during practice and competition in team sports"", ""seeded_from"": ""PPBF research program 2026-08-07""}",{{SEED_ACCOUNT_ID}},platform_owner
src_5bb02d172abf4bc4,{{PPBF_ORG_ID}},"Sports Coaches’ Knowledge and Beliefs About the Provision, Reception, and Evaluation of Verbal Feedback",Frontiers in Psychology,other,4,https://doi.org/10.3389/fpsyg.2020.571552,2020-01-01,active,pending_review,unverified,"{""identifier_kind"": ""doi"", ""identifier"": ""10.3389/fpsyg.2020.571552"", ""verification_status"": ""RESOLVED"", ""verified_title"": ""Sports Coaches’ Knowledge and Beliefs About the Provision, Reception, and Evaluation of Verbal Feedback"", ""seeded_from"": ""PPBF research program 2026-08-07""}",{{SEED_ACCOUNT_ID}},platform_owner
src_0abc2f36c9d8e715,{{PPBF_ORG_ID}},"Knowledge, knerves and know‐how: The role of explicit versus implicit knowledge in the breakdown of a complex motor skill under pressure",British Journal of Psychology,other,3,https://doi.org/10.1111/j.2044-8295.1992.tb02446.x,1992-01-01,active,pending_review,unverified,"{""identifier_kind"": ""doi"", ""identifier"": ""10.1111/j.2044-8295.1992.tb02446.x"", ""verification_status"": ""RESOLVED"", ""verified_title"": ""Knowledge, knerves and know‐how: The role of explicit versus implicit knowledge in the breakdown of a complex motor skill under pressure"", ""seeded_from"": ""PPBF research program 2026-08-07""}",{{SEED_ACCOUNT_ID}},platform_owner
src_17b569fdd378c4f7,{{PPBF_ORG_ID}},Knowledge and conscious control of motor actions under stress,British Journal of Psychology,other,4,https://doi.org/10.1111/j.2044-8295.1996.tb02612.x,1996-01-01,active,pending_review,unverified,"{""identifier_kind"": ""doi"", ""identifier"": ""10.1111/j.2044-8295.1996.tb02612.x"", ""verification_status"": ""RESOLVED"", ""verified_title"": ""Knowledge and conscious control of motor actions under stress"", ""seeded_from"": ""PPBF research program 2026-08-07""}",{{SEED_ACCOUNT_ID}},platform_owner
src_a2e9bcfe9e52fa9a,{{PPBF_ORG_ID}},Does implicit motor learning lead to greater automatization of motor skills compared to explicit motor learning? A systematic review.,PloS one,peer_reviewed,2,https://pubmed.ncbi.nlm.nih.gov/30183763/,2018-01-01,active,pending_review,unverified,"{""identifier_kind"": ""pmid"", ""identifier"": ""30183763"", ""verification_status"": ""RESOLVED"", ""verified_title"": ""Does implicit motor learning lead to greater automatization of motor skills compared to explicit motor learning? A systematic review."", ""seeded_from"": ""PPBF research program 2026-08-07""}",{{SEED_ACCOUNT_ID}},platform_owner
src_3b15d3e1a8c61e58,{{PPBF_ORG_ID}},Hiroshima-like neutrons from A-bomb replica: physical basis for their use in biological experiments.,Radiation research,peer_reviewed,2,https://pubmed.ncbi.nlm.nih.gov/1947010/,1991-01-01,active,pending_review,unverified,"{""identifier_kind"": ""pmid"", ""identifier"": ""1947010"", ""verification_status"": ""RESOLVED"", ""verified_title"": ""Hiroshima-like neutrons from A-bomb replica: physical basis for their use in biological experiments."", ""seeded_from"": ""PPBF research program 2026-08-07""}",{{SEED_ACCOUNT_ID}},platform_owner
src_358e44c99587fa1e,{{PPBF_ORG_ID}},Implicit motor learning in primary school children: A systematic review.,Journal of sports sciences,peer_reviewed,2,https://pubmed.ncbi.nlm.nih.gov/34219609/,2021-01-01,active,pending_review,unverified,"{""identifier_kind"": ""pmid"", ""identifier"": ""34219609"", ""verification_status"": ""RESOLVED"", ""verified_title"": ""Hiroshima-like neutrons from A-bomb replica: physical basis for their use in biological experiments."", ""seeded_from"": ""PPBF research program 2026-08-07""}",{{SEED_ACCOUNT_ID}},platform_owner
src_87c6792648534dea,{{PPBF_ORG_ID}},Use your imagination for better performance. Effects of analogy instruction in motor skills. A systematic review and meta-analysis.,Psychology of sport and exercise,peer_reviewed,2,https://pubmed.ncbi.nlm.nih.gov/39419241/,2025-01-01,active,pending_review,unverified,"{""identifier_kind"": ""pmid"", ""identifier"": ""39419241"", ""verification_status"": ""RESOLVED"", ""verified_title"": ""Use your imagination for better performance. Effects of analogy instruction in motor skills. A systematic review and meta-analysis."", ""seeded_from"": ""PPBF research program 2026-08-07""}",{{SEED_ACCOUNT_ID}},platform_owner
src_109ad73e3df3fea1,{{PPBF_ORG_ID}},Analogy Learning and the Performance of Motor Skills under Pressure,Journal of Sport and Exercise Psychology,peer_reviewed,3,https://doi.org/10.1123/jsep.31.3.337,2009-01-01,active,pending_review,unverified,"{""identifier_kind"": ""doi"", ""identifier"": ""10.1123/jsep.31.3.337"", ""verification_status"": ""RESOLVED"", ""verified_title"": ""Analogy Learning and the Performance of Motor Skills under Pressure"", ""seeded_from"": ""PPBF research program 2026-08-07""}",{{SEED_ACCOUNT_ID}},platform_owner
src_a1dd46945ac95379,{{PPBF_ORG_ID}},Working Memory Capacity Limits Motor Learning When Implementing Multiple Instructions.,Frontiers in psychology,other,4,https://pubmed.ncbi.nlm.nih.gov/28878701/,2017-01-01,active,pending_review,unverified,"{""identifier_kind"": ""pmid"", ""identifier"": ""28878701"", ""verification_status"": ""RESOLVED"", ""verified_title"": ""Working Memory Capacity Limits Motor Learning When Implementing Multiple Instructions."", ""seeded_from"": ""PPBF research program 2026-08-07""}",{{SEED_ACCOUNT_ID}},platform_owner
src_aeab74ca39d6b8dd,{{PPBF_ORG_ID}},Observational Modeling Effects for Movement Dynamics and Movement Outcome Measures Across Differing Task Constraints: A Meta-Analysis,Journal of Motor Behavior,peer_reviewed,2,https://doi.org/10.3200/JMBR.38.3.185-205,2006-01-01,active,pending_review,unverified,"{""identifier_kind"": ""doi"", ""identifier"": ""10.3200/JMBR.38.3.185-205"", ""verification_status"": ""RESOLVED"", ""verified_title"": ""Observational Modeling Effects for Movement Dynamics and Movement Outcome Measures Across Differing Task Constraints: A Meta-Analysis"", ""seeded_from"": ""PPBF research program 2026-08-07""}",{{SEED_ACCOUNT_ID}},platform_owner
src_14b92b9230039d74,{{PPBF_ORG_ID}},[Clinical effect of recombinant human granulocyte colony-stimulating factor in bone marrow transplantation. The Japan rhG-CSF Clinical Study Group].,Gan to kagaku ryoho. Cancer & chemotherapy,peer_reviewed,2,https://pubmed.ncbi.nlm.nih.gov/1693489/,1990-01-01,active,pending_review,unverified,"{""identifier_kind"": ""pmid"", ""identifier"": ""1693489"", ""verification_status"": ""RESOLVED"", ""verified_title"": ""[Clinical effect of recombinant human granulocyte colony-stimulating factor in bone marrow transplantation. The Japan rhG-CSF Clinical Study Group]."", ""seeded_from"": ""PPBF research program 2026-08-07""}",{{SEED_ACCOUNT_ID}},platform_owner
src_f49fc40efd14febb,{{PPBF_ORG_ID}},Revisiting the Applied Model for the Use of Observation: A Review of Articles Spanning 2011-2018.,Research quarterly for exercise and sport,peer_reviewed,2,https://pubmed.ncbi.nlm.nih.gov/32004119/,2020-01-01,active,pending_review,unverified,"{""identifier_kind"": ""pmid"", ""identifier"": ""32004119"", ""verification_status"": ""RESOLVED"", ""verified_title"": ""[Clinical effect of recombinant human granulocyte colony-stimulating factor in bone marrow transplantation. The Japan rhG-CSF Clinical Study Group]."", ""seeded_from"": ""PPBF research program 2026-08-07""}",{{SEED_ACCOUNT_ID}},platform_owner
src_a1cb6aeb15cedcd3,{{PPBF_ORG_ID}},Observation interventions for motor skill learning and performance: an applied model for the use of observation,International Review of Sport and Exercise Psychology,peer_reviewed,2,https://doi.org/10.1080/1750984X.2012.665076,2012-01-01,active,pending_review,unverified,"{""identifier_kind"": ""doi"", ""identifier"": ""10.1080/1750984X.2012.665076"", ""verification_status"": ""RESOLVED"", ""verified_title"": ""[Clinical effect of recombinant human granulocyte colony-stimulating factor in bone marrow transplantation. The Japan rhG-CSF Clinical Study Group]."", ""seeded_from"": ""PPBF research program 2026-08-07""}",{{SEED_ACCOUNT_ID}},platform_owner
src_003ec55ec16f050a,{{PPBF_ORG_ID}},Learning through observation: a combination of expert and novice models favors learning.,Experimental brain research,peer_reviewed,3,https://pubmed.ncbi.nlm.nih.gov/21986667/,2011-01-01,active,pending_review,unverified,"{""identifier_kind"": ""pmid"", ""identifier"": ""21986667"", ""verification_status"": ""RESOLVED"", ""verified_title"": ""Learning through observation: a combination of expert and novice models favors learning."", ""seeded_from"": ""PPBF research program 2026-08-07""}",{{SEED_ACCOUNT_ID}},platform_owner
src_e221bc5bcafd9441,{{PPBF_ORG_ID}},Mixed observation favors motor learning through better estimation of the model's performance.,Experimental brain research,peer_reviewed,3,https://pubmed.ncbi.nlm.nih.gov/24897947/,2014-01-01,active,pending_review,unverified,"{""identifier_kind"": ""pmid"", ""identifier"": ""24897947"", ""verification_status"": ""RESOLVED"", ""verified_title"": ""Learning through observation: a combination of expert and novice models favors learning."", ""seeded_from"": ""PPBF research program 2026-08-07""}",{{SEED_ACCOUNT_ID}},platform_owner
src_fdf395abb08cb44e,{{PPBF_ORG_ID}},The effect of observing novice and expert performance on acquisition of surgical skills on a robotic platform.,PloS one,peer_reviewed,3,https://pubmed.ncbi.nlm.nih.gov/29141046/,2017-01-01,active,pending_review,unverified,"{""identifier_kind"": ""pmid"", ""identifier"": ""29141046"", ""verification_status"": ""RESOLVED"", ""verified_title"": ""Learning through observation: a combination of expert and novice models favors learning."", ""seeded_from"": ""PPBF research program 2026-08-07""}",{{SEED_ACCOUNT_ID}},platform_owner
src_7f725a56433dd082,{{PPBF_ORG_ID}},Enhancing technical skill learning through interleaved mixed-model observational practice.,Advances in health sciences education : theory and practice,peer_reviewed,3,https://pubmed.ncbi.nlm.nih.gov/28160101/,2017-01-01,active,pending_review,unverified,"{""identifier_kind"": ""pmid"", ""identifier"": ""28160101"", ""verification_status"": ""RESOLVED"", ""verified_title"": ""Learning through observation: a combination of expert and novice models favors learning."", ""seeded_from"": ""PPBF research program 2026-08-07""}",{{SEED_ACCOUNT_ID}},platform_owner
src_1369cc003497a7dc,{{PPBF_ORG_ID}},CO2 laser anterior turbinectomy in the treatment of non-allergic vasomotor rhinopathia. A prospective study upon 78 patients.,Rhinology,peer_reviewed,2,https://pubmed.ncbi.nlm.nih.gov/1780627/,1991-01-01,active,pending_review,unverified,"{""identifier_kind"": ""pmid"", ""identifier"": ""1780627"", ""verification_status"": ""RESOLVED"", ""verified_title"": ""CO2 laser anterior turbinectomy in the treatment of non-allergic vasomotor rhinopathia. A prospective study upon 78 patients."", ""seeded_from"": ""PPBF research program 2026-08-07""}",{{SEED_ACCOUNT_ID}},platform_owner
src_61669f3638700fac,{{PPBF_ORG_ID}},The feasibility of a percutaneous temporary pedal bypass.,European journal of vascular and endovascular surgery : the official journal of the European Society for Vascular Surgery,peer_reviewed,2,https://pubmed.ncbi.nlm.nih.gov/17408989/,2007-01-01,active,pending_review,unverified,"{""identifier_kind"": ""pmid"", ""identifier"": ""17408989"", ""verification_status"": ""RESOLVED"", ""verified_title"": ""CO2 laser anterior turbinectomy in the treatment of non-allergic vasomotor rhinopathia. A prospective study upon 78 patients."", ""seeded_from"": ""PPBF research program 2026-08-07""}",{{SEED_ACCOUNT_ID}},platform_owner
src_f3603fa4f98435b3,{{PPBF_ORG_ID}},Receptors for epidermal growth factor and steroid hormones in primary laryngeal tumors.,Cancer,peer_reviewed,2,https://pubmed.ncbi.nlm.nih.gov/1991297/,1991-01-01,active,pending_review,unverified,"{""identifier_kind"": ""pmid"", ""identifier"": ""1991297"", ""verification_status"": ""RESOLVED"", ""verified_title"": ""CO2 laser anterior turbinectomy in the treatment of non-allergic vasomotor rhinopathia. A prospective study upon 78 patients."", ""seeded_from"": ""PPBF research program 2026-08-07""}",{{SEED_ACCOUNT_ID}},platform_owner
src_97333246f8a62651,{{PPBF_ORG_ID}},The effects of imagery interventions in sports: a meta-analysis,International Review of Sport and Exercise Psychology,peer_reviewed,2,https://doi.org/10.1080/1750984X.2020.1780627,2020-01-01,active,pending_review,unverified,"{""identifier_kind"": ""doi"", ""identifier"": ""10.1080/1750984X.2020.1780627"", ""verification_status"": ""RESOLVED"", ""verified_title"": ""CO2 laser anterior turbinectomy in the treatment of non-allergic vasomotor rhinopathia. A prospective study upon 78 patients."", ""seeded_from"": ""PPBF research program 2026-08-07""}",{{SEED_ACCOUNT_ID}},platform_owner
src_329ce6fbf5d93712,{{PPBF_ORG_ID}},Mental imagery training programs for developing sport-specific motor skills: a systematic review and meta-analysis,Physical Education and Sport Pedagogy,peer_reviewed,2,https://doi.org/10.1080/17408989.2021.1991297,2021-01-01,active,pending_review,unverified,"{""identifier_kind"": ""doi"", ""identifier"": ""10.1080/17408989.2021.1991297"", ""verification_status"": ""RESOLVED"", ""verified_title"": ""CO2 laser anterior turbinectomy in the treatment of non-allergic vasomotor rhinopathia. A prospective study upon 78 patients."", ""seeded_from"": ""PPBF research program 2026-08-07""}",{{SEED_ACCOUNT_ID}},platform_owner
src_122168f963877470,{{PPBF_ORG_ID}},The PETTLEP Approach to Motor Imagery: A Functional Equivalence Model for Sport Psychologists,Journal of Applied Sport Psychology,peer_reviewed,2,https://doi.org/10.1080/10413200109339004,2001-01-01,active,pending_review,unverified,"{""identifier_kind"": ""doi"", ""identifier"": ""10.1080/10413200109339004"", ""verification_status"": ""RESOLVED"", ""verified_title"": ""CO2 laser anterior turbinectomy in the treatment of non-allergic vasomotor rhinopathia. A prospective study upon 78 patients."", ""seeded_from"": ""PPBF research program 2026-08-07""}",{{SEED_ACCOUNT_ID}},platform_owner
src_f77d8ebdcb2de41e,{{PPBF_ORG_ID}},Motor Imagery and Sport Performance: A Systematic Review on the PETTLEP Model,Applied Sciences,peer_reviewed,2,https://doi.org/10.3390/app12199753,2022-01-01,active,pending_review,unverified,"{""identifier_kind"": ""doi"", ""identifier"": ""10.3390/app12199753"", ""verification_status"": ""RESOLVED"", ""verified_title"": ""CO2 laser anterior turbinectomy in the treatment of non-allergic vasomotor rhinopathia. A prospective study upon 78 patients."", ""seeded_from"": ""PPBF research program 2026-08-07""}",{{SEED_ACCOUNT_ID}},platform_owner
src_900385a5be3168f2,{{PPBF_ORG_ID}},Perceptual-Cognitive Expertise in Sport: A Meta-Analysis,Journal of Sport and Exercise Psychology,peer_reviewed,2,https://doi.org/10.1123/jsep.29.4.457,2007-01-01,active,pending_review,unverified,"{""identifier_kind"": ""doi"", ""identifier"": ""10.1123/jsep.29.4.457"", ""verification_status"": ""RESOLVED"", ""verified_title"": ""Perceptual-Cognitive Expertise in Sport: A Meta-Analysis"", ""seeded_from"": ""PPBF research program 2026-08-07""}",{{SEED_ACCOUNT_ID}},platform_owner
src_f2b3725d1daf7ba0,{{PPBF_ORG_ID}},A comparison of perceptual anticipation in combat sports between experts and non-experts: A systematic review and meta-analysis.,Frontiers in psychology,peer_reviewed,2,https://pubmed.ncbi.nlm.nih.gov/36389534/,2022-01-01,active,pending_review,unverified,"{""identifier_kind"": ""pmid"", ""identifier"": ""36389534"", ""verification_status"": ""RESOLVED"", ""verified_title"": ""A comparison of perceptual anticipation in combat sports between experts and non-experts: A systematic review and meta-analysis."", ""seeded_from"": ""PPBF research program 2026-08-07""}",{{SEED_ACCOUNT_ID}},platform_owner
src_dcceb5c953deaaee,{{PPBF_ORG_ID}},Effect of Implicit Perceptual-Motor Training on Decision-Making Skills and Underpinning Gaze Behavior in Combat Athletes.,Perceptual and motor skills,peer_reviewed,3,https://pubmed.ncbi.nlm.nih.gov/27371637/,2016-01-01,active,pending_review,unverified,"{""identifier_kind"": ""pmid"", ""identifier"": ""27371637"", ""verification_status"": ""RESOLVED"", ""verified_title"": ""Effect of Implicit Perceptual-Motor Training on Decision-Making Skills and Underpinning Gaze Behavior in Combat Athletes."", ""seeded_from"": ""PPBF research program 2026-08-07""}",{{SEED_ACCOUNT_ID}},platform_owner
src_9b8580cf92f1f6fc,{{PPBF_ORG_ID}},[Prevalence of hereditary diseases in three-year-old Swiss Warmblood horses].,Schweizer Archiv fur Tierheilkunde,peer_reviewed,2,https://pubmed.ncbi.nlm.nih.gov/17461391/,2007-01-01,active,pending_review,unverified,"{""identifier_kind"": ""pmid"", ""identifier"": ""17461391"", ""verification_status"": ""RESOLVED"", ""verified_title"": ""[Prevalence of hereditary diseases in three-year-old Swiss Warmblood horses]."", ""seeded_from"": ""PPBF research program 2026-08-07""}",{{SEED_ACCOUNT_ID}},platform_owner
src_a1978cfbfb5a8fa9,{{PPBF_ORG_ID}},Modified perceptual training in sport: A new classification framework.,Journal of science and medicine in sport,peer_reviewed,3,https://pubmed.ncbi.nlm.nih.gov/29433921/,2018-01-01,active,pending_review,unverified,"{""identifier_kind"": ""pmid"", ""identifier"": ""29433921"", ""verification_status"": ""RESOLVED"", ""verified_title"": ""[Prevalence of hereditary diseases in three-year-old Swiss Warmblood horses]."", ""seeded_from"": ""PPBF research program 2026-08-07""}",{{SEED_ACCOUNT_ID}},platform_owner
src_9ac66774d3c69d70,{{PPBF_ORG_ID}},Perceptual‐cognitive skill training and its transfer to expert performance in the field: Future research directions,European Journal of Sport Science,peer_reviewed,3,https://doi.org/10.1080/17461391.2014.957727,2014-01-01,active,pending_review,unverified,"{""identifier_kind"": ""doi"", ""identifier"": ""10.1080/17461391.2014.957727"", ""verification_status"": ""RESOLVED"", ""verified_title"": ""[Prevalence of hereditary diseases in three-year-old Swiss Warmblood horses]."", ""seeded_from"": ""PPBF research program 2026-08-07""}",{{SEED_ACCOUNT_ID}},platform_owner
src_086fc22186a50994,{{PPBF_ORG_ID}},Quiet Eye and Performance in Sport: A Meta-Analysis.,Journal of sport & exercise psychology,peer_reviewed,2,https://pubmed.ncbi.nlm.nih.gov/27633956/,2016-01-01,active,pending_review,unverified,"{""identifier_kind"": ""pmid"", ""identifier"": ""27633956"", ""verification_status"": ""RESOLVED"", ""verified_title"": ""Quiet Eye and Performance in Sport: A Meta-Analysis."", ""seeded_from"": ""PPBF research program 2026-08-07""}",{{SEED_ACCOUNT_ID}},platform_owner
src_dad1eac40895b2ee,{{PPBF_ORG_ID}},Counteracting choking under pressure in sport: A meta-analysis of interventions.,Psychology of sport and exercise,peer_reviewed,2,https://pubmed.ncbi.nlm.nih.gov/41951087/,2026-01-01,active,pending_review,unverified,"{""identifier_kind"": ""pmid"", ""identifier"": ""41951087"", ""verification_status"": ""RESOLVED"", ""verified_title"": ""Counteracting choking under pressure in sport: A meta-analysis of interventions."", ""seeded_from"": ""PPBF research program 2026-08-07""}",{{SEED_ACCOUNT_ID}},platform_owner
src_141e4122d75b620a,{{PPBF_ORG_ID}},Whole and part practice: a meta-analysis.,Perceptual and motor skills,peer_reviewed,2,https://pubmed.ncbi.nlm.nih.gov/20038005/,2009-01-01,active,pending_review,unverified,"{""identifier_kind"": ""pmid"", ""identifier"": ""20038005"", ""verification_status"": ""RESOLVED"", ""verified_title"": ""Whole and part practice: a meta-analysis."", ""seeded_from"": ""PPBF research program 2026-08-07""}",{{SEED_ACCOUNT_ID}},platform_owner
src_8dd3a66e93037007,{{PPBF_ORG_ID}},New Conceptualizations of Practice: Common Principles in Three Paradigms Suggest New Concepts for Training,Psychological Science,peer_reviewed,3,https://doi.org/10.1111/j.1467-9280.1992.tb00029.x,1992-01-01,active,pending_review,unverified,"{""identifier_kind"": ""doi"", ""identifier"": ""10.1111/j.1467-9280.1992.tb00029.x"", ""verification_status"": ""RESOLVED"", ""verified_title"": ""New Conceptualizations of Practice: Common Principles in Three Paradigms Suggest New Concepts for Training"", ""seeded_from"": ""PPBF research program 2026-08-07""}",{{SEED_ACCOUNT_ID}},platform_owner
src_2172bfa496248f59,{{PPBF_ORG_ID}},Learning Versus Performance,Perspectives on Psychological Science,peer_reviewed,3,https://doi.org/10.1177/1745691615569000,2015-01-01,active,pending_review,unverified,"{""identifier_kind"": ""doi"", ""identifier"": ""10.1177/1745691615569000"", ""verification_status"": ""RESOLVED"", ""verified_title"": ""New Conceptualizations of Practice: Common Principles in Three Paradigms Suggest New Concepts for Training"", ""seeded_from"": ""PPBF research program 2026-08-07""}",{{SEED_ACCOUNT_ID}},platform_owner
src_0e42272537e531f3,{{PPBF_ORG_ID}},Principles derived from the study of simple skills do not generalize to complex skill learning,Psychonomic Bulletin &amp; Review,peer_reviewed,3,https://doi.org/10.3758/BF03196276,2002-01-01,active,pending_review,unverified,"{""identifier_kind"": ""doi"", ""identifier"": ""10.3758/BF03196276"", ""verification_status"": ""RESOLVED"", ""verified_title"": ""Principles derived from the study of simple skills do not generalize to complex skill learning"", ""seeded_from"": ""PPBF research program 2026-08-07""}",{{SEED_ACCOUNT_ID}},platform_owner
src_0a0e230151c0c9b6,{{PPBF_ORG_ID}},Predicting individual differences in motor learning: A critical review.,Neuroscience and biobehavioral reviews,peer_reviewed,3,https://pubmed.ncbi.nlm.nih.gov/36058405/,2022-01-01,active,pending_review,unverified,"{""identifier_kind"": ""pmid"", ""identifier"": ""36058405"", ""verification_status"": ""RESOLVED"", ""verified_title"": ""Predicting individual differences in motor learning: A critical review."", ""seeded_from"": ""PPBF research program 2026-08-07""}",{{SEED_ACCOUNT_ID}},platform_owner
src_c03d1adb45f0d34c,{{PPBF_ORG_ID}},"Individual differences in motor skill learning: Past, present and future.",Human movement science,peer_reviewed,3,https://pubmed.ncbi.nlm.nih.gov/34049152/,2021-01-01,active,pending_review,unverified,"{""identifier_kind"": ""pmid"", ""identifier"": ""34049152"", ""verification_status"": ""RESOLVED"", ""verified_title"": ""Predicting individual differences in motor learning: A critical review."", ""seeded_from"": ""PPBF research program 2026-08-07""}",{{SEED_ACCOUNT_ID}},platform_owner
src_99188d683328a293,{{PPBF_ORG_ID}},Scaling the Equipment and Play Area in Children's Sport to improve Motor Skill Acquisition: A Systematic Review.,"Sports medicine (Auckland, N.Z.)",peer_reviewed,2,https://pubmed.ncbi.nlm.nih.gov/26780345/,2016-01-01,active,pending_review,unverified,"{""identifier_kind"": ""pmid"", ""identifier"": ""26780345"", ""verification_status"": ""RESOLVED"", ""verified_title"": ""Scaling the Equipment and Play Area in Children's Sport to improve Motor Skill Acquisition: A Systematic Review."", ""seeded_from"": ""PPBF research program 2026-08-07""}",{{SEED_ACCOUNT_ID}},platform_owner
src_1c862fd55f0ed8a8,{{PPBF_ORG_ID}},Effects of mental fatigue on technical performance in soccer players: A systematic review with a meta-analysis.,Frontiers in public health,peer_reviewed,2,https://pubmed.ncbi.nlm.nih.gov/35937235/,2022-01-01,active,pending_review,unverified,"{""identifier_kind"": ""pmid"", ""identifier"": ""35937235"", ""verification_status"": ""RESOLVED"", ""verified_title"": ""Effects of mental fatigue on technical performance in soccer players: A systematic review with a meta-analysis."", ""seeded_from"": ""PPBF research program 2026-08-07""}",{{SEED_ACCOUNT_ID}},platform_owner
src_15a3c9b7f2dcc387,{{PPBF_ORG_ID}},Nicotine and Alzheimer's disease.,The British journal of psychiatry : the journal of mental science,peer_reviewed,2,https://pubmed.ncbi.nlm.nih.gov/2317633/,1990-01-01,active,pending_review,unverified,"{""identifier_kind"": ""pmid"", ""identifier"": ""2317633"", ""verification_status"": ""RESOLVED"", ""verified_title"": ""Effects of mental fatigue on technical performance in soccer players: A systematic review with a meta-analysis."", ""seeded_from"": ""PPBF research program 2026-08-07""}",{{SEED_ACCOUNT_ID}},platform_owner
src_764cdc36a98bd900,{{PPBF_ORG_ID}},The counteractive effects of interventions addressing mental fatigue on sport-specific performance among athletes: A systematic review with a meta-analysis.,Journal of sports sciences,peer_reviewed,2,https://pubmed.ncbi.nlm.nih.gov/38368626/,2024-01-01,active,pending_review,unverified,"{""identifier_kind"": ""pmid"", ""identifier"": ""38368626"", ""verification_status"": ""RESOLVED"", ""verified_title"": ""Effects of mental fatigue on technical performance in soccer players: A systematic review with a meta-analysis."", ""seeded_from"": ""PPBF research program 2026-08-07""}",{{SEED_ACCOUNT_ID}},platform_owner
src_ce9ac60a970717fb,{{PPBF_ORG_ID}},The Role of Lower Limb Kinetics in Boxing Punches and the Impact of Fatigue on Biomechanical Performance.,"Bioengineering (Basel, Switzerland)",other,4,https://pubmed.ncbi.nlm.nih.gov/41463652/,2025-01-01,active,pending_review,unverified,"{""identifier_kind"": ""pmid"", ""identifier"": ""41463652"", ""verification_status"": ""RESOLVED"", ""verified_title"": ""The Role of Lower Limb Kinetics in Boxing Punches and the Impact of Fatigue on Biomechanical Performance."", ""seeded_from"": ""PPBF research program 2026-08-07""}",{{SEED_ACCOUNT_ID}},platform_owner
src_73b0835696d57e98,{{PPBF_ORG_ID}},Fusing Accelerometry with Videography to Monitor the Effect of Fatigue on Punching Performance in Elite Boxers.,"Sensors (Basel, Switzerland)",other,3,https://pubmed.ncbi.nlm.nih.gov/33050436/,2020-01-01,active,pending_review,unverified,"{""identifier_kind"": ""pmid"", ""identifier"": ""33050436"", ""verification_status"": ""RESOLVED"", ""verified_title"": ""Fusing Accelerometry with Videography to Monitor the Effect of Fatigue on Punching Performance in Elite Boxers."", ""seeded_from"": ""PPBF research program 2026-08-07""}",{{SEED_ACCOUNT_ID}},platform_owner
src_f74bec2878622f6c,{{PPBF_ORG_ID}},Influence of sleep on motor skill acquisition in children: a systematic review.,Journal of sleep research,peer_reviewed,2,https://pubmed.ncbi.nlm.nih.gov/39205321/,2025-01-01,active,pending_review,unverified,"{""identifier_kind"": ""pmid"", ""identifier"": ""39205321"", ""verification_status"": ""RESOLVED"", ""verified_title"": ""Influence of sleep on motor skill acquisition in children: a systematic review."", ""seeded_from"": ""PPBF research program 2026-08-07""}",{{SEED_ACCOUNT_ID}},platform_owner
src_fb3fb3d8e91931d9,{{PPBF_ORG_ID}},Amateur boxing: activity profile of winners and losers.,International journal of sports physiology and performance,other,3,https://pubmed.ncbi.nlm.nih.gov/22869640/,2013-01-01,active,pending_review,unverified,"{""identifier_kind"": ""pmid"", ""identifier"": ""22869640"", ""verification_status"": ""RESOLVED"", ""verified_title"": ""Amateur boxing: activity profile of winners and losers."", ""seeded_from"": ""PPBF research program 2026-08-07""}",{{SEED_ACCOUNT_ID}},platform_owner
src_8b3d239425a3f9b5,{{PPBF_ORG_ID}},Amateur boxing: physical and physiological attributes.,"Sports medicine (Auckland, N.Z.)",peer_reviewed,3,https://pubmed.ncbi.nlm.nih.gov/25358529/,2015-01-01,active,pending_review,unverified,"{""identifier_kind"": ""pmid"", ""identifier"": ""25358529"", ""verification_status"": ""RESOLVED"", ""verified_title"": ""Amateur boxing: physical and physiological attributes."", ""seeded_from"": ""PPBF research program 2026-08-07""}",{{SEED_ACCOUNT_ID}},platform_owner
src_a014fe8406f20004,{{PPBF_ORG_ID}},[Isolated paralysis of the great hypoglossal nerve disclosing multiple myeloma].,Revue neurologique,peer_reviewed,2,https://pubmed.ncbi.nlm.nih.gov/2063072/,1991-01-01,active,pending_review,unverified,"{""identifier_kind"": ""pmid"", ""identifier"": ""2063072"", ""verification_status"": ""RESOLVED"", ""verified_title"": ""[Prevalence of hereditary diseases in three-year-old Swiss Warmblood horses]."", ""seeded_from"": ""PPBF research program 2026-08-07""}",{{SEED_ACCOUNT_ID}},platform_owner
src_669d131a78cdd0a1,{{PPBF_ORG_ID}},"Acute physiological, endocrine, biochemical and performance responses associated with amateur boxing: A systematic review with meta-analysis.",European journal of sport science,peer_reviewed,2,https://pubmed.ncbi.nlm.nih.gov/35380916/,2023-01-01,active,pending_review,unverified,"{""identifier_kind"": ""pmid"", ""identifier"": ""35380916"", ""verification_status"": ""RESOLVED"", ""verified_title"": ""[Prevalence of hereditary diseases in three-year-old Swiss Warmblood horses]."", ""seeded_from"": ""PPBF research program 2026-08-07""}",{{SEED_ACCOUNT_ID}},platform_owner
src_1a9398027142fdcb,{{PPBF_ORG_ID}},Defining the Phases of Boxing Punches: A Mixed-Method Approach.,Journal of strength and conditioning research,other,3,https://pubmed.ncbi.nlm.nih.gov/30789570/,2020-01-01,active,pending_review,unverified,"{""identifier_kind"": ""pmid"", ""identifier"": ""30789570"", ""verification_status"": ""RESOLVED"", ""verified_title"": ""Defining the Phases of Boxing Punches: A Mixed-Method Approach."", ""seeded_from"": ""PPBF research program 2026-08-07""}",{{SEED_ACCOUNT_ID}},platform_owner
src_19f669da38b4dc35,{{PPBF_ORG_ID}},Transfer of momentum from different arm segments to a light movable target during a straight punch thrown by expert boxers.,Journal of sports sciences,other,4,https://pubmed.ncbi.nlm.nih.gov/24404907/,2014-01-01,active,pending_review,unverified,"{""identifier_kind"": ""pmid"", ""identifier"": ""24404907"", ""verification_status"": ""RESOLVED"", ""verified_title"": ""Transfer of momentum from different arm segments to a light movable target during a straight punch thrown by expert boxers."", ""seeded_from"": ""PPBF research program 2026-08-07""}",{{SEED_ACCOUNT_ID}},platform_owner
src_33c6cbbd99767b20,{{PPBF_ORG_ID}},The youth rally experience!,Ostomy/wound management,peer_reviewed,3,https://pubmed.ncbi.nlm.nih.gov/1482526/,1992-01-01,active,pending_review,unverified,"{""identifier_kind"": ""pmid"", ""identifier"": ""1482526"", ""verification_status"": ""RESOLVED"", ""verified_title"": ""The youth rally experience!"", ""seeded_from"": ""PPBF research program 2026-08-07""}",{{SEED_ACCOUNT_ID}},platform_owner
src_757e89a1d447cfe4,{{PPBF_ORG_ID}},False-performance feedback does not affect punching forces and pacing of elite boxers.,Journal of sports sciences,peer_reviewed,3,https://pubmed.ncbi.nlm.nih.gov/29863966/,2019-01-01,active,pending_review,unverified,"{""identifier_kind"": ""pmid"", ""identifier"": ""29863966"", ""verification_status"": ""RESOLVED"", ""verified_title"": ""The youth rally experience!"", ""seeded_from"": ""PPBF research program 2026-08-07""}",{{SEED_ACCOUNT_ID}},platform_owner
src_3a4af6c95fe5bba3,{{PPBF_ORG_ID}},Instructions for External Focus of Attention Improved Taekwondo Kicking Performance Only Among Less Skilled Youth.,Perceptual and motor skills,other,4,https://pubmed.ncbi.nlm.nih.gov/35400230/,2022-01-01,active,pending_review,unverified,"{""identifier_kind"": ""pmid"", ""identifier"": ""35400230"", ""verification_status"": ""RESOLVED"", ""verified_title"": ""Instructions for External Focus of Attention Improved Taekwondo Kicking Performance Only Among Less Skilled Youth."", ""seeded_from"": ""PPBF research program 2026-08-07""}",{{SEED_ACCOUNT_ID}},platform_owner
src_29623301b0822dd4,{{PPBF_ORG_ID}},A Systematic Review and Meta-Analysis Investigating Head Trauma in Boxing.,Clinical journal of sport medicine : official journal of the Canadian Academy of Sport Medicine,clinical_guideline,1,https://pubmed.ncbi.nlm.nih.gov/37862081/,2023-01-01,active,pending_review,unverified,"{""identifier_kind"": ""pmid"", ""identifier"": ""37862081"", ""verification_status"": ""RESOLVED"", ""verified_title"": ""A Systematic Review and Meta-Analysis Investigating Head Trauma in Boxing."", ""seeded_from"": ""PPBF research program 2026-08-07""}",{{SEED_ACCOUNT_ID}},platform_owner
src_f733eec74a878065,{{PPBF_ORG_ID}},"Consensus statement on concussion in sport: the 6th International Conference on Concussion in Sport-Amsterdam, October 2022.",British journal of sports medicine,clinical_guideline,1,https://pubmed.ncbi.nlm.nih.gov/37316210/,2023-01-01,active,pending_review,unverified,"{""identifier_kind"": ""pmid"", ""identifier"": ""37316210"", ""verification_status"": ""RESOLVED"", ""verified_title"": ""A Systematic Review and Meta-Analysis Investigating Head Trauma in Boxing."", ""seeded_from"": ""PPBF research program 2026-08-07""}",{{SEED_ACCOUNT_ID}},platform_owner
src_1d6e6a7407ae2095,{{PPBF_ORG_ID}},Amateur boxing and risk of chronic traumatic brain injury: systematic review of observational studies.,BMJ (Clinical research ed.),clinical_guideline,1,https://pubmed.ncbi.nlm.nih.gov/17916811/,2007-01-01,active,pending_review,unverified,"{""identifier_kind"": ""pmid"", ""identifier"": ""17916811"", ""verification_status"": ""RESOLVED"", ""verified_title"": ""A Systematic Review and Meta-Analysis Investigating Head Trauma in Boxing."", ""seeded_from"": ""PPBF research program 2026-08-07""}",{{SEED_ACCOUNT_ID}},platform_owner
src_e8c16378e2da8f97,{{PPBF_ORG_ID}},Atrial natriuretic peptide inhibits amiloride-sensitive sodium uptake in rat brain.,The American journal of physiology,peer_reviewed,2,https://pubmed.ncbi.nlm.nih.gov/1324615/,1992-01-01,active,pending_review,unverified,"{""identifier_kind"": ""pmid"", ""identifier"": ""1324615"", ""verification_status"": ""RESOLVED"", ""verified_title"": ""Atrial natriuretic peptide inhibits amiloride-sensitive sodium uptake in rat brain."", ""seeded_from"": ""PPBF research program 2026-08-07""}",{{SEED_ACCOUNT_ID}},platform_owner
src_aa4d1fa6644c22e6,{{PPBF_ORG_ID}},Motor learning in golf-a systematic review.,Frontiers in sports and active living,peer_reviewed,2,https://pubmed.ncbi.nlm.nih.gov/38419912/,2024-01-01,active,pending_review,unverified,"{""identifier_kind"": ""pmid"", ""identifier"": ""38419912"", ""verification_status"": ""RESOLVED"", ""verified_title"": ""Atrial natriuretic peptide inhibits amiloride-sensitive sodium uptake in rat brain."", ""seeded_from"": ""PPBF research program 2026-08-07""}",{{SEED_ACCOUNT_ID}},platform_owner
src_8b7dff1baa4f2e5d,{{PPBF_ORG_ID}},"Search executed 2026-08-07 across PubMed (E-utilities via connector), OpenAlex and Crossref. Boxing-specific hits were biomechanical, physiological, observational or head-trauma studies; no instructional-method RCT with retention and transfer testing was returned.",,peer_reviewed,3,,,active,pending_review,unverified,"{""identifier_kind"": ""noid"", ""identifier"": ""A1-069"", ""verification_status"": ""NO_IDENTIFIER_BY_DESIGN"", ""verified_title"": """", ""seeded_from"": ""PPBF research program 2026-08-07""}",{{SEED_ACCOUNT_ID}},platform_owner
src_4a4419b708b6140e,{{PPBF_ORG_ID}},"Search executed 2026-08-07 across PubMed, OpenAlex and Crossref for coaching cue language and instructional wording; retrieved studies address cue CLASS rather than specific phrasings.",,other,5,,,active,pending_review,unverified,"{""identifier_kind"": ""noid"", ""identifier"": ""A1-070"", ""verification_status"": ""NO_IDENTIFIER_BY_DESIGN"", ""verified_title"": """", ""seeded_from"": ""PPBF research program 2026-08-07""}",{{SEED_ACCOUNT_ID}},platform_owner
src_4f3d4c5506dd8ebf,{{PPBF_ORG_ID}},[Radiotherapy and inhibitors of epidermal growth factor receptor: preclinical findings and preliminary clinical trials].,Bulletin du cancer,peer_reviewed,2,https://pubmed.ncbi.nlm.nih.gov/14763141/,2003-01-01,active,pending_review,unverified,"{""identifier_kind"": ""pmid"", ""identifier"": ""14763141"", ""verification_status"": ""RESOLVED"", ""verified_title"": ""[Radiotherapy and inhibitors of epidermal growth factor receptor: preclinical findings and preliminary clinical trials]."", ""seeded_from"": ""PPBF research program 2026-08-07""}",{{SEED_ACCOUNT_ID}},platform_owner
src_f47a5187b38b172d,{{PPBF_ORG_ID}},Current perspectives on anxiety disorders in children and adolescents: an overview.,Comprehensive psychiatry,peer_reviewed,2,https://pubmed.ncbi.nlm.nih.gov/1778075/,1991-01-01,active,pending_review,unverified,"{""identifier_kind"": ""pmid"", ""identifier"": ""1778075"", ""verification_status"": ""RESOLVED"", ""verified_title"": ""[Radiotherapy and inhibitors of epidermal growth factor receptor: preclinical findings and preliminary clinical trials]."", ""seeded_from"": ""PPBF research program 2026-08-07""}",{{SEED_ACCOUNT_ID}},platform_owner
src_14d360d7fede8056,{{PPBF_ORG_ID}},Force and velocity of impact during upper limb strikes in combat sports: a systematic review and meta-analysis,Sports Biomechanics,peer_reviewed,2,https://doi.org/10.1080/14763141.2020.1778075,2020-01-01,active,pending_review,unverified,"{""identifier_kind"": ""doi"", ""identifier"": ""10.1080/14763141.2020.1778075"", ""verification_status"": ""RESOLVED"", ""verified_title"": ""[Radiotherapy and inhibitors of epidermal growth factor receptor: preclinical findings and preliminary clinical trials]."", ""seeded_from"": ""PPBF research program 2026-08-07""}",{{SEED_ACCOUNT_ID}},platform_owner
src_bb244daede0b2fc5,{{PPBF_ORG_ID}},Biomechanics of the head for Olympic boxer punches to the face,British Journal of Sports Medicine,peer_reviewed,3,https://doi.org/10.1136/bjsm.2004.014126,2005-01-01,active,pending_review,unverified,"{""identifier_kind"": ""doi"", ""identifier"": ""10.1136/bjsm.2004.014126"", ""verification_status"": ""RESOLVED"", ""verified_title"": ""Biomechanics of the head for Olympic boxer punches to the face"", ""seeded_from"": ""PPBF research program 2026-08-07""}",{{SEED_ACCOUNT_ID}},platform_owner
src_7383361f54acaff2,{{PPBF_ORG_ID}},Transfer of momentum from different arm segments to a light movable target during a straight punch thrown by expert boxers,Journal of Sports Sciences,peer_reviewed,3,https://doi.org/10.1080/02640414.2013.843014,2014-01-01,active,pending_review,unverified,"{""identifier_kind"": ""doi"", ""identifier"": ""10.1080/02640414.2013.843014"", ""verification_status"": ""RESOLVED"", ""verified_title"": ""Transfer of momentum from different arm segments to a light movable target during a straight punch thrown by expert boxers"", ""seeded_from"": ""PPBF research program 2026-08-07""}",{{SEED_ACCOUNT_ID}},platform_owner
src_02ac7d718015f5fc,{{PPBF_ORG_ID}},The Role of Lower Limb Kinetics in Boxing Punches and the Impact of Fatigue on Biomechanical Performance,Bioengineering,peer_reviewed,3,https://doi.org/10.3390/bioengineering12121355,2025-01-01,active,pending_review,unverified,"{""identifier_kind"": ""doi"", ""identifier"": ""10.3390/bioengineering12121355"", ""verification_status"": ""RESOLVED"", ""verified_title"": ""The Role of Lower Limb Kinetics in Boxing Punches and the Impact of Fatigue on Biomechanical Performance"", ""seeded_from"": ""PPBF research program 2026-08-07""}",{{SEED_ACCOUNT_ID}},platform_owner
src_1e9a92bf4787b14b,{{PPBF_ORG_ID}},The Role of Strength on Punch Impact Force in Boxing,Journal of Strength &amp; Conditioning Research,peer_reviewed,4,https://doi.org/10.1519/JSC.0000000000004252,2022-01-01,active,pending_review,unverified,"{""identifier_kind"": ""doi"", ""identifier"": ""10.1519/JSC.0000000000004252"", ""verification_status"": ""RESOLVED"", ""verified_title"": ""The Role of Lower Limb Kinetics in Boxing Punches and the Impact of Fatigue on Biomechanical Performance"", ""seeded_from"": ""PPBF research program 2026-08-07""}",{{SEED_ACCOUNT_ID}},platform_owner
src_d30aa138571e66ab,{{PPBF_ORG_ID}},"Test-retest reliability and sensitivity of senior elite amateur boxers maximal punch force, as quantified by a vertically mounted force plate",PLOS ONE,peer_reviewed,3,https://doi.org/10.1371/journal.pone.0289791,2023-01-01,active,pending_review,unverified,"{""identifier_kind"": ""doi"", ""identifier"": ""10.1371/journal.pone.0289791"", ""verification_status"": ""RESOLVED"", ""verified_title"": ""Test-retest reliability and sensitivity of senior elite amateur boxers maximal punch force, as quantified by a vertically mounted force plate"", ""seeded_from"": ""PPBF research program 2026-08-07""}",{{SEED_ACCOUNT_ID}},platform_owner
src_1100cc4253c9abb7,{{PPBF_ORG_ID}},Kinematic and kinetic differences between lead and rear straight punches in elite boxers: bilateral asymmetry and training implications,"BMC Sports Science, Medicine and Rehabilitation",peer_reviewed,3,https://doi.org/10.1186/s13102-026-01738-1,2026-01-01,active,pending_review,unverified,"{""identifier_kind"": ""doi"", ""identifier"": ""10.1186/s13102-026-01738-1"", ""verification_status"": ""RESOLVED"", ""verified_title"": ""Kinematic and kinetic differences between lead and rear straight punches in elite boxers: bilateral asymmetry and training implications"", ""seeded_from"": ""PPBF research program 2026-08-07""}",{{SEED_ACCOUNT_ID}},platform_owner
src_4fe16dd410a83bf1,{{PPBF_ORG_ID}},Development of a boxing dynamometer and its punch force discrimination efficacy,Journal of Sports Sciences,peer_reviewed,3,https://doi.org/10.1080/02640410050074377,2000-01-01,active,pending_review,unverified,"{""identifier_kind"": ""doi"", ""identifier"": ""10.1080/02640410050074377"", ""verification_status"": ""RESOLVED"", ""verified_title"": ""Development of a boxing dynamometer and its punch force discrimination efficacy"", ""seeded_from"": ""PPBF research program 2026-08-07""}",{{SEED_ACCOUNT_ID}},platform_owner
src_cb560c2237874d41,{{PPBF_ORG_ID}},Wearable Sensor-Based Analysis of Punch Acceleration and Plantar Pressure Distribution in Boxing,Sensors,peer_reviewed,3,https://doi.org/10.3390/s26092707,2026-01-01,active,pending_review,unverified,"{""identifier_kind"": ""doi"", ""identifier"": ""10.3390/s26092707"", ""verification_status"": ""RESOLVED"", ""verified_title"": ""Wearable Sensor-Based Analysis of Punch Acceleration and Plantar Pressure Distribution in Boxing"", ""seeded_from"": ""PPBF research program 2026-08-07""}",{{SEED_ACCOUNT_ID}},platform_owner
src_ae3de7f6142d9be7,{{PPBF_ORG_ID}},Defining the Phases of Boxing Punches: A Mixed-Method Approach,Journal of Strength and Conditioning Research,peer_reviewed,3,https://doi.org/10.1519/JSC.0000000000002895,2020-01-01,active,pending_review,unverified,"{""identifier_kind"": ""doi"", ""identifier"": ""10.1519/JSC.0000000000002895"", ""verification_status"": ""RESOLVED"", ""verified_title"": ""Defining the Phases of Boxing Punches: A Mixed-Method Approach"", ""seeded_from"": ""PPBF research program 2026-08-07""}",{{SEED_ACCOUNT_ID}},platform_owner
src_8f12a118f76e92dd,{{PPBF_ORG_ID}},Is effective mass in combat sports punching above its weight?,Human Movement Science,peer_reviewed,4,https://doi.org/10.1016/j.humov.2014.11.016,2015-01-01,active,pending_review,unverified,"{""identifier_kind"": ""doi"", ""identifier"": ""10.1016/j.humov.2014.11.016"", ""verification_status"": ""RESOLVED"", ""verified_title"": ""Is effective mass in combat sports punching above its weight?"", ""seeded_from"": ""PPBF research program 2026-08-07""}",{{SEED_ACCOUNT_ID}},platform_owner
src_1265786e255add66,{{PPBF_ORG_ID}},Indirect costs: FASEB looks for the answers.,FASEB journal : official publication of the Federation of American Societies for Experimental Biology,peer_reviewed,3,https://pubmed.ncbi.nlm.nih.gov/1916085/,1991-01-01,active,pending_review,unverified,"{""identifier_kind"": ""pmid"", ""identifier"": ""1916085"", ""verification_status"": ""RESOLVED"", ""verified_title"": ""[Prevalence of hereditary diseases in three-year-old Swiss Warmblood horses]."", ""seeded_from"": ""PPBF research program 2026-08-07""}",{{SEED_ACCOUNT_ID}},platform_owner
src_c47aa4201d15c968,{{PPBF_ORG_ID}},The effect of fatiguing lower‐body exercise on punch forces in highly‐trained boxers,European Journal of Sport Science,peer_reviewed,3,https://doi.org/10.1080/17461391.2021.1916085,2021-01-01,active,pending_review,unverified,"{""identifier_kind"": ""doi"", ""identifier"": ""10.1080/17461391.2021.1916085"", ""verification_status"": ""RESOLVED"", ""verified_title"": ""[Prevalence of hereditary diseases in three-year-old Swiss Warmblood horses]."", ""seeded_from"": ""PPBF research program 2026-08-07""}",{{SEED_ACCOUNT_ID}},platform_owner
src_f944f814a98d7e90,{{PPBF_ORG_ID}},Relationships Between Punch Impact Force and Upper- and Lower-Body Muscular Strength and Power in Highly Trained Amateur Boxers,Journal of Strength &amp; Conditioning Research,peer_reviewed,4,https://doi.org/10.1519/JSC.0000000000003585,2020-01-01,active,pending_review,unverified,"{""identifier_kind"": ""doi"", ""identifier"": ""10.1519/JSC.0000000000003585"", ""verification_status"": ""RESOLVED"", ""verified_title"": ""The Role of Strength on Punch Impact Force in Boxing"", ""seeded_from"": ""PPBF research program 2026-08-07""}",{{SEED_ACCOUNT_ID}},platform_owner
src_83ab37a8f6da930d,{{PPBF_ORG_ID}},Influence of Anthropometric Characteristics and Muscle Performance on Punch Impact,Sports,peer_reviewed,3,https://doi.org/10.3390/sports13080281,2025-01-01,active,pending_review,unverified,"{""identifier_kind"": ""doi"", ""identifier"": ""10.3390/sports13080281"", ""verification_status"": ""RESOLVED"", ""verified_title"": ""Influence of Anthropometric Characteristics and Muscle Performance on Punch Impact"", ""seeded_from"": ""PPBF research program 2026-08-07""}",{{SEED_ACCOUNT_ID}},platform_owner
src_50cf5f9c1b9d2d30,{{PPBF_ORG_ID}},Analysis of the impact force and key technique of backward straight punch in different combat sports,Scientific Reports,peer_reviewed,3,https://doi.org/10.1038/s41598-025-96264-4,2025-01-01,active,pending_review,unverified,"{""identifier_kind"": ""doi"", ""identifier"": ""10.1038/s41598-025-96264-4"", ""verification_status"": ""RESOLVED"", ""verified_title"": ""Analysis of the impact force and key technique of backward straight punch in different combat sports"", ""seeded_from"": ""PPBF research program 2026-08-07""}",{{SEED_ACCOUNT_ID}},platform_owner
src_bd2e14a94be2a22a,{{PPBF_ORG_ID}},Long-term effects of asymmetrical posture in boxing assessed by baropodometry,The Journal of Sports Medicine and Physical Fitness,peer_reviewed,3,https://doi.org/10.23736/S0022-4707.21.12040-7,2022-01-01,active,pending_review,unverified,"{""identifier_kind"": ""doi"", ""identifier"": ""10.23736/S0022-4707.21.12040-7"", ""verification_status"": ""RESOLVED"", ""verified_title"": ""Long-term effects of asymmetrical posture in boxing assessed by baropodometry"", ""seeded_from"": ""PPBF research program 2026-08-07""}",{{SEED_ACCOUNT_ID}},platform_owner
src_0e5f4bf4ed127e7b,{{PPBF_ORG_ID}},Pre-Bout Standing Body Sway Differs between Adult Boxers Who Do and Do Not Report Post-Bout Motion Sickness,PLoS ONE,peer_reviewed,3,https://doi.org/10.1371/journal.pone.0046136,2012-01-01,active,pending_review,unverified,"{""identifier_kind"": ""doi"", ""identifier"": ""10.1371/journal.pone.0046136"", ""verification_status"": ""RESOLVED"", ""verified_title"": ""Pre-Bout Standing Body Sway Differs between Adult Boxers Who Do and Do Not Report Post-Bout Motion Sickness"", ""seeded_from"": ""PPBF research program 2026-08-07""}",{{SEED_ACCOUNT_ID}},platform_owner
src_b58be4324311d7ae,{{PPBF_ORG_ID}},Altered Vestibular Balance Function in Combat Sport Athletes,Journal of Neurotrauma,peer_reviewed,3,https://doi.org/10.1089/neu.2020.7432,2021-01-01,active,pending_review,unverified,"{""identifier_kind"": ""doi"", ""identifier"": ""10.1089/neu.2020.7432"", ""verification_status"": ""RESOLVED"", ""verified_title"": ""Altered Vestibular Balance Function in Combat Sport Athletes"", ""seeded_from"": ""PPBF research program 2026-08-07""}",{{SEED_ACCOUNT_ID}},platform_owner
src_4d2a55e3cc3a1d80,{{PPBF_ORG_ID}},Variability and Reliability of Punching Impact Kinetics in Untrained Participants and Experienced Boxers,Journal of Strength and Conditioning Research,peer_reviewed,3,https://doi.org/10.1519/JSC.0000000000002352,2018-01-01,active,pending_review,unverified,"{""identifier_kind"": ""doi"", ""identifier"": ""10.1519/JSC.0000000000002352"", ""verification_status"": ""RESOLVED"", ""verified_title"": ""Variability and Reliability of Punching Impact Kinetics in Untrained Participants and Experienced Boxers"", ""seeded_from"": ""PPBF research program 2026-08-07""}",{{SEED_ACCOUNT_ID}},platform_owner
src_ca997230fe7297cb,{{PPBF_ORG_ID}},Validity of Commercially Available Punch Trackers,Journal of Strength &amp; Conditioning Research,peer_reviewed,3,https://doi.org/10.1519/JSC.0000000000004535,2023-01-01,active,pending_review,unverified,"{""identifier_kind"": ""doi"", ""identifier"": ""10.1519/JSC.0000000000004535"", ""verification_status"": ""RESOLVED"", ""verified_title"": ""Validity of Commercially Available Punch Trackers"", ""seeded_from"": ""PPBF research program 2026-08-07""}",{{SEED_ACCOUNT_ID}},platform_owner
src_f89928257f9e9cf5,{{PPBF_ORG_ID}},Reliability of a Low-Cost Inertial Measurement Unit (IMU) to Measure Punch and Kick Velocity,Sensors,peer_reviewed,3,https://doi.org/10.3390/s25020307,2025-01-01,active,pending_review,unverified,"{""identifier_kind"": ""doi"", ""identifier"": ""10.3390/s25020307"", ""verification_status"": ""RESOLVED"", ""verified_title"": ""Reliability of a Low-Cost Inertial Measurement Unit (IMU) to Measure Punch and Kick Velocity"", ""seeded_from"": ""PPBF research program 2026-08-07""}",{{SEED_ACCOUNT_ID}},platform_owner
src_7ef4e5c6b57f2314,{{PPBF_ORG_ID}},Reliability and Practical Use of a Commercial Device for Measuring Punch and Kick Impact Kinetics,Sports,peer_reviewed,3,https://doi.org/10.3390/sports10120206,2022-01-01,active,pending_review,unverified,"{""identifier_kind"": ""doi"", ""identifier"": ""10.3390/sports10120206"", ""verification_status"": ""RESOLVED"", ""verified_title"": ""Reliability and Practical Use of a Commercial Device for Measuring Punch and Kick Impact Kinetics"", ""seeded_from"": ""PPBF research program 2026-08-07""}",{{SEED_ACCOUNT_ID}},platform_owner
src_9058491242d30445,{{PPBF_ORG_ID}},Tests for the Assessment of Sport-Specific Performance in Olympic Combat Sports: A Systematic Review With Practical Recommendations,Frontiers in Physiology,peer_reviewed,2,https://doi.org/10.3389/fphys.2018.00386,2018-01-01,active,pending_review,unverified,"{""identifier_kind"": ""doi"", ""identifier"": ""10.3389/fphys.2018.00386"", ""verification_status"": ""RESOLVED"", ""verified_title"": ""Tests for the Assessment of Sport-Specific Performance in Olympic Combat Sports: A Systematic Review With Practical Recommendations"", ""seeded_from"": ""PPBF research program 2026-08-07""}",{{SEED_ACCOUNT_ID}},platform_owner
src_f6c58eca961b0328,{{PPBF_ORG_ID}},Inter-rater reliability of the FMS2 assessment tool among generalist primary-school teachers,Journal of Science and Medicine in Sport,peer_reviewed,3,https://doi.org/10.1016/j.jsams.2025.07.008,2025-01-01,active,pending_review,unverified,"{""identifier_kind"": ""doi"", ""identifier"": ""10.1016/j.jsams.2025.07.008"", ""verification_status"": ""RESOLVED"", ""verified_title"": ""Inter-rater reliability of the FMS2 assessment tool among generalist primary-school teachers"", ""seeded_from"": ""PPBF research program 2026-08-07""}",{{SEED_ACCOUNT_ID}},platform_owner
src_15be4a7b82a44e78,{{PPBF_ORG_ID}},The Inter-rater Reliability of the Functional Movement Screen Within an Athletic Population Using Untrained Raters,Journal of Strength and Conditioning Research,peer_reviewed,3,https://doi.org/10.1519/JSC.0b013e3182a1ff1d,2016-01-01,active,pending_review,unverified,"{""identifier_kind"": ""doi"", ""identifier"": ""10.1519/JSC.0b013e3182a1ff1d"", ""verification_status"": ""RESOLVED"", ""verified_title"": ""Inter-rater reliability of the FMS2 assessment tool among generalist primary-school teachers"", ""seeded_from"": ""PPBF research program 2026-08-07""}",{{SEED_ACCOUNT_ID}},platform_owner
src_0cb9ee1ccdd7d7e5,{{PPBF_ORG_ID}},"Canadian Agility and Movement Skill Assessment (CAMSA): Validity, objectivity, and reliability evidence for children 8–12 years of age",Journal of Sport and Health Science,peer_reviewed,3,https://doi.org/10.1016/j.jshs.2015.11.004,2017-01-01,active,pending_review,unverified,"{""identifier_kind"": ""doi"", ""identifier"": ""10.1016/j.jshs.2015.11.004"", ""verification_status"": ""RESOLVED"", ""verified_title"": ""Canadian Agility and Movement Skill Assessment (CAMSA): Validity, objectivity, and reliability evidence for children 8–12 years of age"", ""seeded_from"": ""PPBF research program 2026-08-07""}",{{SEED_ACCOUNT_ID}},platform_owner
src_66d7b9b64852e676,{{PPBF_ORG_ID}},Interrater Reliability of an Observational Rating Scale and Video Analysis of Yoga Poses,Journal of Sport Rehabilitation,peer_reviewed,3,https://doi.org/10.1123/jsr.2021-0056,2022-01-01,active,pending_review,unverified,"{""identifier_kind"": ""doi"", ""identifier"": ""10.1123/jsr.2021-0056"", ""verification_status"": ""RESOLVED"", ""verified_title"": ""Interrater Reliability of an Observational Rating Scale and Video Analysis of Yoga Poses"", ""seeded_from"": ""PPBF research program 2026-08-07""}",{{SEED_ACCOUNT_ID}},platform_owner
src_698cedfe02976d7d,{{PPBF_ORG_ID}},Investigating Expert-Rater Agreement and Inter/Intra-Rater Reliability of Two Fundamental Movement Skills for the Locomotor Subscale of the FG-COMPASS,Perceptual and Motor Skills,peer_reviewed,3,https://doi.org/10.1177/00315125241272720,2024-01-01,active,pending_review,unverified,"{""identifier_kind"": ""doi"", ""identifier"": ""10.1177/00315125241272720"", ""verification_status"": ""RESOLVED"", ""verified_title"": ""Investigating Expert-Rater Agreement and Inter/Intra-Rater Reliability of Two Fundamental Movement Skills for the Locomotor Subscale of the FG-COMPASS"", ""seeded_from"": ""PPBF research program 2026-08-07""}",{{SEED_ACCOUNT_ID}},platform_owner
src_a3fb92ac6186f59c,{{PPBF_ORG_ID}},Interrater Reliability of the New Sport-Specific Evidence-Based Classification System for Para Va'a,Adapted Physical Activity Quarterly,peer_reviewed,3,https://doi.org/10.1123/apaq.2019-0141,2020-01-01,active,pending_review,unverified,"{""identifier_kind"": ""doi"", ""identifier"": ""10.1123/apaq.2019-0141"", ""verification_status"": ""RESOLVED"", ""verified_title"": ""Interrater Reliability of the New Sport-Specific Evidence-Based Classification System for Para Va'a"", ""seeded_from"": ""PPBF research program 2026-08-07""}",{{SEED_ACCOUNT_ID}},platform_owner
src_bbf35a2df2efc644,{{PPBF_ORG_ID}},Guiding Evidence-Based Classification in Para Sporting Populations: A Systematic Review of Impairment Measures and Activity Limitations,Sports Medicine,peer_reviewed,2,https://doi.org/10.1007/s40279-024-02132-y,2024-01-01,active,pending_review,unverified,"{""identifier_kind"": ""doi"", ""identifier"": ""10.1007/s40279-024-02132-y"", ""verification_status"": ""RESOLVED"", ""verified_title"": ""Guiding Evidence-Based Classification in Para Sporting Populations: A Systematic Review of Impairment Measures and Activity Limitations"", ""seeded_from"": ""PPBF research program 2026-08-07""}",{{SEED_ACCOUNT_ID}},platform_owner
src_7cca2c3d8f6290d6,{{PPBF_ORG_ID}},Not all insulin-like growth factor-binding proteins (IGFBPs) are detectable by western ligand blotting: case studies of PC12 pheochromocytoma and rat anterior pituitary IGFBPs and proteolyzed IGFBP-3.,Endocrinology,peer_reviewed,2,https://pubmed.ncbi.nlm.nih.gov/1377122/,1992-01-01,active,pending_review,unverified,"{""identifier_kind"": ""pmid"", ""identifier"": ""1377122"", ""verification_status"": ""RESOLVED"", ""verified_title"": ""Not all insulin-like growth factor-binding proteins (IGFBPs) are detectable by western ligand blotting: case studies of PC12 pheochromocytoma and rat anterior pituitary IGFBPs and proteolyzed IGFBP-3."", ""seeded_from"": ""PPBF research program 2026-08-07""}",{{SEED_ACCOUNT_ID}},platform_owner
src_42d9d00a6eadab00,{{PPBF_ORG_ID}},The effect of contextual interference on transfer in motor learning - a systematic review and meta-analysis,Frontiers in Psychology,peer_reviewed,2,https://doi.org/10.3389/fpsyg.2024.1377122,2024-01-01,active,pending_review,unverified,"{""identifier_kind"": ""doi"", ""identifier"": ""10.3389/fpsyg.2024.1377122"", ""verification_status"": ""RESOLVED"", ""verified_title"": ""Not all insulin-like growth factor-binding proteins (IGFBPs) are detectable by western ligand blotting: case studies of PC12 pheochromocytoma and rat anterior pituitary IGFBPs and proteolyzed IGFBP-3."", ""seeded_from"": ""PPBF research program 2026-08-07""}",{{SEED_ACCOUNT_ID}},platform_owner
src_ccbd9fc7961f2b6b,{{PPBF_ORG_ID}},Challenge Point: A Framework for Conceptualizing the Effects of Various Practice Conditions in Motor Learning,Journal of Motor Behavior,peer_reviewed,3,https://doi.org/10.3200/JMBR.36.2.212-224,2004-01-01,active,pending_review,unverified,"{""identifier_kind"": ""doi"", ""identifier"": ""10.3200/JMBR.36.2.212-224"", ""verification_status"": ""RESOLVED"", ""verified_title"": ""Challenge Point: A Framework for Conceptualizing the Effects of Various Practice Conditions in Motor Learning"", ""seeded_from"": ""PPBF research program 2026-08-07""}",{{SEED_ACCOUNT_ID}},platform_owner
src_9e3a19d4501918fa,{{PPBF_ORG_ID}},Lymphatic capillaries in the meninges of the human optic nerve.,Journal of neuro-ophthalmology : the official journal of the North American Neuro-Ophthalmology Society,peer_reviewed,3,https://pubmed.ncbi.nlm.nih.gov/10608671/,1999-01-01,active,pending_review,unverified,"{""identifier_kind"": ""pmid"", ""identifier"": ""10608671"", ""verification_status"": ""RESOLVED"", ""verified_title"": ""Lymphatic capillaries in the meninges of the human optic nerve."", ""seeded_from"": ""PPBF research program 2026-08-07""}",{{SEED_ACCOUNT_ID}},platform_owner
src_a835e76a024851e8,{{PPBF_ORG_ID}},Specificity and Variability of Practice,Research Quarterly for Exercise and Sport,peer_reviewed,3,https://doi.org/10.1080/02701367.1990.10608671,1990-01-01,active,pending_review,unverified,"{""identifier_kind"": ""doi"", ""identifier"": ""10.1080/02701367.1990.10608671"", ""verification_status"": ""RESOLVED"", ""verified_title"": ""Lymphatic capillaries in the meninges of the human optic nerve."", ""seeded_from"": ""PPBF research program 2026-08-07""}",{{SEED_ACCOUNT_ID}},platform_owner
src_dd1674cee9a6a64a,{{PPBF_ORG_ID}},An Exploratory Meta-Analytic Review on the Empirical Evidence of Differential Learning as an Enhanced Motor Learning Method,Frontiers in Psychology,peer_reviewed,2,https://doi.org/10.3389/fpsyg.2021.533033,2021-01-01,active,pending_review,unverified,"{""identifier_kind"": ""doi"", ""identifier"": ""10.3389/fpsyg.2021.533033"", ""verification_status"": ""RESOLVED"", ""verified_title"": ""An Exploratory Meta-Analytic Review on the Empirical Evidence of Differential Learning as an Enhanced Motor Learning Method"", ""seeded_from"": ""PPBF research program 2026-08-07""}",{{SEED_ACCOUNT_ID}},platform_owner
src_07a12a44088278f0,{{PPBF_ORG_ID}},Effect of Contextual Interference and Differential Learning on Motor Skill Development and Motivation in Novice Basketball Players,European Journal of Sport Science,peer_reviewed,3,https://doi.org/10.1002/ejsc.70061,2025-01-01,active,pending_review,unverified,"{""identifier_kind"": ""doi"", ""identifier"": ""10.1002/ejsc.70061"", ""verification_status"": ""RESOLVED"", ""verified_title"": ""Effect of Contextual Interference and Differential Learning on Motor Skill Development and Motivation in Novice Basketball Players"", ""seeded_from"": ""PPBF research program 2026-08-07""}",{{SEED_ACCOUNT_ID}},platform_owner
src_101df6587d8f7ca0,{{PPBF_ORG_ID}},Superiority of external attentional focus for motor performance and learning: Systematic reviews and meta-analyses.,Psychological Bulletin,peer_reviewed,2,https://doi.org/10.1037/bul0000335,2021-01-01,active,pending_review,unverified,"{""identifier_kind"": ""doi"", ""identifier"": ""10.1037/bul0000335"", ""verification_status"": ""RESOLVED"", ""verified_title"": ""Superiority of external attentional focus for motor performance and learning: Systematic reviews and meta-analyses."", ""seeded_from"": ""PPBF research program 2026-08-07""}",{{SEED_ACCOUNT_ID}},platform_owner
src_95772667b8cf700c,{{PPBF_ORG_ID}},"Reporting bias, not external focus: A robust Bayesian meta-analysis and systematic review of the external focus of attention literature.",Psychological Bulletin,peer_reviewed,2,https://doi.org/10.1037/bul0000451,2024-01-01,active,pending_review,unverified,"{""identifier_kind"": ""doi"", ""identifier"": ""10.1037/bul0000451"", ""verification_status"": ""RESOLVED"", ""verified_title"": ""Reporting bias, not external focus: A robust Bayesian meta-analysis and systematic review of the external focus of attention literature."", ""seeded_from"": ""PPBF research program 2026-08-07""}",{{SEED_ACCOUNT_ID}},platform_owner
src_287cc50d36b4c7be,{{PPBF_ORG_ID}},The effectiveness of different attentional foci on the acquisition of sport-specific motor skills in healthy adults: a systematic review with network meta-analysis,PeerJ,peer_reviewed,2,https://doi.org/10.7717/peerj.17799,2024-01-01,active,pending_review,unverified,"{""identifier_kind"": ""doi"", ""identifier"": ""10.7717/peerj.17799"", ""verification_status"": ""RESOLVED"", ""verified_title"": ""The effectiveness of different attentional foci on the acquisition of sport-specific motor skills in healthy adults: a systematic review with network meta-analysis"", ""seeded_from"": ""PPBF research program 2026-08-07""}",{{SEED_ACCOUNT_ID}},platform_owner
src_7d883f79b9520654,{{PPBF_ORG_ID}},Neuromodulation during motor development and behavior.,Current opinion in neurobiology,peer_reviewed,3,https://pubmed.ncbi.nlm.nih.gov/10607635/,1999-01-01,active,pending_review,unverified,"{""identifier_kind"": ""pmid"", ""identifier"": ""10607635"", ""verification_status"": ""RESOLVED"", ""verified_title"": ""Neuromodulation during motor development and behavior."", ""seeded_from"": ""PPBF research program 2026-08-07""}",{{SEED_ACCOUNT_ID}},platform_owner
src_2ed6fae07b77c8f4,{{PPBF_ORG_ID}},Effects of Physical Guidance and Knowledge of Results on Motor Learning: Support for the Guidance Hypothesis,Research Quarterly for Exercise and Sport,peer_reviewed,3,https://doi.org/10.1080/02701367.1994.10607635,1994-01-01,active,pending_review,unverified,"{""identifier_kind"": ""doi"", ""identifier"": ""10.1080/02701367.1994.10607635"", ""verification_status"": ""RESOLVED"", ""verified_title"": ""Neuromodulation during motor development and behavior."", ""seeded_from"": ""PPBF research program 2026-08-07""}",{{SEED_ACCOUNT_ID}},platform_owner
src_261fccb5eae742de,{{PPBF_ORG_ID}},More Feedback Is Better than Less: Learning a Novel Upper Limb Joint Coordination Pattern with Augmented Auditory Feedback.,Frontiers in neuroscience,peer_reviewed,3,https://pubmed.ncbi.nlm.nih.gov/27375414/,2016-01-01,active,pending_review,unverified,"{""identifier_kind"": ""pmid"", ""identifier"": ""27375414"", ""verification_status"": ""RESOLVED"", ""verified_title"": ""More Feedback Is Better than Less: Learning a Novel Upper Limb Joint Coordination Pattern with Augmented Auditory Feedback."", ""seeded_from"": ""PPBF research program 2026-08-07""}",{{SEED_ACCOUNT_ID}},platform_owner
src_27bc3eea52cb8247,{{PPBF_ORG_ID}},The effects of augmented kinematic feedback on motor skill learning in rifle shooting,Journal of Sports Sciences,peer_reviewed,2,https://doi.org/10.1080/0264041031000101944,2003-01-01,active,pending_review,unverified,"{""identifier_kind"": ""doi"", ""identifier"": ""10.1080/0264041031000101944"", ""verification_status"": ""RESOLVED"", ""verified_title"": ""More Feedback Is Better than Less: Learning a Novel Upper Limb Joint Coordination Pattern with Augmented Auditory Feedback."", ""seeded_from"": ""PPBF research program 2026-08-07""}",{{SEED_ACCOUNT_ID}},platform_owner
src_8f134d33280ccc1b,{{PPBF_ORG_ID}},Self-Controlled Feedback and Behavioral Outcomes in Motor Skill Learning: A Meta-Analysis,Behavioral Sciences,peer_reviewed,2,https://doi.org/10.3390/bs15091291,2025-01-01,active,pending_review,unverified,"{""identifier_kind"": ""doi"", ""identifier"": ""10.3390/bs15091291"", ""verification_status"": ""RESOLVED"", ""verified_title"": ""Self-Controlled Feedback and Behavioral Outcomes in Motor Skill Learning: A Meta-Analysis"", ""seeded_from"": ""PPBF research program 2026-08-07""}",{{SEED_ACCOUNT_ID}},platform_owner
src_27098ada6f8f103e,{{PPBF_ORG_ID}},Performance among different types of myocontrolled tasks is not related,Human Movement Science,peer_reviewed,3,https://doi.org/10.1016/j.humov.2020.102592,2020-01-01,active,pending_review,unverified,"{""identifier_kind"": ""doi"", ""identifier"": ""10.1016/j.humov.2020.102592"", ""verification_status"": ""RESOLVED"", ""verified_title"": ""Performance among different types of myocontrolled tasks is not related"", ""seeded_from"": ""PPBF research program 2026-08-07""}",{{SEED_ACCOUNT_ID}},platform_owner
src_461125b5c348946e,{{PPBF_ORG_ID}},Increased perceptions of autonomy through choice fail to enhance motor skill retention.,Journal of Experimental Psychology: Human Perception and Performance,peer_reviewed,3,https://doi.org/10.1037/xhp0000992,2022-01-01,active,pending_review,unverified,"{""identifier_kind"": ""doi"", ""identifier"": ""10.1037/xhp0000992"", ""verification_status"": ""RESOLVED"", ""verified_title"": ""Performance among different types of myocontrolled tasks is not related"", ""seeded_from"": ""PPBF research program 2026-08-07""}",{{SEED_ACCOUNT_ID}},platform_owner
src_c176903ef4a4522d,{{PPBF_ORG_ID}},[Elements in the evaluation of some disinfectants for hospital use].,Bollettino chimico farmaceutico,peer_reviewed,3,https://pubmed.ncbi.nlm.nih.gov/2275801/,1990-01-01,active,pending_review,unverified,"{""identifier_kind"": ""pmid"", ""identifier"": ""2275801"", ""verification_status"": ""RESOLVED"", ""verified_title"": ""[Elements in the evaluation of some disinfectants for hospital use]."", ""seeded_from"": ""PPBF research program 2026-08-07""}",{{SEED_ACCOUNT_ID}},platform_owner
src_962b2b8b68fe3ff8,{{PPBF_ORG_ID}},Self-Controlled Video Feedback Facilitates the Learning of Tactical Skills in Tennis,Research Quarterly for Exercise and Sport,peer_reviewed,3,https://doi.org/10.1080/02701367.2023.2275801,2023-01-01,active,pending_review,unverified,"{""identifier_kind"": ""doi"", ""identifier"": ""10.1080/02701367.2023.2275801"", ""verification_status"": ""RESOLVED"", ""verified_title"": ""[Elements in the evaluation of some disinfectants for hospital use]."", ""seeded_from"": ""PPBF research program 2026-08-07""}",{{SEED_ACCOUNT_ID}},platform_owner
src_b1a9cc00322d4d1a,{{PPBF_ORG_ID}},Self-control over combined video feedback and modeling facilitates motor learning,Human Movement Science,peer_reviewed,3,https://doi.org/10.1016/j.humov.2016.01.014,2016-01-01,active,pending_review,unverified,"{""identifier_kind"": ""doi"", ""identifier"": ""10.1016/j.humov.2016.01.014"", ""verification_status"": ""RESOLVED"", ""verified_title"": ""[Elements in the evaluation of some disinfectants for hospital use]."", ""seeded_from"": ""PPBF research program 2026-08-07""}",{{SEED_ACCOUNT_ID}},platform_owner
src_3aba5e2bf2ece694,{{PPBF_ORG_ID}},The effect of video‐feedback on the learning of the tennis service by intermediate players,Journal of Sports Sciences,media,5,https://doi.org/10.1080/02640418908729833,1989-01-01,active,pending_review,unverified,"{""identifier_kind"": ""doi"", ""identifier"": ""10.1080/02640418908729833"", ""verification_status"": ""RESOLVED"", ""verified_title"": ""The effect of video‐feedback on the learning of the tennis service by intermediate players"", ""seeded_from"": ""PPBF research program 2026-08-07""}",{{SEED_ACCOUNT_ID}},platform_owner
src_ae1a4594498309f6,{{PPBF_ORG_ID}},Enhancing skill transfer in tennis using representative learning design,Journal of Sports Sciences,peer_reviewed,3,https://doi.org/10.1080/02640414.2019.1647739,2019-01-01,active,pending_review,unverified,"{""identifier_kind"": ""doi"", ""identifier"": ""10.1080/02640414.2019.1647739"", ""verification_status"": ""RESOLVED"", ""verified_title"": ""Sequence comparison of the GABAA receptor alpha 1 subunit cDNA in long and short sleep mice by direct sequencing of polymerase chain reaction amplified cDNA."", ""seeded_from"": ""PPBF research program 2026-08-07""}",{{SEED_ACCOUNT_ID}},platform_owner
src_9c9f4b290773f51e,{{PPBF_ORG_ID}},Helping coaches apply the principles of representative learning design: validation of a tennis specific practice assessment tool,Journal of Sports Sciences,peer_reviewed,3,https://doi.org/10.1080/02640414.2017.1374684,2017-01-01,active,pending_review,unverified,"{""identifier_kind"": ""doi"", ""identifier"": ""10.1080/02640414.2017.1374684"", ""verification_status"": ""RESOLVED"", ""verified_title"": ""Distinct phosphotyrosines on a growth factor receptor bind to specific molecules that mediate different signaling pathways."", ""seeded_from"": ""PPBF research program 2026-08-07""}",{{SEED_ACCOUNT_ID}},platform_owner
src_fa5f255721135519,{{PPBF_ORG_ID}},Quantitative assessment of interstitial implants.,"International journal of radiation oncology, biology, physics",peer_reviewed,3,https://pubmed.ncbi.nlm.nih.gov/1993622/,1991-01-01,active,pending_review,unverified,"{""identifier_kind"": ""pmid"", ""identifier"": ""1993622"", ""verification_status"": ""RESOLVED"", ""verified_title"": ""Quantitative assessment of interstitial implants."", ""seeded_from"": ""PPBF research program 2026-08-07""}",{{SEED_ACCOUNT_ID}},platform_owner
src_917d240ca1978865,{{PPBF_ORG_ID}},Applications of a working framework for the measurement of representative learning design in Australian football,PLOS ONE,peer_reviewed,3,https://doi.org/10.1371/journal.pone.0242336,2020-01-01,active,pending_review,unverified,"{""identifier_kind"": ""doi"", ""identifier"": ""10.1371/journal.pone.0242336"", ""verification_status"": ""RESOLVED"", ""verified_title"": ""Quantitative assessment of interstitial implants."", ""seeded_from"": ""PPBF research program 2026-08-07""}",{{SEED_ACCOUNT_ID}},platform_owner
src_49ce1140e323ce20,{{PPBF_ORG_ID}},Modified perceptual training in sport: A new classification framework,Journal of Science and Medicine in Sport,peer_reviewed,4,https://doi.org/10.1016/j.jsams.2018.01.011,2018-01-01,active,pending_review,unverified,"{""identifier_kind"": ""doi"", ""identifier"": ""10.1016/j.jsams.2018.01.011"", ""verification_status"": ""RESOLVED"", ""verified_title"": ""[Prevalence of hereditary diseases in three-year-old Swiss Warmblood horses]."", ""seeded_from"": ""PPBF research program 2026-08-07""}",{{SEED_ACCOUNT_ID}},platform_owner
src_48f15047e720c652,{{PPBF_ORG_ID}},Primary leptomeningeal glioma: ultrastructural and laminin immunohistochemical studies.,Acta neuropathologica,peer_reviewed,3,https://pubmed.ncbi.nlm.nih.gov/1621510/,1992-01-01,active,pending_review,unverified,"{""identifier_kind"": ""pmid"", ""identifier"": ""1621510"", ""verification_status"": ""RESOLVED"", ""verified_title"": ""Primary leptomeningeal glioma: ultrastructural and laminin immunohistochemical studies."", ""seeded_from"": ""PPBF research program 2026-08-07""}",{{SEED_ACCOUNT_ID}},platform_owner
src_6e1ea32e7dec268e,{{PPBF_ORG_ID}},Visual-perceptual training with motor practice of the observed movement pattern improves anticipation in emerging expert cricket batsmen,Journal of Sports Sciences,peer_reviewed,3,https://doi.org/10.1080/02640414.2019.1621510,2019-01-01,active,pending_review,unverified,"{""identifier_kind"": ""doi"", ""identifier"": ""10.1080/02640414.2019.1621510"", ""verification_status"": ""RESOLVED"", ""verified_title"": ""Primary leptomeningeal glioma: ultrastructural and laminin immunohistochemical studies."", ""seeded_from"": ""PPBF research program 2026-08-07""}",{{SEED_ACCOUNT_ID}},platform_owner
src_49578b521b2f6ddf,{{PPBF_ORG_ID}},Effect of Implicit Perceptual-Motor Training on Decision-Making Skills and Underpinning Gaze Behavior in Combat Athletes,Perceptual and Motor Skills,peer_reviewed,3,https://doi.org/10.1177/0031512516656816,2016-01-01,active,pending_review,unverified,"{""identifier_kind"": ""doi"", ""identifier"": ""10.1177/0031512516656816"", ""verification_status"": ""RESOLVED"", ""verified_title"": ""Effect of Implicit Perceptual-Motor Training on Decision-Making Skills and Underpinning Gaze Behavior in Combat Athletes"", ""seeded_from"": ""PPBF research program 2026-08-07""}",{{SEED_ACCOUNT_ID}},platform_owner
src_0d6c6dc1cdf11ac9,{{PPBF_ORG_ID}},[Letter: Preventive chemotherapy of tuberculosis].,Deutsche medizinische Wochenschrift (1946),peer_reviewed,3,https://pubmed.ncbi.nlm.nih.gov/1122824/,1975-01-01,active,pending_review,unverified,"{""identifier_kind"": ""pmid"", ""identifier"": ""1122824"", ""verification_status"": ""RESOLVED"", ""verified_title"": ""[Letter: Preventive chemotherapy of tuberculosis]."", ""seeded_from"": ""PPBF research program 2026-08-07""}",{{SEED_ACCOUNT_ID}},platform_owner
src_05a37ebe054ad989,{{PPBF_ORG_ID}},Do karate fighters use situational probability information to improve decision-making performance during on-mat tasks?,Journal of Sports Sciences,peer_reviewed,3,https://doi.org/10.1080/02640414.2015.1122824,2015-01-01,active,pending_review,unverified,"{""identifier_kind"": ""doi"", ""identifier"": ""10.1080/02640414.2015.1122824"", ""verification_status"": ""RESOLVED"", ""verified_title"": ""[Letter: Preventive chemotherapy of tuberculosis]."", ""seeded_from"": ""PPBF research program 2026-08-07""}",{{SEED_ACCOUNT_ID}},platform_owner
src_cb4a399b7a18e834,{{PPBF_ORG_ID}},Partners in health? Exploring resemblance in health between partners in married and cohabiting couples.,Sociology of health & illness,peer_reviewed,3,https://pubmed.ncbi.nlm.nih.gov/17470218/,2007-01-01,active,pending_review,unverified,"{""identifier_kind"": ""pmid"", ""identifier"": ""17470218"", ""verification_status"": ""RESOLVED"", ""verified_title"": ""Partners in health? Exploring resemblance in health between partners in married and cohabiting couples."", ""seeded_from"": ""PPBF research program 2026-08-07""}",{{SEED_ACCOUNT_ID}},platform_owner
src_fc7c37501b9a5ae4,{{PPBF_ORG_ID}},Expertise Facilitates the Transfer of Anticipation Skill across Domains,Quarterly Journal of Experimental Psychology,peer_reviewed,3,https://doi.org/10.1080/17470218.2013.807856,2014-01-01,active,pending_review,unverified,"{""identifier_kind"": ""doi"", ""identifier"": ""10.1080/17470218.2013.807856"", ""verification_status"": ""RESOLVED"", ""verified_title"": ""Partners in health? Exploring resemblance in health between partners in married and cohabiting couples."", ""seeded_from"": ""PPBF research program 2026-08-07""}",{{SEED_ACCOUNT_ID}},platform_owner
src_a828ed5ecc14f662,{{PPBF_ORG_ID}},What boxing-related stimuli reveal about response behaviour,Journal of Sports Sciences,peer_reviewed,3,https://doi.org/10.1080/02640414.2014.977939,2014-01-01,active,pending_review,unverified,"{""identifier_kind"": ""doi"", ""identifier"": ""10.1080/02640414.2014.977939"", ""verification_status"": ""RESOLVED"", ""verified_title"": ""What boxing-related stimuli reveal about response behaviour"", ""seeded_from"": ""PPBF research program 2026-08-07""}",{{SEED_ACCOUNT_ID}},platform_owner
src_b7837ba480615dbe,{{PPBF_ORG_ID}},Timing a fake punch: Inhibitory effects in a boxing-specific spatial attention task,Human Movement Science,peer_reviewed,3,https://doi.org/10.1016/j.humov.2023.103092,2023-01-01,active,pending_review,unverified,"{""identifier_kind"": ""doi"", ""identifier"": ""10.1016/j.humov.2023.103092"", ""verification_status"": ""RESOLVED"", ""verified_title"": ""Timing a fake punch: Inhibitory effects in a boxing-specific spatial attention task"", ""seeded_from"": ""PPBF research program 2026-08-07""}",{{SEED_ACCOUNT_ID}},platform_owner
src_747e00195133d2fe,{{PPBF_ORG_ID}},How to Trick Your Opponent: A Review Article on Deceptive Actions in Interactive Sports,Frontiers in Psychology,peer_reviewed,4,https://doi.org/10.3389/fpsyg.2017.00917,2017-01-01,active,pending_review,unverified,"{""identifier_kind"": ""doi"", ""identifier"": ""10.3389/fpsyg.2017.00917"", ""verification_status"": ""RESOLVED"", ""verified_title"": ""How to Trick Your Opponent: A Review Article on Deceptive Actions in Interactive Sports"", ""seeded_from"": ""PPBF research program 2026-08-07""}",{{SEED_ACCOUNT_ID}},platform_owner
src_8edf647ac010641b,{{PPBF_ORG_ID}},The Activity Profile of Elite Male Amateur Boxing,International Journal of Sports Physiology and Performance,peer_reviewed,3,https://doi.org/10.1123/ijspp.2013-0474,2015-01-01,active,pending_review,unverified,"{""identifier_kind"": ""doi"", ""identifier"": ""10.1123/ijspp.2013-0474"", ""verification_status"": ""RESOLVED"", ""verified_title"": ""The Activity Profile of Elite Male Amateur Boxing"", ""seeded_from"": ""PPBF research program 2026-08-07""}",{{SEED_ACCOUNT_ID}},platform_owner
src_56961b5f243e4125,{{PPBF_ORG_ID}},Amateur Boxing: Activity Profile of Winners and Losers,International Journal of Sports Physiology and Performance,peer_reviewed,3,https://doi.org/10.1123/ijspp.8.1.84,2013-01-01,active,pending_review,unverified,"{""identifier_kind"": ""doi"", ""identifier"": ""10.1123/ijspp.8.1.84"", ""verification_status"": ""RESOLVED"", ""verified_title"": ""Amateur Boxing: Activity Profile of Winners and Losers"", ""seeded_from"": ""PPBF research program 2026-08-07""}",{{SEED_ACCOUNT_ID}},platform_owner
src_fd9942c4f3b3d15d,{{PPBF_ORG_ID}},Human behaviours associated with dominance in elite amateur boxing bouts: A comparison of winners and losers under the Ten Point Must System,PLOS ONE,peer_reviewed,3,https://doi.org/10.1371/journal.pone.0188675,2017-01-01,active,pending_review,unverified,"{""identifier_kind"": ""doi"", ""identifier"": ""10.1371/journal.pone.0188675"", ""verification_status"": ""RESOLVED"", ""verified_title"": ""Human behaviours associated with dominance in elite amateur boxing bouts: A comparison of winners and losers under the Ten Point Must System"", ""seeded_from"": ""PPBF research program 2026-08-07""}",{{SEED_ACCOUNT_ID}},platform_owner
src_7a65d064ff12a518,{{PPBF_ORG_ID}},Performance Analysis of Elite Female Amateur Boxers and Comparison With Their Male Counterparts,International Journal of Sports Physiology and Performance,peer_reviewed,3,https://doi.org/10.1123/ijspp.2014-0133,2016-01-01,active,pending_review,unverified,"{""identifier_kind"": ""doi"", ""identifier"": ""10.1123/ijspp.2014-0133"", ""verification_status"": ""RESOLVED"", ""verified_title"": ""Performance Analysis of Elite Female Amateur Boxers and Comparison With Their Male Counterparts"", ""seeded_from"": ""PPBF research program 2026-08-07""}",{{SEED_ACCOUNT_ID}},platform_owner
src_6909b61b439332f9,{{PPBF_ORG_ID}},Notational Analysis of the Final Matches of the 2023 IBA Women’s World Boxing Championships,Journal of Functional Morphology and Kinesiology,peer_reviewed,3,https://doi.org/10.3390/jfmk10030350,2025-01-01,active,pending_review,unverified,"{""identifier_kind"": ""doi"", ""identifier"": ""10.3390/jfmk10030350"", ""verification_status"": ""RESOLVED"", ""verified_title"": ""Notational Analysis of the Final Matches of the 2023 IBA Women’s World Boxing Championships"", ""seeded_from"": ""PPBF research program 2026-08-07""}",{{SEED_ACCOUNT_ID}},platform_owner
src_cd319248ccdc7d67,{{PPBF_ORG_ID}},Do judges enhance home advantage in European championship boxing?,Journal of Sports Sciences,peer_reviewed,3,https://doi.org/10.1080/02640410400021583,2005-01-01,active,pending_review,unverified,"{""identifier_kind"": ""doi"", ""identifier"": ""10.1080/02640410400021583"", ""verification_status"": ""RESOLVED"", ""verified_title"": ""Do judges enhance home advantage in European championship boxing?"", ""seeded_from"": ""PPBF research program 2026-08-07""}",{{SEED_ACCOUNT_ID}},platform_owner
src_0515004c343597e9,{{PPBF_ORG_ID}},Ergonomic Solutions for Referee Mistakes: A Visual Assessment of the Environment in Boxing Competitions,Perceptual and Motor Skills,peer_reviewed,3,https://doi.org/10.1177/00315125251379145,2025-01-01,active,pending_review,unverified,"{""identifier_kind"": ""doi"", ""identifier"": ""10.1177/00315125251379145"", ""verification_status"": ""RESOLVED"", ""verified_title"": ""Do judges enhance home advantage in European championship boxing?"", ""seeded_from"": ""PPBF research program 2026-08-07""}",{{SEED_ACCOUNT_ID}},platform_owner
src_2328d555a9e647c6,{{PPBF_ORG_ID}},Comparison of amateur boxing before and after the 2013 rules change and the impact on boxers’ safety,British Journal of Sports Medicine,peer_reviewed,3,https://doi.org/10.1136/bjsports-2017-097667,2017-01-01,active,pending_review,unverified,"{""identifier_kind"": ""doi"", ""identifier"": ""10.1136/bjsports-2017-097667"", ""verification_status"": ""RESOLVED"", ""verified_title"": ""Comparison of amateur boxing before and after the 2013 rules change and the impact on boxers’ safety"", ""seeded_from"": ""PPBF research program 2026-08-07""}",{{SEED_ACCOUNT_ID}},platform_owner
src_33d8c3ad760480e0,{{PPBF_ORG_ID}},Effects of Sparring Load on Reaction Speed and Punch Force During the Precompetition and Competition Periods in Boxing,Journal of Strength and Conditioning Research,peer_reviewed,3,https://doi.org/10.1519/JSC.0000000000001885,2017-01-01,active,pending_review,unverified,"{""identifier_kind"": ""doi"", ""identifier"": ""10.1519/JSC.0000000000001885"", ""verification_status"": ""RESOLVED"", ""verified_title"": ""Effects of Sparring Load on Reaction Speed and Punch Force During the Precompetition and Competition Periods in Boxing"", ""seeded_from"": ""PPBF research program 2026-08-07""}",{{SEED_ACCOUNT_ID}},platform_owner
src_855ee690476fc86f,{{PPBF_ORG_ID}},The stereospecific interaction between chlorophylls and chlorophyllase. Possible implication for chlorophyll biosynthesis and degradation.,The Journal of biological chemistry,peer_reviewed,3,https://pubmed.ncbi.nlm.nih.gov/1429554/,1992-01-01,active,pending_review,unverified,"{""identifier_kind"": ""pmid"", ""identifier"": ""1429554"", ""verification_status"": ""RESOLVED"", ""verified_title"": ""The stereospecific interaction between chlorophylls and chlorophyllase. Possible implication for chlorophyll biosynthesis and degradation."", ""seeded_from"": ""PPBF research program 2026-08-07""}",{{SEED_ACCOUNT_ID}},platform_owner
src_63260beb6a9d7b14,{{PPBF_ORG_ID}},A new tool for sampling airborne isocyanates.,American Industrial Hygiene Association journal,peer_reviewed,3,https://pubmed.ncbi.nlm.nih.gov/1543125/,1992-01-01,active,pending_review,unverified,"{""identifier_kind"": ""pmid"", ""identifier"": ""1543125"", ""verification_status"": ""RESOLVED"", ""verified_title"": ""The stereospecific interaction between chlorophylls and chlorophyllase. Possible implication for chlorophyll biosynthesis and degradation."", ""seeded_from"": ""PPBF research program 2026-08-07""}",{{SEED_ACCOUNT_ID}},platform_owner
src_cbdad5b2df1ff019,{{PPBF_ORG_ID}},Relationship between visual ability assessment and punch performance in competition in male amateur boxers,Frontiers in Physiology,peer_reviewed,3,https://doi.org/10.3389/fphys.2024.1429554,2024-01-01,active,pending_review,unverified,"{""identifier_kind"": ""doi"", ""identifier"": ""10.3389/fphys.2024.1429554"", ""verification_status"": ""RESOLVED"", ""verified_title"": ""The stereospecific interaction between chlorophylls and chlorophyllase. Possible implication for chlorophyll biosynthesis and degradation."", ""seeded_from"": ""PPBF research program 2026-08-07""}",{{SEED_ACCOUNT_ID}},platform_owner
src_721927d87adef296,{{PPBF_ORG_ID}},Mental Fatigue Impairs Temporal Perceptual Prediction: A Study on Boxing Performance Across Skill Levels,Sports,governing_body,1,https://doi.org/10.3390/sports13050154,2025-01-01,active,pending_review,unverified,"{""identifier_kind"": ""doi"", ""identifier"": ""10.3390/sports13050154"", ""verification_status"": ""RESOLVED"", ""verified_title"": ""Mental Fatigue Impairs Temporal Perceptual Prediction: A Study on Boxing Performance Across Skill Levels"", ""seeded_from"": ""PPBF research program 2026-08-07""}",{{SEED_ACCOUNT_ID}},platform_owner
src_220780f9b562edca,{{PPBF_ORG_ID}},Short-Term Effects of a Structured Boxing Program on Technical Skill Acquisition in Novice Female Students,Journal of Functional Morphology and Kinesiology,peer_reviewed,3,https://doi.org/10.3390/jfmk11010026,2026-01-01,active,pending_review,unverified,"{""identifier_kind"": ""doi"", ""identifier"": ""10.3390/jfmk11010026"", ""verification_status"": ""RESOLVED"", ""verified_title"": ""Short-Term Effects of a Structured Boxing Program on Technical Skill Acquisition in Novice Female Students"", ""seeded_from"": ""PPBF research program 2026-08-07""}",{{SEED_ACCOUNT_ID}},platform_owner
src_f0d1c520b2684f3f,{{PPBF_ORG_ID}},Physical Response to Pad- and Bag-Based Boxing-Specific Training Modalities,Journal of Strength and Conditioning Research,peer_reviewed,3,https://doi.org/10.1519/JSC.0000000000002928,2020-01-01,active,pending_review,unverified,"{""identifier_kind"": ""doi"", ""identifier"": ""10.1519/JSC.0000000000002928"", ""verification_status"": ""RESOLVED"", ""verified_title"": ""Physical Response to Pad- and Bag-Based Boxing-Specific Training Modalities"", ""seeded_from"": ""PPBF research program 2026-08-07""}",{{SEED_ACCOUNT_ID}},platform_owner
src_47ec5a3d778fd785,{{PPBF_ORG_ID}},Boxing injury epidemiology in the Great Britain team: a 5-year surveillance study of medically diagnosed injury incidence and outcome,British Journal of Sports Medicine,peer_reviewed,3,https://doi.org/10.1136/bjsports-2015-094755,2015-01-01,active,pending_review,unverified,"{""identifier_kind"": ""doi"", ""identifier"": ""10.1136/bjsports-2015-094755"", ""verification_status"": ""RESOLVED"", ""verified_title"": ""Boxing injury epidemiology in the Great Britain team: a 5-year surveillance study of medically diagnosed injury incidence and outcome"", ""seeded_from"": ""PPBF research program 2026-08-07""}",{{SEED_ACCOUNT_ID}},platform_owner
src_68654d8d78f432e8,{{PPBF_ORG_ID}},Epidemiology of injuries in amateur boxing: A systematic review and meta-analysis,Journal of Science and Medicine in Sport,peer_reviewed,2,https://doi.org/10.1016/j.jsams.2022.09.165,2022-01-01,active,pending_review,unverified,"{""identifier_kind"": ""doi"", ""identifier"": ""10.1016/j.jsams.2022.09.165"", ""verification_status"": ""RESOLVED"", ""verified_title"": ""Epidemiology of injuries in amateur boxing: A systematic review and meta-analysis"", ""seeded_from"": ""PPBF research program 2026-08-07""}",{{SEED_ACCOUNT_ID}},platform_owner
src_675e366f55b9b351,{{PPBF_ORG_ID}},International Olympic Committee consensus statement: methods for recording and reporting of epidemiological data on injury and illness in sport 2020 (including STROBE Extension for Sport Injury and Illness Surveillance (STROBE-SIIS)),British Journal of Sports Medicine,clinical_guideline,1,https://doi.org/10.1136/bjsports-2019-101969,2020-01-01,active,pending_review,unverified,"{""identifier_kind"": ""doi"", ""identifier"": ""10.1136/bjsports-2019-101969"", ""verification_status"": ""RESOLVED"", ""verified_title"": ""International Olympic Committee consensus statement: methods for recording and reporting of epidemiological data on injury and illness in sport 2020 (including STROBE Extension for Sport Injury and Illness Surveillance (STROBE-SIIS))"", ""seeded_from"": ""PPBF research program 2026-08-07""}",{{SEED_ACCOUNT_ID}},platform_owner
src_75c36832e73b03bb,{{PPBF_ORG_ID}},A partially parametric estimator of survival in the presence of randomly censored data.,Biometrics,other,3,https://pubmed.ncbi.nlm.nih.gov/2242415/,1990-01-01,active,pending_review,unverified,"{""identifier_kind"": ""pmid"", ""identifier"": ""2242415"", ""verification_status"": ""RESOLVED"", ""verified_title"": ""A partially parametric estimator of survival in the presence of randomly censored data."", ""seeded_from"": ""PPBF research program 2026-08-07""}",{{SEED_ACCOUNT_ID}},platform_owner
src_a43f5d5523ba4e3b,{{PPBF_ORG_ID}},Headguard use in combat sports: position statement of the Association of Ringside Physicians,The Physician and Sportsmedicine,other,4,https://doi.org/10.1080/00913847.2023.2242415,2023-01-01,active,pending_review,unverified,"{""identifier_kind"": ""doi"", ""identifier"": ""10.1080/00913847.2023.2242415"", ""verification_status"": ""RESOLVED"", ""verified_title"": ""A partially parametric estimator of survival in the presence of randomly censored data."", ""seeded_from"": ""PPBF research program 2026-08-07""}",{{SEED_ACCOUNT_ID}},platform_owner
src_17628a57add3c0d6,{{PPBF_ORG_ID}},Boxing headguard performance in punch machine tests,British Journal of Sports Medicine,peer_reviewed,3,https://doi.org/10.1136/bjsports-2015-095094,2015-01-01,active,pending_review,unverified,"{""identifier_kind"": ""doi"", ""identifier"": ""10.1136/bjsports-2015-095094"", ""verification_status"": ""RESOLVED"", ""verified_title"": ""Boxing headguard performance in punch machine tests"", ""seeded_from"": ""PPBF research program 2026-08-07""}",{{SEED_ACCOUNT_ID}},platform_owner
src_0b4f8ca11b46e297,{{PPBF_ORG_ID}},The impact performance of headguards for combat sports,British Journal of Sports Medicine,peer_reviewed,3,https://doi.org/10.1136/bjsports-2015-095093,2015-01-01,active,pending_review,unverified,"{""identifier_kind"": ""doi"", ""identifier"": ""10.1136/bjsports-2015-095093"", ""verification_status"": ""RESOLVED"", ""verified_title"": ""Boxing headguard performance in punch machine tests"", ""seeded_from"": ""PPBF research program 2026-08-07""}",{{SEED_ACCOUNT_ID}},platform_owner
src_9fe2690355aaa819,{{PPBF_ORG_ID}},The Case for Protective Headguards in Amateur Boxing and Implications for International Policy on Headguard Bans,Sports Medicine - Open,peer_reviewed,2,https://doi.org/10.1186/s40798-025-00871-4,2025-01-01,active,pending_review,unverified,"{""identifier_kind"": ""doi"", ""identifier"": ""10.1186/s40798-025-00871-4"", ""verification_status"": ""RESOLVED"", ""verified_title"": ""The Case for Protective Headguards in Amateur Boxing and Implications for International Policy on Headguard Bans"", ""seeded_from"": ""PPBF research program 2026-08-07""}",{{SEED_ACCOUNT_ID}},platform_owner
src_83658722e5cff5d1,{{PPBF_ORG_ID}},A Systematic Review and Meta-Analysis Investigating Head Trauma in Boxing,Clinical Journal of Sport Medicine,peer_reviewed,2,https://doi.org/10.1097/JSM.0000000000001195,2023-01-01,active,pending_review,unverified,"{""identifier_kind"": ""doi"", ""identifier"": ""10.1097/JSM.0000000000001195"", ""verification_status"": ""RESOLVED"", ""verified_title"": ""The Case for Protective Headguards in Amateur Boxing and Implications for International Policy on Headguard Bans"", ""seeded_from"": ""PPBF research program 2026-08-07""}",{{SEED_ACCOUNT_ID}},platform_owner
src_35fc75290aae9e91,{{PPBF_ORG_ID}},Production of infectious particles from defective human immunodeficiency virus type 1 (HIV-1)-producing cell clones by superinfection with infectious HIV-1.,Archives of virology,peer_reviewed,3,https://pubmed.ncbi.nlm.nih.gov/2001175/,1991-01-01,active,pending_review,unverified,"{""identifier_kind"": ""pmid"", ""identifier"": ""2001175"", ""verification_status"": ""RESOLVED"", ""verified_title"": ""Production of infectious particles from defective human immunodeficiency virus type 1 (HIV-1)-producing cell clones by superinfection with infectious HIV-1."", ""seeded_from"": ""PPBF research program 2026-08-07""}",{{SEED_ACCOUNT_ID}},platform_owner
src_6af48c252690e58c,{{PPBF_ORG_ID}},Quantifying head impacts and neurocognitive performance in collegiate boxers,Journal of Sports Sciences,peer_reviewed,3,https://doi.org/10.1080/02640414.2021.2001175,2021-01-01,active,pending_review,unverified,"{""identifier_kind"": ""doi"", ""identifier"": ""10.1080/02640414.2021.2001175"", ""verification_status"": ""RESOLVED"", ""verified_title"": ""Production of infectious particles from defective human immunodeficiency virus type 1 (HIV-1)-producing cell clones by superinfection with infectious HIV-1."", ""seeded_from"": ""PPBF research program 2026-08-07""}",{{SEED_ACCOUNT_ID}},platform_owner
src_386a67d70b605542,{{PPBF_ORG_ID}},Capturing Head Impacts in Boxing: A Video-Based Comparison of Three Wearable Sensors,Annals of Biomedical Engineering,peer_reviewed,3,https://doi.org/10.1007/s10439-023-03369-w,2023-01-01,active,pending_review,unverified,"{""identifier_kind"": ""doi"", ""identifier"": ""10.1007/s10439-023-03369-w"", ""verification_status"": ""RESOLVED"", ""verified_title"": ""Capturing Head Impacts in Boxing: A Video-Based Comparison of Three Wearable Sensors"", ""seeded_from"": ""PPBF research program 2026-08-07""}",{{SEED_ACCOUNT_ID}},platform_owner
src_751165b92594161f,{{PPBF_ORG_ID}},"Quality Issues in Kinematic Traces from Three Head Impact Sensors in Boxing: Prevalence, Effects, and Implications for Exposure Assessment",Annals of Biomedical Engineering,peer_reviewed,3,https://doi.org/10.1007/s10439-024-03647-1,2024-01-01,active,pending_review,unverified,"{""identifier_kind"": ""doi"", ""identifier"": ""10.1007/s10439-024-03647-1"", ""verification_status"": ""RESOLVED"", ""verified_title"": ""Capturing Head Impacts in Boxing: A Video-Based Comparison of Three Wearable Sensors"", ""seeded_from"": ""PPBF research program 2026-08-07""}",{{SEED_ACCOUNT_ID}},platform_owner
src_f301cbfaade51380,{{PPBF_ORG_ID}},Exploring the link between acute symptom changes and repetitive head impacts in boxing sparring,Journal of Science and Medicine in Sport,peer_reviewed,3,https://doi.org/10.1016/j.jsams.2026.01.018,2026-01-01,active,pending_review,unverified,"{""identifier_kind"": ""doi"", ""identifier"": ""10.1016/j.jsams.2026.01.018"", ""verification_status"": ""RESOLVED"", ""verified_title"": ""Exploring the link between acute symptom changes and repetitive head impacts in boxing sparring"", ""seeded_from"": ""PPBF research program 2026-08-07""}",{{SEED_ACCOUNT_ID}},platform_owner
src_7caf5708772ec467,{{PPBF_ORG_ID}},"Consensus statement on concussion in sport: the 6th International Conference on Concussion in Sport–Amsterdam, October 2022",British Journal of Sports Medicine,clinical_guideline,1,https://doi.org/10.1136/bjsports-2023-106898,2023-01-01,active,pending_review,unverified,"{""identifier_kind"": ""doi"", ""identifier"": ""10.1136/bjsports-2023-106898"", ""verification_status"": ""RESOLVED"", ""verified_title"": ""Consensus statement on concussion in sport: the 6th International Conference on Concussion in Sport–Amsterdam, October 2022"", ""seeded_from"": ""PPBF research program 2026-08-07""}",{{SEED_ACCOUNT_ID}},platform_owner
src_abd02977676dd7f2,{{PPBF_ORG_ID}},Pediatric Sport-Related Concussion: Recommendations From the Amsterdam Consensus Statement 2023,Pediatrics,clinical_guideline,1,https://doi.org/10.1542/peds.2023-063489,2023-01-01,active,pending_review,unverified,"{""identifier_kind"": ""doi"", ""identifier"": ""10.1542/peds.2023-063489"", ""verification_status"": ""RESOLVED"", ""verified_title"": ""Consensus statement on concussion in sport: the 6th International Conference on Concussion in Sport–Amsterdam, October 2022"", ""seeded_from"": ""PPBF research program 2026-08-07""}",{{SEED_ACCOUNT_ID}},platform_owner
src_606873807a38d054,{{PPBF_ORG_ID}},Amateur boxing and risk of chronic traumatic brain injury: systematic review of observational studies,BMJ,peer_reviewed,2,https://doi.org/10.1136/bmj.39342.690220.55,2007-01-01,active,pending_review,unverified,"{""identifier_kind"": ""doi"", ""identifier"": ""10.1136/bmj.39342.690220.55"", ""verification_status"": ""RESOLVED"", ""verified_title"": ""Amateur boxing and risk of chronic traumatic brain injury: systematic review of observational studies"", ""seeded_from"": ""PPBF research program 2026-08-07""}",{{SEED_ACCOUNT_ID}},platform_owner
src_eb70c3805cb7415f,{{PPBF_ORG_ID}},Examining later-in-life health risks associated with sport-related concussion and repetitive head impacts: a systematic review of case-control and cohort studies,British Journal of Sports Medicine,peer_reviewed,2,https://doi.org/10.1136/bjsports-2023-106890,2023-01-01,active,pending_review,unverified,"{""identifier_kind"": ""doi"", ""identifier"": ""10.1136/bjsports-2023-106890"", ""verification_status"": ""RESOLVED"", ""verified_title"": ""Amateur boxing and risk of chronic traumatic brain injury: systematic review of observational studies"", ""seeded_from"": ""PPBF research program 2026-08-07""}",{{SEED_ACCOUNT_ID}},platform_owner
src_d7610fac12145ea3,{{PPBF_ORG_ID}},Effectiveness of Protective Measures and Rules in Reducing the Incidence of Injuries in Combat Sports: A Scoping Review,Journal of Functional Morphology and Kinesiology,peer_reviewed,3,https://doi.org/10.3390/jfmk8040150,2023-01-01,active,pending_review,unverified,"{""identifier_kind"": ""doi"", ""identifier"": ""10.3390/jfmk8040150"", ""verification_status"": ""RESOLVED"", ""verified_title"": ""Effectiveness of Protective Measures and Rules in Reducing the Incidence of Injuries in Combat Sports: A Scoping Review"", ""seeded_from"": ""PPBF research program 2026-08-07""}",{{SEED_ACCOUNT_ID}},platform_owner
src_f77fe15524e78b03,{{PPBF_ORG_ID}},Discrepancies in combat sports injury reporting: A comparison of athlete self-reports and ringside physician data,Journal of Science and Medicine in Sport,peer_reviewed,3,https://doi.org/10.1016/j.jsams.2025.08.018,2026-01-01,active,pending_review,unverified,"{""identifier_kind"": ""doi"", ""identifier"": ""10.1016/j.jsams.2025.08.018"", ""verification_status"": ""RESOLVED"", ""verified_title"": ""Discrepancies in combat sports injury reporting: A comparison of athlete self-reports and ringside physician data"", ""seeded_from"": ""PPBF research program 2026-08-07""}",{{SEED_ACCOUNT_ID}},platform_owner
src_e6a82be5c8bf96db,{{PPBF_ORG_ID}},The Practice of Weight Loss in Combat Sports Athletes: A Systematic Review,Nutrients,peer_reviewed,2,https://doi.org/10.3390/nu16071050,2024-01-01,active,pending_review,unverified,"{""identifier_kind"": ""doi"", ""identifier"": ""10.3390/nu16071050"", ""verification_status"": ""RESOLVED"", ""verified_title"": ""The Practice of Weight Loss in Combat Sports Athletes: A Systematic Review"", ""seeded_from"": ""PPBF research program 2026-08-07""}",{{SEED_ACCOUNT_ID}},platform_owner
src_12825d713ef0f021,{{PPBF_ORG_ID}},Is there a relationship between rapid weight changes and self-reported injury in combat sports athletes? A 14-month study of 24 combat sports events,Journal of Science and Medicine in Sport,peer_reviewed,2,https://doi.org/10.1016/j.jsams.2025.01.007,2025-01-01,active,pending_review,unverified,"{""identifier_kind"": ""doi"", ""identifier"": ""10.1016/j.jsams.2025.01.007"", ""verification_status"": ""RESOLVED"", ""verified_title"": ""The Practice of Weight Loss in Combat Sports Athletes: A Systematic Review"", ""seeded_from"": ""PPBF research program 2026-08-07""}",{{SEED_ACCOUNT_ID}},platform_owner
src_12dcdbc04ea8e488,{{PPBF_ORG_ID}},Biological maturation of youth athletes: assessment and implications,British Journal of Sports Medicine,peer_reviewed,3,https://doi.org/10.1136/bjsports-2015-094623,2015-01-01,active,pending_review,unverified,"{""identifier_kind"": ""doi"", ""identifier"": ""10.1136/bjsports-2015-094623"", ""verification_status"": ""RESOLVED"", ""verified_title"": ""Biological maturation of youth athletes: assessment and implications"", ""seeded_from"": ""PPBF research program 2026-08-07""}",{{SEED_ACCOUNT_ID}},platform_owner
src_c9723803e8789fd9,{{PPBF_ORG_ID}},Chronological Age vs. Biological Maturation,Journal of Strength and Conditioning Research,peer_reviewed,3,https://doi.org/10.1519/JSC.0000000000000391,2014-01-01,active,pending_review,unverified,"{""identifier_kind"": ""doi"", ""identifier"": ""10.1519/JSC.0000000000000391"", ""verification_status"": ""RESOLVED"", ""verified_title"": ""Biological maturation of youth athletes: assessment and implications"", ""seeded_from"": ""PPBF research program 2026-08-07""}",{{SEED_ACCOUNT_ID}},platform_owner
src_d144d1d495e61275,{{PPBF_ORG_ID}},Development and trainability of agility in youth: A systematic scoping review,Frontiers in Sports and Active Living,peer_reviewed,3,https://doi.org/10.3389/fspor.2022.952779,2022-01-01,active,pending_review,unverified,"{""identifier_kind"": ""doi"", ""identifier"": ""10.3389/fspor.2022.952779"", ""verification_status"": ""RESOLVED"", ""verified_title"": ""Development and trainability of agility in youth: A systematic scoping review"", ""seeded_from"": ""PPBF research program 2026-08-07""}",{{SEED_ACCOUNT_ID}},platform_owner
src_6c4e717b1d92eadd,{{PPBF_ORG_ID}},Are the Perceptual and Decision-Making Components of Agility Trainable? A Preliminary Investigation,Journal of Strength and Conditioning Research,peer_reviewed,3,https://doi.org/10.1519/JSC.0b013e3181d682e6,2011-01-01,active,pending_review,unverified,"{""identifier_kind"": ""doi"", ""identifier"": ""10.1519/JSC.0b013e3181d682e6"", ""verification_status"": ""RESOLVED"", ""verified_title"": ""Are the Perceptual and Decision-Making Components of Agility Trainable? A Preliminary Investigation"", ""seeded_from"": ""PPBF research program 2026-08-07""}",{{SEED_ACCOUNT_ID}},platform_owner
src_0daf7f2600262690,{{PPBF_ORG_ID}},"USA Boxing Official Rule Book, Competition Rules",,governing_body,1,https://usaboxing.webpoint.us/Files/UploadFiles/USA%20Boxing%20Rule%20Book%202022.pdf,,active,pending_review,unverified,"{""identifier_kind"": ""url"", ""identifier"": ""https://usaboxing.webpoint.us/Files/UploadFiles/USA%20Boxing%20Rule%20Book%202022.pdf"", ""verification_status"": ""NON_INDEXED_SOURCE"", ""verified_title"": """", ""seeded_from"": ""PPBF research program 2026-08-07""}",{{SEED_ACCOUNT_ID}},platform_owner
src_c4440c05a65c1b83,{{PPBF_ORG_ID}},England Boxing Technical and Competition Rules; England Boxing Rule Book (Skills Bouts annex),,governing_body,1,https://www.englandboxing.org/wp-content/uploads/2025/01/2025-EB-Rule-Book.pdf,,active,pending_review,unverified,"{""identifier_kind"": ""url"", ""identifier"": ""https://www.englandboxing.org/wp-content/uploads/2025/01/2025-EB-Rule-Book.pdf"", ""verification_status"": ""NON_INDEXED_SOURCE"", ""verified_title"": """", ""seeded_from"": ""PPBF research program 2026-08-07""}",{{SEED_ACCOUNT_ID}},platform_owner
src_0dc1369809cedd6f,{{PPBF_ORG_ID}},This assessment,,other,5,,,active,pending_review,unverified,"{""identifier_kind"": ""noid"", ""identifier"": ""A2-090"", ""verification_status"": ""NO_IDENTIFIER_BY_DESIGN"", ""verified_title"": """", ""seeded_from"": ""PPBF research program 2026-08-07""}",{{SEED_ACCOUNT_ID}},platform_owner
src_b875ac415c04fbc9,{{PPBF_ORG_ID}},"In fencing, what gives left-handers the edge? Views from the present and the distant past",Laterality,peer_reviewed,4,https://doi.org/10.1080/13576500701650430,2010-01-01,active,pending_review,unverified,"{""identifier_kind"": ""doi"", ""identifier"": ""10.1080/13576500701650430"", ""verification_status"": ""RESOLVED"", ""verified_title"": ""In fencing, what gives left-handers the edge? Views from the present and the distant past"", ""seeded_from"": ""PPBF research program 2026-08-07""}",{{SEED_ACCOUNT_ID}},platform_owner
src_f2594e78e893126e,{{PPBF_ORG_ID}},Handedness and Relative Age in International Elite Interactive Individual Sports Revisited,Frontiers in Sports and Active Living,peer_reviewed,4,https://doi.org/10.3389/fspor.2021.662203,2021-01-01,active,pending_review,unverified,"{""identifier_kind"": ""doi"", ""identifier"": ""10.3389/fspor.2021.662203"", ""verification_status"": ""RESOLVED"", ""verified_title"": ""In fencing, what gives left-handers the edge? Views from the present and the distant past"", ""seeded_from"": ""PPBF research program 2026-08-07""}",{{SEED_ACCOUNT_ID}},platform_owner
src_087adf2616feaeaa,{{PPBF_ORG_ID}},Effectiveness and Durability of Transfer Training in Fencing,International Journal of Environmental Research and Public Health,peer_reviewed,3,https://doi.org/10.3390/ijerph17030849,2020-01-01,active,pending_review,unverified,"{""identifier_kind"": ""doi"", ""identifier"": ""10.3390/ijerph17030849"", ""verification_status"": ""RESOLVED"", ""verified_title"": ""Effectiveness and Durability of Transfer Training in Fencing"", ""seeded_from"": ""PPBF research program 2026-08-07""}",{{SEED_ACCOUNT_ID}},platform_owner
src_ff1177efaa59a7b9,{{PPBF_ORG_ID}},Effects of core strength training on the technical skill performance of striking combat sport players: a systematic review,PeerJ,peer_reviewed,2,https://doi.org/10.7717/peerj.19615,2025-01-01,active,pending_review,unverified,"{""identifier_kind"": ""doi"", ""identifier"": ""10.7717/peerj.19615"", ""verification_status"": ""RESOLVED"", ""verified_title"": ""Effects of core strength training on the technical skill performance of striking combat sport players: a systematic review"", ""seeded_from"": ""PPBF research program 2026-08-07""}",{{SEED_ACCOUNT_ID}},platform_owner
src_3809f0d5d0835126,{{PPBF_ORG_ID}},Effects of Strength Training on Physical Fitness of Olympic Combat Sports Athletes: A Systematic Review,International Journal of Environmental Research and Public Health,peer_reviewed,2,https://doi.org/10.3390/ijerph20043516,2023-01-01,active,pending_review,unverified,"{""identifier_kind"": ""doi"", ""identifier"": ""10.3390/ijerph20043516"", ""verification_status"": ""RESOLVED"", ""verified_title"": ""Effects of Strength Training on Physical Fitness of Olympic Combat Sports Athletes: A Systematic Review"", ""seeded_from"": ""PPBF research program 2026-08-07""}",{{SEED_ACCOUNT_ID}},platform_owner
src_bda46f16302f362d,{{PPBF_ORG_ID}},Combining evidence and practice to optimise neck training aimed at reducing head acceleration events in sport: a systematic review and Delphi-consensus study,British Journal of Sports Medicine,peer_reviewed,2,https://doi.org/10.1136/bjsports-2024-108847,2025-01-01,active,pending_review,unverified,"{""identifier_kind"": ""doi"", ""identifier"": ""10.1136/bjsports-2024-108847"", ""verification_status"": ""RESOLVED"", ""verified_title"": ""Combining evidence and practice to optimise neck training aimed at reducing head acceleration events in sport: a systematic review and Delphi-consensus study"", ""seeded_from"": ""PPBF research program 2026-08-07""}",{{SEED_ACCOUNT_ID}},platform_owner
src_360144ca30330cbd,{{PPBF_ORG_ID}},"Individual differences in motor skill learning: Past, present and future",Human Movement Science,peer_reviewed,4,https://doi.org/10.1016/j.humov.2021.102818,2021-01-01,active,pending_review,unverified,"{""identifier_kind"": ""doi"", ""identifier"": ""10.1016/j.humov.2021.102818"", ""verification_status"": ""RESOLVED"", ""verified_title"": ""Individual differences in motor skill learning: Past, present and future"", ""seeded_from"": ""PPBF research program 2026-08-07""}",{{SEED_ACCOUNT_ID}},platform_owner
src_0ada4233fb93e7a8,{{PPBF_ORG_ID}},The influence of trained peer tutoring on tutors' motivation and performance in a French boxing setting,Journal of Sports Sciences,peer_reviewed,3,https://doi.org/10.1080/0264041031000101872,2003-01-01,active,pending_review,unverified,"{""identifier_kind"": ""doi"", ""identifier"": ""10.1080/0264041031000101872"", ""verification_status"": ""RESOLVED"", ""verified_title"": ""The influence of trained peer tutoring on tutors' motivation and performance in a French boxing setting"", ""seeded_from"": ""PPBF research program 2026-08-07""}",{{SEED_ACCOUNT_ID}},platform_owner
src_6747a9200dafc85f,{{PPBF_ORG_ID}},Current topics in viral hepatitis.,Comprehensive therapy,peer_reviewed,2,https://pubmed.ncbi.nlm.nih.gov/1722743/,1991-01-01,active,pending_review,unverified,"{""identifier_kind"": ""pmid"", ""identifier"": ""1722743"", ""verification_status"": ""RESOLVED"", ""verified_title"": ""Current topics in viral hepatitis."", ""seeded_from"": ""PPBF research program 2026-08-07""}",{{SEED_ACCOUNT_ID}},platform_owner
src_8b0d3b0720230fe6,{{PPBF_ORG_ID}},An Asian patient: how does culture affect care? A family member responds: please understand us.,Journal of Christian nursing : a quarterly publication of Nurses Christian Fellowship,peer_reviewed,2,https://pubmed.ncbi.nlm.nih.gov/2072265/,1991-01-01,active,pending_review,unverified,"{""identifier_kind"": ""pmid"", ""identifier"": ""2072265"", ""verification_status"": ""RESOLVED"", ""verified_title"": ""Current topics in viral hepatitis."", ""seeded_from"": ""PPBF research program 2026-08-07""}",{{SEED_ACCOUNT_ID}},platform_owner
src_2615bd0775b405ba,{{PPBF_ORG_ID}},A systematic review and meta-analysis of the effects of errorless motor learning on movement outcomes: a lifespan and impairment perspective,Frontiers in Psychology,peer_reviewed,2,https://doi.org/10.3389/fpsyg.2026.1722743,2026-01-01,active,pending_review,unverified,"{""identifier_kind"": ""doi"", ""identifier"": ""10.3389/fpsyg.2026.1722743"", ""verification_status"": ""RESOLVED"", ""verified_title"": ""Current topics in viral hepatitis."", ""seeded_from"": ""PPBF research program 2026-08-07""}",{{SEED_ACCOUNT_ID}},platform_owner
src_bb60ee5dfb870da0,{{PPBF_ORG_ID}},An Examination of the Contextual Interference Effect and the Errorless Learning Model during Motor Learning,Journal of Motor Behavior,peer_reviewed,2,https://doi.org/10.1080/00222895.2022.2072265,2022-01-01,active,pending_review,unverified,"{""identifier_kind"": ""doi"", ""identifier"": ""10.1080/00222895.2022.2072265"", ""verification_status"": ""RESOLVED"", ""verified_title"": ""Current topics in viral hepatitis."", ""seeded_from"": ""PPBF research program 2026-08-07""}",{{SEED_ACCOUNT_ID}},platform_owner
src_3ecddc9cb1c21265,{{PPBF_ORG_ID}},"British Boxing Board of Control, About the Board; Boxing News, 'The boom in unlicensed shows is muddying the water in British rings'",,governing_body,1,https://www.bbbofc.com/about-us,,active,pending_review,unverified,"{""identifier_kind"": ""url"", ""identifier"": ""https://www.bbbofc.com/about-us"", ""verification_status"": ""NON_INDEXED_SOURCE"", ""verified_title"": """", ""seeded_from"": ""PPBF research program 2026-08-07""}",{{SEED_ACCOUNT_ID}},platform_owner
src_00af03c2dcb23ea8,{{PPBF_ORG_ID}},"BoxRec Wiki, 'Semi-professional'",,media,5,https://boxrec.com/wiki/index.php/Semi-professional,,active,pending_review,unverified,"{""identifier_kind"": ""url"", ""identifier"": ""https://boxrec.com/wiki/index.php/Semi-professional"", ""verification_status"": ""NON_INDEXED_SOURCE"", ""verified_title"": """", ""seeded_from"": ""PPBF research program 2026-08-07""}",{{SEED_ACCOUNT_ID}},platform_owner
src_b8ab349b44ad2bc8,{{PPBF_ORG_ID}},"IOC, 'IOC grants provisional recognition to World Boxing'; IOC, 'Boxing to be part of LA28 sports programme'; World Boxing statement",,governing_body,1,https://www.olympics.com/ioc/news/ioc-grants-provisional-recognition-to-world-boxing,,active,pending_review,unverified,"{""identifier_kind"": ""url"", ""identifier"": ""https://www.olympics.com/ioc/news/ioc-grants-provisional-recognition-to-world-boxing"", ""verification_status"": ""NON_INDEXED_SOURCE"", ""verified_title"": """", ""seeded_from"": ""PPBF research program 2026-08-07""}",{{SEED_ACCOUNT_ID}},platform_owner
src_55b438fef0d98821,{{PPBF_ORG_ID}},"USA Boxing Official Rule Book, Competition Rules; USA Boxing Metro LBC FAQ",,governing_body,1,https://www.usaboxing.org/rulebook/new-rules-clarification,,active,pending_review,unverified,"{""identifier_kind"": ""url"", ""identifier"": ""https://www.usaboxing.org/rulebook/new-rules-clarification"", ""verification_status"": ""NON_INDEXED_SOURCE"", ""verified_title"": """", ""seeded_from"": ""PPBF research program 2026-08-07""}",{{SEED_ACCOUNT_ID}},platform_owner
src_7ac0443743232198,{{PPBF_ORG_ID}},USA Boxing Rule Book Appendix I as restated by USA Boxing Metro,,governing_body,1,https://usaboxingmetro.com/faqs/,,active,pending_review,unverified,"{""identifier_kind"": ""url"", ""identifier"": ""https://usaboxingmetro.com/faqs/"", ""verification_status"": ""NON_INDEXED_SOURCE"", ""verified_title"": """", ""seeded_from"": ""PPBF research program 2026-08-07""}",{{SEED_ACCOUNT_ID}},platform_owner
src_c5b3c8a37611bee3,{{PPBF_ORG_ID}},England Boxing Rule Book; England Boxing Competitions Overview,,governing_body,1,https://www.englandboxing.org/competitions/competitions-overview/,,active,pending_review,unverified,"{""identifier_kind"": ""url"", ""identifier"": ""https://www.englandboxing.org/competitions/competitions-overview/"", ""verification_status"": ""NON_INDEXED_SOURCE"", ""verified_title"": """", ""seeded_from"": ""PPBF research program 2026-08-07""}",{{SEED_ACCOUNT_ID}},platform_owner
src_f39731784648bbff,{{PPBF_ORG_ID}},England Boxing Technical & Competition Rules 2025 as restated by East Midlands Boxing,,governing_body,1,https://eastmidlandsba.org/skill-bouts-rules/,,active,pending_review,unverified,"{""identifier_kind"": ""url"", ""identifier"": ""https://eastmidlandsba.org/skill-bouts-rules/"", ""verification_status"": ""NON_INDEXED_SOURCE"", ""verified_title"": """", ""seeded_from"": ""PPBF research program 2026-08-07""}",{{SEED_ACCOUNT_ID}},platform_owner
src_f7cb8aeb2a3c3fae,{{PPBF_ORG_ID}},England Boxing Rule Book 2023/2024,,governing_body,1,https://www.englandboxing.org/wp-content/uploads/2023/09/Rule-Book-Final.pdf,,active,pending_review,unverified,"{""identifier_kind"": ""url"", ""identifier"": ""https://www.englandboxing.org/wp-content/uploads/2023/09/Rule-Book-Final.pdf"", ""verification_status"": ""NON_INDEXED_SOURCE"", ""verified_title"": """", ""seeded_from"": ""PPBF research program 2026-08-07""}",{{SEED_ACCOUNT_ID}},platform_owner
src_423b24eb3889224e,{{PPBF_ORG_ID}},"Boxing Canada Articles and Rules, January 2025; Boxing BC athlete page",,governing_body,1,https://boxingcanada.org/wp-content/uploads/2025/04/Articles-and-Rules-January-2025.pdf,,active,pending_review,unverified,"{""identifier_kind"": ""url"", ""identifier"": ""https://boxingcanada.org/wp-content/uploads/2025/04/Articles-and-Rules-January-2025.pdf"", ""verification_status"": ""NON_INDEXED_SOURCE"", ""verified_title"": """", ""seeded_from"": ""PPBF research program 2026-08-07""}",{{SEED_ACCOUNT_ID}},platform_owner
src_ae8131b670c87a65,{{PPBF_ORG_ID}},"Government of Ontario, Amateur Combative Sport Rules - Boxing, Parts IV and V",,governing_body,1,https://www.ontario.ca/document/amateur-combative-sport-rules-boxing/part-iv-competition-requirements,,active,pending_review,unverified,"{""identifier_kind"": ""url"", ""identifier"": ""https://www.ontario.ca/document/amateur-combative-sport-rules-boxing/part-iv-competition-requirements"", ""verification_status"": ""NON_INDEXED_SOURCE"", ""verified_title"": """", ""seeded_from"": ""PPBF research program 2026-08-07""}",{{SEED_ACCOUNT_ID}},platform_owner
src_87999c895d6a6666,{{PPBF_ORG_ID}},"Association of Boxing Commissions, ABC Regulatory Guidelines; Virginia 18VAC120-40-342; Indiana 68 IAC 3-36",,governing_body,1,https://www.abcboxing.com/abc-regulatory-guidelines/,,active,pending_review,unverified,"{""identifier_kind"": ""url"", ""identifier"": ""https://www.abcboxing.com/abc-regulatory-guidelines/"", ""verification_status"": ""NON_INDEXED_SOURCE"", ""verified_title"": """", ""seeded_from"": ""PPBF research program 2026-08-07""}",{{SEED_ACCOUNT_ID}},platform_owner
src_d8a1adbd8e5ede13,{{PPBF_ORG_ID}},"Louisiana Administrative Code Title 46, Part XI, Section 126, Medical Suspensions",,governing_body,1,https://regulations.justia.com/states/louisiana/title-46/part-xi/chapter-1/section-xi-126,,active,pending_review,unverified,"{""identifier_kind"": ""url"", ""identifier"": ""https://regulations.justia.com/states/louisiana/title-46/part-xi/chapter-1/section-xi-126"", ""verification_status"": ""NON_INDEXED_SOURCE"", ""verified_title"": """", ""seeded_from"": ""PPBF research program 2026-08-07""}",{{SEED_ACCOUNT_ID}},platform_owner
src_5368f76a1b074385,{{PPBF_ORG_ID}},"H.R. 4624, 119th Congress, Muhammad Ali American Boxing Revival Act of 2026; H. Rept. 119-524",,governing_body,1,https://www.congress.gov/bill/119th-congress/house-bill/4624/text,,active,pending_review,unverified,"{""identifier_kind"": ""url"", ""identifier"": ""https://www.congress.gov/bill/119th-congress/house-bill/4624/text"", ""verification_status"": ""NON_INDEXED_SOURCE"", ""verified_title"": """", ""seeded_from"": ""PPBF research program 2026-08-07""}",{{SEED_ACCOUNT_ID}},platform_owner
src_893cfa6b3d1db857,{{PPBF_ORG_ID}},"England Boxing, The Case for Regulation of White Collar Boxing (2025); DCMS letter of November 2024 as reported; BBC News inquest reporting",,governing_body,1,https://www.englandboxing.org/news_articles/new-report-released-on-white-collar-boxing/,,active,pending_review,unverified,"{""identifier_kind"": ""url"", ""identifier"": ""https://www.englandboxing.org/news_articles/new-report-released-on-white-collar-boxing/"", ""verification_status"": ""NON_INDEXED_SOURCE"", ""verified_title"": """", ""seeded_from"": ""PPBF research program 2026-08-07""}",{{SEED_ACCOUNT_ID}},platform_owner
src_eb21c9bf8dccb7b5,{{PPBF_ORG_ID}},"USA Boxing, Coach Membership; USA Boxing, Membership; USA Boxing, SafeSport",,governing_body,1,https://www.usaboxing.org/coach,,active,pending_review,unverified,"{""identifier_kind"": ""url"", ""identifier"": ""https://www.usaboxing.org/coach"", ""verification_status"": ""NON_INDEXED_SOURCE"", ""verified_title"": """", ""seeded_from"": ""PPBF research program 2026-08-07""}",{{SEED_ACCOUNT_ID}},platform_owner
src_0223e0983fa51e51,{{PPBF_ORG_ID}},The activity profile of elite male amateur boxing.,International journal of sports physiology and performance,peer_reviewed,3,https://pubmed.ncbi.nlm.nih.gov/24912199/,2015-01-01,active,pending_review,unverified,"{""identifier_kind"": ""pmid"", ""identifier"": ""24912199"", ""verification_status"": ""RESOLVED"", ""verified_title"": ""The activity profile of elite male amateur boxing."", ""seeded_from"": ""PPBF research program 2026-08-07""}",{{SEED_ACCOUNT_ID}},platform_owner
src_eb28d3f2fd56c876,{{PPBF_ORG_ID}},The Activity Profile of Elite Male Amateur Boxing After the 2013 Rule Changes.,Journal of strength and conditioning research,peer_reviewed,3,https://pubmed.ncbi.nlm.nih.gov/30480653/,2018-01-01,active,pending_review,unverified,"{""identifier_kind"": ""pmid"", ""identifier"": ""30480653"", ""verification_status"": ""RESOLVED"", ""verified_title"": ""The Activity Profile of Elite Male Amateur Boxing After the 2013 Rule Changes."", ""seeded_from"": ""PPBF research program 2026-08-07""}",{{SEED_ACCOUNT_ID}},platform_owner
src_102da638fcf4fd8b,{{PPBF_ORG_ID}},Comparison of amateur boxing before and after the 2013 rules change and the impact on boxers' safety.,British journal of sports medicine,peer_reviewed,3,https://pubmed.ncbi.nlm.nih.gov/28954796/,2018-01-01,active,pending_review,unverified,"{""identifier_kind"": ""pmid"", ""identifier"": ""28954796"", ""verification_status"": ""RESOLVED"", ""verified_title"": ""Comparison of amateur boxing before and after the 2013 rules change and the impact on boxers' safety."", ""seeded_from"": ""PPBF research program 2026-08-07""}",{{SEED_ACCOUNT_ID}},platform_owner
src_7a531f4464e16a38,{{PPBF_ORG_ID}},The energetics of semicontact 3 x 2-min amateur boxing.,International journal of sports physiology and performance,peer_reviewed,3,https://pubmed.ncbi.nlm.nih.gov/24572964/,2014-01-01,active,pending_review,unverified,"{""identifier_kind"": ""pmid"", ""identifier"": ""24572964"", ""verification_status"": ""RESOLVED"", ""verified_title"": ""The energetics of semicontact 3 x 2-min amateur boxing."", ""seeded_from"": ""PPBF research program 2026-08-07""}",{{SEED_ACCOUNT_ID}},platform_owner
src_6a114cd3da2c1bc7,{{PPBF_ORG_ID}},Metabolic and physiological demands of 3×3-min-round boxing fights in highly trained amateur boxers.,The Journal of sports medicine and physical fitness,peer_reviewed,3,https://pubmed.ncbi.nlm.nih.gov/35415997/,2023-01-01,active,pending_review,unverified,"{""identifier_kind"": ""pmid"", ""identifier"": ""35415997"", ""verification_status"": ""RESOLVED"", ""verified_title"": ""Metabolic and physiological demands of 3×3-min-round boxing fights in highly trained amateur boxers."", ""seeded_from"": ""PPBF research program 2026-08-07""}",{{SEED_ACCOUNT_ID}},platform_owner
src_87a808817cf82c18,{{PPBF_ORG_ID}},Heart rate response during a simulated Olympic boxing match is predominantly above ventilatory threshold 2: a cross sectional study.,Open access journal of sports medicine,peer_reviewed,3,https://pubmed.ncbi.nlm.nih.gov/24379723/,2013-01-01,active,pending_review,unverified,"{""identifier_kind"": ""pmid"", ""identifier"": ""24379723"", ""verification_status"": ""RESOLVED"", ""verified_title"": ""Heart rate response during a simulated Olympic boxing match is predominantly above ventilatory threshold 2: a cross sectional study."", ""seeded_from"": ""PPBF research program 2026-08-07""}",{{SEED_ACCOUNT_ID}},platform_owner
src_930fb94fcfca89a9,{{PPBF_ORG_ID}},Physical Capacities and Combat Performance Characteristics of Male and Female Olympic Boxers.,Research quarterly for exercise and sport,peer_reviewed,3,https://pubmed.ncbi.nlm.nih.gov/38787600/,2024-01-01,active,pending_review,unverified,"{""identifier_kind"": ""pmid"", ""identifier"": ""38787600"", ""verification_status"": ""RESOLVED"", ""verified_title"": ""Physical Capacities and Combat Performance Characteristics of Male and Female Olympic Boxers."", ""seeded_from"": ""PPBF research program 2026-08-07""}",{{SEED_ACCOUNT_ID}},platform_owner
src_9ee26cd8b5525aab,{{PPBF_ORG_ID}},Parkinson's disease: a reduced ability to shift to a new grouping if not prompted or guided.,Movement disorders : official journal of the Movement Disorder Society,peer_reviewed,3,https://pubmed.ncbi.nlm.nih.gov/2325683/,1990-01-01,active,pending_review,unverified,"{""identifier_kind"": ""pmid"", ""identifier"": ""2325683"", ""verification_status"": ""RESOLVED"", ""verified_title"": ""Physical Capacities and Combat Performance Characteristics of Male and Female Olympic Boxers."", ""seeded_from"": ""PPBF research program 2026-08-07""}",{{SEED_ACCOUNT_ID}},platform_owner
src_52ebf7760709b448,{{PPBF_ORG_ID}},Physical Response to Pad- and Bag-Based Boxing-Specific Training Modalities.,Journal of strength and conditioning research,peer_reviewed,3,https://pubmed.ncbi.nlm.nih.gov/30358696/,2020-01-01,active,pending_review,unverified,"{""identifier_kind"": ""pmid"", ""identifier"": ""30358696"", ""verification_status"": ""RESOLVED"", ""verified_title"": ""Physical Response to Pad- and Bag-Based Boxing-Specific Training Modalities."", ""seeded_from"": ""PPBF research program 2026-08-07""}",{{SEED_ACCOUNT_ID}},platform_owner
src_a1a9b9ec8e46e866,{{PPBF_ORG_ID}},Use of NIRS to explore skeletal muscle oxygenation during different training sessions in professional boxing.,European journal of applied physiology,governing_body,1,https://pubmed.ncbi.nlm.nih.gov/37656280/,2024-01-01,active,pending_review,unverified,"{""identifier_kind"": ""pmid"", ""identifier"": ""37656280"", ""verification_status"": ""RESOLVED"", ""verified_title"": ""Use of NIRS to explore skeletal muscle oxygenation during different training sessions in professional boxing."", ""seeded_from"": ""PPBF research program 2026-08-07""}",{{SEED_ACCOUNT_ID}},platform_owner
src_b811a6b342a8d8cf,{{PPBF_ORG_ID}},The Role of Strength on Punch Impact Force in Boxing.,Journal of strength and conditioning research,peer_reviewed,3,https://pubmed.ncbi.nlm.nih.gov/35836314/,2022-01-01,active,pending_review,unverified,"{""identifier_kind"": ""pmid"", ""identifier"": ""35836314"", ""verification_status"": ""RESOLVED"", ""verified_title"": ""The Role of Strength on Punch Impact Force in Boxing."", ""seeded_from"": ""PPBF research program 2026-08-07""}",{{SEED_ACCOUNT_ID}},platform_owner
src_e07faf9b1037267a,{{PPBF_ORG_ID}},Aerobic capacity is correlated with the ranking of boxers.,Perceptual and motor skills,peer_reviewed,3,https://pubmed.ncbi.nlm.nih.gov/25153738/,2014-01-01,active,pending_review,unverified,"{""identifier_kind"": ""pmid"", ""identifier"": ""25153738"", ""verification_status"": ""RESOLVED"", ""verified_title"": ""Aerobic capacity is correlated with the ranking of boxers."", ""seeded_from"": ""PPBF research program 2026-08-07""}",{{SEED_ACCOUNT_ID}},platform_owner
src_05b97418e93ee4c8,{{PPBF_ORG_ID}},Effects of Sparring Load on Reaction Speed and Punch Force During the Precompetition and Competition Periods in Boxing.,Journal of strength and conditioning research,peer_reviewed,3,https://pubmed.ncbi.nlm.nih.gov/28538306/,2017-01-01,active,pending_review,unverified,"{""identifier_kind"": ""pmid"", ""identifier"": ""28538306"", ""verification_status"": ""RESOLVED"", ""verified_title"": ""Effects of Sparring Load on Reaction Speed and Punch Force During the Precompetition and Competition Periods in Boxing."", ""seeded_from"": ""PPBF research program 2026-08-07""}",{{SEED_ACCOUNT_ID}},platform_owner
src_89a7a554283eb52c,{{PPBF_ORG_ID}},Characterizing Head Impact Exposure in Men and Women During Boxing and Mixed Martial Arts.,Orthopaedic journal of sports medicine,peer_reviewed,3,https://pubmed.ncbi.nlm.nih.gov/34901294/,2021-01-01,active,pending_review,unverified,"{""identifier_kind"": ""pmid"", ""identifier"": ""34901294"", ""verification_status"": ""RESOLVED"", ""verified_title"": ""Characterizing Head Impact Exposure in Men and Women During Boxing and Mixed Martial Arts."", ""seeded_from"": ""PPBF research program 2026-08-07""}",{{SEED_ACCOUNT_ID}},platform_owner
src_1bd38536cbb6f470,{{PPBF_ORG_ID}},Capturing Head Impacts in Boxing: A Video-Based Comparison of Three Wearable Sensors.,Annals of biomedical engineering,peer_reviewed,3,https://pubmed.ncbi.nlm.nih.gov/37728812/,2024-01-01,active,pending_review,unverified,"{""identifier_kind"": ""pmid"", ""identifier"": ""37728812"", ""verification_status"": ""RESOLVED"", ""verified_title"": ""Capturing Head Impacts in Boxing: A Video-Based Comparison of Three Wearable Sensors."", ""seeded_from"": ""PPBF research program 2026-08-07""}",{{SEED_ACCOUNT_ID}},platform_owner
src_f12b05a1a8657ab9,{{PPBF_ORG_ID}},"Quality Issues in Kinematic Traces from Three Head Impact Sensors in Boxing: Prevalence, Effects, and Implications for Exposure Assessment.",Annals of biomedical engineering,peer_reviewed,3,https://pubmed.ncbi.nlm.nih.gov/39625630/,2025-01-01,active,pending_review,unverified,"{""identifier_kind"": ""pmid"", ""identifier"": ""39625630"", ""verification_status"": ""RESOLVED"", ""verified_title"": ""Quality Issues in Kinematic Traces from Three Head Impact Sensors in Boxing: Prevalence, Effects, and Implications for Exposure Assessment."", ""seeded_from"": ""PPBF research program 2026-08-07""}",{{SEED_ACCOUNT_ID}},platform_owner
src_24767ce7a41f528d,{{PPBF_ORG_ID}},Sparring and neurological function in professional boxers.,Frontiers in public health,peer_reviewed,3,https://pubmed.ncbi.nlm.nih.gov/25101253/,2014-01-01,active,pending_review,unverified,"{""identifier_kind"": ""pmid"", ""identifier"": ""25101253"", ""verification_status"": ""RESOLVED"", ""verified_title"": ""Sparring and neurological function in professional boxers."", ""seeded_from"": ""PPBF research program 2026-08-07""}",{{SEED_ACCOUNT_ID}},platform_owner
src_c02d726f7e6f5aa8,{{PPBF_ORG_ID}},Sparring and cognitive function in professional boxers.,The Physician and sportsmedicine,peer_reviewed,3,https://pubmed.ncbi.nlm.nih.gov/20086991/,1996-01-01,active,pending_review,unverified,"{""identifier_kind"": ""pmid"", ""identifier"": ""20086991"", ""verification_status"": ""RESOLVED"", ""verified_title"": ""Sparring and cognitive function in professional boxers."", ""seeded_from"": ""PPBF research program 2026-08-07""}",{{SEED_ACCOUNT_ID}},platform_owner
src_8463e4b740b194e2,{{PPBF_ORG_ID}},Sparring and the Brain: The Associations between Sparring and Regional Brain Volumes in Professional Mixed Martial Arts Fighters.,"Sports medicine (Auckland, N.Z.)",peer_reviewed,3,https://pubmed.ncbi.nlm.nih.gov/36972014/,2023-01-01,active,pending_review,unverified,"{""identifier_kind"": ""pmid"", ""identifier"": ""36972014"", ""verification_status"": ""RESOLVED"", ""verified_title"": ""Sparring and the Brain: The Associations between Sparring and Regional Brain Volumes in Professional Mixed Martial Arts Fighters."", ""seeded_from"": ""PPBF research program 2026-08-07""}",{{SEED_ACCOUNT_ID}},platform_owner
src_86231b527a28c0a4,{{PPBF_ORG_ID}},Increase of circulating cell free mitochondrial DNA in amateur boxers after sparring matches.,Journal of science and medicine in sport,peer_reviewed,3,https://pubmed.ncbi.nlm.nih.gov/39934060/,2025-01-01,active,pending_review,unverified,"{""identifier_kind"": ""pmid"", ""identifier"": ""39934060"", ""verification_status"": ""RESOLVED"", ""verified_title"": ""Increase of circulating cell free mitochondrial DNA in amateur boxers after sparring matches."", ""seeded_from"": ""PPBF research program 2026-08-07""}",{{SEED_ACCOUNT_ID}},platform_owner
src_a7971647609e544f,{{PPBF_ORG_ID}},Neurochemical aftermath of amateur boxing.,Archives of neurology,peer_reviewed,3,https://pubmed.ncbi.nlm.nih.gov/16966505/,2006-01-01,active,pending_review,unverified,"{""identifier_kind"": ""pmid"", ""identifier"": ""16966505"", ""verification_status"": ""RESOLVED"", ""verified_title"": ""Neurochemical aftermath of amateur boxing."", ""seeded_from"": ""PPBF research program 2026-08-07""}",{{SEED_ACCOUNT_ID}},platform_owner
src_e6e72128b88fbb96,{{PPBF_ORG_ID}},Epidemiology of injuries in amateur boxing: A systematic review and meta-analysis.,Journal of science and medicine in sport,peer_reviewed,2,https://pubmed.ncbi.nlm.nih.gov/36195527/,2022-01-01,active,pending_review,unverified,"{""identifier_kind"": ""pmid"", ""identifier"": ""36195527"", ""verification_status"": ""RESOLVED"", ""verified_title"": ""Epidemiology of injuries in amateur boxing: A systematic review and meta-analysis."", ""seeded_from"": ""PPBF research program 2026-08-07""}",{{SEED_ACCOUNT_ID}},platform_owner
src_56037c59eb7db7d9,{{PPBF_ORG_ID}},Incidence Rates and Pathology Types of Boxing-Specific Injuries: A Systematic Review and Meta-analysis of Epidemiology Studies in the 21st Century.,Orthopaedic journal of sports medicine,peer_reviewed,2,https://pubmed.ncbi.nlm.nih.gov/37025124/,2023-01-01,active,pending_review,unverified,"{""identifier_kind"": ""pmid"", ""identifier"": ""37025124"", ""verification_status"": ""RESOLVED"", ""verified_title"": ""Incidence Rates and Pathology Types of Boxing-Specific Injuries: A Systematic Review and Meta-analysis of Epidemiology Studies in the 21st Century."", ""seeded_from"": ""PPBF research program 2026-08-07""}",{{SEED_ACCOUNT_ID}},platform_owner
src_7adea294cbdd97c9,{{PPBF_ORG_ID}},Injuries in competitive boxing. A prospective study.,International journal of sports medicine,peer_reviewed,3,https://pubmed.ncbi.nlm.nih.gov/25376728/,2015-01-01,active,pending_review,unverified,"{""identifier_kind"": ""pmid"", ""identifier"": ""25376728"", ""verification_status"": ""RESOLVED"", ""verified_title"": ""Injuries in competitive boxing. A prospective study."", ""seeded_from"": ""PPBF research program 2026-08-07""}",{{SEED_ACCOUNT_ID}},platform_owner
src_ca9753a76f54c0fd,{{PPBF_ORG_ID}},DNA-testing for Huntington's disease in The Netherlands: a retrospective study on psychosocial effects.,American journal of medical genetics,peer_reviewed,3,https://pubmed.ncbi.nlm.nih.gov/1387764/,1992-01-01,active,pending_review,unverified,"{""identifier_kind"": ""pmid"", ""identifier"": ""1387764"", ""verification_status"": ""RESOLVED"", ""verified_title"": ""Injuries in competitive boxing. A prospective study."", ""seeded_from"": ""PPBF research program 2026-08-07""}",{{SEED_ACCOUNT_ID}},platform_owner
src_e48526960a0e7cb9,{{PPBF_ORG_ID}},Is it feasible to implement an injury surveillance system for amateur boxing events in Australia? A mixed methods study.,Journal of science and medicine in sport,peer_reviewed,3,https://pubmed.ncbi.nlm.nih.gov/41421883/,2026-01-01,active,pending_review,unverified,"{""identifier_kind"": ""pmid"", ""identifier"": ""41421883"", ""verification_status"": ""RESOLVED"", ""verified_title"": ""Is it feasible to implement an injury surveillance system for amateur boxing events in Australia? A mixed methods study."", ""seeded_from"": ""PPBF research program 2026-08-07""}",{{SEED_ACCOUNT_ID}},platform_owner
src_7bb811ed1970955d,{{PPBF_ORG_ID}},Amateur Boxing and Dementia: Cognitive Impairment Within the 35-Year Caerphilly Cohort Study.,Clinical journal of sport medicine : official journal of the Canadian Academy of Sport Medicine,peer_reviewed,3,https://pubmed.ncbi.nlm.nih.gov/35470341/,2022-01-01,active,pending_review,unverified,"{""identifier_kind"": ""pmid"", ""identifier"": ""35470341"", ""verification_status"": ""RESOLVED"", ""verified_title"": ""Amateur Boxing and Dementia: Cognitive Impairment Within the 35-Year Caerphilly Cohort Study."", ""seeded_from"": ""PPBF research program 2026-08-07""}",{{SEED_ACCOUNT_ID}},platform_owner
src_ceb50cb1a9822193,{{PPBF_ORG_ID}},Examining later-in-life health risks associated with sport-related concussion and repetitive head impacts: a systematic review of case-control and cohort studies.,British journal of sports medicine,peer_reviewed,2,https://pubmed.ncbi.nlm.nih.gov/37316187/,2023-01-01,active,pending_review,unverified,"{""identifier_kind"": ""pmid"", ""identifier"": ""37316187"", ""verification_status"": ""RESOLVED"", ""verified_title"": ""Examining later-in-life health risks associated with sport-related concussion and repetitive head impacts: a systematic review of case-control and cohort studies."", ""seeded_from"": ""PPBF research program 2026-08-07""}",{{SEED_ACCOUNT_ID}},platform_owner
src_ec07f2af7c43f919,{{PPBF_ORG_ID}},When should an athlete retire or discontinue participating in contact or collision sports following sport-related concussion? A systematic review.,British journal of sports medicine,peer_reviewed,1,https://pubmed.ncbi.nlm.nih.gov/37316181/,2023-01-01,active,pending_review,unverified,"{""identifier_kind"": ""pmid"", ""identifier"": ""37316181"", ""verification_status"": ""RESOLVED"", ""verified_title"": ""When should an athlete retire or discontinue participating in contact or collision sports following sport-related concussion? A systematic review."", ""seeded_from"": ""PPBF research program 2026-08-07""}",{{SEED_ACCOUNT_ID}},platform_owner
src_9307cce068abb7d8,{{PPBF_ORG_ID}},Policy statement—Boxing participation by children and adolescents.,Pediatrics,peer_reviewed,1,https://pubmed.ncbi.nlm.nih.gov/21873697/,2011-01-01,active,pending_review,unverified,"{""identifier_kind"": ""pmid"", ""identifier"": ""21873697"", ""verification_status"": ""RESOLVED"", ""verified_title"": ""Policy statement—Boxing participation by children and adolescents."", ""seeded_from"": ""PPBF research program 2026-08-07""}",{{SEED_ACCOUNT_ID}},platform_owner
src_5775e8ff4aec29c6,{{PPBF_ORG_ID}},Boxing participation by children and adolescents: A joint statement with the American Academy of Pediatrics.,Paediatrics & child health,peer_reviewed,1,https://pubmed.ncbi.nlm.nih.gov/23277756/,2012-01-01,active,pending_review,unverified,"{""identifier_kind"": ""pmid"", ""identifier"": ""23277756"", ""verification_status"": ""RESOLVED"", ""verified_title"": ""Boxing participation by children and adolescents: A joint statement with the American Academy of Pediatrics."", ""seeded_from"": ""PPBF research program 2026-08-07""}",{{SEED_ACCOUNT_ID}},platform_owner
src_f9afdc8771399484,{{PPBF_ORG_ID}},Headguard use in combat sports: position statement of the Association of Ringside Physicians.,The Physician and sportsmedicine,peer_reviewed,3,https://pubmed.ncbi.nlm.nih.gov/37559553/,2024-01-01,active,pending_review,unverified,"{""identifier_kind"": ""pmid"", ""identifier"": ""37559553"", ""verification_status"": ""RESOLVED"", ""verified_title"": ""Headguard use in combat sports: position statement of the Association of Ringside Physicians."", ""seeded_from"": ""PPBF research program 2026-08-07""}",{{SEED_ACCOUNT_ID}},platform_owner
src_72acca498f406510,{{PPBF_ORG_ID}},"Concussions, cuts and cracked bones: A systematic literature review on protective headgear and head injury prevention in Olympic boxing.",European journal of sport science,peer_reviewed,2,https://pubmed.ncbi.nlm.nih.gov/33607924/,2022-01-01,active,pending_review,unverified,"{""identifier_kind"": ""pmid"", ""identifier"": ""33607924"", ""verification_status"": ""RESOLVED"", ""verified_title"": ""Concussions, cuts and cracked bones: A systematic literature review on protective headgear and head injury prevention in Olympic boxing."", ""seeded_from"": ""PPBF research program 2026-08-07""}",{{SEED_ACCOUNT_ID}},platform_owner
src_f45667e8675ef9ae,{{PPBF_ORG_ID}},[Congenital left sinus of Valsalva aneurysm].,Arquivos brasileiros de cardiologia,peer_reviewed,2,https://pubmed.ncbi.nlm.nih.gov/1872711/,1991-01-01,active,pending_review,unverified,"{""identifier_kind"": ""pmid"", ""identifier"": ""1872711"", ""verification_status"": ""RESOLVED"", ""verified_title"": ""Concussions, cuts and cracked bones: A systematic literature review on protective headgear and head injury prevention in Olympic boxing."", ""seeded_from"": ""PPBF research program 2026-08-07""}",{{SEED_ACCOUNT_ID}},platform_owner
src_57573c056385a95f,{{PPBF_ORG_ID}},Use of Head Guards in AIBA Boxing Tournaments-A Cross-Sectional Observational Study.,Clinical journal of sport medicine : official journal of the Canadian Academy of Sport Medicine,peer_reviewed,3,https://pubmed.ncbi.nlm.nih.gov/27116592/,2017-01-01,active,pending_review,unverified,"{""identifier_kind"": ""pmid"", ""identifier"": ""27116592"", ""verification_status"": ""RESOLVED"", ""verified_title"": ""Use of Head Guards in AIBA Boxing Tournaments-A Cross-Sectional Observational Study."", ""seeded_from"": ""PPBF research program 2026-08-07""}",{{SEED_ACCOUNT_ID}},platform_owner
src_6584efb8d1c60bea,{{PPBF_ORG_ID}},The Case for Protective Headguards in Amateur Boxing and Implications for International Policy on Headguard Bans.,Sports medicine - open,peer_reviewed,4,https://pubmed.ncbi.nlm.nih.gov/40377858/,2025-01-01,active,pending_review,unverified,"{""identifier_kind"": ""pmid"", ""identifier"": ""40377858"", ""verification_status"": ""RESOLVED"", ""verified_title"": ""The Case for Protective Headguards in Amateur Boxing and Implications for International Policy on Headguard Bans."", ""seeded_from"": ""PPBF research program 2026-08-07""}",{{SEED_ACCOUNT_ID}},platform_owner
src_e93f28523f6f4264,{{PPBF_ORG_ID}},Amateur boxing in the last 59 years. Impact of rules changes on the type of verdicts recorded and implications on boxers' health.,British journal of sports medicine,peer_reviewed,3,https://pubmed.ncbi.nlm.nih.gov/23314931/,2013-01-01,active,pending_review,unverified,"{""identifier_kind"": ""pmid"", ""identifier"": ""23314931"", ""verification_status"": ""RESOLVED"", ""verified_title"": ""Amateur boxing in the last 59 years. Impact of rules changes on the type of verdicts recorded and implications on boxers' health."", ""seeded_from"": ""PPBF research program 2026-08-07""}",{{SEED_ACCOUNT_ID}},platform_owner
src_121e0cb24f16bd7c,{{PPBF_ORG_ID}},Identifying High-Risk Combat Sport Athletes: Position Statement of the Association of Ringside Physicians.,Clinical journal of sport medicine : official journal of the Canadian Academy of Sport Medicine,peer_reviewed,3,https://pubmed.ncbi.nlm.nih.gov/41413937/,2026-01-01,active,pending_review,unverified,"{""identifier_kind"": ""pmid"", ""identifier"": ""41413937"", ""verification_status"": ""RESOLVED"", ""verified_title"": ""Identifying High-Risk Combat Sport Athletes: Position Statement of the Association of Ringside Physicians."", ""seeded_from"": ""PPBF research program 2026-08-07""}",{{SEED_ACCOUNT_ID}},platform_owner
src_c069c4defd03b8c0,{{PPBF_ORG_ID}},Care of The Older Fighter: Position Statement of the Association of Ringside Physicians.,The Physician and sportsmedicine,peer_reviewed,3,https://pubmed.ncbi.nlm.nih.gov/38708547/,2024-01-01,active,pending_review,unverified,"{""identifier_kind"": ""pmid"", ""identifier"": ""38708547"", ""verification_status"": ""RESOLVED"", ""verified_title"": ""Care of The Older Fighter: Position Statement of the Association of Ringside Physicians."", ""seeded_from"": ""PPBF research program 2026-08-07""}",{{SEED_ACCOUNT_ID}},platform_owner
src_80ac07a036bc4b85,{{PPBF_ORG_ID}},[Permanent pacemaker implantation. Indications and results].,Archivos del Instituto de Cardiologia de Mexico,peer_reviewed,3,https://pubmed.ncbi.nlm.nih.gov/2344227/,1990-01-01,active,pending_review,unverified,"{""identifier_kind"": ""pmid"", ""identifier"": ""2344227"", ""verification_status"": ""RESOLVED"", ""verified_title"": ""Care of The Older Fighter: Position Statement of the Association of Ringside Physicians."", ""seeded_from"": ""PPBF research program 2026-08-07""}",{{SEED_ACCOUNT_ID}},platform_owner
src_f244e9a273e14b35,{{PPBF_ORG_ID}},Prevention strategies and modifiable risk factors for sport-related concussions and head impacts: a systematic review and meta-analysis.,British journal of sports medicine,peer_reviewed,1,https://pubmed.ncbi.nlm.nih.gov/37316182/,2023-01-01,active,pending_review,unverified,"{""identifier_kind"": ""pmid"", ""identifier"": ""37316182"", ""verification_status"": ""RESOLVED"", ""verified_title"": ""Prevention strategies and modifiable risk factors for sport-related concussions and head impacts: a systematic review and meta-analysis."", ""seeded_from"": ""PPBF research program 2026-08-07""}",{{SEED_ACCOUNT_ID}},platform_owner
src_d0398e2bdf52af74,{{PPBF_ORG_ID}},A Systematic Review of the Effectiveness of Concussion Education Programs for Coaches and Parents of Youth Athletes.,International journal of environmental research and public health,peer_reviewed,2,https://pubmed.ncbi.nlm.nih.gov/32294972/,2020-01-01,active,pending_review,unverified,"{""identifier_kind"": ""pmid"", ""identifier"": ""32294972"", ""verification_status"": ""RESOLVED"", ""verified_title"": ""A Systematic Review of the Effectiveness of Concussion Education Programs for Coaches and Parents of Youth Athletes."", ""seeded_from"": ""PPBF research program 2026-08-07""}",{{SEED_ACCOUNT_ID}},platform_owner
src_2307524eaa69b7a4,{{PPBF_ORG_ID}},Predictors of Junior Versus Senior Elite Performance are Opposite: A Systematic Review and Meta-Analysis of Participation Patterns.,"Sports medicine (Auckland, N.Z.)",peer_reviewed,2,https://pubmed.ncbi.nlm.nih.gov/35038142/,2022-01-01,active,pending_review,unverified,"{""identifier_kind"": ""pmid"", ""identifier"": ""35038142"", ""verification_status"": ""RESOLVED"", ""verified_title"": ""Predictors of Junior Versus Senior Elite Performance are Opposite: A Systematic Review and Meta-Analysis of Participation Patterns."", ""seeded_from"": ""PPBF research program 2026-08-07""}",{{SEED_ACCOUNT_ID}},platform_owner
src_7586da9cc5245372,{{PPBF_ORG_ID}},The long-term athlete development model: physiological evidence and application.,Journal of sports sciences,peer_reviewed,3,https://pubmed.ncbi.nlm.nih.gov/21259156/,2011-01-01,active,pending_review,unverified,"{""identifier_kind"": ""pmid"", ""identifier"": ""21259156"", ""verification_status"": ""RESOLVED"", ""verified_title"": ""The long-term athlete development model: physiological evidence and application."", ""seeded_from"": ""PPBF research program 2026-08-07""}",{{SEED_ACCOUNT_ID}},platform_owner
src_d01a89d91e64c435,{{PPBF_ORG_ID}},Long-term athletic development- part 1: a pathway for all youth.,Journal of strength and conditioning research,peer_reviewed,3,https://pubmed.ncbi.nlm.nih.gov/25486295/,2015-01-01,active,pending_review,unverified,"{""identifier_kind"": ""pmid"", ""identifier"": ""25486295"", ""verification_status"": ""RESOLVED"", ""verified_title"": ""Long-term athletic development- part 1: a pathway for all youth."", ""seeded_from"": ""PPBF research program 2026-08-07""}",{{SEED_ACCOUNT_ID}},platform_owner
src_32087a107ff02910,{{PPBF_ORG_ID}},"Long-term athletic development, part 2: barriers to success and potential solutions.",Journal of strength and conditioning research,peer_reviewed,4,https://pubmed.ncbi.nlm.nih.gov/25909962/,2015-01-01,active,pending_review,unverified,"{""identifier_kind"": ""pmid"", ""identifier"": ""25909962"", ""verification_status"": ""RESOLVED"", ""verified_title"": ""Long-term athletic development, part 2: barriers to success and potential solutions."", ""seeded_from"": ""PPBF research program 2026-08-07""}",{{SEED_ACCOUNT_ID}},platform_owner
src_2e63e90dd8a7f1d1,{{PPBF_ORG_ID}},"Optimising long-term athletic development: An investigation of practitioners' knowledge, adherence, practices and challenges.",PloS one,peer_reviewed,3,https://pubmed.ncbi.nlm.nih.gov/35077515/,2022-01-01,active,pending_review,unverified,"{""identifier_kind"": ""pmid"", ""identifier"": ""35077515"", ""verification_status"": ""RESOLVED"", ""verified_title"": ""Optimising long-term athletic development: An investigation of practitioners' knowledge, adherence, practices and challenges."", ""seeded_from"": ""PPBF research program 2026-08-07""}",{{SEED_ACCOUNT_ID}},platform_owner
src_ee3e812ff2bc3625,{{PPBF_ORG_ID}},Current Sport Organization Guidelines From the AMSSM 2019 Youth Early Sport Specialization Research Summit.,Sports health,clinical_guideline,1,https://pubmed.ncbi.nlm.nih.gov/34668454/,2022-01-01,active,pending_review,unverified,"{""identifier_kind"": ""pmid"", ""identifier"": ""34668454"", ""verification_status"": ""RESOLVED"", ""verified_title"": ""Current Sport Organization Guidelines From the AMSSM 2019 Youth Early Sport Specialization Research Summit."", ""seeded_from"": ""PPBF research program 2026-08-07""}",{{SEED_ACCOUNT_ID}},platform_owner
src_f779250baa031909,{{PPBF_ORG_ID}},Systematic Review of Health Organization Guidelines Following the AMSSM 2019 Youth Early Sport Specialization Summit.,Sports health,clinical_guideline,1,https://pubmed.ncbi.nlm.nih.gov/34668459/,2022-01-01,active,pending_review,unverified,"{""identifier_kind"": ""pmid"", ""identifier"": ""34668459"", ""verification_status"": ""RESOLVED"", ""verified_title"": ""Systematic Review of Health Organization Guidelines Following the AMSSM 2019 Youth Early Sport Specialization Summit."", ""seeded_from"": ""PPBF research program 2026-08-07""}",{{SEED_ACCOUNT_ID}},platform_owner
src_01deec6b80be1cc9,{{PPBF_ORG_ID}},Youth sport specialization: a multidisciplinary scoping systematic review.,Journal of sports sciences,peer_reviewed,2,https://pubmed.ncbi.nlm.nih.gov/31135271/,2019-01-01,active,pending_review,unverified,"{""identifier_kind"": ""pmid"", ""identifier"": ""31135271"", ""verification_status"": ""RESOLVED"", ""verified_title"": ""Youth sport specialization: a multidisciplinary scoping systematic review."", ""seeded_from"": ""PPBF research program 2026-08-07""}",{{SEED_ACCOUNT_ID}},platform_owner
src_e061b3448c7b699e,{{PPBF_ORG_ID}},Hemolytic interactions of Dermatophilus congolensis.,Zentralblatt fur Veterinarmedizin. Reihe B. Journal of veterinary medicine. Series B,peer_reviewed,2,https://pubmed.ncbi.nlm.nih.gov/1621476/,1992-01-01,active,pending_review,unverified,"{""identifier_kind"": ""pmid"", ""identifier"": ""1621476"", ""verification_status"": ""RESOLVED"", ""verified_title"": ""Youth sport specialization: a multidisciplinary scoping systematic review."", ""seeded_from"": ""PPBF research program 2026-08-07""}",{{SEED_ACCOUNT_ID}},platform_owner
src_547be610c9b3c71f,{{PPBF_ORG_ID}},Is There Just One Type of Multisport Pathway? A Scoping Review of Multisport Engagement in Early Athlete Development.,Sports medicine - open,peer_reviewed,3,https://pubmed.ncbi.nlm.nih.gov/37851177/,2023-01-01,active,pending_review,unverified,"{""identifier_kind"": ""pmid"", ""identifier"": ""37851177"", ""verification_status"": ""RESOLVED"", ""verified_title"": ""Is There Just One Type of Multisport Pathway? A Scoping Review of Multisport Engagement in Early Athlete Development."", ""seeded_from"": ""PPBF research program 2026-08-07""}",{{SEED_ACCOUNT_ID}},platform_owner
src_554b38a51bf33642,{{PPBF_ORG_ID}},International Olympic Committee consensus statement on youth athletic development.,British journal of sports medicine,clinical_guideline,1,https://pubmed.ncbi.nlm.nih.gov/26084524/,2015-01-01,active,pending_review,unverified,"{""identifier_kind"": ""pmid"", ""identifier"": ""26084524"", ""verification_status"": ""RESOLVED"", ""verified_title"": ""International Olympic Committee consensus statement on youth athletic development."", ""seeded_from"": ""PPBF research program 2026-08-07""}",{{SEED_ACCOUNT_ID}},platform_owner
src_e61ce58a080b4993,{{PPBF_ORG_ID}},"IOC consensus statement on elite youth athletes competing at the Olympic Games: essentials to a healthy, safe and sustainable paradigm.",British journal of sports medicine,clinical_guideline,1,https://pubmed.ncbi.nlm.nih.gov/39197945/,2024-01-01,active,pending_review,unverified,"{""identifier_kind"": ""pmid"", ""identifier"": ""39197945"", ""verification_status"": ""RESOLVED"", ""verified_title"": ""IOC consensus statement on elite youth athletes competing at the Olympic Games: essentials to a healthy, safe and sustainable paradigm."", ""seeded_from"": ""PPBF research program 2026-08-07""}",{{SEED_ACCOUNT_ID}},platform_owner
src_b730c2644b07a846,{{PPBF_ORG_ID}},"Bio-Banding in Youth Sports: Background, Concept, and Application.","Sports medicine (Auckland, N.Z.)",peer_reviewed,4,https://pubmed.ncbi.nlm.nih.gov/31429034/,2019-01-01,active,pending_review,unverified,"{""identifier_kind"": ""pmid"", ""identifier"": ""31429034"", ""verification_status"": ""RESOLVED"", ""verified_title"": ""Bio-Banding in Youth Sports: Background, Concept, and Application."", ""seeded_from"": ""PPBF research program 2026-08-07""}",{{SEED_ACCOUNT_ID}},platform_owner
src_6be5ebf671472949,{{PPBF_ORG_ID}},Youth resistance training: updated position statement paper from the national strength and conditioning association.,Journal of strength and conditioning research,peer_reviewed,3,https://pubmed.ncbi.nlm.nih.gov/19620931/,2009-01-01,active,pending_review,unverified,"{""identifier_kind"": ""pmid"", ""identifier"": ""19620931"", ""verification_status"": ""RESOLVED"", ""verified_title"": ""Youth resistance training: updated position statement paper from the national strength and conditioning association."", ""seeded_from"": ""PPBF research program 2026-08-07""}",{{SEED_ACCOUNT_ID}},platform_owner
src_9a7512e65de53cb3,{{PPBF_ORG_ID}},Position statement on youth resistance training: the 2014 International Consensus.,British journal of sports medicine,peer_reviewed,3,https://pubmed.ncbi.nlm.nih.gov/24055781/,2014-01-01,active,pending_review,unverified,"{""identifier_kind"": ""pmid"", ""identifier"": ""24055781"", ""verification_status"": ""RESOLVED"", ""verified_title"": ""Position statement on youth resistance training: the 2014 International Consensus."", ""seeded_from"": ""PPBF research program 2026-08-07""}",{{SEED_ACCOUNT_ID}},platform_owner
src_02b8056911ac9a09,{{PPBF_ORG_ID}},Neuromuscular training injury prevention strategies in youth sport: a systematic review and meta-analysis.,British journal of sports medicine,peer_reviewed,2,https://pubmed.ncbi.nlm.nih.gov/26084526/,2015-01-01,active,pending_review,unverified,"{""identifier_kind"": ""pmid"", ""identifier"": ""26084526"", ""verification_status"": ""RESOLVED"", ""verified_title"": ""Neuromuscular training injury prevention strategies in youth sport: a systematic review and meta-analysis."", ""seeded_from"": ""PPBF research program 2026-08-07""}",{{SEED_ACCOUNT_ID}},platform_owner
src_52ca812f2dcc897f,{{PPBF_ORG_ID}},Dose-Response Relationship of Neuromuscular Training for Injury Prevention in Youth Athletes: A Meta-Analysis.,Frontiers in physiology,peer_reviewed,2,https://pubmed.ncbi.nlm.nih.gov/29184511/,2017-01-01,active,pending_review,unverified,"{""identifier_kind"": ""pmid"", ""identifier"": ""29184511"", ""verification_status"": ""RESOLVED"", ""verified_title"": ""Dose-Response Relationship of Neuromuscular Training for Injury Prevention in Youth Athletes: A Meta-Analysis."", ""seeded_from"": ""PPBF research program 2026-08-07""}",{{SEED_ACCOUNT_ID}},platform_owner
src_f260be72d5710880,{{PPBF_ORG_ID}},"Deliberate practice and performance in music, games, sports, education, and professions: a meta-analysis.",Psychological science,peer_reviewed,2,https://pubmed.ncbi.nlm.nih.gov/24986855/,2014-01-01,active,pending_review,unverified,"{""identifier_kind"": ""pmid"", ""identifier"": ""24986855"", ""verification_status"": ""RESOLVED"", ""verified_title"": ""Deliberate practice and performance in music, games, sports, education, and professions: a meta-analysis."", ""seeded_from"": ""PPBF research program 2026-08-07""}",{{SEED_ACCOUNT_ID}},platform_owner
src_505b36f76a79fef3,{{PPBF_ORG_ID}},Contextual interference: a meta-analytic study.,Perceptual and motor skills,peer_reviewed,2,https://pubmed.ncbi.nlm.nih.gov/15446636/,2004-01-01,active,pending_review,unverified,"{""identifier_kind"": ""pmid"", ""identifier"": ""15446636"", ""verification_status"": ""RESOLVED"", ""verified_title"": ""Contextual interference: a meta-analytic study."", ""seeded_from"": ""PPBF research program 2026-08-07""}",{{SEED_ACCOUNT_ID}},platform_owner
src_7c6bcfb45dd70e33,{{PPBF_ORG_ID}},Small-sided games: An umbrella review of systematic reviews and meta-analyses.,PloS one,peer_reviewed,2,https://pubmed.ncbi.nlm.nih.gov/33577611/,2021-01-01,active,pending_review,unverified,"{""identifier_kind"": ""pmid"", ""identifier"": ""33577611"", ""verification_status"": ""RESOLVED"", ""verified_title"": ""Small-sided games: An umbrella review of systematic reviews and meta-analyses."", ""seeded_from"": ""PPBF research program 2026-08-07""}",{{SEED_ACCOUNT_ID}},platform_owner
src_3c0d6488968bd07d,{{PPBF_ORG_ID}},Effects of tapering on performance in endurance athletes: A systematic review and meta-analysis.,PloS one,peer_reviewed,2,https://pubmed.ncbi.nlm.nih.gov/37163550/,2023-01-01,active,pending_review,unverified,"{""identifier_kind"": ""pmid"", ""identifier"": ""37163550"", ""verification_status"": ""RESOLVED"", ""verified_title"": ""Effects of tapering on performance in endurance athletes: A systematic review and meta-analysis."", ""seeded_from"": ""PPBF research program 2026-08-07""}",{{SEED_ACCOUNT_ID}},platform_owner
src_ad4617c1c507aa04,{{PPBF_ORG_ID}},Effects of tapering on performance: a meta-analysis.,Medicine and science in sports and exercise,peer_reviewed,2,https://pubmed.ncbi.nlm.nih.gov/17762369/,2007-01-01,active,pending_review,unverified,"{""identifier_kind"": ""pmid"", ""identifier"": ""17762369"", ""verification_status"": ""RESOLVED"", ""verified_title"": ""Effects of tapering on performance: a meta-analysis."", ""seeded_from"": ""PPBF research program 2026-08-07""}",{{SEED_ACCOUNT_ID}},platform_owner
src_0a817245b5a83964,{{PPBF_ORG_ID}},Physiological and performance changes in national and international judo athletes during block periodization training.,Biology of sport,peer_reviewed,3,https://pubmed.ncbi.nlm.nih.gov/29472740/,2017-01-01,active,pending_review,unverified,"{""identifier_kind"": ""pmid"", ""identifier"": ""29472740"", ""verification_status"": ""RESOLVED"", ""verified_title"": ""Physiological and performance changes in national and international judo athletes during block periodization training."", ""seeded_from"": ""PPBF research program 2026-08-07""}",{{SEED_ACCOUNT_ID}},platform_owner
src_e7014c4f6cb06fe1,{{PPBF_ORG_ID}},"Influence of linear and undulating strength periodization on physical fitness, physiological, and performance responses to simulated judo matches.",Journal of strength and conditioning research,peer_reviewed,3,https://pubmed.ncbi.nlm.nih.gov/24662235/,2015-01-01,active,pending_review,unverified,"{""identifier_kind"": ""pmid"", ""identifier"": ""24662235"", ""verification_status"": ""RESOLVED"", ""verified_title"": ""Influence of linear and undulating strength periodization on physical fitness, physiological, and performance responses to simulated judo matches."", ""seeded_from"": ""PPBF research program 2026-08-07""}",{{SEED_ACCOUNT_ID}},platform_owner
src_b971fd8ca30ef25b,{{PPBF_ORG_ID}},High-Intensity Interval Training Prescription for Combat-Sport Athletes.,International journal of sports physiology and performance,peer_reviewed,4,https://pubmed.ncbi.nlm.nih.gov/32502972/,2020-01-01,active,pending_review,unverified,"{""identifier_kind"": ""pmid"", ""identifier"": ""32502972"", ""verification_status"": ""RESOLVED"", ""verified_title"": ""High-Intensity Interval Training Prescription for Combat-Sport Athletes."", ""seeded_from"": ""PPBF research program 2026-08-07""}",{{SEED_ACCOUNT_ID}},platform_owner
src_7f9c518d8354981d,{{PPBF_ORG_ID}},Effects of High-Intensity Interval Training in Combat Sports: A Systematic Review with Meta-Analysis.,Journal of strength and conditioning research,peer_reviewed,2,https://pubmed.ncbi.nlm.nih.gov/31904713/,2020-01-01,active,pending_review,unverified,"{""identifier_kind"": ""pmid"", ""identifier"": ""31904713"", ""verification_status"": ""RESOLVED"", ""verified_title"": ""Effects of High-Intensity Interval Training in Combat Sports: A Systematic Review with Meta-Analysis."", ""seeded_from"": ""PPBF research program 2026-08-07""}",{{SEED_ACCOUNT_ID}},platform_owner
src_8dde0735c7369c9a,{{PPBF_ORG_ID}},Effects of High-Intensity Interval Training on Olympic Combat Sports Athletes' Performance and Physiological Adaptation: A Systematic Review.,Journal of strength and conditioning research,peer_reviewed,2,https://pubmed.ncbi.nlm.nih.gov/30431531/,2019-01-01,active,pending_review,unverified,"{""identifier_kind"": ""pmid"", ""identifier"": ""30431531"", ""verification_status"": ""RESOLVED"", ""verified_title"": ""Effects of High-Intensity Interval Training on Olympic Combat Sports Athletes' Performance and Physiological Adaptation: A Systematic Review."", ""seeded_from"": ""PPBF research program 2026-08-07""}",{{SEED_ACCOUNT_ID}},platform_owner
src_d1ef7417636f97c7,{{PPBF_ORG_ID}},Effect of High-Intensity Interval Training With Varying Work-to-Rest Ratios on Specific Physical Fitness in Adolescent Taekwondo Athletes.,European journal of sport science,peer_reviewed,3,https://pubmed.ncbi.nlm.nih.gov/40940682/,2025-01-01,active,pending_review,unverified,"{""identifier_kind"": ""pmid"", ""identifier"": ""40940682"", ""verification_status"": ""RESOLVED"", ""verified_title"": ""Effect of High-Intensity Interval Training With Varying Work-to-Rest Ratios on Specific Physical Fitness in Adolescent Taekwondo Athletes."", ""seeded_from"": ""PPBF research program 2026-08-07""}",{{SEED_ACCOUNT_ID}},platform_owner
src_c6ccfbb24f96d427,{{PPBF_ORG_ID}},A Systematic Review with Meta-Analysis on the Effects of Plyometric-Jump Training on the Physical Fitness of Combat Sport Athletes.,"Sports (Basel, Switzerland)",peer_reviewed,2,https://pubmed.ncbi.nlm.nih.gov/36828318/,2023-01-01,active,pending_review,unverified,"{""identifier_kind"": ""pmid"", ""identifier"": ""36828318"", ""verification_status"": ""RESOLVED"", ""verified_title"": ""A Systematic Review with Meta-Analysis on the Effects of Plyometric-Jump Training on the Physical Fitness of Combat Sport Athletes."", ""seeded_from"": ""PPBF research program 2026-08-07""}",{{SEED_ACCOUNT_ID}},platform_owner
src_f3c9865fcc51b502,{{PPBF_ORG_ID}},Effectiveness of High-Intensity Interval Training (HIT) and Continuous Endurance Training for VO2max Improvements: A Systematic Review and Meta-Analysis of Controlled Trials.,"Sports medicine (Auckland, N.Z.)",peer_reviewed,2,https://pubmed.ncbi.nlm.nih.gov/26243014/,2015-01-01,active,pending_review,unverified,"{""identifier_kind"": ""pmid"", ""identifier"": ""26243014"", ""verification_status"": ""RESOLVED"", ""verified_title"": ""Effectiveness of High-Intensity Interval Training (HIT) and Continuous Endurance Training for VO2max Improvements: A Systematic Review and Meta-Analysis of Controlled Trials."", ""seeded_from"": ""PPBF research program 2026-08-07""}",{{SEED_ACCOUNT_ID}},platform_owner
src_f9c7737b3f4a7d4f,{{PPBF_ORG_ID}},Effects of short sprint interval training on aerobic and anaerobic indices: A systematic review and meta-analysis.,Scandinavian journal of medicine & science in sports,peer_reviewed,2,https://pubmed.ncbi.nlm.nih.gov/35090181/,2022-01-01,active,pending_review,unverified,"{""identifier_kind"": ""pmid"", ""identifier"": ""35090181"", ""verification_status"": ""RESOLVED"", ""verified_title"": ""Effects of short sprint interval training on aerobic and anaerobic indices: A systematic review and meta-analysis."", ""seeded_from"": ""PPBF research program 2026-08-07""}",{{SEED_ACCOUNT_ID}},platform_owner
src_d896986965cbf4b6,{{PPBF_ORG_ID}},A meta-analysis to determine the dose response for strength development.,Medicine and science in sports and exercise,peer_reviewed,2,https://pubmed.ncbi.nlm.nih.gov/12618576/,2003-01-01,active,pending_review,unverified,"{""identifier_kind"": ""pmid"", ""identifier"": ""12618576"", ""verification_status"": ""RESOLVED"", ""verified_title"": ""A meta-analysis to determine the dose response for strength development."", ""seeded_from"": ""PPBF research program 2026-08-07""}",{{SEED_ACCOUNT_ID}},platform_owner
src_4ee0a0a3e9d1d9ad,{{PPBF_ORG_ID}},Dose-Response Modelling of Resistance Exercise Across Outcome Domains in Strength and Conditioning: A Meta-analysis.,"Sports medicine (Auckland, N.Z.)",peer_reviewed,2,https://pubmed.ncbi.nlm.nih.gov/38652410/,2024-01-01,active,pending_review,unverified,"{""identifier_kind"": ""pmid"", ""identifier"": ""38652410"", ""verification_status"": ""RESOLVED"", ""verified_title"": ""Dose-Response Modelling of Resistance Exercise Across Outcome Domains in Strength and Conditioning: A Meta-analysis."", ""seeded_from"": ""PPBF research program 2026-08-07""}",{{SEED_ACCOUNT_ID}},platform_owner
src_15ab536bcdf0b53f,{{PPBF_ORG_ID}},How many times per week should a muscle be trained to maximize muscle hypertrophy? A systematic review and meta-analysis of studies examining the effects of resistance training frequency.,Journal of sports sciences,peer_reviewed,2,https://pubmed.ncbi.nlm.nih.gov/30558493/,2019-01-01,active,pending_review,unverified,"{""identifier_kind"": ""pmid"", ""identifier"": ""30558493"", ""verification_status"": ""RESOLVED"", ""verified_title"": ""How many times per week should a muscle be trained to maximize muscle hypertrophy? A systematic review and meta-analysis of studies examining the effects of resistance training frequency."", ""seeded_from"": ""PPBF research program 2026-08-07""}",{{SEED_ACCOUNT_ID}},platform_owner
src_5c379d755a71544a,{{PPBF_ORG_ID}},Effects of iron supplementation in female athletes with low serum ferritin concentration.,International journal of sports medicine,peer_reviewed,2,https://pubmed.ncbi.nlm.nih.gov/1555906/,1992-01-01,active,pending_review,unverified,"{""identifier_kind"": ""pmid"", ""identifier"": ""1555906"", ""verification_status"": ""RESOLVED"", ""verified_title"": ""How many times per week should a muscle be trained to maximize muscle hypertrophy? A systematic review and meta-analysis of studies examining the effects of resistance training frequency."", ""seeded_from"": ""PPBF research program 2026-08-07""}",{{SEED_ACCOUNT_ID}},platform_owner
src_c511f8b26324a5ad,{{PPBF_ORG_ID}},Detraining: loss of training-induced physiological and performance adaptations. Part I: short term insufficient training stimulus.,"Sports medicine (Auckland, N.Z.)",peer_reviewed,4,https://pubmed.ncbi.nlm.nih.gov/10966148/,2000-01-01,active,pending_review,unverified,"{""identifier_kind"": ""pmid"", ""identifier"": ""10966148"", ""verification_status"": ""RESOLVED"", ""verified_title"": ""Detraining: loss of training-induced physiological and performance adaptations. Part I: short term insufficient training stimulus."", ""seeded_from"": ""PPBF research program 2026-08-07""}",{{SEED_ACCOUNT_ID}},platform_owner
src_f1a3a9f8dd867d6f,{{PPBF_ORG_ID}},"Effects of Warm-Up, Post-Warm-Up, and Re-Warm-Up Strategies on Explosive Efforts in Team Sports: A Systematic Review.","Sports medicine (Auckland, N.Z.)",peer_reviewed,2,https://pubmed.ncbi.nlm.nih.gov/29968230/,2018-01-01,active,pending_review,unverified,"{""identifier_kind"": ""pmid"", ""identifier"": ""29968230"", ""verification_status"": ""RESOLVED"", ""verified_title"": ""Effects of Warm-Up, Post-Warm-Up, and Re-Warm-Up Strategies on Explosive Efforts in Team Sports: A Systematic Review."", ""seeded_from"": ""PPBF research program 2026-08-07""}",{{SEED_ACCOUNT_ID}},platform_owner
src_d7263e2f43eace63,{{PPBF_ORG_ID}},Postactivation Performance Enhancement of Amateur Boxers' Punch Force and Neuromuscular Performance Following 2 Upper-Body Conditioning Activities.,International journal of sports physiology and performance,peer_reviewed,3,https://pubmed.ncbi.nlm.nih.gov/36167315/,2022-01-01,active,pending_review,unverified,"{""identifier_kind"": ""pmid"", ""identifier"": ""36167315"", ""verification_status"": ""RESOLVED"", ""verified_title"": ""Postactivation Performance Enhancement of Amateur Boxers' Punch Force and Neuromuscular Performance Following 2 Upper-Body Conditioning Activities."", ""seeded_from"": ""PPBF research program 2026-08-07""}",{{SEED_ACCOUNT_ID}},platform_owner
src_0fe72ce5a81ccf1f,{{PPBF_ORG_ID}},The prevalence of pre-conditioning and recovery strategies in senior elite and non-elite amateur boxing.,The Physician and sportsmedicine,peer_reviewed,3,https://pubmed.ncbi.nlm.nih.gov/34003715/,2022-01-01,active,pending_review,unverified,"{""identifier_kind"": ""pmid"", ""identifier"": ""34003715"", ""verification_status"": ""RESOLVED"", ""verified_title"": ""The prevalence of pre-conditioning and recovery strategies in senior elite and non-elite amateur boxing."", ""seeded_from"": ""PPBF research program 2026-08-07""}",{{SEED_ACCOUNT_ID}},platform_owner
src_3a50d0387cf4d088,{{PPBF_ORG_ID}},"[Pyeloureteral junction syndrome caused by ""anomalous vessel""].",Il Giornale di chirurgia,peer_reviewed,3,https://pubmed.ncbi.nlm.nih.gov/1931525/,1991-01-01,active,pending_review,unverified,"{""identifier_kind"": ""pmid"", ""identifier"": ""1931525"", ""verification_status"": ""RESOLVED"", ""verified_title"": ""The prevalence of pre-conditioning and recovery strategies in senior elite and non-elite amateur boxing."", ""seeded_from"": ""PPBF research program 2026-08-07""}",{{SEED_ACCOUNT_ID}},platform_owner
src_a0b2a9407c5cdf4c,{{PPBF_ORG_ID}},The association between competitor level and the physical preparation practices of amateur boxers.,PloS one,peer_reviewed,3,https://pubmed.ncbi.nlm.nih.gov/34570828/,2021-01-01,active,pending_review,unverified,"{""identifier_kind"": ""pmid"", ""identifier"": ""34570828"", ""verification_status"": ""RESOLVED"", ""verified_title"": ""The association between competitor level and the physical preparation practices of amateur boxers."", ""seeded_from"": ""PPBF research program 2026-08-07""}",{{SEED_ACCOUNT_ID}},platform_owner
src_b0e404a2d8aa7794,{{PPBF_ORG_ID}},Strength Training Practices in Amateur and Professional Boxing.,Journal of strength and conditioning research,peer_reviewed,3,https://pubmed.ncbi.nlm.nih.gov/40403184/,2025-01-01,active,pending_review,unverified,"{""identifier_kind"": ""pmid"", ""identifier"": ""40403184"", ""verification_status"": ""RESOLVED"", ""verified_title"": ""Strength Training Practices in Amateur and Professional Boxing."", ""seeded_from"": ""PPBF research program 2026-08-07""}",{{SEED_ACCOUNT_ID}},platform_owner
src_8499f9ae2c574ece,{{PPBF_ORG_ID}},"Session-RPE Method for Training Load Monitoring: Validity, Ecological Usefulness, and Influencing Factors.",Frontiers in neuroscience,peer_reviewed,3,https://pubmed.ncbi.nlm.nih.gov/29163016/,2017-01-01,active,pending_review,unverified,"{""identifier_kind"": ""pmid"", ""identifier"": ""29163016"", ""verification_status"": ""RESOLVED"", ""verified_title"": ""Session-RPE Method for Training Load Monitoring: Validity, Ecological Usefulness, and Influencing Factors."", ""seeded_from"": ""PPBF research program 2026-08-07""}",{{SEED_ACCOUNT_ID}},platform_owner
src_05353985d506ebd7,{{PPBF_ORG_ID}},"Is the Acute: Chronic Workload Ratio (ACWR) Associated with Risk of Time-Loss Injury in Professional Team Sports? A Systematic Review of Methodology, Variables and Injury Risk in Practical Situations.","Sports medicine (Auckland, N.Z.)",peer_reviewed,2,https://pubmed.ncbi.nlm.nih.gov/32572824/,2020-01-01,active,pending_review,unverified,"{""identifier_kind"": ""pmid"", ""identifier"": ""32572824"", ""verification_status"": ""RESOLVED"", ""verified_title"": ""Is the Acute: Chronic Workload Ratio (ACWR) Associated with Risk of Time-Loss Injury in Professional Team Sports? A Systematic Review of Methodology, Variables and Injury Risk in Practical Situations."", ""seeded_from"": ""PPBF research program 2026-08-07""}",{{SEED_ACCOUNT_ID}},platform_owner
src_4629e2aba39f9b6d,{{PPBF_ORG_ID}},Acute:Chronic Workload Ratio: Conceptual Issues and Fundamental Pitfalls.,International journal of sports physiology and performance,peer_reviewed,3,https://pubmed.ncbi.nlm.nih.gov/32502973/,2020-01-01,active,pending_review,unverified,"{""identifier_kind"": ""pmid"", ""identifier"": ""32502973"", ""verification_status"": ""RESOLVED"", ""verified_title"": ""Acute:Chronic Workload Ratio: Conceptual Issues and Fundamental Pitfalls."", ""seeded_from"": ""PPBF research program 2026-08-07""}",{{SEED_ACCOUNT_ID}},platform_owner
src_f15da6589ac8fce3,{{PPBF_ORG_ID}},2023 International Olympic Committee's (IOC) consensus statement on Relative Energy Deficiency in Sport (REDs).,British journal of sports medicine,clinical_guideline,1,https://pubmed.ncbi.nlm.nih.gov/37752011/,2023-01-01,active,pending_review,unverified,"{""identifier_kind"": ""pmid"", ""identifier"": ""37752011"", ""verification_status"": ""RESOLVED"", ""verified_title"": ""2023 International Olympic Committee's (IOC) consensus statement on Relative Energy Deficiency in Sport (REDs)."", ""seeded_from"": ""PPBF research program 2026-08-07""}",{{SEED_ACCOUNT_ID}},platform_owner
src_692b7f96012fb06f,{{PPBF_ORG_ID}},The Magnitude of Rapid Weight Loss and Rapid Weight Gain in Combat Sport Athletes Preparing for Competition: A Systematic Review.,International journal of sport nutrition and exercise metabolism,peer_reviewed,2,https://pubmed.ncbi.nlm.nih.gov/30299200/,2019-01-01,active,pending_review,unverified,"{""identifier_kind"": ""pmid"", ""identifier"": ""30299200"", ""verification_status"": ""RESOLVED"", ""verified_title"": ""The Magnitude of Rapid Weight Loss and Rapid Weight Gain in Combat Sport Athletes Preparing for Competition: A Systematic Review."", ""seeded_from"": ""PPBF research program 2026-08-07""}",{{SEED_ACCOUNT_ID}},platform_owner
src_9adb51c5adcf72a5,{{PPBF_ORG_ID}},The Practice of Weight Loss in Combat Sports Athletes: A Systematic Review.,Nutrients,peer_reviewed,2,https://pubmed.ncbi.nlm.nih.gov/38613083/,2024-01-01,active,pending_review,unverified,"{""identifier_kind"": ""pmid"", ""identifier"": ""38613083"", ""verification_status"": ""RESOLVED"", ""verified_title"": ""The Practice of Weight Loss in Combat Sports Athletes: A Systematic Review."", ""seeded_from"": ""PPBF research program 2026-08-07""}",{{SEED_ACCOUNT_ID}},platform_owner
src_dc3ef7defbec4045,{{PPBF_ORG_ID}},Rapid weight gain in professional boxing and correlation with fight decisions: analysis from 71 title fights.,The Physician and sportsmedicine,peer_reviewed,3,https://pubmed.ncbi.nlm.nih.gov/27564844/,2016-01-01,active,pending_review,unverified,"{""identifier_kind"": ""pmid"", ""identifier"": ""27564844"", ""verification_status"": ""RESOLVED"", ""verified_title"": ""Rapid weight gain in professional boxing and correlation with fight decisions: analysis from 71 title fights."", ""seeded_from"": ""PPBF research program 2026-08-07""}",{{SEED_ACCOUNT_ID}},platform_owner
src_9f3942f344cee368,{{PPBF_ORG_ID}},[Lessons of physical climatology for physicians].,Minerva ecologica idroclimatologica fisicosanitaria,peer_reviewed,3,https://pubmed.ncbi.nlm.nih.gov/1228421/,1975-01-01,active,pending_review,unverified,"{""identifier_kind"": ""pmid"", ""identifier"": ""1228421"", ""verification_status"": ""RESOLVED"", ""verified_title"": ""Rapid weight gain in professional boxing and correlation with fight decisions: analysis from 71 title fights."", ""seeded_from"": ""PPBF research program 2026-08-07""}",{{SEED_ACCOUNT_ID}},platform_owner
src_5cba434ea7794cde,{{PPBF_ORG_ID}},Impact of Lower-Volume Training on Physical Fitness Adaptations in Team Sports Players: A Systematic Review and Meta-analysis.,Sports medicine - open,peer_reviewed,2,https://pubmed.ncbi.nlm.nih.gov/39832098/,2025-01-01,active,pending_review,unverified,"{""identifier_kind"": ""pmid"", ""identifier"": ""39832098"", ""verification_status"": ""RESOLVED"", ""verified_title"": ""Impact of Lower-Volume Training on Physical Fitness Adaptations in Team Sports Players: A Systematic Review and Meta-analysis."", ""seeded_from"": ""PPBF research program 2026-08-07""}",{{SEED_ACCOUNT_ID}},platform_owner
src_b8de717543bec9bb,{{PPBF_ORG_ID}},The Effects of Menstrual Cycle Phase on Exercise Performance in Eumenorrheic Women: A Systematic Review and Meta-Analysis.,"Sports medicine (Auckland, N.Z.)",peer_reviewed,3,https://pubmed.ncbi.nlm.nih.gov/32661839/,2020-01-01,active,pending_review,unverified,"{""identifier_kind"": ""pmid"", ""identifier"": ""32661839"", ""verification_status"": ""RESOLVED"", ""verified_title"": ""The Effects of Menstrual Cycle Phase on Exercise Performance in Eumenorrheic Women: A Systematic Review and Meta-Analysis."", ""seeded_from"": ""PPBF research program 2026-08-07""}",{{SEED_ACCOUNT_ID}},platform_owner
src_b16c093d6cc134ab,{{PPBF_ORG_ID}},World Heavyweight Championship boxing: The past 30+ years of the male division.,PloS one,peer_reviewed,3,https://pubmed.ncbi.nlm.nih.gov/35073382/,2022-01-01,active,pending_review,unverified,"{""identifier_kind"": ""pmid"", ""identifier"": ""35073382"", ""verification_status"": ""RESOLVED"", ""verified_title"": ""World Heavyweight Championship boxing: The past 30+ years of the male division."", ""seeded_from"": ""PPBF research program 2026-08-07""}",{{SEED_ACCOUNT_ID}},platform_owner
src_b5c70ecdf2e5c52c,{{PPBF_ORG_ID}},"See A3-033 (practice vs competition exposure), A3-037 and A3-038 (associational cognition findings), A3-039 (competing MMA finding), A3-035 and A3-036 (sensor validity)",,peer_reviewed,3,,,active,pending_review,unverified,"{""identifier_kind"": ""noid"", ""identifier"": ""A3-112"", ""verification_status"": ""NO_IDENTIFIER_BY_DESIGN"", ""verified_title"": """", ""seeded_from"": ""PPBF research program 2026-08-07""}",{{SEED_ACCOUNT_ID}},platform_owner
src_477723df08e33409,{{PPBF_ORG_ID}},INSUFFICIENT EVIDENCE - no source; explicitly labelled as a PPBF assumption,,other,4,,,active,pending_review,unverified,"{""identifier_kind"": ""noid"", ""identifier"": ""A3-113"", ""verification_status"": ""NON_INDEXED_SOURCE"", ""verified_title"": """", ""seeded_from"": ""PPBF research program 2026-08-07""}",{{SEED_ACCOUNT_ID}},platform_owner
src_0f66f3edfe902ceb,{{PPBF_ORG_ID}},INSUFFICIENT EVIDENCE - no source,,other,4,,,active,pending_review,unverified,"{""identifier_kind"": ""noid"", ""identifier"": ""A3-114"", ""verification_status"": ""NON_INDEXED_SOURCE"", ""verified_title"": """", ""seeded_from"": ""PPBF research program 2026-08-07""}",{{SEED_ACCOUNT_ID}},platform_owner
src_9f6d75e10813b7a2,{{PPBF_ORG_ID}},"Derived from observed USA Boxing rulebook edition dates (2024, 2025, 2026 revisions) retrieved 2026-08-07",,governing_body,1,https://www.usaboxing.org/rulebook,,active,pending_review,unverified,"{""identifier_kind"": ""url"", ""identifier"": ""https://www.usaboxing.org/rulebook"", ""verification_status"": ""NON_INDEXED_SOURCE"", ""verified_title"": """", ""seeded_from"": ""PPBF research program 2026-08-07""}",{{SEED_ACCOUNT_ID}},platform_owner
src_b7041e76b524f743,{{PPBF_ORG_ID}},"PPBF_repo_context_pack.md, section 2 (Existing Postgres tables, schema pilot, 99 tables) and section 4 (governance document excerpts)",,internal_policy,3,,,active,pending_review,unverified,"{""identifier_kind"": ""noid"", ""identifier"": ""A3-117"", ""verification_status"": ""NON_INDEXED_SOURCE"", ""verified_title"": """", ""seeded_from"": ""PPBF research program 2026-08-07""}",{{SEED_ACCOUNT_ID}},platform_owner
src_1224589a057d11b1,{{PPBF_ORG_ID}},"PPBF_repo_context_pack.md, section 2 and docs/SHADOW_AUTHORITY_MODEL.md excerpt",,internal_policy,3,,,active,pending_review,unverified,"{""identifier_kind"": ""noid"", ""identifier"": ""A3-118"", ""verification_status"": ""NON_INDEXED_SOURCE"", ""verified_title"": """", ""seeded_from"": ""PPBF research program 2026-08-07""}",{{SEED_ACCOUNT_ID}},platform_owner
src_644261501e0bf25c,{{PPBF_ORG_ID}},"Self-determination theory and the facilitation of intrinsic motivation, social development, and well-being.",American Psychologist,peer_reviewed,3,https://doi.org/10.1037/0003-066X.55.1.68,2000-01-01,active,pending_review,unverified,"{""identifier_kind"": ""doi"", ""identifier"": ""10.1037/0003-066X.55.1.68"", ""verification_status"": ""RESOLVED"", ""verified_title"": ""Self-determination theory and the facilitation of intrinsic motivation, social development, and well-being."", ""seeded_from"": ""PPBF research program 2026-08-07""}",{{SEED_ACCOUNT_ID}},platform_owner
src_0c6df7f61a81b1eb,{{PPBF_ORG_ID}},Psychological Need Thwarting in the Sport Context: Assessing the Darker Side of Athletic Experience,Journal of Sport and Exercise Psychology,peer_reviewed,3,https://doi.org/10.1123/jsep.33.1.75,2011-01-01,active,pending_review,unverified,"{""identifier_kind"": ""doi"", ""identifier"": ""10.1123/jsep.33.1.75"", ""verification_status"": ""RESOLVED"", ""verified_title"": ""Psychological Need Thwarting in the Sport Context: Assessing the Darker Side of Athletic Experience"", ""seeded_from"": ""PPBF research program 2026-08-07""}",{{SEED_ACCOUNT_ID}},platform_owner
src_af18abb99437e0e7,{{PPBF_ORG_ID}},Fetal ST segment heart rate analysis in labor: improvement of intervention criteria using interpolated base deficit.,"The journal of maternal-fetal & neonatal medicine : the official journal of the European Association of Perinatal Medicine, the Federation of Asia and Oceania Perinatal Societies, the International So",peer_reviewed,2,https://pubmed.ncbi.nlm.nih.gov/17437199/,2007-01-01,active,pending_review,unverified,"{""identifier_kind"": ""pmid"", ""identifier"": ""17437199"", ""verification_status"": ""RESOLVED"", ""verified_title"": ""Fetal ST segment heart rate analysis in labor: improvement of intervention criteria using interpolated base deficit."", ""seeded_from"": ""PPBF research program 2026-08-07""}",{{SEED_ACCOUNT_ID}},platform_owner
src_23b516d709ede63a,{{PPBF_ORG_ID}},Evaluation of palliative surgical procedures in unresectable pancreatic cancer.,The British journal of surgery,peer_reviewed,2,https://pubmed.ncbi.nlm.nih.gov/1718529/,1991-01-01,active,pending_review,unverified,"{""identifier_kind"": ""pmid"", ""identifier"": ""1718529"", ""verification_status"": ""RESOLVED"", ""verified_title"": ""Fetal ST segment heart rate analysis in labor: improvement of intervention criteria using interpolated base deficit."", ""seeded_from"": ""PPBF research program 2026-08-07""}",{{SEED_ACCOUNT_ID}},platform_owner
src_e72e716be98b6afb,{{PPBF_ORG_ID}},"A meta-analysis of self-determination theory-informed intervention studies in the health domain: effects on motivation, health behavior, physical, and psychological health",Health Psychology Review,peer_reviewed,2,https://doi.org/10.1080/17437199.2020.1718529,2020-01-01,active,pending_review,unverified,"{""identifier_kind"": ""doi"", ""identifier"": ""10.1080/17437199.2020.1718529"", ""verification_status"": ""RESOLVED"", ""verified_title"": ""Fetal ST segment heart rate analysis in labor: improvement of intervention criteria using interpolated base deficit."", ""seeded_from"": ""PPBF research program 2026-08-07""}",{{SEED_ACCOUNT_ID}},platform_owner
src_9654edebf0483125,{{PPBF_ORG_ID}},A Meta-analysis of the Effectiveness of Intervention Programs Designed to Support Autonomy,Educational Psychology Review,peer_reviewed,2,https://doi.org/10.1007/s10648-010-9142-7,2010-01-01,active,pending_review,unverified,"{""identifier_kind"": ""doi"", ""identifier"": ""10.1007/s10648-010-9142-7"", ""verification_status"": ""RESOLVED"", ""verified_title"": ""A Meta-analysis of the Effectiveness of Intervention Programs Designed to Support Autonomy"", ""seeded_from"": ""PPBF research program 2026-08-07""}",{{SEED_ACCOUNT_ID}},platform_owner
src_d0c0703c08b56846,{{PPBF_ORG_ID}},Why Teachers Adopt a Controlling Motivating Style Toward Students and How They Can Become More Autonomy Supportive,Educational Psychologist,peer_reviewed,3,https://doi.org/10.1080/00461520903028990,2009-01-01,active,pending_review,unverified,"{""identifier_kind"": ""doi"", ""identifier"": ""10.1080/00461520903028990"", ""verification_status"": ""RESOLVED"", ""verified_title"": ""Why Teachers Adopt a Controlling Motivating Style Toward Students and How They Can Become More Autonomy Supportive"", ""seeded_from"": ""PPBF research program 2026-08-07""}",{{SEED_ACCOUNT_ID}},platform_owner
src_4c36578e5d410636,{{PPBF_ORG_ID}},The coach–athlete relationship: a motivational model,Journal of Sports Sciences,peer_reviewed,3,https://doi.org/10.1080/0264041031000140374,2003-01-01,active,pending_review,unverified,"{""identifier_kind"": ""doi"", ""identifier"": ""10.1080/0264041031000140374"", ""verification_status"": ""RESOLVED"", ""verified_title"": ""The coach–athlete relationship: a motivational model"", ""seeded_from"": ""PPBF research program 2026-08-07""}",{{SEED_ACCOUNT_ID}},platform_owner
src_de0903e87713e6fb,{{PPBF_ORG_ID}},A systematic review of the intrapersonal correlates of motivational climate perceptions in sport and physical activity,Psychology of Sport and Exercise,peer_reviewed,2,https://doi.org/10.1016/j.psychsport.2014.11.005,2015-01-01,active,pending_review,unverified,"{""identifier_kind"": ""doi"", ""identifier"": ""10.1016/j.psychsport.2014.11.005"", ""verification_status"": ""RESOLVED"", ""verified_title"": ""A systematic review of the intrapersonal correlates of motivational climate perceptions in sport and physical activity"", ""seeded_from"": ""PPBF research program 2026-08-07""}",{{SEED_ACCOUNT_ID}},platform_owner
src_cc2d7fbbc19c10a5,{{PPBF_ORG_ID}},Effects of a Motivational Climate Intervention for Coaches on Young Athletes’ Sport Performance Anxiety,Journal of Sport and Exercise Psychology,peer_reviewed,3,https://doi.org/10.1123/jsep.29.1.39,2007-01-01,active,pending_review,unverified,"{""identifier_kind"": ""doi"", ""identifier"": ""10.1123/jsep.29.1.39"", ""verification_status"": ""RESOLVED"", ""verified_title"": ""Effects of a Motivational Climate Intervention for Coaches on Young Athletes’ Sport Performance Anxiety"", ""seeded_from"": ""PPBF research program 2026-08-07""}",{{SEED_ACCOUNT_ID}},platform_owner
src_57e1dc8ada1305c4,{{PPBF_ORG_ID}},Initial validation of the coach-created Empowering and Disempowering Motivational Climate Questionnaire (EDMCQ-C),Psychology of Sport and Exercise,peer_reviewed,3,https://doi.org/10.1016/j.psychsport.2015.05.008,2016-01-01,active,pending_review,unverified,"{""identifier_kind"": ""doi"", ""identifier"": ""10.1016/j.psychsport.2015.05.008"", ""verification_status"": ""RESOLVED"", ""verified_title"": ""Initial validation of the coach-created Empowering and Disempowering Motivational Climate Questionnaire (EDMCQ-C)"", ""seeded_from"": ""PPBF research program 2026-08-07""}",{{SEED_ACCOUNT_ID}},platform_owner
src_bd258c91ec311486,{{PPBF_ORG_ID}},The conceptual and empirical foundations of Empowering Coaching™: Setting the stage for the PAPA project,International Journal of Sport and Exercise Psychology,peer_reviewed,3,https://doi.org/10.1080/1612197X.2013.839414,2013-01-01,active,pending_review,unverified,"{""identifier_kind"": ""doi"", ""identifier"": ""10.1080/1612197X.2013.839414"", ""verification_status"": ""RESOLVED"", ""verified_title"": ""The conceptual and empirical foundations of Empowering Coaching™: Setting the stage for the PAPA project"", ""seeded_from"": ""PPBF research program 2026-08-07""}",{{SEED_ACCOUNT_ID}},platform_owner
src_08a98da9096965b2,{{PPBF_ORG_ID}},Participants' perceptions of dimensions of the therapeutic alliance over the course of therapy.,The Journal of psychotherapy practice and research,peer_reviewed,2,https://pubmed.ncbi.nlm.nih.gov/10608908/,2000-01-01,active,pending_review,unverified,"{""identifier_kind"": ""pmid"", ""identifier"": ""10608908"", ""verification_status"": ""RESOLVED"", ""verified_title"": ""Participants' perceptions of dimensions of the therapeutic alliance over the course of therapy."", ""seeded_from"": ""PPBF research program 2026-08-07""}",{{SEED_ACCOUNT_ID}},platform_owner
src_602118c409e4f793,{{PPBF_ORG_ID}},The Relation of Self-Efficacy Measures to Sport Performance: A Meta-Analytic Review,Research Quarterly for Exercise and Sport,peer_reviewed,2,https://doi.org/10.1080/02701367.2000.10608908,2000-01-01,active,pending_review,unverified,"{""identifier_kind"": ""doi"", ""identifier"": ""10.1080/02701367.2000.10608908"", ""verification_status"": ""RESOLVED"", ""verified_title"": ""Participants' perceptions of dimensions of the therapeutic alliance over the course of therapy."", ""seeded_from"": ""PPBF research program 2026-08-07""}",{{SEED_ACCOUNT_ID}},platform_owner
src_077d92101607a54d,{{PPBF_ORG_ID}},Sources of Sport-Confidence: Conceptualization and Instrument Development,Journal of Sport and Exercise Psychology,peer_reviewed,3,https://doi.org/10.1123/jsep.20.1.54,1998-01-01,active,pending_review,unverified,"{""identifier_kind"": ""doi"", ""identifier"": ""10.1123/jsep.20.1.54"", ""verification_status"": ""RESOLVED"", ""verified_title"": ""Sources of Sport-Confidence: Conceptualization and Instrument Development"", ""seeded_from"": ""PPBF research program 2026-08-07""}",{{SEED_ACCOUNT_ID}},platform_owner
src_26e1c16c1b4d7db2,{{PPBF_ORG_ID}},A grounded theory of psychological resilience in Olympic champions,Psychology of Sport and Exercise,peer_reviewed,3,https://doi.org/10.1016/j.psychsport.2012.04.007,2012-01-01,active,pending_review,unverified,"{""identifier_kind"": ""doi"", ""identifier"": ""10.1016/j.psychsport.2012.04.007"", ""verification_status"": ""RESOLVED"", ""verified_title"": ""A grounded theory of psychological resilience in Olympic champions"", ""seeded_from"": ""PPBF research program 2026-08-07""}",{{SEED_ACCOUNT_ID}},platform_owner
src_edd8315aadf1427c,{{PPBF_ORG_ID}},"A novel, non-nucleoside inhibitor of HIV-1 reverse transcriptase.",Advances in experimental medicine and biology,peer_reviewed,2,https://pubmed.ncbi.nlm.nih.gov/1381140/,1992-01-01,active,pending_review,unverified,"{""identifier_kind"": ""pmid"", ""identifier"": ""1381140"", ""verification_status"": ""RESOLVED"", ""verified_title"": ""A novel, non-nucleoside inhibitor of HIV-1 reverse transcriptase."", ""seeded_from"": ""PPBF research program 2026-08-07""}",{{SEED_ACCOUNT_ID}},platform_owner
src_34239cfffe34deef,{{PPBF_ORG_ID}},Stressing the relevance of resilience: a systematic review of resilience across the domains of sport and work,International Review of Sport and Exercise Psychology,peer_reviewed,2,https://doi.org/10.1080/1750984X.2017.1381140,2017-01-01,active,pending_review,unverified,"{""identifier_kind"": ""doi"", ""identifier"": ""10.1080/1750984X.2017.1381140"", ""verification_status"": ""RESOLVED"", ""verified_title"": ""A novel, non-nucleoside inhibitor of HIV-1 reverse transcriptase."", ""seeded_from"": ""PPBF research program 2026-08-07""}",{{SEED_ACCOUNT_ID}},platform_owner
src_b70d9cb66b517aef,{{PPBF_ORG_ID}},Individual Zones of Optimal Functioning (IZOF) Model,Emotions in Sport,peer_reviewed,3,https://doi.org/10.5040/9781492596233.ch-003,2000-01-01,active,pending_review,unverified,"{""identifier_kind"": ""doi"", ""identifier"": ""10.5040/9781492596233.ch-003"", ""verification_status"": ""RESOLVED"", ""verified_title"": ""Individual Zones of Optimal Functioning (IZOF) Model"", ""seeded_from"": ""PPBF research program 2026-08-07""}",{{SEED_ACCOUNT_ID}},platform_owner
src_a408be99a31af621,{{PPBF_ORG_ID}},Testing the Predictions of the Cusp Catastrophe Model of Anxiety and Performance,The Sport Psychologist,peer_reviewed,3,https://doi.org/10.1123/tsp.10.2.140,1996-01-01,active,pending_review,unverified,"{""identifier_kind"": ""doi"", ""identifier"": ""10.1123/tsp.10.2.140"", ""verification_status"": ""RESOLVED"", ""verified_title"": ""Testing the Predictions of the Cusp Catastrophe Model of Anxiety and Performance"", ""seeded_from"": ""PPBF research program 2026-08-07""}",{{SEED_ACCOUNT_ID}},platform_owner
src_663c351eda28f42a,{{PPBF_ORG_ID}},Intensity and Direction as Dimensions of Competitive State Anxiety and Relationships with Competitiveness,Perceptual and Motor Skills,peer_reviewed,3,https://doi.org/10.2466/pms.1992.74.2.467,1992-01-01,active,pending_review,unverified,"{""identifier_kind"": ""doi"", ""identifier"": ""10.2466/pms.1992.74.2.467"", ""verification_status"": ""RESOLVED"", ""verified_title"": ""Intensity and Direction as Dimensions of Competitive State Anxiety and Relationships with Competitiveness"", ""seeded_from"": ""PPBF research program 2026-08-07""}",{{SEED_ACCOUNT_ID}},platform_owner
src_51c5a75f273dcb5b,{{PPBF_ORG_ID}},Anxiety and cognitive performance: Attentional control theory.,Emotion,peer_reviewed,3,https://doi.org/10.1037/1528-3542.7.2.336,2007-01-01,active,pending_review,unverified,"{""identifier_kind"": ""doi"", ""identifier"": ""10.1037/1528-3542.7.2.336"", ""verification_status"": ""RESOLVED"", ""verified_title"": ""Anxiety and cognitive performance: Attentional control theory."", ""seeded_from"": ""PPBF research program 2026-08-07""}",{{SEED_ACCOUNT_ID}},platform_owner
src_6ba45f32839a538d,{{PPBF_ORG_ID}},Determinants of anxiety in elite athletes: a systematic review and meta-analysis,British Journal of Sports Medicine,peer_reviewed,2,https://doi.org/10.1136/bjsports-2019-100620,2019-01-01,active,pending_review,unverified,"{""identifier_kind"": ""doi"", ""identifier"": ""10.1136/bjsports-2019-100620"", ""verification_status"": ""RESOLVED"", ""verified_title"": ""Determinants of anxiety in elite athletes: a systematic review and meta-analysis"", ""seeded_from"": ""PPBF research program 2026-08-07""}",{{SEED_ACCOUNT_ID}},platform_owner
src_2cf0ad7eb53ffc1d,{{PPBF_ORG_ID}},On the fragility of skilled performance: What governs choking under pressure?,Journal of Experimental Psychology: General,peer_reviewed,3,https://doi.org/10.1037/0096-3445.130.4.701,2001-01-01,active,pending_review,unverified,"{""identifier_kind"": ""doi"", ""identifier"": ""10.1037/0096-3445.130.4.701"", ""verification_status"": ""RESOLVED"", ""verified_title"": ""On the fragility of skilled performance: What governs choking under pressure?"", ""seeded_from"": ""PPBF research program 2026-08-07""}",{{SEED_ACCOUNT_ID}},platform_owner
src_1acc381bc76dde07,{{PPBF_ORG_ID}},Analysis of temperature-sensitive functions of Fos: lack of a correlation between transformation and TRE-dependent trans-activation.,Oncogene,peer_reviewed,2,https://pubmed.ncbi.nlm.nih.gov/1408134/,1992-01-01,active,pending_review,unverified,"{""identifier_kind"": ""pmid"", ""identifier"": ""1408134"", ""verification_status"": ""RESOLVED"", ""verified_title"": ""Analysis of temperature-sensitive functions of Fos: lack of a correlation between transformation and TRE-dependent trans-activation."", ""seeded_from"": ""PPBF research program 2026-08-07""}",{{SEED_ACCOUNT_ID}},platform_owner
src_c740fb249ff4544a,{{PPBF_ORG_ID}},Choking interventions in sports: A systematic review,International Review of Sport and Exercise Psychology,peer_reviewed,2,https://doi.org/10.1080/1750984X.2017.1408134,2017-01-01,active,pending_review,unverified,"{""identifier_kind"": ""doi"", ""identifier"": ""10.1080/1750984X.2017.1408134"", ""verification_status"": ""RESOLVED"", ""verified_title"": ""Analysis of temperature-sensitive functions of Fos: lack of a correlation between transformation and TRE-dependent trans-activation."", ""seeded_from"": ""PPBF research program 2026-08-07""}",{{SEED_ACCOUNT_ID}},platform_owner
src_d09d5ea01fabf897,{{PPBF_ORG_ID}},Genes for Drosophila small heat shock proteins are regulated differently by ecdysterone.,Molecular and cellular biology,peer_reviewed,2,https://pubmed.ncbi.nlm.nih.gov/1944271/,1991-01-01,active,pending_review,unverified,"{""identifier_kind"": ""pmid"", ""identifier"": ""1944271"", ""verification_status"": ""RESOLVED"", ""verified_title"": ""Genes for Drosophila small heat shock proteins are regulated differently by ecdysterone."", ""seeded_from"": ""PPBF research program 2026-08-07""}",{{SEED_ACCOUNT_ID}},platform_owner
src_74442147ceeb2f1b,{{PPBF_ORG_ID}},The effectiveness of pre-performance routines in sports: a meta-analysis,International Review of Sport and Exercise Psychology,peer_reviewed,2,https://doi.org/10.1080/1750984X.2021.1944271,2021-01-01,active,pending_review,unverified,"{""identifier_kind"": ""doi"", ""identifier"": ""10.1080/1750984X.2021.1944271"", ""verification_status"": ""RESOLVED"", ""verified_title"": ""Genes for Drosophila small heat shock proteins are regulated differently by ecdysterone."", ""seeded_from"": ""PPBF research program 2026-08-07""}",{{SEED_ACCOUNT_ID}},platform_owner
src_df6ef82263ec60d2,{{PPBF_ORG_ID}},Evolving spectrum of mortality and morbidity in SLE.,Lupus,peer_reviewed,3,https://pubmed.ncbi.nlm.nih.gov/10413200/,1999-01-01,active,pending_review,unverified,"{""identifier_kind"": ""pmid"", ""identifier"": ""10413200"", ""verification_status"": ""RESOLVED"", ""verified_title"": ""Evolving spectrum of mortality and morbidity in SLE."", ""seeded_from"": ""PPBF research program 2026-08-07""}",{{SEED_ACCOUNT_ID}},platform_owner
src_4cbb9cce7be56a89,{{PPBF_ORG_ID}},A Comparison of Different Pre-Performance Routines as Possible Choking Interventions,Journal of Applied Sport Psychology,peer_reviewed,3,https://doi.org/10.1080/10413200.2010.491780,2010-01-01,active,pending_review,unverified,"{""identifier_kind"": ""doi"", ""identifier"": ""10.1080/10413200.2010.491780"", ""verification_status"": ""RESOLVED"", ""verified_title"": ""Evolving spectrum of mortality and morbidity in SLE."", ""seeded_from"": ""PPBF research program 2026-08-07""}",{{SEED_ACCOUNT_ID}},platform_owner
src_5ff45f915ed8e781,{{PPBF_ORG_ID}},Self-Talk and Sports Performance,Perspectives on Psychological Science,peer_reviewed,3,https://doi.org/10.1177/1745691611413136,2011-01-01,active,pending_review,unverified,"{""identifier_kind"": ""doi"", ""identifier"": ""10.1177/1745691611413136"", ""verification_status"": ""RESOLVED"", ""verified_title"": ""Self-Talk and Sports Performance"", ""seeded_from"": ""PPBF research program 2026-08-07""}",{{SEED_ACCOUNT_ID}},platform_owner
src_1dea9ded43f64625,{{PPBF_ORG_ID}},Effects of Psychological and Psychosocial Interventions on Sport Performance: A Meta-Analysis,Sports Medicine,peer_reviewed,2,https://doi.org/10.1007/s40279-016-0552-7,2016-01-01,active,pending_review,unverified,"{""identifier_kind"": ""doi"", ""identifier"": ""10.1007/s40279-016-0552-7"", ""verification_status"": ""RESOLVED"", ""verified_title"": ""Effects of Psychological and Psychosocial Interventions on Sport Performance: A Meta-Analysis"", ""seeded_from"": ""PPBF research program 2026-08-07""}",{{SEED_ACCOUNT_ID}},platform_owner
src_4137b9d676da4545,{{PPBF_ORG_ID}},Sport psychology and performance meta-analyses: A systematic review of the literature,PLOS ONE,peer_reviewed,2,https://doi.org/10.1371/journal.pone.0263408,2022-01-01,active,pending_review,unverified,"{""identifier_kind"": ""doi"", ""identifier"": ""10.1371/journal.pone.0263408"", ""verification_status"": ""RESOLVED"", ""verified_title"": ""Sport psychology and performance meta-analyses: A systematic review of the literature"", ""seeded_from"": ""PPBF research program 2026-08-07""}",{{SEED_ACCOUNT_ID}},platform_owner
src_0583a40df72113d0,{{PPBF_ORG_ID}},Quiet Eye and Performance in Sport: A Meta-Analysis,Journal of Sport and Exercise Psychology,peer_reviewed,2,https://doi.org/10.1123/jsep.2015-0123,2016-01-01,active,pending_review,unverified,"{""identifier_kind"": ""doi"", ""identifier"": ""10.1123/jsep.2015-0123"", ""verification_status"": ""RESOLVED"", ""verified_title"": ""Quiet Eye and Performance in Sport: A Meta-Analysis"", ""seeded_from"": ""PPBF research program 2026-08-07""}",{{SEED_ACCOUNT_ID}},platform_owner
src_f9c2d7a358139df6,{{PPBF_ORG_ID}},The Effects of Mental Fatigue on Physical Performance: A Systematic Review,Sports Medicine,peer_reviewed,2,https://doi.org/10.1007/s40279-016-0672-0,2017-01-01,active,pending_review,unverified,"{""identifier_kind"": ""doi"", ""identifier"": ""10.1007/s40279-016-0672-0"", ""verification_status"": ""RESOLVED"", ""verified_title"": ""The Effects of Mental Fatigue on Physical Performance: A Systematic Review"", ""seeded_from"": ""PPBF research program 2026-08-07""}",{{SEED_ACCOUNT_ID}},platform_owner
src_eb23a2e2124856a8,{{PPBF_ORG_ID}},Does mental fatigue affect skilled performance in athletes? A systematic review,PLOS ONE,peer_reviewed,2,https://doi.org/10.1371/journal.pone.0258307,2021-01-01,active,pending_review,unverified,"{""identifier_kind"": ""doi"", ""identifier"": ""10.1371/journal.pone.0258307"", ""verification_status"": ""RESOLVED"", ""verified_title"": ""Does mental fatigue affect skilled performance in athletes? A systematic review"", ""seeded_from"": ""PPBF research program 2026-08-07""}",{{SEED_ACCOUNT_ID}},platform_owner
src_8efb6586eed9ec53,{{PPBF_ORG_ID}},Systemic and renal fibrinolytic activity in a patient with anticardiolipin syndrome and renal thrombotic microangiopathy.,American journal of nephrology,peer_reviewed,2,https://pubmed.ncbi.nlm.nih.gov/2116723/,1990-01-01,active,pending_review,unverified,"{""identifier_kind"": ""pmid"", ""identifier"": ""2116723"", ""verification_status"": ""RESOLVED"", ""verified_title"": ""Systemic and renal fibrinolytic activity in a patient with anticardiolipin syndrome and renal thrombotic microangiopathy."", ""seeded_from"": ""PPBF research program 2026-08-07""}",{{SEED_ACCOUNT_ID}},platform_owner
src_76ac77b073eabe99,{{PPBF_ORG_ID}},The performance and psychological effects of goal setting in sport: A systematic review and meta-analysis,International Review of Sport and Exercise Psychology,peer_reviewed,2,https://doi.org/10.1080/1750984X.2022.2116723,2022-01-01,active,pending_review,unverified,"{""identifier_kind"": ""doi"", ""identifier"": ""10.1080/1750984X.2022.2116723"", ""verification_status"": ""RESOLVED"", ""verified_title"": ""Systemic and renal fibrinolytic activity in a patient with anticardiolipin syndrome and renal thrombotic microangiopathy."", ""seeded_from"": ""PPBF research program 2026-08-07""}",{{SEED_ACCOUNT_ID}},platform_owner
src_9a5aac26caf0b9a2,{{PPBF_ORG_ID}},Haemophilus infection in cystic fibrosis.,Archives of disease in childhood,peer_reviewed,3,https://pubmed.ncbi.nlm.nih.gov/2185699/,1990-01-01,active,pending_review,unverified,"{""identifier_kind"": ""pmid"", ""identifier"": ""2185699"", ""verification_status"": ""RESOLVED"", ""verified_title"": ""Evolving spectrum of mortality and morbidity in SLE."", ""seeded_from"": ""PPBF research program 2026-08-07""}",{{SEED_ACCOUNT_ID}},platform_owner
src_a5bcba72effc405c,{{PPBF_ORG_ID}},"The what, why, and how of goal setting: A review of the goal-setting process in applied sport psychology practice",Journal of Applied Sport Psychology,peer_reviewed,3,https://doi.org/10.1080/10413200.2023.2185699,2023-01-01,active,pending_review,unverified,"{""identifier_kind"": ""doi"", ""identifier"": ""10.1080/10413200.2023.2185699"", ""verification_status"": ""RESOLVED"", ""verified_title"": ""Evolving spectrum of mortality and morbidity in SLE."", ""seeded_from"": ""PPBF research program 2026-08-07""}",{{SEED_ACCOUNT_ID}},platform_owner
src_c37f8d20faa0de0b,{{PPBF_ORG_ID}},Estradiol modulation of plasminogen activator production in organ cultures of human breast carcinomas: correlation with clinical outcome of anti-estrogen therapy.,International journal of cancer,peer_reviewed,2,https://pubmed.ncbi.nlm.nih.gov/1901298/,1991-01-01,active,pending_review,unverified,"{""identifier_kind"": ""pmid"", ""identifier"": ""1901298"", ""verification_status"": ""RESOLVED"", ""verified_title"": ""Estradiol modulation of plasminogen activator production in organ cultures of human breast carcinomas: correlation with clinical outcome of anti-estrogen therapy."", ""seeded_from"": ""PPBF research program 2026-08-07""}",{{SEED_ACCOUNT_ID}},platform_owner
src_05f7ffab242829ca,{{PPBF_ORG_ID}},The application of Goal Setting Theory to goal setting interventions in sport: a systematic review,International Review of Sport and Exercise Psychology,peer_reviewed,2,https://doi.org/10.1080/1750984X.2021.1901298,2021-01-01,active,pending_review,unverified,"{""identifier_kind"": ""doi"", ""identifier"": ""10.1080/1750984X.2021.1901298"", ""verification_status"": ""RESOLVED"", ""verified_title"": ""Estradiol modulation of plasminogen activator production in organ cultures of human breast carcinomas: correlation with clinical outcome of anti-estrogen therapy."", ""seeded_from"": ""PPBF research program 2026-08-07""}",{{SEED_ACCOUNT_ID}},platform_owner
src_42a0c335bca19252,{{PPBF_ORG_ID}},The in vivo study of cardiac mechano-electric and mechano-mechanical coupling during heart development in zebrafish.,Frontiers in physiology,peer_reviewed,3,https://pubmed.ncbi.nlm.nih.gov/37007999/,2023-01-01,active,pending_review,unverified,"{""identifier_kind"": ""pmid"", ""identifier"": ""37007999"", ""verification_status"": ""RESOLVED"", ""verified_title"": ""The in vivo study of cardiac mechano-electric and mechano-mechanical coupling during heart development in zebrafish."", ""seeded_from"": ""PPBF research program 2026-08-07""}",{{SEED_ACCOUNT_ID}},platform_owner
src_5f331ce983e664b5,{{PPBF_ORG_ID}},Goals Gone Wild: The Systematic Side Effects of Overprescribing Goal Setting,Academy of Management Perspectives,peer_reviewed,3,https://doi.org/10.5465/amp.2009.37007999,2009-01-01,active,pending_review,unverified,"{""identifier_kind"": ""doi"", ""identifier"": ""10.5465/amp.2009.37007999"", ""verification_status"": ""RESOLVED"", ""verified_title"": ""The in vivo study of cardiac mechano-electric and mechano-mechanical coupling during heart development in zebrafish."", ""seeded_from"": ""PPBF research program 2026-08-07""}",{{SEED_ACCOUNT_ID}},platform_owner
src_d4109fc54d7aa35e,{{PPBF_ORG_ID}},Building a practically useful theory of goal setting and task motivation: A 35-year odyssey.,American Psychologist,peer_reviewed,3,https://doi.org/10.1037/0003-066X.57.9.705,2002-01-01,active,pending_review,unverified,"{""identifier_kind"": ""doi"", ""identifier"": ""10.1037/0003-066X.57.9.705"", ""verification_status"": ""RESOLVED"", ""verified_title"": ""Building a practically useful theory of goal setting and task motivation: A 35-year odyssey."", ""seeded_from"": ""PPBF research program 2026-08-07""}",{{SEED_ACCOUNT_ID}},platform_owner
src_1ba258574d592437,{{PPBF_ORG_ID}},The Athletic Identity Measurement Scale: A Systematic Review with Meta-Analysis from 1993 to 2021,"European Journal of Investigation in Health, Psychology and Education",peer_reviewed,2,https://doi.org/10.3390/ejihpe12090097,2022-01-01,active,pending_review,unverified,"{""identifier_kind"": ""doi"", ""identifier"": ""10.3390/ejihpe12090097"", ""verification_status"": ""RESOLVED"", ""verified_title"": ""The Athletic Identity Measurement Scale: A Systematic Review with Meta-Analysis from 1993 to 2021"", ""seeded_from"": ""PPBF research program 2026-08-07""}",{{SEED_ACCOUNT_ID}},platform_owner
src_455000ca3921371e,{{PPBF_ORG_ID}},A Systematic Literature Review on the Academic and Athletic Identities of Student-Athletes,Journal of Intercollegiate Sport,peer_reviewed,2,https://doi.org/10.17161/jis.v13i1.13502,2020-01-01,active,pending_review,unverified,"{""identifier_kind"": ""doi"", ""identifier"": ""10.17161/jis.v13i1.13502"", ""verification_status"": ""RESOLVED"", ""verified_title"": ""A Systematic Literature Review on the Academic and Athletic Identities of Student-Athletes"", ""seeded_from"": ""PPBF research program 2026-08-07""}",{{SEED_ACCOUNT_ID}},platform_owner
src_637a272e55a0559f,{{PPBF_ORG_ID}},Athletes' career transition out of sport: a systematic review,International Review of Sport and Exercise Psychology,peer_reviewed,2,https://doi.org/10.1080/1750984X.2012.687053,2012-01-01,active,pending_review,unverified,"{""identifier_kind"": ""doi"", ""identifier"": ""10.1080/1750984X.2012.687053"", ""verification_status"": ""RESOLVED"", ""verified_title"": ""Athletes' career transition out of sport: a systematic review"", ""seeded_from"": ""PPBF research program 2026-08-07""}",{{SEED_ACCOUNT_ID}},platform_owner
src_0b093ef8f2a297d9,{{PPBF_ORG_ID}},Development and Preliminary Validation of an Athlete Burnout Measure,Journal of Sport and Exercise Psychology,peer_reviewed,3,https://doi.org/10.1123/jsep.23.4.281,2001-01-01,active,pending_review,unverified,"{""identifier_kind"": ""doi"", ""identifier"": ""10.1123/jsep.23.4.281"", ""verification_status"": ""RESOLVED"", ""verified_title"": ""Development and Preliminary Validation of an Athlete Burnout Measure"", ""seeded_from"": ""PPBF research program 2026-08-07""}",{{SEED_ACCOUNT_ID}},platform_owner
src_174f96a27eff2275,{{PPBF_ORG_ID}},Burnout in Sport: A Systematic Review,The Sport Psychologist,peer_reviewed,2,https://doi.org/10.1123/tsp.21.2.127,2007-01-01,active,pending_review,unverified,"{""identifier_kind"": ""doi"", ""identifier"": ""10.1123/tsp.21.2.127"", ""verification_status"": ""RESOLVED"", ""verified_title"": ""Burnout in Sport: A Systematic Review"", ""seeded_from"": ""PPBF research program 2026-08-07""}",{{SEED_ACCOUNT_ID}},platform_owner
src_5a9e3ec8bdf57b4b,{{PPBF_ORG_ID}},Athlete Burnout and the Risk of Dropout Among Young Elite Handball Players,The Sport Psychologist,peer_reviewed,3,https://doi.org/10.1123/tsp.2014-0140,2016-01-01,active,pending_review,unverified,"{""identifier_kind"": ""doi"", ""identifier"": ""10.1123/tsp.2014-0140"", ""verification_status"": ""RESOLVED"", ""verified_title"": ""Athlete Burnout and the Risk of Dropout Among Young Elite Handball Players"", ""seeded_from"": ""PPBF research program 2026-08-07""}",{{SEED_ACCOUNT_ID}},platform_owner
src_b1999e45c85bae34,{{PPBF_ORG_ID}},Overuse injuries and burnout in youth sports: a position statement from the American Medical Society for Sports Medicine,British Journal of Sports Medicine,peer_reviewed,3,https://doi.org/10.1136/bjsports-2013-093299,2014-01-01,active,pending_review,unverified,"{""identifier_kind"": ""doi"", ""identifier"": ""10.1136/bjsports-2013-093299"", ""verification_status"": ""RESOLVED"", ""verified_title"": ""Overuse injuries and burnout in youth sports: a position statement from the American Medical Society for Sports Medicine"", ""seeded_from"": ""PPBF research program 2026-08-07""}",{{SEED_ACCOUNT_ID}},platform_owner
src_82654596d7400a09,{{PPBF_ORG_ID}},Mental health in elite athletes: International Olympic Committee consensus statement (2019),British Journal of Sports Medicine,clinical_guideline,1,https://doi.org/10.1136/bjsports-2019-100715,2019-01-01,active,pending_review,unverified,"{""identifier_kind"": ""doi"", ""identifier"": ""10.1136/bjsports-2019-100715"", ""verification_status"": ""RESOLVED"", ""verified_title"": ""Mental health in elite athletes: International Olympic Committee consensus statement (2019)"", ""seeded_from"": ""PPBF research program 2026-08-07""}",{{SEED_ACCOUNT_ID}},platform_owner
src_e9d7cbf592c58edc,{{PPBF_ORG_ID}},International Olympic Committee (IOC) Sport Mental Health Assessment Tool 1 (SMHAT-1) and Sport Mental Health Recognition Tool 1 (SMHRT-1): towards better support of athletes’ mental health,British Journal of Sports Medicine,peer_reviewed,3,https://doi.org/10.1136/bjsports-2020-102411,2020-01-01,active,pending_review,unverified,"{""identifier_kind"": ""doi"", ""identifier"": ""10.1136/bjsports-2020-102411"", ""verification_status"": ""RESOLVED"", ""verified_title"": ""International Olympic Committee (IOC) Sport Mental Health Assessment Tool 1 (SMHAT-1) and Sport Mental Health Recognition Tool 1 (SMHRT-1): towards better support of athletes’ mental health"", ""seeded_from"": ""PPBF research program 2026-08-07""}",{{SEED_ACCOUNT_ID}},platform_owner
src_b9ecf7ace3467f0e,{{PPBF_ORG_ID}},Occurrence of mental health symptoms and disorders in current and former elite athletes: a systematic review and meta-analysis,British Journal of Sports Medicine,peer_reviewed,2,https://doi.org/10.1136/bjsports-2019-100671,2019-01-01,active,pending_review,unverified,"{""identifier_kind"": ""doi"", ""identifier"": ""10.1136/bjsports-2019-100671"", ""verification_status"": ""RESOLVED"", ""verified_title"": ""Occurrence of mental health symptoms and disorders in current and former elite athletes: a systematic review and meta-analysis"", ""seeded_from"": ""PPBF research program 2026-08-07""}",{{SEED_ACCOUNT_ID}},platform_owner
src_9c610dc2a08b0b47,{{PPBF_ORG_ID}},"A systematic review of interventions to increase awareness of mental health and well-being in athletes, coaches and officials",Systematic Reviews,peer_reviewed,2,https://doi.org/10.1186/s13643-017-0568-6,2017-01-01,active,pending_review,unverified,"{""identifier_kind"": ""doi"", ""identifier"": ""10.1186/s13643-017-0568-6"", ""verification_status"": ""RESOLVED"", ""verified_title"": ""A systematic review of interventions to increase awareness of mental health and well-being in athletes, coaches and officials"", ""seeded_from"": ""PPBF research program 2026-08-07""}",{{SEED_ACCOUNT_ID}},platform_owner
src_f195507be61e25f0,{{PPBF_ORG_ID}},The impact of psychological readiness to return to sport and recreational activities after anterior cruciate ligament reconstruction,British Journal of Sports Medicine,peer_reviewed,2,https://doi.org/10.1136/bjsports-2014-093842,2014-01-01,active,pending_review,unverified,"{""identifier_kind"": ""doi"", ""identifier"": ""10.1136/bjsports-2014-093842"", ""verification_status"": ""RESOLVED"", ""verified_title"": ""The impact of psychological readiness to return to sport and recreational activities after anterior cruciate ligament reconstruction"", ""seeded_from"": ""PPBF research program 2026-08-07""}",{{SEED_ACCOUNT_ID}},platform_owner
src_b0f6adeaf100acfc,{{PPBF_ORG_ID}},Development and preliminary validation of a scale to measure the psychological impact of returning to sport following anterior cruciate ligament reconstruction surgery,Physical Therapy in Sport,peer_reviewed,3,https://doi.org/10.1016/j.ptsp.2007.09.003,2008-01-01,active,pending_review,unverified,"{""identifier_kind"": ""doi"", ""identifier"": ""10.1016/j.ptsp.2007.09.003"", ""verification_status"": ""RESOLVED"", ""verified_title"": ""Development and preliminary validation of a scale to measure the psychological impact of returning to sport following anterior cruciate ligament reconstruction surgery"", ""seeded_from"": ""PPBF research program 2026-08-07""}",{{SEED_ACCOUNT_ID}},platform_owner
src_a7aaef07cd2cde83,{{PPBF_ORG_ID}},Psychometric properties of the TSK-11: A shortened version of the Tampa Scale for Kinesiophobia,Pain,peer_reviewed,3,https://doi.org/10.1016/j.pain.2005.05.029,2005-01-01,active,pending_review,unverified,"{""identifier_kind"": ""doi"", ""identifier"": ""10.1016/j.pain.2005.05.029"", ""verification_status"": ""RESOLVED"", ""verified_title"": ""Psychometric properties of the TSK-11: A shortened version of the Tampa Scale for Kinesiophobia"", ""seeded_from"": ""PPBF research program 2026-08-07""}",{{SEED_ACCOUNT_ID}},platform_owner
src_44e684df377ae921,{{PPBF_ORG_ID}},INSUFFICIENT EVIDENCE — no qualifying source located,,other,5,,,active,pending_review,unverified,"{""identifier_kind"": ""noid"", ""identifier"": ""A4-051"", ""verification_status"": ""NO_IDENTIFIER_BY_DESIGN"", ""verified_title"": """", ""seeded_from"": ""PPBF research program 2026-08-07""}",{{SEED_ACCOUNT_ID}},platform_owner
src_8e03fc7871423501,{{PPBF_ORG_ID}},Effects of martial arts and combat sports training on anger and aggression: A systematic review,Aggression and Violent Behavior,peer_reviewed,2,https://doi.org/10.1016/j.avb.2021.101611,2021-01-01,active,pending_review,unverified,"{""identifier_kind"": ""doi"", ""identifier"": ""10.1016/j.avb.2021.101611"", ""verification_status"": ""RESOLVED"", ""verified_title"": ""Effects of martial arts and combat sports training on anger and aggression: A systematic review"", ""seeded_from"": ""PPBF research program 2026-08-07""}",{{SEED_ACCOUNT_ID}},platform_owner
src_593b909a4b70e9e2,{{PPBF_ORG_ID}},Participation in power sports and antisocial involvement in preadolescent and adolescent boys,Journal of Child Psychology and Psychiatry,peer_reviewed,3,https://doi.org/10.1111/j.1469-7610.2005.00414.x,2005-01-01,active,pending_review,unverified,"{""identifier_kind"": ""doi"", ""identifier"": ""10.1111/j.1469-7610.2005.00414.x"", ""verification_status"": ""RESOLVED"", ""verified_title"": ""Participation in power sports and antisocial involvement in preadolescent and adolescent boys"", ""seeded_from"": ""PPBF research program 2026-08-07""}",{{SEED_ACCOUNT_ID}},platform_owner
src_8be3207ef693614f,{{PPBF_ORG_ID}},The Way of the Warrior: The Effects of Traditional Martial Arts Training on Aggressiveness,Human Relations,peer_reviewed,3,https://doi.org/10.1177/001872678103400601,1981-01-01,active,pending_review,unverified,"{""identifier_kind"": ""doi"", ""identifier"": ""10.1177/001872678103400601"", ""verification_status"": ""RESOLVED"", ""verified_title"": ""The Way of the Warrior: The Effects of Traditional Martial Arts Training on Aggressiveness"", ""seeded_from"": ""PPBF research program 2026-08-07""}",{{SEED_ACCOUNT_ID}},platform_owner
src_b2fe52e010fe7c4f,{{PPBF_ORG_ID}},Sports Participation and Juvenile Delinquency: A Meta-Analytic Review,Journal of Youth and Adolescence,peer_reviewed,3,https://doi.org/10.1007/s10964-015-0389-7,2015-01-01,active,pending_review,unverified,"{""identifier_kind"": ""doi"", ""identifier"": ""10.1007/s10964-015-0389-7"", ""verification_status"": ""RESOLVED"", ""verified_title"": ""Sports Participation and Juvenile Delinquency: A Meta-Analytic Review"", ""seeded_from"": ""PPBF research program 2026-08-07""}",{{SEED_ACCOUNT_ID}},platform_owner
src_f31a89700e8e9a36,{{PPBF_ORG_ID}},The Prosocial and Antisocial Behavior in Sport Scale,Journal of Sport and Exercise Psychology,peer_reviewed,3,https://doi.org/10.1123/jsep.31.1.97,2009-01-01,active,pending_review,unverified,"{""identifier_kind"": ""doi"", ""identifier"": ""10.1123/jsep.31.1.97"", ""verification_status"": ""RESOLVED"", ""verified_title"": ""The Prosocial and Antisocial Behavior in Sport Scale"", ""seeded_from"": ""PPBF research program 2026-08-07""}",{{SEED_ACCOUNT_ID}},platform_owner
src_a2b8eb4fb6b9bdc8,{{PPBF_ORG_ID}},The Coach–Athlete Relationship Questionnaire (CART‐Q): development and initial validation,Scandinavian Journal of Medicine &amp; Science in Sports,peer_reviewed,3,https://doi.org/10.1111/j.1600-0838.2003.00338.x,2003-01-01,active,pending_review,unverified,"{""identifier_kind"": ""doi"", ""identifier"": ""10.1111/j.1600-0838.2003.00338.x"", ""verification_status"": ""RESOLVED"", ""verified_title"": ""The Coach–Athlete Relationship Questionnaire (CART‐Q): development and initial validation"", ""seeded_from"": ""PPBF research program 2026-08-07""}",{{SEED_ACCOUNT_ID}},platform_owner
src_4b89ee26ac5c58ad,{{PPBF_ORG_ID}},Creating the conditions for psychological safety and its impact on quality coach-athlete relationships,Psychology of Sport and Exercise,peer_reviewed,3,https://doi.org/10.1016/j.psychsport.2022.102363,2023-01-01,active,pending_review,unverified,"{""identifier_kind"": ""doi"", ""identifier"": ""10.1016/j.psychsport.2022.102363"", ""verification_status"": ""RESOLVED"", ""verified_title"": ""Creating the conditions for psychological safety and its impact on quality coach-athlete relationships"", ""seeded_from"": ""PPBF research program 2026-08-07""}",{{SEED_ACCOUNT_ID}},platform_owner
src_63391d3d26663b3c,{{PPBF_ORG_ID}},A Pilot Test of Transformational Leadership Training for Sports Coaches: Impact on the Developmental Experiences of Adolescent Athletes,International Journal of Sports Science &amp; Coaching,peer_reviewed,3,https://doi.org/10.1260/1747-9541.8.3.513,2013-01-01,active,pending_review,unverified,"{""identifier_kind"": ""doi"", ""identifier"": ""10.1260/1747-9541.8.3.513"", ""verification_status"": ""RESOLVED"", ""verified_title"": ""A Pilot Test of Transformational Leadership Training for Sports Coaches: Impact on the Developmental Experiences of Adolescent Athletes"", ""seeded_from"": ""PPBF research program 2026-08-07""}",{{SEED_ACCOUNT_ID}},platform_owner
src_b481f50c627b4170,{{PPBF_ORG_ID}},International Olympic Committee consensus statement: harassment and abuse (non-accidental violence) in sport,British Journal of Sports Medicine,clinical_guideline,1,https://doi.org/10.1136/bjsports-2016-096121,2016-01-01,active,pending_review,unverified,"{""identifier_kind"": ""doi"", ""identifier"": ""10.1136/bjsports-2016-096121"", ""verification_status"": ""RESOLVED"", ""verified_title"": ""International Olympic Committee consensus statement: harassment and abuse (non-accidental violence) in sport"", ""seeded_from"": ""PPBF research program 2026-08-07""}",{{SEED_ACCOUNT_ID}},platform_owner
src_523ee19c44703aee,{{PPBF_ORG_ID}},IOC consensus statement: interpersonal violence and safeguarding in sport,British Journal of Sports Medicine,clinical_guideline,1,https://doi.org/10.1136/bjsports-2024-108766,2024-01-01,active,pending_review,unverified,"{""identifier_kind"": ""doi"", ""identifier"": ""10.1136/bjsports-2024-108766"", ""verification_status"": ""RESOLVED"", ""verified_title"": ""IOC consensus statement: interpersonal violence and safeguarding in sport"", ""seeded_from"": ""PPBF research program 2026-08-07""}",{{SEED_ACCOUNT_ID}},platform_owner
src_00c5cf14f2692175,{{PPBF_ORG_ID}},"Safeguarding the child athlete in sport: a review, a framework and recommendations for the IOC youth athlete development model",British Journal of Sports Medicine,peer_reviewed,3,https://doi.org/10.1136/bjsports-2015-094619,2015-01-01,active,pending_review,unverified,"{""identifier_kind"": ""doi"", ""identifier"": ""10.1136/bjsports-2015-094619"", ""verification_status"": ""RESOLVED"", ""verified_title"": ""Safeguarding the child athlete in sport: a review, a framework and recommendations for the IOC youth athlete development model"", ""seeded_from"": ""PPBF research program 2026-08-07""}",{{SEED_ACCOUNT_ID}},platform_owner
src_0d103bfe6bedf7ca,{{PPBF_ORG_ID}},Prevalence of interpersonal violence against children in sport in six European countries,Child Abuse &amp; Neglect,peer_reviewed,3,https://doi.org/10.1016/j.chiabu.2023.106513,2023-01-01,active,pending_review,unverified,"{""identifier_kind"": ""doi"", ""identifier"": ""10.1016/j.chiabu.2023.106513"", ""verification_status"": ""RESOLVED"", ""verified_title"": ""Prevalence of interpersonal violence against children in sport in six European countries"", ""seeded_from"": ""PPBF research program 2026-08-07""}",{{SEED_ACCOUNT_ID}},platform_owner
src_b1a1e5055bdab073,{{PPBF_ORG_ID}},"Psychological, Physical, and Sexual Violence Against Children in Australian Community Sport: Frequency, Perpetrator, and Victim Characteristics",Journal of Interpersonal Violence,peer_reviewed,3,https://doi.org/10.1177/08862605221114155,2022-01-01,active,pending_review,unverified,"{""identifier_kind"": ""doi"", ""identifier"": ""10.1177/08862605221114155"", ""verification_status"": ""RESOLVED"", ""verified_title"": ""Psychological, Physical, and Sexual Violence Against Children in Australian Community Sport: Frequency, Perpetrator, and Victim Characteristics"", ""seeded_from"": ""PPBF research program 2026-08-07""}",{{SEED_ACCOUNT_ID}},platform_owner
src_c4b46cb1f0db8c97,{{PPBF_ORG_ID}},Chronic pain in the classroom: teachers' attributions about the causes of chronic pain.,The Journal of school health,peer_reviewed,3,https://pubmed.ncbi.nlm.nih.gov/17430437/,2007-01-01,active,pending_review,unverified,"{""identifier_kind"": ""pmid"", ""identifier"": ""17430437"", ""verification_status"": ""RESOLVED"", ""verified_title"": ""Chronic pain in the classroom: teachers' attributions about the causes of chronic pain."", ""seeded_from"": ""PPBF research program 2026-08-07""}",{{SEED_ACCOUNT_ID}},platform_owner
src_055eed241e48688d,{{PPBF_ORG_ID}},Rates of dissociation of steroid and thyroid hormones from human serum albumin.,The Journal of steroid biochemistry and molecular biology,peer_reviewed,3,https://pubmed.ncbi.nlm.nih.gov/2268555/,1990-01-01,active,pending_review,unverified,"{""identifier_kind"": ""pmid"", ""identifier"": ""2268555"", ""verification_status"": ""RESOLVED"", ""verified_title"": ""Chronic pain in the classroom: teachers' attributions about the causes of chronic pain."", ""seeded_from"": ""PPBF research program 2026-08-07""}",{{SEED_ACCOUNT_ID}},platform_owner
src_1a4c3b91f144c72d,{{PPBF_ORG_ID}},Telling adults about it: children’s experience of disclosing interpersonal violence in community sport,Sport in Society,peer_reviewed,3,https://doi.org/10.1080/17430437.2023.2268555,2023-01-01,active,pending_review,unverified,"{""identifier_kind"": ""doi"", ""identifier"": ""10.1080/17430437.2023.2268555"", ""verification_status"": ""RESOLVED"", ""verified_title"": ""Chronic pain in the classroom: teachers' attributions about the causes of chronic pain."", ""seeded_from"": ""PPBF research program 2026-08-07""}",{{SEED_ACCOUNT_ID}},platform_owner
src_159bdf4b517cec5b,{{PPBF_ORG_ID}},The emotional abuse of elite child athletes by their coaches,Child Abuse Review,peer_reviewed,3,https://doi.org/10.1002/car.843,2004-01-01,active,pending_review,unverified,"{""identifier_kind"": ""doi"", ""identifier"": ""10.1002/car.843"", ""verification_status"": ""RESOLVED"", ""verified_title"": ""The emotional abuse of elite child athletes by their coaches"", ""seeded_from"": ""PPBF research program 2026-08-07""}",{{SEED_ACCOUNT_ID}},platform_owner
src_7e996a74d0e668fc,{{PPBF_ORG_ID}},Maltreatment in Youth Sport: A Systemic Issue,Kinesiology Review,peer_reviewed,3,https://doi.org/10.1123/kr.2019-0016,2019-01-01,active,pending_review,unverified,"{""identifier_kind"": ""doi"", ""identifier"": ""10.1123/kr.2019-0016"", ""verification_status"": ""RESOLVED"", ""verified_title"": ""Maltreatment in Youth Sport: A Systemic Issue"", ""seeded_from"": ""PPBF research program 2026-08-07""}",{{SEED_ACCOUNT_ID}},platform_owner
src_211dcf9db38440b5,{{PPBF_ORG_ID}},"[An outstanding internist and medical historian (On the seventy-fifth anniversary of the birth and the fiftieth anniversary of medical, scientific pedagogic and social activity of L. A. Oganesiana)].",Sovetskoe zdravookhranenie,peer_reviewed,3,https://pubmed.ncbi.nlm.nih.gov/14413523/,1960-01-01,active,pending_review,unverified,"{""identifier_kind"": ""pmid"", ""identifier"": ""14413523"", ""verification_status"": ""RESOLVED"", ""verified_title"": ""[An outstanding internist and medical historian (On the seventy-fifth anniversary of the birth and the fiftieth anniversary of medical, scientific pedagogic and social activity of L. A. Oganesiana)]."", ""seeded_from"": ""PPBF research program 2026-08-07""}",{{SEED_ACCOUNT_ID}},platform_owner
src_ff1b021436693b69,{{PPBF_ORG_ID}},A principal components analysis of the Comprehensive Test of Adaptive Behavior.,American journal of mental retardation : AJMR,peer_reviewed,3,https://pubmed.ncbi.nlm.nih.gov/1930951/,1991-01-01,active,pending_review,unverified,"{""identifier_kind"": ""pmid"", ""identifier"": ""1930951"", ""verification_status"": ""RESOLVED"", ""verified_title"": ""[An outstanding internist and medical historian (On the seventy-fifth anniversary of the birth and the fiftieth anniversary of medical, scientific pedagogic and social activity of L. A. Oganesiana)]."", ""seeded_from"": ""PPBF research program 2026-08-07""}",{{SEED_ACCOUNT_ID}},platform_owner
src_528520e59f6ab119,{{PPBF_ORG_ID}},Safeguarding culture: towards a new approach to preventing child maltreatment in sport,Sport Management Review,peer_reviewed,3,https://doi.org/10.1080/14413523.2021.1930951,2021-01-01,active,pending_review,unverified,"{""identifier_kind"": ""doi"", ""identifier"": ""10.1080/14413523.2021.1930951"", ""verification_status"": ""RESOLVED"", ""verified_title"": ""[An outstanding internist and medical historian (On the seventy-fifth anniversary of the birth and the fiftieth anniversary of medical, scientific pedagogic and social activity of L. A. Oganesiana)]."", ""seeded_from"": ""PPBF research program 2026-08-07""}",{{SEED_ACCOUNT_ID}},platform_owner
src_71ca14f2de879433,{{PPBF_ORG_ID}},Differential responses of infectious diseases to economic growth in China.,International journal of infectious diseases : IJID : official publication of the International Society for Infectious Diseases,peer_reviewed,3,https://pubmed.ncbi.nlm.nih.gov/21640629/,2011-01-01,active,pending_review,unverified,"{""identifier_kind"": ""pmid"", ""identifier"": ""21640629"", ""verification_status"": ""RESOLVED"", ""verified_title"": ""Differential responses of infectious diseases to economic growth in China."", ""seeded_from"": ""PPBF research program 2026-08-07""}",{{SEED_ACCOUNT_ID}},platform_owner
src_7cd7d117ede43127,{{PPBF_ORG_ID}},Characteristics of lead adaptation in a rat kidney cell line. I. Uptake and subcellular and subnuclear distribution of lead.,Molecular toxicology,peer_reviewed,3,https://pubmed.ncbi.nlm.nih.gov/2487754/,1989-01-01,active,pending_review,unverified,"{""identifier_kind"": ""pmid"", ""identifier"": ""2487754"", ""verification_status"": ""RESOLVED"", ""verified_title"": ""Differential responses of infectious diseases to economic growth in China."", ""seeded_from"": ""PPBF research program 2026-08-07""}",{{SEED_ACCOUNT_ID}},platform_owner
src_31f80dc5c323b5eb,{{PPBF_ORG_ID}},Implementing trauma-informed approaches to coaches’ workplaces in sport to enhance their safety and wellbeing: A critical commentary,Sports Coaching Review,peer_reviewed,3,https://doi.org/10.1080/21640629.2025.2487754,2025-01-01,active,pending_review,unverified,"{""identifier_kind"": ""doi"", ""identifier"": ""10.1080/21640629.2025.2487754"", ""verification_status"": ""RESOLVED"", ""verified_title"": ""Differential responses of infectious diseases to economic growth in China."", ""seeded_from"": ""PPBF research program 2026-08-07""}",{{SEED_ACCOUNT_ID}},platform_owner
src_213a114df6e6d202,{{PPBF_ORG_ID}},Changes in vascular permeability in stroke-prone spontaneously hypertensive rats studied with peroxidase as a tracer.,Acta pathologica japonica,peer_reviewed,3,https://pubmed.ncbi.nlm.nih.gov/1199727/,1975-01-01,active,pending_review,unverified,"{""identifier_kind"": ""pmid"", ""identifier"": ""1199727"", ""verification_status"": ""RESOLVED"", ""verified_title"": ""Changes in vascular permeability in stroke-prone spontaneously hypertensive rats studied with peroxidase as a tracer."", ""seeded_from"": ""PPBF research program 2026-08-07""}",{{SEED_ACCOUNT_ID}},platform_owner
src_b916bb20abce445c,{{PPBF_ORG_ID}},Definition and model of life skills transfer,International Review of Sport and Exercise Psychology,peer_reviewed,3,https://doi.org/10.1080/1750984X.2016.1199727,2016-01-01,active,pending_review,unverified,"{""identifier_kind"": ""doi"", ""identifier"": ""10.1080/1750984X.2016.1199727"", ""verification_status"": ""RESOLVED"", ""verified_title"": ""Changes in vascular permeability in stroke-prone spontaneously hypertensive rats studied with peroxidase as a tracer."", ""seeded_from"": ""PPBF research program 2026-08-07""}",{{SEED_ACCOUNT_ID}},platform_owner
src_7cfcf3dae45f6fe9,{{PPBF_ORG_ID}},Positive Youth Development From Sport to Life: Explicit or Implicit Transfer?,Quest,peer_reviewed,3,https://doi.org/10.1080/00336297.2013.867275,2014-01-01,active,pending_review,unverified,"{""identifier_kind"": ""doi"", ""identifier"": ""10.1080/00336297.2013.867275"", ""verification_status"": ""RESOLVED"", ""verified_title"": ""Positive Youth Development From Sport to Life: Explicit or Implicit Transfer?"", ""seeded_from"": ""PPBF research program 2026-08-07""}",{{SEED_ACCOUNT_ID}},platform_owner
src_9fdd8f2c0085a037,{{PPBF_ORG_ID}},[Effect of the multiple administration of hydrocortisone on the ultrastructure of the lymph nodes of rabbits].,Arkhiv patologii,peer_reviewed,3,https://pubmed.ncbi.nlm.nih.gov/1180704/,1975-01-01,active,pending_review,unverified,"{""identifier_kind"": ""pmid"", ""identifier"": ""1180704"", ""verification_status"": ""RESOLVED"", ""verified_title"": ""[Effect of the multiple administration of hydrocortisone on the ultrastructure of the lymph nodes of rabbits]."", ""seeded_from"": ""PPBF research program 2026-08-07""}",{{SEED_ACCOUNT_ID}},platform_owner
src_6f96e88009764a18,{{PPBF_ORG_ID}},A grounded theory of positive youth development through sport based on results from a qualitative meta-study,International Review of Sport and Exercise Psychology,peer_reviewed,3,https://doi.org/10.1080/1750984X.2016.1180704,2016-01-01,active,pending_review,unverified,"{""identifier_kind"": ""doi"", ""identifier"": ""10.1080/1750984X.2016.1180704"", ""verification_status"": ""RESOLVED"", ""verified_title"": ""[Effect of the multiple administration of hydrocortisone on the ultrastructure of the lymph nodes of rabbits]."", ""seeded_from"": ""PPBF research program 2026-08-07""}",{{SEED_ACCOUNT_ID}},platform_owner
src_74048a9ac3901b79,{{PPBF_ORG_ID}},Orderly bone transport.,"Lancet (London, England)",peer_reviewed,3,https://pubmed.ncbi.nlm.nih.gov/1348304/,1992-01-01,active,pending_review,unverified,"{""identifier_kind"": ""pmid"", ""identifier"": ""1348304"", ""verification_status"": ""RESOLVED"", ""verified_title"": ""Orderly bone transport."", ""seeded_from"": ""PPBF research program 2026-08-07""}",{{SEED_ACCOUNT_ID}},platform_owner
src_f61a1289da0b928c,{{PPBF_ORG_ID}},Transfer of Life Skills in Sport-Based Youth Development Programs: A Conceptual Framework Bridging Learning to Application,Quest,peer_reviewed,3,https://doi.org/10.1080/00336297.2017.1348304,2017-01-01,active,pending_review,unverified,"{""identifier_kind"": ""doi"", ""identifier"": ""10.1080/00336297.2017.1348304"", ""verification_status"": ""RESOLVED"", ""verified_title"": ""Orderly bone transport."", ""seeded_from"": ""PPBF research program 2026-08-07""}",{{SEED_ACCOUNT_ID}},platform_owner
src_2ec83f35db849017,{{PPBF_ORG_ID}},Coaching and Transferring Life Skills: Philosophies and Strategies Used by Model High School Coaches,The Sport Psychologist,peer_reviewed,3,https://doi.org/10.1123/tsp.26.2.243,2012-01-01,active,pending_review,unverified,"{""identifier_kind"": ""doi"", ""identifier"": ""10.1123/tsp.26.2.243"", ""verification_status"": ""RESOLVED"", ""verified_title"": ""Coaching and Transferring Life Skills: Philosophies and Strategies Used by Model High School Coaches"", ""seeded_from"": ""PPBF research program 2026-08-07""}",{{SEED_ACCOUNT_ID}},platform_owner
src_15cd16b040aa72b1,{{PPBF_ORG_ID}},Evaluating the Coaching for Life Skills online training program: A randomised controlled trial,Psychology of Sport and Exercise,peer_reviewed,3,https://doi.org/10.1016/j.psychsport.2020.101649,2020-01-01,active,pending_review,unverified,"{""identifier_kind"": ""doi"", ""identifier"": ""10.1016/j.psychsport.2020.101649"", ""verification_status"": ""RESOLVED"", ""verified_title"": ""Evaluating the Coaching for Life Skills online training program: A randomised controlled trial"", ""seeded_from"": ""PPBF research program 2026-08-07""}",{{SEED_ACCOUNT_ID}},platform_owner
src_2ce5f1cfb538c15b,{{PPBF_ORG_ID}},Development and initial validation of the Life Skills Scale for Sport,Psychology of Sport and Exercise,peer_reviewed,3,https://doi.org/10.1016/j.psychsport.2016.11.001,2017-01-01,active,pending_review,unverified,"{""identifier_kind"": ""doi"", ""identifier"": ""10.1016/j.psychsport.2016.11.001"", ""verification_status"": ""RESOLVED"", ""verified_title"": ""Development and initial validation of the Life Skills Scale for Sport"", ""seeded_from"": ""PPBF research program 2026-08-07""}",{{SEED_ACCOUNT_ID}},platform_owner
src_7b6ab7373f2a0f68,{{PPBF_ORG_ID}},"Examining the relationships among the coaching climate, life skills development and well-being in sport",International Journal of Sports Science &amp; Coaching,peer_reviewed,3,https://doi.org/10.1177/1747954118787949,2018-01-01,active,pending_review,unverified,"{""identifier_kind"": ""doi"", ""identifier"": ""10.1177/1747954118787949"", ""verification_status"": ""RESOLVED"", ""verified_title"": ""Examining the relationships among the coaching climate, life skills development and well-being in sport"", ""seeded_from"": ""PPBF research program 2026-08-07""}",{{SEED_ACCOUNT_ID}},platform_owner
src_d8dc8e31a43cb9a8,{{PPBF_ORG_ID}},Enablers and barriers for male students transferring life skills from the sports hall into the classroom,"Qualitative Research in Sport, Exercise and Health",peer_reviewed,3,https://doi.org/10.1080/2159676X.2014.893898,2014-01-01,active,pending_review,unverified,"{""identifier_kind"": ""doi"", ""identifier"": ""10.1080/2159676X.2014.893898"", ""verification_status"": ""RESOLVED"", ""verified_title"": ""Enablers and barriers for male students transferring life skills from the sports hall into the classroom"", ""seeded_from"": ""PPBF research program 2026-08-07""}",{{SEED_ACCOUNT_ID}},platform_owner
src_728bf6e8e1413257,{{PPBF_ORG_ID}},Tuberculosis in the paediatric population.,The New Zealand medical journal,peer_reviewed,3,https://pubmed.ncbi.nlm.nih.gov/1086447/,1976-01-01,active,pending_review,unverified,"{""identifier_kind"": ""pmid"", ""identifier"": ""1086447"", ""verification_status"": ""RESOLVED"", ""verified_title"": ""Evolving spectrum of mortality and morbidity in SLE."", ""seeded_from"": ""PPBF research program 2026-08-07""}",{{SEED_ACCOUNT_ID}},platform_owner
src_a3ab68bdf2b623a9,{{PPBF_ORG_ID}},Implicit Transfer of Life Skills Through Participation in Brazilian Jiu-Jitsu,Journal of Applied Sport Psychology,peer_reviewed,3,https://doi.org/10.1080/10413200.2015.1086447,2015-01-01,active,pending_review,unverified,"{""identifier_kind"": ""doi"", ""identifier"": ""10.1080/10413200.2015.1086447"", ""verification_status"": ""RESOLVED"", ""verified_title"": ""Evolving spectrum of mortality and morbidity in SLE."", ""seeded_from"": ""PPBF research program 2026-08-07""}",{{SEED_ACCOUNT_ID}},platform_owner
src_7761542c81b6905d,{{PPBF_ORG_ID}},Excessive intracellular Ca2+ inhibits glutamate-induced Na(+)-K+ pump activation in rat hippocampal neurons.,Journal of neurophysiology,peer_reviewed,2,https://pubmed.ncbi.nlm.nih.gov/1355527/,1992-01-01,active,pending_review,unverified,"{""identifier_kind"": ""pmid"", ""identifier"": ""1355527"", ""verification_status"": ""RESOLVED"", ""verified_title"": ""Excessive intracellular Ca2+ inhibits glutamate-induced Na(+)-K+ pump activation in rat hippocampal neurons."", ""seeded_from"": ""PPBF research program 2026-08-07""}",{{SEED_ACCOUNT_ID}},platform_owner
src_843779de700fe44d,{{PPBF_ORG_ID}},A Systematic Review of Life Skill Development Through Sports Programs Serving Socially Vulnerable Youth,Research Quarterly for Exercise and Sport,peer_reviewed,2,https://doi.org/10.1080/02701367.2017.1355527,2017-01-01,active,pending_review,unverified,"{""identifier_kind"": ""doi"", ""identifier"": ""10.1080/02701367.2017.1355527"", ""verification_status"": ""RESOLVED"", ""verified_title"": ""Excessive intracellular Ca2+ inhibits glutamate-induced Na(+)-K+ pump activation in rat hippocampal neurons."", ""seeded_from"": ""PPBF research program 2026-08-07""}",{{SEED_ACCOUNT_ID}},platform_owner
src_a11f6bb6a8f58234,{{PPBF_ORG_ID}},Sport-based youth development interventions in the United States: a systematic review,BMC Public Health,peer_reviewed,2,https://doi.org/10.1186/s12889-019-6387-z,2019-01-01,active,pending_review,unverified,"{""identifier_kind"": ""doi"", ""identifier"": ""10.1186/s12889-019-6387-z"", ""verification_status"": ""RESOLVED"", ""verified_title"": ""Sport-based youth development interventions in the United States: a systematic review"", ""seeded_from"": ""PPBF research program 2026-08-07""}",{{SEED_ACCOUNT_ID}},platform_owner
src_adf7036d2013784b,{{PPBF_ORG_ID}},Evaluating sport-for-development,Progress in Development Studies,peer_reviewed,3,https://doi.org/10.1177/146499341001100405,2011-01-01,active,pending_review,unverified,"{""identifier_kind"": ""doi"", ""identifier"": ""10.1177/146499341001100405"", ""verification_status"": ""RESOLVED"", ""verified_title"": ""Evaluating sport-for-development"", ""seeded_from"": ""PPBF research program 2026-08-07""}",{{SEED_ACCOUNT_ID}},platform_owner
src_6b3e69bcb671cf4a,{{PPBF_ORG_ID}},Teaching Personal and Social Responsibility Through Physical Activity,,other,4,https://doi.org/10.5040/9781718208919,2011-01-01,active,pending_review,unverified,"{""identifier_kind"": ""doi"", ""identifier"": ""10.5040/9781718208919"", ""verification_status"": ""RESOLVED"", ""verified_title"": ""Teaching Personal and Social Responsibility Through Physical Activity"", ""seeded_from"": ""PPBF research program 2026-08-07""}",{{SEED_ACCOUNT_ID}},platform_owner
src_781ba57aa3315071,{{PPBF_ORG_ID}},Transferring Personal and Social Responsibility of Underserved Youth to the Classroom,The Urban Review,peer_reviewed,3,https://doi.org/10.1023/A:1010332812171,2001-01-01,active,pending_review,unverified,"{""identifier_kind"": ""doi"", ""identifier"": ""10.1023/A:1010332812171"", ""verification_status"": ""RESOLVED"", ""verified_title"": ""Transferring Personal and Social Responsibility of Underserved Youth to the Classroom"", ""seeded_from"": ""PPBF research program 2026-08-07""}",{{SEED_ACCOUNT_ID}},platform_owner
src_94478b1d7029bc35,{{PPBF_ORG_ID}},A systematic review of the psychological and social benefits of participation in sport for children and adolescents: informing development of a conceptual model of health through sport,International Journal of Behavioral Nutrition and Physical Activity,peer_reviewed,2,https://doi.org/10.1186/1479-5868-10-98,2013-01-01,active,pending_review,unverified,"{""identifier_kind"": ""doi"", ""identifier"": ""10.1186/1479-5868-10-98"", ""verification_status"": ""RESOLVED"", ""verified_title"": ""A systematic review of the psychological and social benefits of participation in sport for children and adolescents: informing development of a conceptual model of health through sport"", ""seeded_from"": ""PPBF research program 2026-08-07""}",{{SEED_ACCOUNT_ID}},platform_owner
src_bb82cb69fe723106,{{PPBF_ORG_ID}},"Martial arts, combat sports, and mental health in adults: A systematic review",Psychology of Sport and Exercise,peer_reviewed,2,https://doi.org/10.1016/j.psychsport.2023.102556,2024-01-01,active,pending_review,unverified,"{""identifier_kind"": ""doi"", ""identifier"": ""10.1016/j.psychsport.2023.102556"", ""verification_status"": ""RESOLVED"", ""verified_title"": ""Martial arts, combat sports, and mental health in adults: A systematic review"", ""seeded_from"": ""PPBF research program 2026-08-07""}",{{SEED_ACCOUNT_ID}},platform_owner
src_38f63ffe7f646d9d,{{PPBF_ORG_ID}},Parenting in youth sport: A position paper on parenting expertise,Psychology of Sport and Exercise,peer_reviewed,3,https://doi.org/10.1016/j.psychsport.2014.03.001,2015-01-01,active,pending_review,unverified,"{""identifier_kind"": ""doi"", ""identifier"": ""10.1016/j.psychsport.2014.03.001"", ""verification_status"": ""RESOLVED"", ""verified_title"": ""Parenting in youth sport: A position paper on parenting expertise"", ""seeded_from"": ""PPBF research program 2026-08-07""}",{{SEED_ACCOUNT_ID}},platform_owner
src_ab42a4b0b6f66b51,{{PPBF_ORG_ID}},International Olympic Committee consensus statement on youth athletic development,British Journal of Sports Medicine,clinical_guideline,1,https://doi.org/10.1136/bjsports-2015-094962,2015-01-01,active,pending_review,unverified,"{""identifier_kind"": ""doi"", ""identifier"": ""10.1136/bjsports-2015-094962"", ""verification_status"": ""RESOLVED"", ""verified_title"": ""International Olympic Committee consensus statement on youth athletic development"", ""seeded_from"": ""PPBF research program 2026-08-07""}",{{SEED_ACCOUNT_ID}},platform_owner
src_84c0365c1bc55fce,{{PPBF_ORG_ID}},A Framework for Planning Youth Sport Programs That Foster Psychosocial Development,The Sport Psychologist,peer_reviewed,3,https://doi.org/10.1123/tsp.19.1.63,2005-01-01,active,pending_review,unverified,"{""identifier_kind"": ""doi"", ""identifier"": ""10.1123/tsp.19.1.63"", ""verification_status"": ""RESOLVED"", ""verified_title"": ""A Framework for Planning Youth Sport Programs That Foster Psychosocial Development"", ""seeded_from"": ""PPBF research program 2026-08-07""}",{{SEED_ACCOUNT_ID}},platform_owner
src_bcd1890951ac9c80,{{PPBF_ORG_ID}},Developing a Conceptual Framework for Life Skills Interventions,The Counseling Psychologist,peer_reviewed,3,https://doi.org/10.1177/0011000012462073,2012-01-01,active,pending_review,unverified,"{""identifier_kind"": ""doi"", ""identifier"": ""10.1177/0011000012462073"", ""verification_status"": ""RESOLVED"", ""verified_title"": ""Developing a Conceptual Framework for Life Skills Interventions"", ""seeded_from"": ""PPBF research program 2026-08-07""}",{{SEED_ACCOUNT_ID}},platform_owner
src_23f5aee8d102cca2,{{PPBF_ORG_ID}},The Strengths and Difficulties Questionnaire: A Research Note,Journal of Child Psychology and Psychiatry,peer_reviewed,3,https://doi.org/10.1111/j.1469-7610.1997.tb01545.x,1997-01-01,active,pending_review,unverified,"{""identifier_kind"": ""doi"", ""identifier"": ""10.1111/j.1469-7610.1997.tb01545.x"", ""verification_status"": ""RESOLVED"", ""verified_title"": ""The Strengths and Difficulties Questionnaire: A Research Note"", ""seeded_from"": ""PPBF research program 2026-08-07""}",{{SEED_ACCOUNT_ID}},platform_owner
src_c38293c54b350815,{{PPBF_ORG_ID}},Measurement of Multidimensional Sport Performance Anxiety in Children and Adults: The Sport Anxiety Scale-2,Journal of Sport and Exercise Psychology,peer_reviewed,3,https://doi.org/10.1123/jsep.28.4.479,2006-01-01,active,pending_review,unverified,"{""identifier_kind"": ""doi"", ""identifier"": ""10.1123/jsep.28.4.479"", ""verification_status"": ""RESOLVED"", ""verified_title"": ""Measurement of Multidimensional Sport Performance Anxiety in Children and Adults: The Sport Anxiety Scale-2"", ""seeded_from"": ""PPBF research program 2026-08-07""}",{{SEED_ACCOUNT_ID}},platform_owner
src_419cce35b3f57018,{{PPBF_ORG_ID}},Ofloxacin vs ciprofloxacin: a comparison.,Connecticut medicine,peer_reviewed,3,https://pubmed.ncbi.nlm.nih.gov/1611900/,1992-01-01,active,pending_review,unverified,"{""identifier_kind"": ""pmid"", ""identifier"": ""1611900"", ""verification_status"": ""RESOLVED"", ""verified_title"": ""Ofloxacin vs ciprofloxacin: a comparison."", ""seeded_from"": ""PPBF research program 2026-08-07""}",{{SEED_ACCOUNT_ID}},platform_owner
src_6e984a5737ab32fe,{{PPBF_ORG_ID}},Preliminary psychometric validation of a brief screening tool for athlete mental health among male elite athletes: the Athlete Psychological Strain Questionnaire,International Journal of Sport and Exercise Psychology,peer_reviewed,3,https://doi.org/10.1080/1612197X.2019.1611900,2019-01-01,active,pending_review,unverified,"{""identifier_kind"": ""doi"", ""identifier"": ""10.1080/1612197X.2019.1611900"", ""verification_status"": ""RESOLVED"", ""verified_title"": ""Ofloxacin vs ciprofloxacin: a comparison."", ""seeded_from"": ""PPBF research program 2026-08-07""}",{{SEED_ACCOUNT_ID}},platform_owner
src_c23ad408f43d9a5d,{{PPBF_ORG_ID}},A systematic review of stress management interventions with sport performers.,"Sport, Exercise, and Performance Psychology",peer_reviewed,2,https://doi.org/10.1037/a0026628,2012-01-01,active,pending_review,unverified,"{""identifier_kind"": ""doi"", ""identifier"": ""10.1037/a0026628"", ""verification_status"": ""RESOLVED"", ""verified_title"": ""A systematic review of stress management interventions with sport performers."", ""seeded_from"": ""PPBF research program 2026-08-07""}",{{SEED_ACCOUNT_ID}},platform_owner
src_1985570d1f7eb978,{{PPBF_ORG_ID}},Progressing measurement in mental toughness: A case example of the Mental Toughness Questionnaire 48.,"Sport, Exercise, and Performance Psychology",peer_reviewed,3,https://doi.org/10.1037/a0027190,2012-01-01,active,pending_review,unverified,"{""identifier_kind"": ""doi"", ""identifier"": ""10.1037/a0027190"", ""verification_status"": ""RESOLVED"", ""verified_title"": ""Progressing measurement in mental toughness: A case example of the Mental Toughness Questionnaire 48."", ""seeded_from"": ""PPBF research program 2026-08-07""}",{{SEED_ACCOUNT_ID}},platform_owner
src_04762709068b6013,{{PPBF_ORG_ID}},Metabolic and physiological demands of 3×3-min-round boxing fights in highly trained amateur boxers,The Journal of Sports Medicine and Physical Fitness,peer_reviewed,3,https://doi.org/10.23736/S0022-4707.22.13661-3,2023-01-01,active,pending_review,unverified,"{""identifier_kind"": ""doi"", ""identifier"": ""10.23736/S0022-4707.22.13661-3"", ""verification_status"": ""RESOLVED"", ""verified_title"": ""Metabolic and physiological demands of 3×3-min-round boxing fights in highly trained amateur boxers"", ""seeded_from"": ""PPBF research program 2026-08-07""}",{{SEED_ACCOUNT_ID}},platform_owner
src_f93352cde371c9f9,{{PPBF_ORG_ID}},The Energetics of Semicontact 3 × 2-min Amateur Boxing,International Journal of Sports Physiology and Performance,peer_reviewed,3,https://doi.org/10.1123/IJSPP.2013-0006,2014-01-01,active,pending_review,unverified,"{""identifier_kind"": ""doi"", ""identifier"": ""10.1123/IJSPP.2013-0006"", ""verification_status"": ""RESOLVED"", ""verified_title"": ""The Energetics of Semicontact 3 × 2-min Amateur Boxing"", ""seeded_from"": ""PPBF research program 2026-08-07""}",{{SEED_ACCOUNT_ID}},platform_owner
src_6de1481b3ff4abb7,{{PPBF_ORG_ID}},Heart rate & blood lactate response in amateur competitive boxing.,The Indian journal of medical research,peer_reviewed,3,https://pubmed.ncbi.nlm.nih.gov/8543363/,1995-01-01,active,pending_review,unverified,"{""identifier_kind"": ""pmid"", ""identifier"": ""8543363"", ""verification_status"": ""RESOLVED"", ""verified_title"": ""Heart rate & blood lactate response in amateur competitive boxing."", ""seeded_from"": ""PPBF research program 2026-08-07""}",{{SEED_ACCOUNT_ID}},platform_owner
src_d1df60b54a081957,{{PPBF_ORG_ID}},Performance Aspects and Physiological Responses in Male Amateur Boxing Competitions: A Brief Review,Journal of Strength and Conditioning Research,peer_reviewed,3,https://doi.org/10.1519/JSC.0000000000001643,2017-01-01,active,pending_review,unverified,"{""identifier_kind"": ""doi"", ""identifier"": ""10.1519/JSC.0000000000001643"", ""verification_status"": ""RESOLVED"", ""verified_title"": ""Performance Aspects and Physiological Responses in Male Amateur Boxing Competitions: A Brief Review"", ""seeded_from"": ""PPBF research program 2026-08-07""}",{{SEED_ACCOUNT_ID}},platform_owner
src_ff4314571f2ed238,{{PPBF_ORG_ID}},Time–Motion Analysis of the 2023 Women’s World Boxing Championships Finals,Sports,peer_reviewed,3,https://doi.org/10.3390/sports13060187,2025-01-01,active,pending_review,unverified,"{""identifier_kind"": ""doi"", ""identifier"": ""10.3390/sports13060187"", ""verification_status"": ""RESOLVED"", ""verified_title"": ""Time–Motion Analysis of the 2023 Women’s World Boxing Championships Finals"", ""seeded_from"": ""PPBF research program 2026-08-07""}",{{SEED_ACCOUNT_ID}},platform_owner
src_34ea234f0ea976a6,{{PPBF_ORG_ID}},"Acute physiological, endocrine, biochemical and performance responses associated with amateur boxing: A systematic review with meta‐analysis",European Journal of Sport Science,peer_reviewed,2,https://doi.org/10.1080/17461391.2022.2063072,2022-01-01,active,pending_review,unverified,"{""identifier_kind"": ""doi"", ""identifier"": ""10.1080/17461391.2022.2063072"", ""verification_status"": ""RESOLVED"", ""verified_title"": ""[Prevalence of hereditary diseases in three-year-old Swiss Warmblood horses]."", ""seeded_from"": ""PPBF research program 2026-08-07""}",{{SEED_ACCOUNT_ID}},platform_owner
src_2b13e10db18c4be2,{{PPBF_ORG_ID}},Amateur Boxing: Physical and Physiological Attributes,Sports Medicine,peer_reviewed,4,https://doi.org/10.1007/s40279-014-0274-7,2014-01-01,active,pending_review,unverified,"{""identifier_kind"": ""doi"", ""identifier"": ""10.1007/s40279-014-0274-7"", ""verification_status"": ""RESOLVED"", ""verified_title"": ""Amateur Boxing: Physical and Physiological Attributes"", ""seeded_from"": ""PPBF research program 2026-08-07""}",{{SEED_ACCOUNT_ID}},platform_owner
src_1b7c3bd58ccf225d,{{PPBF_ORG_ID}},Development and Measurement Properties of a Custom-Built Punch Force Dynamometer Based on S-Type Load Cells,Perceptual and Motor Skills,peer_reviewed,3,https://doi.org/10.1177/00315125261464714,2026-01-01,active,pending_review,unverified,"{""identifier_kind"": ""doi"", ""identifier"": ""10.1177/00315125261464714"", ""verification_status"": ""RESOLVED"", ""verified_title"": ""Development and Measurement Properties of a Custom-Built Punch Force Dynamometer Based on S-Type Load Cells"", ""seeded_from"": ""PPBF research program 2026-08-07""}",{{SEED_ACCOUNT_ID}},platform_owner
src_7f9342c1d418d5e5,{{PPBF_ORG_ID}},Strength Training Practices in Amateur and Professional Boxing,Journal of Strength &amp; Conditioning Research,peer_reviewed,3,https://doi.org/10.1519/JSC.0000000000005088,2025-01-01,active,pending_review,unverified,"{""identifier_kind"": ""doi"", ""identifier"": ""10.1519/JSC.0000000000005088"", ""verification_status"": ""RESOLVED"", ""verified_title"": ""Strength Training Practices in Amateur and Professional Boxing"", ""seeded_from"": ""PPBF research program 2026-08-07""}",{{SEED_ACCOUNT_ID}},platform_owner
src_8153fe38b1dcfee2,{{PPBF_ORG_ID}},A Comparison of Plyometric and Jump Rope Training Programs for Improving Punching Performance in Junior Amateur Boxers,Frontiers in Bioengineering and Biotechnology,other,4,https://doi.org/10.3389/fbioe.2022.878527,2022-01-01,active,pending_review,unverified,"{""identifier_kind"": ""doi"", ""identifier"": ""10.3389/fbioe.2022.878527"", ""verification_status"": ""RESOLVED"", ""verified_title"": ""A Comparison of Plyometric and Jump Rope Training Programs for Improving Punching Performance in Junior Amateur Boxers"", ""seeded_from"": ""PPBF research program 2026-08-07""}",{{SEED_ACCOUNT_ID}},platform_owner
src_ff0c4a1891792235,{{PPBF_ORG_ID}},Effects of plyometric exercise training with external weights on punching ability of experienced amateur boxers,The Journal of Sports Medicine and Physical Fitness,other,4,https://doi.org/10.23736/S0022-4707.16.06674-3,2018-01-01,active,pending_review,unverified,"{""identifier_kind"": ""doi"", ""identifier"": ""10.23736/S0022-4707.16.06674-3"", ""verification_status"": ""RESOLVED"", ""verified_title"": ""Effects of plyometric exercise training with external weights on punching ability of experienced amateur boxers"", ""seeded_from"": ""PPBF research program 2026-08-07""}",{{SEED_ACCOUNT_ID}},platform_owner
src_98d96d86392950a2,{{PPBF_ORG_ID}},Effect of Post-Activation Performance Enhancement in Combat Sports: A Systematic Review and Meta-Analysis-Part II: Specific Performance Indicators,Journal of Functional Morphology and Kinesiology,peer_reviewed,2,https://doi.org/10.3390/jfmk11020157,2026-01-01,active,pending_review,unverified,"{""identifier_kind"": ""doi"", ""identifier"": ""10.3390/jfmk11020157"", ""verification_status"": ""RESOLVED"", ""verified_title"": ""Effect of Post-Activation Performance Enhancement in Combat Sports: A Systematic Review and Meta-Analysis-Part II: Specific Performance Indicators"", ""seeded_from"": ""PPBF research program 2026-08-07""}",{{SEED_ACCOUNT_ID}},platform_owner
src_864cdb9f865d57cd,{{PPBF_ORG_ID}},Post-Activation Performance Enhancement of Punch Force and Neuromuscular Performance in Amateur Boxing: Toward a More Individualized and “Real-World” Approach,Journal of Strength &amp; Conditioning Research,other,4,https://doi.org/10.1519/JSC.0000000000004740,2024-01-01,active,pending_review,unverified,"{""identifier_kind"": ""doi"", ""identifier"": ""10.1519/JSC.0000000000004740"", ""verification_status"": ""RESOLVED"", ""verified_title"": ""Post-Activation Performance Enhancement of Punch Force and Neuromuscular Performance in Amateur Boxing: Toward a More Individualized and “Real-World” Approach"", ""seeded_from"": ""PPBF research program 2026-08-07""}",{{SEED_ACCOUNT_ID}},platform_owner
src_3e555ea54c0d0758,{{PPBF_ORG_ID}},Characterization of pregnancy-associated plasma protein-A: comparison with alpha 2-macroglobulin.,Biochemistry international,peer_reviewed,3,https://pubmed.ncbi.nlm.nih.gov/1693271/,1990-01-01,active,pending_review,unverified,"{""identifier_kind"": ""pmid"", ""identifier"": ""1693271"", ""verification_status"": ""RESOLVED"", ""verified_title"": ""Characterization of pregnancy-associated plasma protein-A: comparison with alpha 2-macroglobulin."", ""seeded_from"": ""PPBF research program 2026-08-07""}",{{SEED_ACCOUNT_ID}},platform_owner
src_9d404103dd997134,{{PPBF_ORG_ID}},Blood flow restriction training enhances punching force and upper body strength in elite boxers: a randomized trial,Frontiers in Physiology,peer_reviewed,3,https://doi.org/10.3389/fphys.2025.1693271,2025-01-01,active,pending_review,unverified,"{""identifier_kind"": ""doi"", ""identifier"": ""10.3389/fphys.2025.1693271"", ""verification_status"": ""RESOLVED"", ""verified_title"": ""Characterization of pregnancy-associated plasma protein-A: comparison with alpha 2-macroglobulin."", ""seeded_from"": ""PPBF research program 2026-08-07""}",{{SEED_ACCOUNT_ID}},platform_owner
src_868bedbe107b695f,{{PPBF_ORG_ID}},Reliability of Three Landmine-Punch-Throw Variations and Their Load–Velocity Relationships Performed With the Dominant and Nondominant Hands,International Journal of Sports Physiology and Performance,peer_reviewed,3,https://doi.org/10.1123/ijspp.2023-0235,2024-01-01,active,pending_review,unverified,"{""identifier_kind"": ""doi"", ""identifier"": ""10.1123/ijspp.2023-0235"", ""verification_status"": ""RESOLVED"", ""verified_title"": ""Reliability of Three Landmine-Punch-Throw Variations and Their Load–Velocity Relationships Performed With the Dominant and Nondominant Hands"", ""seeded_from"": ""PPBF research program 2026-08-07""}",{{SEED_ACCOUNT_ID}},platform_owner
src_88bcbdde423f46d1,{{PPBF_ORG_ID}},The Test–Retest Reliability of Bilateral and Unilateral Force Plate–Derived Parameters of the Countermovement Push-Up in Elite Boxers,Journal of Sport Rehabilitation,peer_reviewed,3,https://doi.org/10.1123/jsr.2020-0340,2021-01-01,active,pending_review,unverified,"{""identifier_kind"": ""doi"", ""identifier"": ""10.1123/jsr.2020-0340"", ""verification_status"": ""RESOLVED"", ""verified_title"": ""The Test–Retest Reliability of Bilateral and Unilateral Force Plate–Derived Parameters of the Countermovement Push-Up in Elite Boxers"", ""seeded_from"": ""PPBF research program 2026-08-07""}",{{SEED_ACCOUNT_ID}},platform_owner
src_62a6d34c15664ddf,{{PPBF_ORG_ID}},Sport-Specific Repeated Sprint Training Improves Punching Ability and Upper-Body Aerobic Power in Experienced Amateur Boxers,Journal of Strength and Conditioning Research,other,4,https://doi.org/10.1519/JSC.0000000000002056,2018-01-01,active,pending_review,unverified,"{""identifier_kind"": ""doi"", ""identifier"": ""10.1519/JSC.0000000000002056"", ""verification_status"": ""RESOLVED"", ""verified_title"": ""Sport-Specific Repeated Sprint Training Improves Punching Ability and Upper-Body Aerobic Power in Experienced Amateur Boxers"", ""seeded_from"": ""PPBF research program 2026-08-07""}",{{SEED_ACCOUNT_ID}},platform_owner
src_e31f8505a014033e,{{PPBF_ORG_ID}},The specific IL-1 inhibitor from the human M20 cell line is distinct from the IL-1 receptor antagonist.,Lymphokine and cytokine research,peer_reviewed,3,https://pubmed.ncbi.nlm.nih.gov/1839505/,1991-01-01,active,pending_review,unverified,"{""identifier_kind"": ""pmid"", ""identifier"": ""1839505"", ""verification_status"": ""RESOLVED"", ""verified_title"": ""The specific IL-1 inhibitor from the human M20 cell line is distinct from the IL-1 receptor antagonist."", ""seeded_from"": ""PPBF research program 2026-08-07""}",{{SEED_ACCOUNT_ID}},platform_owner
src_11f183ce629b8b03,{{PPBF_ORG_ID}},"The effects of 4 weeks of sport-specific repeated sprint training on upper-body strength quality, anaerobic capacity and punching ability of elite male boxers",Frontiers in Sports and Active Living,peer_reviewed,3,https://doi.org/10.3389/fspor.2026.1839505,2026-01-01,active,pending_review,unverified,"{""identifier_kind"": ""doi"", ""identifier"": ""10.3389/fspor.2026.1839505"", ""verification_status"": ""RESOLVED"", ""verified_title"": ""The specific IL-1 inhibitor from the human M20 cell line is distinct from the IL-1 receptor antagonist."", ""seeded_from"": ""PPBF research program 2026-08-07""}",{{SEED_ACCOUNT_ID}},platform_owner
src_c7b5d3d8c6e2047f,{{PPBF_ORG_ID}},"The interactions of (-)-(R)-2-aminomethylpyrrolidine (1,1-cyclobutanedicarboxylato)platinum(II) monohydrate (DWA2114R) and related compounds with deoxyribonucleic acid.",Chemical & pharmaceutical bulletin,peer_reviewed,2,https://pubmed.ncbi.nlm.nih.gov/1576676/,1992-01-01,active,pending_review,unverified,"{""identifier_kind"": ""pmid"", ""identifier"": ""1576676"", ""verification_status"": ""RESOLVED"", ""verified_title"": ""The interactions of (-)-(R)-2-aminomethylpyrrolidine (1,1-cyclobutanedicarboxylato)platinum(II) monohydrate (DWA2114R) and related compounds with deoxyribonucleic acid."", ""seeded_from"": ""PPBF research program 2026-08-07""}",{{SEED_ACCOUNT_ID}},platform_owner
src_e44099f156ecf9e9,{{PPBF_ORG_ID}},Effects of high-intensity interval training on aerobic and anaerobic capacity in olympic combat sports: a systematic review and meta-analysis,Frontiers in Physiology,peer_reviewed,2,https://doi.org/10.3389/fphys.2025.1576676,2025-01-01,active,pending_review,unverified,"{""identifier_kind"": ""doi"", ""identifier"": ""10.3389/fphys.2025.1576676"", ""verification_status"": ""RESOLVED"", ""verified_title"": ""The interactions of (-)-(R)-2-aminomethylpyrrolidine (1,1-cyclobutanedicarboxylato)platinum(II) monohydrate (DWA2114R) and related compounds with deoxyribonucleic acid."", ""seeded_from"": ""PPBF research program 2026-08-07""}",{{SEED_ACCOUNT_ID}},platform_owner
src_c57b6d0957c6112e,{{PPBF_ORG_ID}},Anaerobic Performance Profiling in Elite Amateur Boxers,Sports,peer_reviewed,3,https://doi.org/10.3390/sports12090231,2024-01-01,active,pending_review,unverified,"{""identifier_kind"": ""doi"", ""identifier"": ""10.3390/sports12090231"", ""verification_status"": ""RESOLVED"", ""verified_title"": ""Anaerobic Performance Profiling in Elite Amateur Boxers"", ""seeded_from"": ""PPBF research program 2026-08-07""}",{{SEED_ACCOUNT_ID}},platform_owner
src_f0aff4bed6e26e44,{{PPBF_ORG_ID}},Regional brain perfusion changes in patients with primary generalized epilepsy assessed by Tc99m HM-PAO and SPECT.,Neurologia croatica : glasilo Udruzenja neurologa Jugoslavije = official journal of Yugoslav Neurological Association,other,4,https://pubmed.ncbi.nlm.nih.gov/1810393/,1991-01-01,active,pending_review,unverified,"{""identifier_kind"": ""pmid"", ""identifier"": ""1810393"", ""verification_status"": ""RESOLVED"", ""verified_title"": ""Regional brain perfusion changes in patients with primary generalized epilepsy assessed by Tc99m HM-PAO and SPECT."", ""seeded_from"": ""PPBF research program 2026-08-07""}",{{SEED_ACCOUNT_ID}},platform_owner
src_ac16342790cff04e,{{PPBF_ORG_ID}},The effect of integrative neuromuscular training on physical fitness and punching performance in highly-trained male boxers,Frontiers in Physiology,other,4,https://doi.org/10.3389/fphys.2026.1810393,2026-01-01,active,pending_review,unverified,"{""identifier_kind"": ""doi"", ""identifier"": ""10.3389/fphys.2026.1810393"", ""verification_status"": ""RESOLVED"", ""verified_title"": ""Regional brain perfusion changes in patients with primary generalized epilepsy assessed by Tc99m HM-PAO and SPECT."", ""seeded_from"": ""PPBF research program 2026-08-07""}",{{SEED_ACCOUNT_ID}},platform_owner
src_255014407fe41780,{{PPBF_ORG_ID}},Impact of three weeks of integrative neuromuscular training on the athletic performance of elite female boxers,PeerJ,other,4,https://doi.org/10.7717/peerj.18311,2024-01-01,active,pending_review,unverified,"{""identifier_kind"": ""doi"", ""identifier"": ""10.7717/peerj.18311"", ""verification_status"": ""RESOLVED"", ""verified_title"": ""Impact of three weeks of integrative neuromuscular training on the athletic performance of elite female boxers"", ""seeded_from"": ""PPBF research program 2026-08-07""}",{{SEED_ACCOUNT_ID}},platform_owner
src_ac8e9a40b8dd5f3b,{{PPBF_ORG_ID}},Lower extremity isokinetic strength characteristics of amateur boxers,Frontiers in Physiology,peer_reviewed,3,https://doi.org/10.3389/fphys.2022.898126,2022-01-01,active,pending_review,unverified,"{""identifier_kind"": ""doi"", ""identifier"": ""10.3389/fphys.2022.898126"", ""verification_status"": ""RESOLVED"", ""verified_title"": ""Lower extremity isokinetic strength characteristics of amateur boxers"", ""seeded_from"": ""PPBF research program 2026-08-07""}",{{SEED_ACCOUNT_ID}},platform_owner
src_1bdfbbc3524e8903,{{PPBF_ORG_ID}},"Comparative effects of unilateral, bilateral, and hybrid combined resistance training on straight punch performance in adolescent boxers: a focus on dominant and non-dominant-side adaptations",European Journal of Applied Physiology,other,4,https://doi.org/10.1007/s00421-025-05913-z,2025-01-01,active,pending_review,unverified,"{""identifier_kind"": ""doi"", ""identifier"": ""10.1007/s00421-025-05913-z"", ""verification_status"": ""RESOLVED"", ""verified_title"": ""Comparative effects of unilateral, bilateral, and hybrid combined resistance training on straight punch performance in adolescent boxers: a focus on dominant and non-dominant-side adaptations"", ""seeded_from"": ""PPBF research program 2026-08-07""}",{{SEED_ACCOUNT_ID}},platform_owner
src_c0c1a9ef311ae4b8,{{PPBF_ORG_ID}},Concurrent Training,Journal of Strength and Conditioning Research,peer_reviewed,2,https://doi.org/10.1519/JSC.0b013e31823a3e2d,2012-01-01,active,pending_review,unverified,"{""identifier_kind"": ""doi"", ""identifier"": ""10.1519/JSC.0b013e31823a3e2d"", ""verification_status"": ""RESOLVED"", ""verified_title"": ""Concurrent Training"", ""seeded_from"": ""PPBF research program 2026-08-07""}",{{SEED_ACCOUNT_ID}},platform_owner
src_042c7e4a5bc64f0b,{{PPBF_ORG_ID}},Concurrent Strength and Endurance Training: A Systematic Review and Meta-Analysis on the Impact of Sex and Training Status,Sports Medicine,peer_reviewed,2,https://doi.org/10.1007/s40279-023-01943-9,2023-01-01,active,pending_review,unverified,"{""identifier_kind"": ""doi"", ""identifier"": ""10.1007/s40279-023-01943-9"", ""verification_status"": ""RESOLVED"", ""verified_title"": ""Concurrent Strength and Endurance Training: A Systematic Review and Meta-Analysis on the Impact of Sex and Training Status"", ""seeded_from"": ""PPBF research program 2026-08-07""}",{{SEED_ACCOUNT_ID}},platform_owner
src_2e8feea8069ccd0c,{{PPBF_ORG_ID}},Optimizing strength training for running and cycling endurance performance: A review,Scandinavian Journal of Medicine &amp; Science in Sports,peer_reviewed,3,https://doi.org/10.1111/sms.12104,2013-01-01,active,pending_review,unverified,"{""identifier_kind"": ""doi"", ""identifier"": ""10.1111/sms.12104"", ""verification_status"": ""RESOLVED"", ""verified_title"": ""Optimizing strength training for running and cycling endurance performance: A review"", ""seeded_from"": ""PPBF research program 2026-08-07""}",{{SEED_ACCOUNT_ID}},platform_owner
src_a748197438d9e9ff,{{PPBF_ORG_ID}},Cutaneous and coronary flow reserve in patients with microvascular angina.,Journal of the American College of Cardiology,peer_reviewed,2,https://pubmed.ncbi.nlm.nih.gov/1607542/,1992-01-01,active,pending_review,unverified,"{""identifier_kind"": ""pmid"", ""identifier"": ""1607542"", ""verification_status"": ""RESOLVED"", ""verified_title"": ""[Radiotherapy and inhibitors of epidermal growth factor receptor: preclinical findings and preliminary clinical trials]."", ""seeded_from"": ""PPBF research program 2026-08-07""}",{{SEED_ACCOUNT_ID}},platform_owner
src_ea74936d27aeffa8,{{PPBF_ORG_ID}},Acute and longitudinal effects of weighted vest training on sprint-running performance: a systematic review,Sports Biomechanics,peer_reviewed,2,https://doi.org/10.1080/14763141.2019.1607542,2019-01-01,active,pending_review,unverified,"{""identifier_kind"": ""doi"", ""identifier"": ""10.1080/14763141.2019.1607542"", ""verification_status"": ""RESOLVED"", ""verified_title"": ""[Radiotherapy and inhibitors of epidermal growth factor receptor: preclinical findings and preliminary clinical trials]."", ""seeded_from"": ""PPBF research program 2026-08-07""}",{{SEED_ACCOUNT_ID}},platform_owner
src_5344f3a41b4049bd,{{PPBF_ORG_ID}},"Optimising the Dose of Static Stretching to Improve Flexibility: A Systematic Review, Meta-analysis and Multivariate Meta-regression",Sports Medicine,peer_reviewed,2,https://doi.org/10.1007/s40279-024-02143-9,2024-01-01,active,pending_review,unverified,"{""identifier_kind"": ""doi"", ""identifier"": ""10.1007/s40279-024-02143-9"", ""verification_status"": ""RESOLVED"", ""verified_title"": ""Optimising the Dose of Static Stretching to Improve Flexibility: A Systematic Review, Meta-analysis and Multivariate Meta-regression"", ""seeded_from"": ""PPBF research program 2026-08-07""}",{{SEED_ACCOUNT_ID}},platform_owner
src_d9193df204c6132a,{{PPBF_ORG_ID}},"Effects of Cold-Water Immersion Compared with Other Recovery Modalities on Athletic Performance Following Acute Strenuous Exercise in Physically Active Participants: A Systematic Review, Meta-Analysis, and Meta-Regression",Sports Medicine,peer_reviewed,2,https://doi.org/10.1007/s40279-022-01800-1,2022-01-01,active,pending_review,unverified,"{""identifier_kind"": ""doi"", ""identifier"": ""10.1007/s40279-022-01800-1"", ""verification_status"": ""RESOLVED"", ""verified_title"": ""Effects of Cold-Water Immersion Compared with Other Recovery Modalities on Athletic Performance Following Acute Strenuous Exercise in Physically Active Participants: A Systematic Review, Meta-Analysis, and Meta-Regression"", ""seeded_from"": ""PPBF research program 2026-08-07""}",{{SEED_ACCOUNT_ID}},platform_owner
src_173bd17bb301ef38,{{PPBF_ORG_ID}},Impact of Cold-Water Immersion Compared with Passive Recovery Following a Single Bout of Strenuous Exercise on Athletic Performance in Physically Active Participants: A Systematic Review with Meta-analysis and Meta-regression,Sports Medicine,peer_reviewed,2,https://doi.org/10.1007/s40279-022-01644-9,2022-01-01,active,pending_review,unverified,"{""identifier_kind"": ""doi"", ""identifier"": ""10.1007/s40279-022-01644-9"", ""verification_status"": ""RESOLVED"", ""verified_title"": ""Impact of Cold-Water Immersion Compared with Passive Recovery Following a Single Bout of Strenuous Exercise on Athletic Performance in Physically Active Participants: A Systematic Review with Meta-analysis and Meta-regression"", ""seeded_from"": ""PPBF research program 2026-08-07""}",{{SEED_ACCOUNT_ID}},platform_owner
src_99765c9f681c7713,{{PPBF_ORG_ID}},"Session-RPE Method for Training Load Monitoring: Validity, Ecological Usefulness, and Influencing Factors",Frontiers in Neuroscience,peer_reviewed,3,https://doi.org/10.3389/fnins.2017.00612,2017-01-01,active,pending_review,unverified,"{""identifier_kind"": ""doi"", ""identifier"": ""10.3389/fnins.2017.00612"", ""verification_status"": ""RESOLVED"", ""verified_title"": ""Session-RPE Method for Training Load Monitoring: Validity, Ecological Usefulness, and Influencing Factors"", ""seeded_from"": ""PPBF research program 2026-08-07""}",{{SEED_ACCOUNT_ID}},platform_owner
src_8a89db3326d7d9b9,{{PPBF_ORG_ID}},Player Session Rating of Perceived Exertion: A More Valid Tool Than Coaches’ Ratings to Monitor Internal Training Load in Elite Youth Female Basketball,International Journal of Sports Physiology and Performance,other,4,https://doi.org/10.1123/ijspp.2019-0248,2020-01-01,active,pending_review,unverified,"{""identifier_kind"": ""doi"", ""identifier"": ""10.1123/ijspp.2019-0248"", ""verification_status"": ""RESOLVED"", ""verified_title"": ""Player Session Rating of Perceived Exertion: A More Valid Tool Than Coaches’ Ratings to Monitor Internal Training Load in Elite Youth Female Basketball"", ""seeded_from"": ""PPBF research program 2026-08-07""}",{{SEED_ACCOUNT_ID}},platform_owner
src_a26dd719ac49d4f5,{{PPBF_ORG_ID}},The Validation of Session Rating of Perceived Exertion for Quantifying Internal Training Load in Adolescent Distance Runners,International Journal of Sports Physiology and Performance,other,4,https://doi.org/10.1123/ijspp.2018-0120,2019-01-01,active,pending_review,unverified,"{""identifier_kind"": ""doi"", ""identifier"": ""10.1123/ijspp.2018-0120"", ""verification_status"": ""RESOLVED"", ""verified_title"": ""The Validation of Session Rating of Perceived Exertion for Quantifying Internal Training Load in Adolescent Distance Runners"", ""seeded_from"": ""PPBF research program 2026-08-07""}",{{SEED_ACCOUNT_ID}},platform_owner
src_13670627246a5933,{{PPBF_ORG_ID}},Validity and reliability of the session-RPE method for quantifying training load in karate athletes.,The Journal of sports medicine and physical fitness,other,4,https://pubmed.ncbi.nlm.nih.gov/25908242/,2015-01-01,active,pending_review,unverified,"{""identifier_kind"": ""pmid"", ""identifier"": ""25908242"", ""verification_status"": ""RESOLVED"", ""verified_title"": ""Validity and reliability of the session-RPE method for quantifying training load in karate athletes."", ""seeded_from"": ""PPBF research program 2026-08-07""}",{{SEED_ACCOUNT_ID}},platform_owner
src_f176039eb7ccdcdd,{{PPBF_ORG_ID}},Monitoring the athlete training response: subjective self-reported measures trump commonly used objective measures: a systematic review,British Journal of Sports Medicine,peer_reviewed,2,https://doi.org/10.1136/bjsports-2015-094758,2015-01-01,active,pending_review,unverified,"{""identifier_kind"": ""doi"", ""identifier"": ""10.1136/bjsports-2015-094758"", ""verification_status"": ""RESOLVED"", ""verified_title"": ""Monitoring the athlete training response: subjective self-reported measures trump commonly used objective measures: a systematic review"", ""seeded_from"": ""PPBF research program 2026-08-07""}",{{SEED_ACCOUNT_ID}},platform_owner
src_60eb0e214aeff64c,{{PPBF_ORG_ID}},Monitoring Athlete Training Loads: Consensus Statement,International Journal of Sports Physiology and Performance,clinical_guideline,1,https://doi.org/10.1123/IJSPP.2017-0208,2017-01-01,active,pending_review,unverified,"{""identifier_kind"": ""doi"", ""identifier"": ""10.1123/IJSPP.2017-0208"", ""verification_status"": ""RESOLVED"", ""verified_title"": ""Monitoring Athlete Training Loads: Consensus Statement"", ""seeded_from"": ""PPBF research program 2026-08-07""}",{{SEED_ACCOUNT_ID}},platform_owner
src_bc68add921ab781f,{{PPBF_ORG_ID}},Monitoring Training Load to Understand Fatigue in Athletes,Sports Medicine,peer_reviewed,3,https://doi.org/10.1007/s40279-014-0253-z,2014-01-01,active,pending_review,unverified,"{""identifier_kind"": ""doi"", ""identifier"": ""10.1007/s40279-014-0253-z"", ""verification_status"": ""RESOLVED"", ""verified_title"": ""Monitoring Training Load to Understand Fatigue in Athletes"", ""seeded_from"": ""PPBF research program 2026-08-07""}",{{SEED_ACCOUNT_ID}},platform_owner
src_4d420636e597e431,{{PPBF_ORG_ID}},Monitoring training in athletes with reference to overtraining syndrome,Medicine &amp; Science in Sports &amp; Exercise,peer_reviewed,3,https://doi.org/10.1097/00005768-199807000-00023,1998-01-01,active,pending_review,unverified,"{""identifier_kind"": ""doi"", ""identifier"": ""10.1097/00005768-199807000-00023"", ""verification_status"": ""RESOLVED"", ""verified_title"": ""Monitoring training in athletes with reference to overtraining syndrome"", ""seeded_from"": ""PPBF research program 2026-08-07""}",{{SEED_ACCOUNT_ID}},platform_owner
src_75f364e7c413d6bb,{{PPBF_ORG_ID}},"Variations of training load, monotony, and strain and dose-response relationships with maximal aerobic speed, maximal oxygen uptake, and isokinetic strength in professional soccer players",PLOS ONE,other,4,https://doi.org/10.1371/journal.pone.0225522,2019-01-01,active,pending_review,unverified,"{""identifier_kind"": ""doi"", ""identifier"": ""10.1371/journal.pone.0225522"", ""verification_status"": ""RESOLVED"", ""verified_title"": ""Variations of training load, monotony, and strain and dose-response relationships with maximal aerobic speed, maximal oxygen uptake, and isokinetic strength in professional soccer players"", ""seeded_from"": ""PPBF research program 2026-08-07""}",{{SEED_ACCOUNT_ID}},platform_owner
src_25a4fa82a86c91d0,{{PPBF_ORG_ID}},Mathematical coupling causes spurious correlation within the conventional acute-to-chronic workload ratio calculations,British Journal of Sports Medicine,other,4,https://doi.org/10.1136/bjsports-2017-098110,2017-01-01,active,pending_review,unverified,"{""identifier_kind"": ""doi"", ""identifier"": ""10.1136/bjsports-2017-098110"", ""verification_status"": ""RESOLVED"", ""verified_title"": ""Mathematical coupling causes spurious correlation within the conventional acute-to-chronic workload ratio calculations"", ""seeded_from"": ""PPBF research program 2026-08-07""}",{{SEED_ACCOUNT_ID}},platform_owner
src_26500332a5766eaa,{{PPBF_ORG_ID}},Does Mathematical Coupling Matter to the Acute to Chronic Workload Ratio? A Case Study From Elite Sport,International Journal of Sports Physiology and Performance,other,4,https://doi.org/10.1123/ijspp.2018-0874,2019-01-01,active,pending_review,unverified,"{""identifier_kind"": ""doi"", ""identifier"": ""10.1123/ijspp.2018-0874"", ""verification_status"": ""RESOLVED"", ""verified_title"": ""Does Mathematical Coupling Matter to the Acute to Chronic Workload Ratio? A Case Study From Elite Sport"", ""seeded_from"": ""PPBF research program 2026-08-07""}",{{SEED_ACCOUNT_ID}},platform_owner
src_831fe84e6b7a2d7f,{{PPBF_ORG_ID}},&lt;p&gt;The Relationship Between Acute: Chronic Workload Ratios and Injury Risk in Sports: A Systematic Review&lt;/p&gt;,Open Access Journal of Sports Medicine,peer_reviewed,2,https://doi.org/10.2147/OAJSM.S231405,2020-01-01,active,pending_review,unverified,"{""identifier_kind"": ""doi"", ""identifier"": ""10.2147/OAJSM.S231405"", ""verification_status"": ""RESOLVED"", ""verified_title"": ""&lt;p&gt;The Relationship Between Acute: Chronic Workload Ratios and Injury Risk in Sports: A Systematic Review&lt;/p&gt;"", ""seeded_from"": ""PPBF research program 2026-08-07""}",{{SEED_ACCOUNT_ID}},platform_owner
src_42ad976698f90cdf,{{PPBF_ORG_ID}},"Is the Acute: Chronic Workload Ratio (ACWR) Associated with Risk of Time-Loss Injury in Professional Team Sports? A Systematic Review of Methodology, Variables and Injury Risk in Practical Situations",Sports Medicine,peer_reviewed,2,https://doi.org/10.1007/s40279-020-01308-6,2020-01-01,active,pending_review,unverified,"{""identifier_kind"": ""doi"", ""identifier"": ""10.1007/s40279-020-01308-6"", ""verification_status"": ""RESOLVED"", ""verified_title"": ""Is the Acute: Chronic Workload Ratio (ACWR) Associated with Risk of Time-Loss Injury in Professional Team Sports? A Systematic Review of Methodology, Variables and Injury Risk in Practical Situations"", ""seeded_from"": ""PPBF research program 2026-08-07""}",{{SEED_ACCOUNT_ID}},platform_owner
src_9677e6109863674d,{{PPBF_ORG_ID}},The Association Between the Acute:Chronic Workload Ratio and Injury and its Application in Team Sports: A Systematic Review,Sports Medicine,peer_reviewed,2,https://doi.org/10.1007/s40279-019-01218-2,2019-01-01,active,pending_review,unverified,"{""identifier_kind"": ""doi"", ""identifier"": ""10.1007/s40279-019-01218-2"", ""verification_status"": ""RESOLVED"", ""verified_title"": ""The Association Between the Acute:Chronic Workload Ratio and Injury and its Application in Team Sports: A Systematic Review"", ""seeded_from"": ""PPBF research program 2026-08-07""}",{{SEED_ACCOUNT_ID}},platform_owner
src_15c85cdb41e183fd,{{PPBF_ORG_ID}},Lipopolysaccharide O antigen size distribution is determined by a chain extension complex of variable stoichiometry in Escherichia coli O9a.,Proceedings of the National Academy of Sciences of the United States of America,peer_reviewed,3,https://pubmed.ncbi.nlm.nih.gov/24733938/,2014-01-01,active,pending_review,unverified,"{""identifier_kind"": ""pmid"", ""identifier"": ""24733938"", ""verification_status"": ""RESOLVED"", ""verified_title"": ""Lipopolysaccharide O antigen size distribution is determined by a chain extension complex of variable stoichiometry in Escherichia coli O9a."", ""seeded_from"": ""PPBF research program 2026-08-07""}",{{SEED_ACCOUNT_ID}},platform_owner
src_04f3cca2743a7757,{{PPBF_ORG_ID}},Glucose transporter gene expression in early mouse embryos.,"Development (Cambridge, England)",peer_reviewed,3,https://pubmed.ncbi.nlm.nih.gov/1765007/,1991-01-01,active,pending_review,unverified,"{""identifier_kind"": ""pmid"", ""identifier"": ""1765007"", ""verification_status"": ""RESOLVED"", ""verified_title"": ""Lipopolysaccharide O antigen size distribution is determined by a chain extension complex of variable stoichiometry in Escherichia coli O9a."", ""seeded_from"": ""PPBF research program 2026-08-07""}",{{SEED_ACCOUNT_ID}},platform_owner
src_500bf5dcb397d73f,{{PPBF_ORG_ID}},A systematic review on methodological variation in acute:chronic workload research in elite male football players,Science and Medicine in Football,peer_reviewed,3,https://doi.org/10.1080/24733938.2020.1765007,2020-01-01,active,pending_review,unverified,"{""identifier_kind"": ""doi"", ""identifier"": ""10.1080/24733938.2020.1765007"", ""verification_status"": ""RESOLVED"", ""verified_title"": ""Lipopolysaccharide O antigen size distribution is determined by a chain extension complex of variable stoichiometry in Escherichia coli O9a."", ""seeded_from"": ""PPBF research program 2026-08-07""}",{{SEED_ACCOUNT_ID}},platform_owner
src_d92155669e93ac45,{{PPBF_ORG_ID}},The training—injury prevention paradox: should athletes be training smarter<i>and</i>harder?,British Journal of Sports Medicine,other,4,https://doi.org/10.1136/bjsports-2015-095788,2016-01-01,active,pending_review,unverified,"{""identifier_kind"": ""doi"", ""identifier"": ""10.1136/bjsports-2015-095788"", ""verification_status"": ""RESOLVED"", ""verified_title"": ""The training—injury prevention paradox: should athletes be training smarter<i>and</i>harder?"", ""seeded_from"": ""PPBF research program 2026-08-07""}",{{SEED_ACCOUNT_ID}},platform_owner
src_3d4df8639b311816,{{PPBF_ORG_ID}},How much is too much? (Part 1) International Olympic Committee consensus statement on load in sport and risk of injury,British Journal of Sports Medicine,clinical_guideline,1,https://doi.org/10.1136/bjsports-2016-096581,2016-01-01,active,pending_review,unverified,"{""identifier_kind"": ""doi"", ""identifier"": ""10.1136/bjsports-2016-096581"", ""verification_status"": ""RESOLVED"", ""verified_title"": ""How much is too much? (Part 1) International Olympic Committee consensus statement on load in sport and risk of injury"", ""seeded_from"": ""PPBF research program 2026-08-07""}",{{SEED_ACCOUNT_ID}},platform_owner
src_60c71dd82fe5eac5,{{PPBF_ORG_ID}},How much is too much? (Part 2) International Olympic Committee consensus statement on load in sport and risk of illness,British Journal of Sports Medicine,clinical_guideline,1,https://doi.org/10.1136/bjsports-2016-096572,2016-01-01,active,pending_review,unverified,"{""identifier_kind"": ""doi"", ""identifier"": ""10.1136/bjsports-2016-096572"", ""verification_status"": ""RESOLVED"", ""verified_title"": ""How much is too much? (Part 2) International Olympic Committee consensus statement on load in sport and risk of illness"", ""seeded_from"": ""PPBF research program 2026-08-07""}",{{SEED_ACCOUNT_ID}},platform_owner
src_ffa2a75adadb8bd9,{{PPBF_ORG_ID}},"Prevention, Diagnosis, and Treatment of the Overtraining Syndrome",Medicine &amp; Science in Sports &amp; Exercise,clinical_guideline,1,https://doi.org/10.1249/MSS.0b013e318279a10a,2013-01-01,active,pending_review,unverified,"{""identifier_kind"": ""doi"", ""identifier"": ""10.1249/MSS.0b013e318279a10a"", ""verification_status"": ""RESOLVED"", ""verified_title"": ""Prevention, Diagnosis, and Treatment of the Overtraining Syndrome"", ""seeded_from"": ""PPBF research program 2026-08-07""}",{{SEED_ACCOUNT_ID}},platform_owner
src_203a4b58ffb94d18,{{PPBF_ORG_ID}},Sleep and the athlete: narrative review and 2021 expert consensus recommendations,British Journal of Sports Medicine,peer_reviewed,4,https://doi.org/10.1136/bjsports-2020-102025,2020-01-01,active,pending_review,unverified,"{""identifier_kind"": ""doi"", ""identifier"": ""10.1136/bjsports-2020-102025"", ""verification_status"": ""RESOLVED"", ""verified_title"": ""Sleep and the athlete: narrative review and 2021 expert consensus recommendations"", ""seeded_from"": ""PPBF research program 2026-08-07""}",{{SEED_ACCOUNT_ID}},platform_owner
src_e2abf4fe2ca6724b,{{PPBF_ORG_ID}},Effects of Acute Sleep Loss on Physical Performance: A Systematic and Meta-Analytical Review,Sports Medicine,peer_reviewed,2,https://doi.org/10.1007/s40279-022-01706-y,2022-01-01,active,pending_review,unverified,"{""identifier_kind"": ""doi"", ""identifier"": ""10.1007/s40279-022-01706-y"", ""verification_status"": ""RESOLVED"", ""verified_title"": ""Effects of Acute Sleep Loss on Physical Performance: A Systematic and Meta-Analytical Review"", ""seeded_from"": ""PPBF research program 2026-08-07""}",{{SEED_ACCOUNT_ID}},platform_owner
src_6b9cf94516ba0efe,{{PPBF_ORG_ID}},The Effects of Sleep Extension on the Athletic Performance of Collegiate Basketball Players,Sleep,other,4,https://doi.org/10.5665/SLEEP.1132,2011-01-01,active,pending_review,unverified,"{""identifier_kind"": ""doi"", ""identifier"": ""10.5665/SLEEP.1132"", ""verification_status"": ""RESOLVED"", ""verified_title"": ""The Effects of Sleep Extension on the Athletic Performance of Collegiate Basketball Players"", ""seeded_from"": ""PPBF research program 2026-08-07""}",{{SEED_ACCOUNT_ID}},platform_owner
src_46b97b9c45b3211d,{{PPBF_ORG_ID}},Chronic Lack of Sleep is Associated With Increased Sports Injuries in Adolescent Athletes,Journal of Pediatric Orthopaedics,peer_reviewed,3,https://doi.org/10.1097/BPO.0000000000000151,2014-01-01,active,pending_review,unverified,"{""identifier_kind"": ""doi"", ""identifier"": ""10.1097/BPO.0000000000000151"", ""verification_status"": ""RESOLVED"", ""verified_title"": ""Chronic Lack of Sleep is Associated With Increased Sports Injuries in Adolescent Athletes"", ""seeded_from"": ""PPBF research program 2026-08-07""}",{{SEED_ACCOUNT_ID}},platform_owner
src_2aedd43d61d18594,{{PPBF_ORG_ID}},Sleep and the Young Athlete,Sports Health: A Multidisciplinary Approach,peer_reviewed,4,https://doi.org/10.1177/19417381221108732,2022-01-01,active,pending_review,unverified,"{""identifier_kind"": ""doi"", ""identifier"": ""10.1177/19417381221108732"", ""verification_status"": ""RESOLVED"", ""verified_title"": ""Sleep and the Young Athlete"", ""seeded_from"": ""PPBF research program 2026-08-07""}",{{SEED_ACCOUNT_ID}},platform_owner
src_3b1a6b8eee4db1f2,{{PPBF_ORG_ID}},The Impact of Sleep Interventions on Athletic Performance: A Systematic Review,Sports Medicine - Open,peer_reviewed,2,https://doi.org/10.1186/s40798-023-00599-z,2023-01-01,active,pending_review,unverified,"{""identifier_kind"": ""doi"", ""identifier"": ""10.1186/s40798-023-00599-z"", ""verification_status"": ""RESOLVED"", ""verified_title"": ""The Impact of Sleep Interventions on Athletic Performance: A Systematic Review"", ""seeded_from"": ""PPBF research program 2026-08-07""}",{{SEED_ACCOUNT_ID}},platform_owner
src_3f269f1db3d8f877,{{PPBF_ORG_ID}},Managing Travel Fatigue and Jet Lag in Athletes: A Review and Consensus Statement,Sports Medicine,clinical_guideline,1,https://doi.org/10.1007/s40279-021-01502-0,2021-01-01,active,pending_review,unverified,"{""identifier_kind"": ""doi"", ""identifier"": ""10.1007/s40279-021-01502-0"", ""verification_status"": ""RESOLVED"", ""verified_title"": ""Managing Travel Fatigue and Jet Lag in Athletes: A Review and Consensus Statement"", ""seeded_from"": ""PPBF research program 2026-08-07""}",{{SEED_ACCOUNT_ID}},platform_owner
src_f01b3100d054b184,{{PPBF_ORG_ID}},Effects of Tapering on Performance,Medicine &amp; Science in Sports &amp; Exercise,peer_reviewed,2,https://doi.org/10.1249/mss.0b013e31806010e0,2007-01-01,active,pending_review,unverified,"{""identifier_kind"": ""doi"", ""identifier"": ""10.1249/mss.0b013e31806010e0"", ""verification_status"": ""RESOLVED"", ""verified_title"": ""Effects of Tapering on Performance"", ""seeded_from"": ""PPBF research program 2026-08-07""}",{{SEED_ACCOUNT_ID}},platform_owner
src_d694405d424675f2,{{PPBF_ORG_ID}},Anti-inflammatory agents as a therapeutic approach to Alzheimer's disease.,Neurology,peer_reviewed,2,https://pubmed.ncbi.nlm.nih.gov/1736183/,1992-01-01,active,pending_review,unverified,"{""identifier_kind"": ""pmid"", ""identifier"": ""1736183"", ""verification_status"": ""RESOLVED"", ""verified_title"": ""[Prevalence of hereditary diseases in three-year-old Swiss Warmblood horses]."", ""seeded_from"": ""PPBF research program 2026-08-07""}",{{SEED_ACCOUNT_ID}},platform_owner
src_4f5ef0cf948e998a,{{PPBF_ORG_ID}},Effects of tapering on neuromuscular and metabolic fitness in team sports: a systematic review and meta‐analysis,European Journal of Sport Science,peer_reviewed,2,https://doi.org/10.1080/17461391.2020.1736183,2020-01-01,active,pending_review,unverified,"{""identifier_kind"": ""doi"", ""identifier"": ""10.1080/17461391.2020.1736183"", ""verification_status"": ""RESOLVED"", ""verified_title"": ""[Prevalence of hereditary diseases in three-year-old Swiss Warmblood horses]."", ""seeded_from"": ""PPBF research program 2026-08-07""}",{{SEED_ACCOUNT_ID}},platform_owner
src_8e9201a67eff647b,{{PPBF_ORG_ID}},Effects of tapering on performance in endurance athletes: A systematic review and meta-analysis,PLOS ONE,peer_reviewed,2,https://doi.org/10.1371/journal.pone.0282838,2023-01-01,active,pending_review,unverified,"{""identifier_kind"": ""doi"", ""identifier"": ""10.1371/journal.pone.0282838"", ""verification_status"": ""RESOLVED"", ""verified_title"": ""Effects of tapering on performance in endurance athletes: A systematic review and meta-analysis"", ""seeded_from"": ""PPBF research program 2026-08-07""}",{{SEED_ACCOUNT_ID}},platform_owner
src_541d0a9e8defc454,{{PPBF_ORG_ID}},Incidence Rates and Pathology Types of Boxing-Specific Injuries: A Systematic Review and Meta-analysis of Epidemiology Studies in the 21st Century,Orthopaedic Journal of Sports Medicine,peer_reviewed,2,https://doi.org/10.1177/23259671221127669,2023-01-01,active,pending_review,unverified,"{""identifier_kind"": ""doi"", ""identifier"": ""10.1177/23259671221127669"", ""verification_status"": ""RESOLVED"", ""verified_title"": ""Incidence Rates and Pathology Types of Boxing-Specific Injuries: A Systematic Review and Meta-analysis of Epidemiology Studies in the 21st Century"", ""seeded_from"": ""PPBF research program 2026-08-07""}",{{SEED_ACCOUNT_ID}},platform_owner
src_e8c041af371947bd,{{PPBF_ORG_ID}},Hand and Wrist Injuries in Elite Boxing,HAND,peer_reviewed,3,https://doi.org/10.1177/1558944716642756,2016-01-01,active,pending_review,unverified,"{""identifier_kind"": ""doi"", ""identifier"": ""10.1177/1558944716642756"", ""verification_status"": ""RESOLVED"", ""verified_title"": ""Hand and Wrist Injuries in Elite Boxing"", ""seeded_from"": ""PPBF research program 2026-08-07""}",{{SEED_ACCOUNT_ID}},platform_owner
src_d67ca31658547c89,{{PPBF_ORG_ID}},A prospective cohort study of injury in amateur and professional boxing,British Journal of Sports Medicine,peer_reviewed,3,https://doi.org/10.1136/bjsm.2006.025924,2006-01-01,active,pending_review,unverified,"{""identifier_kind"": ""doi"", ""identifier"": ""10.1136/bjsm.2006.025924"", ""verification_status"": ""RESOLVED"", ""verified_title"": ""A prospective cohort study of injury in amateur and professional boxing"", ""seeded_from"": ""PPBF research program 2026-08-07""}",{{SEED_ACCOUNT_ID}},platform_owner
src_db1fbf900906f271,{{PPBF_ORG_ID}},Injury Rates and Risk Factors in Competitive Professional Boxing,Clinical Journal of Sport Medicine,peer_reviewed,3,https://doi.org/10.1097/JSM.0b013e31818f1582,2009-01-01,active,pending_review,unverified,"{""identifier_kind"": ""doi"", ""identifier"": ""10.1097/JSM.0b013e31818f1582"", ""verification_status"": ""RESOLVED"", ""verified_title"": ""Injury Rates and Risk Factors in Competitive Professional Boxing"", ""seeded_from"": ""PPBF research program 2026-08-07""}",{{SEED_ACCOUNT_ID}},platform_owner
src_f89f458247bc0fa0,{{PPBF_ORG_ID}},"Injury incidence, severity and profile in Olympic combat sports: a comparative analysis of 7712 athlete exposures from three consecutive Olympic Games",British Journal of Sports Medicine,peer_reviewed,3,https://doi.org/10.1136/bjsports-2020-102958,2020-01-01,active,pending_review,unverified,"{""identifier_kind"": ""doi"", ""identifier"": ""10.1136/bjsports-2020-102958"", ""verification_status"": ""RESOLVED"", ""verified_title"": ""Injury incidence, severity and profile in Olympic combat sports: a comparative analysis of 7712 athlete exposures from three consecutive Olympic Games"", ""seeded_from"": ""PPBF research program 2026-08-07""}",{{SEED_ACCOUNT_ID}},platform_owner
src_8bee365757f7eafa,{{PPBF_ORG_ID}},A systematic review of prospective epidemiological research into injury and illness in Olympic combat sport,British Journal of Sports Medicine,peer_reviewed,2,https://doi.org/10.1136/bjsports-2016-097313,2017-01-01,active,pending_review,unverified,"{""identifier_kind"": ""doi"", ""identifier"": ""10.1136/bjsports-2016-097313"", ""verification_status"": ""RESOLVED"", ""verified_title"": ""A systematic review of prospective epidemiological research into injury and illness in Olympic combat sport"", ""seeded_from"": ""PPBF research program 2026-08-07""}",{{SEED_ACCOUNT_ID}},platform_owner
src_f0f72349d5029e9c,{{PPBF_ORG_ID}},Injury surveillance during elite women's national boxing championship in India,Medical Journal Armed Forces India,other,4,https://doi.org/10.1016/j.mjafi.2021.03.016,2023-01-01,active,pending_review,unverified,"{""identifier_kind"": ""doi"", ""identifier"": ""10.1016/j.mjafi.2021.03.016"", ""verification_status"": ""RESOLVED"", ""verified_title"": ""Injury surveillance during elite women's national boxing championship in India"", ""seeded_from"": ""PPBF research program 2026-08-07""}",{{SEED_ACCOUNT_ID}},platform_owner
src_04799ac793776425,{{PPBF_ORG_ID}},Injuries in Competitive Boxing. A Prospective Study,International Journal of Sports Medicine,other,4,https://doi.org/10.1055/s-0034-1387764,2014-01-01,active,pending_review,unverified,"{""identifier_kind"": ""doi"", ""identifier"": ""10.1055/s-0034-1387764"", ""verification_status"": ""RESOLVED"", ""verified_title"": ""DNA-testing for Huntington's disease in The Netherlands: a retrospective study on psychosocial effects."", ""seeded_from"": ""PPBF research program 2026-08-07""}",{{SEED_ACCOUNT_ID}},platform_owner
src_9b44730ebb92f513,{{PPBF_ORG_ID}},Ocular complications of boxing,British Journal of Sports Medicine,peer_reviewed,3,https://doi.org/10.1136/bjsm.2003.006643,2005-01-01,active,pending_review,unverified,"{""identifier_kind"": ""doi"", ""identifier"": ""10.1136/bjsm.2003.006643"", ""verification_status"": ""RESOLVED"", ""verified_title"": ""Ocular complications of boxing"", ""seeded_from"": ""PPBF research program 2026-08-07""}",{{SEED_ACCOUNT_ID}},platform_owner
src_1595ad7d7a53440b,{{PPBF_ORG_ID}},Boxing-related fatalities in Australia: A retrospective analysis of news media reports,Journal of Science and Medicine in Sport,media,5,https://doi.org/10.1016/j.jsams.2021.08.002,2022-01-01,active,pending_review,unverified,"{""identifier_kind"": ""doi"", ""identifier"": ""10.1016/j.jsams.2021.08.002"", ""verification_status"": ""RESOLVED"", ""verified_title"": ""Boxing-related fatalities in Australia: A retrospective analysis of news media reports"", ""seeded_from"": ""PPBF research program 2026-08-07""}",{{SEED_ACCOUNT_ID}},platform_owner
src_6597cd4231cd2db1,{{PPBF_ORG_ID}},"Effects of the 5-HT3 receptor antagonist, ICS 205-930, on oesophageal motor activity and on lower oesophageal sphincter pressure: a double-blind cross-over study.",Hepato-gastroenterology,clinical_guideline,1,https://pubmed.ncbi.nlm.nih.gov/2083922/,1990-01-01,active,pending_review,unverified,"{""identifier_kind"": ""pmid"", ""identifier"": ""2083922"", ""verification_status"": ""RESOLVED"", ""verified_title"": ""Effects of the 5-HT3 receptor antagonist, ICS 205-930, on oesophageal motor activity and on lower oesophageal sphincter pressure: a double-blind cross-over study."", ""seeded_from"": ""PPBF research program 2026-08-07""}",{{SEED_ACCOUNT_ID}},platform_owner
src_412dee7701bc32ab,{{PPBF_ORG_ID}},Neuroimaging in professional combat sports: consensus statement from the association of ringside physicians,The Physician and Sportsmedicine,clinical_guideline,1,https://doi.org/10.1080/00913847.2022.2083922,2022-01-01,active,pending_review,unverified,"{""identifier_kind"": ""doi"", ""identifier"": ""10.1080/00913847.2022.2083922"", ""verification_status"": ""RESOLVED"", ""verified_title"": ""Effects of the 5-HT3 receptor antagonist, ICS 205-930, on oesophageal motor activity and on lower oesophageal sphincter pressure: a double-blind cross-over study."", ""seeded_from"": ""PPBF research program 2026-08-07""}",{{SEED_ACCOUNT_ID}},platform_owner
src_b61baf7ebebde173,{{PPBF_ORG_ID}},Characterizing Head Impact Exposure in Men and Women During Boxing and Mixed Martial Arts,Orthopaedic Journal of Sports Medicine,peer_reviewed,3,https://doi.org/10.1177/23259671211059815,2021-01-01,active,pending_review,unverified,"{""identifier_kind"": ""doi"", ""identifier"": ""10.1177/23259671211059815"", ""verification_status"": ""RESOLVED"", ""verified_title"": ""Characterizing Head Impact Exposure in Men and Women During Boxing and Mixed Martial Arts"", ""seeded_from"": ""PPBF research program 2026-08-07""}",{{SEED_ACCOUNT_ID}},platform_owner
src_1f93a95cc72950c3,{{PPBF_ORG_ID}},Measurement of Head Kinematics Using Instrumented Mouthguards During Introductory Boxing Courses in U.S. Military Academy Cadets,Military Medicine,other,4,https://doi.org/10.1093/milmed/usad249,2023-01-01,active,pending_review,unverified,"{""identifier_kind"": ""doi"", ""identifier"": ""10.1093/milmed/usad249"", ""verification_status"": ""RESOLVED"", ""verified_title"": ""Measurement of Head Kinematics Using Instrumented Mouthguards During Introductory Boxing Courses in U.S. Military Academy Cadets"", ""seeded_from"": ""PPBF research program 2026-08-07""}",{{SEED_ACCOUNT_ID}},platform_owner
src_225113224ded662b,{{PPBF_ORG_ID}},Chronic traumatic encephalopathy (CTE): criteria for neuropathological diagnosis and relationship to repetitive head impacts,Acta Neuropathologica,other,4,https://doi.org/10.1007/s00401-023-02540-w,2023-01-01,active,pending_review,unverified,"{""identifier_kind"": ""doi"", ""identifier"": ""10.1007/s00401-023-02540-w"", ""verification_status"": ""RESOLVED"", ""verified_title"": ""Chronic traumatic encephalopathy (CTE): criteria for neuropathological diagnosis and relationship to repetitive head impacts"", ""seeded_from"": ""PPBF research program 2026-08-07""}",{{SEED_ACCOUNT_ID}},platform_owner
src_61bc131ffec7acc8,{{PPBF_ORG_ID}},Chronic traumatic encephalopathy is not a real disease,Archives of Clinical Neuropsychology,other,4,https://doi.org/10.1093/arclin/acy063,2018-01-01,active,pending_review,unverified,"{""identifier_kind"": ""doi"", ""identifier"": ""10.1093/arclin/acy063"", ""verification_status"": ""RESOLVED"", ""verified_title"": ""Chronic traumatic encephalopathy is not a real disease"", ""seeded_from"": ""PPBF research program 2026-08-07""}",{{SEED_ACCOUNT_ID}},platform_owner
src_b7b85b44f09343a2,{{PPBF_ORG_ID}},Professional Fighters Brain Health Study: Rationale and Methods,American Journal of Epidemiology,peer_reviewed,3,https://doi.org/10.1093/aje/kws456,2013-01-01,active,pending_review,unverified,"{""identifier_kind"": ""doi"", ""identifier"": ""10.1093/aje/kws456"", ""verification_status"": ""RESOLVED"", ""verified_title"": ""Professional Fighters Brain Health Study: Rationale and Methods"", ""seeded_from"": ""PPBF research program 2026-08-07""}",{{SEED_ACCOUNT_ID}},platform_owner
src_01d47b0829102ed2,{{PPBF_ORG_ID}},Sparring and the Brain: The Associations between Sparring and Regional Brain Volumes in Professional Mixed Martial Arts Fighters,Sports Medicine,peer_reviewed,3,https://doi.org/10.1007/s40279-023-01838-9,2023-01-01,active,pending_review,unverified,"{""identifier_kind"": ""doi"", ""identifier"": ""10.1007/s40279-023-01838-9"", ""verification_status"": ""RESOLVED"", ""verified_title"": ""Sparring and the Brain: The Associations between Sparring and Regional Brain Volumes in Professional Mixed Martial Arts Fighters"", ""seeded_from"": ""PPBF research program 2026-08-07""}",{{SEED_ACCOUNT_ID}},platform_owner
src_fc9be7ed91fc24bd,{{PPBF_ORG_ID}},Longitudinal Performance of Plasma Neurofilament Light and Tau in Professional Fighters: The Professional Fighters Brain Health Study,Journal of Neurotrauma,peer_reviewed,3,https://doi.org/10.1089/neu.2017.5553,2018-01-01,active,pending_review,unverified,"{""identifier_kind"": ""doi"", ""identifier"": ""10.1089/neu.2017.5553"", ""verification_status"": ""RESOLVED"", ""verified_title"": ""Longitudinal Performance of Plasma Neurofilament Light and Tau in Professional Fighters: The Professional Fighters Brain Health Study"", ""seeded_from"": ""PPBF research program 2026-08-07""}",{{SEED_ACCOUNT_ID}},platform_owner
src_476320029439abde,{{PPBF_ORG_ID}},Longitudinal Changes in Regional Brain Volumes and Cognition of Professional Fighters With Traumatic Encephalopathy Syndrome,Neurology,peer_reviewed,3,https://doi.org/10.1212/WNL.0000000000207594,2023-01-01,active,pending_review,unverified,"{""identifier_kind"": ""doi"", ""identifier"": ""10.1212/WNL.0000000000207594"", ""verification_status"": ""RESOLVED"", ""verified_title"": ""Longitudinal Changes in Regional Brain Volumes and Cognition of Professional Fighters With Traumatic Encephalopathy Syndrome"", ""seeded_from"": ""PPBF research program 2026-08-07""}",{{SEED_ACCOUNT_ID}},platform_owner
src_c960a57f92385e50,{{PPBF_ORG_ID}},The risk of chronic traumatic brain injury in professional boxing: change in exposure variables over the past century,British Journal of Sports Medicine,peer_reviewed,3,https://doi.org/10.1136/bjsm.2004.017046,2005-01-01,active,pending_review,unverified,"{""identifier_kind"": ""doi"", ""identifier"": ""10.1136/bjsm.2004.017046"", ""verification_status"": ""RESOLVED"", ""verified_title"": ""The risk of chronic traumatic brain injury in professional boxing: change in exposure variables over the past century"", ""seeded_from"": ""PPBF research program 2026-08-07""}",{{SEED_ACCOUNT_ID}},platform_owner
src_f7176ffb046bebf5,{{PPBF_ORG_ID}},Mortality Risk from Neurodegenerative Disease in Sports Associated with Repetitive Head Impacts: Preliminary Findings from a Systematic Review and Meta-Analysis,Sports Medicine,peer_reviewed,2,https://doi.org/10.1007/s40279-021-01580-0,2021-01-01,active,pending_review,unverified,"{""identifier_kind"": ""doi"", ""identifier"": ""10.1007/s40279-021-01580-0"", ""verification_status"": ""RESOLVED"", ""verified_title"": ""Mortality Risk from Neurodegenerative Disease in Sports Associated with Repetitive Head Impacts: Preliminary Findings from a Systematic Review and Meta-Analysis"", ""seeded_from"": ""PPBF research program 2026-08-07""}",{{SEED_ACCOUNT_ID}},platform_owner
src_b6292c09e6883927,{{PPBF_ORG_ID}},Understanding the Consequences of Repetitive Subconcussive Head Impacts in Sport: Brain Changes and Dampened Motor Control Are Seen After Boxing Practice,Frontiers in Human Neuroscience,peer_reviewed,4,https://doi.org/10.3389/fnhum.2019.00294,2019-01-01,active,pending_review,unverified,"{""identifier_kind"": ""doi"", ""identifier"": ""10.3389/fnhum.2019.00294"", ""verification_status"": ""RESOLVED"", ""verified_title"": ""Understanding the Consequences of Repetitive Subconcussive Head Impacts in Sport: Brain Changes and Dampened Motor Control Are Seen After Boxing Practice"", ""seeded_from"": ""PPBF research program 2026-08-07""}",{{SEED_ACCOUNT_ID}},platform_owner
src_1b6a4051bac1db93,{{PPBF_ORG_ID}},The Use of Biofluid Markers to Evaluate the Consequences of Sport-Related Subconcussive Head Impact Exposure: A Scoping Review,Sports Medicine - Open,peer_reviewed,3,https://doi.org/10.1186/s40798-023-00665-6,2024-01-01,active,pending_review,unverified,"{""identifier_kind"": ""doi"", ""identifier"": ""10.1186/s40798-023-00665-6"", ""verification_status"": ""RESOLVED"", ""verified_title"": ""The Use of Biofluid Markers to Evaluate the Consequences of Sport-Related Subconcussive Head Impact Exposure: A Scoping Review"", ""seeded_from"": ""PPBF research program 2026-08-07""}",{{SEED_ACCOUNT_ID}},platform_owner
src_7c83077fe2582df8,{{PPBF_ORG_ID}},Prevention strategies and modifiable risk factors for sport-related concussions and head impacts: a systematic review and meta-analysis,British Journal of Sports Medicine,peer_reviewed,2,https://doi.org/10.1136/bjsports-2022-106656,2023-01-01,active,pending_review,unverified,"{""identifier_kind"": ""doi"", ""identifier"": ""10.1136/bjsports-2022-106656"", ""verification_status"": ""RESOLVED"", ""verified_title"": ""Prevention strategies and modifiable risk factors for sport-related concussions and head impacts: a systematic review and meta-analysis"", ""seeded_from"": ""PPBF research program 2026-08-07""}",{{SEED_ACCOUNT_ID}},platform_owner
src_ce89ba6613bc7fad,{{PPBF_ORG_ID}},Evaluation of Neck Strength and Concussion Risk: A Systematic Review,Current Sports Medicine Reports,peer_reviewed,2,https://doi.org/10.1249/JSR.0000000000001313,2026-01-01,active,pending_review,unverified,"{""identifier_kind"": ""doi"", ""identifier"": ""10.1249/JSR.0000000000001313"", ""verification_status"": ""RESOLVED"", ""verified_title"": ""Evaluation of Neck Strength and Concussion Risk: A Systematic Review"", ""seeded_from"": ""PPBF research program 2026-08-07""}",{{SEED_ACCOUNT_ID}},platform_owner
src_92415afb3e0c74d1,{{PPBF_ORG_ID}},Neck Strength: A Protective Factor Reducing Risk for Concussion in High School Sports,The Journal of Primary Prevention,other,4,https://doi.org/10.1007/s10935-014-0355-2,2014-01-01,active,pending_review,unverified,"{""identifier_kind"": ""doi"", ""identifier"": ""10.1007/s10935-014-0355-2"", ""verification_status"": ""RESOLVED"", ""verified_title"": ""Neck Strength: A Protective Factor Reducing Risk for Concussion in High School Sports"", ""seeded_from"": ""PPBF research program 2026-08-07""}",{{SEED_ACCOUNT_ID}},platform_owner
src_9612ddb5ecc58153,{{PPBF_ORG_ID}},A Systematic Review of Strength and Conditioning Protocols for Improving Neck Strength and Reducing Concussion Incidence and Impact Injury Risk in Collision Sports; Is There Evidence?,Journal of Functional Morphology and Kinesiology,peer_reviewed,2,https://doi.org/10.3390/jfmk6010008,2021-01-01,active,pending_review,unverified,"{""identifier_kind"": ""doi"", ""identifier"": ""10.3390/jfmk6010008"", ""verification_status"": ""RESOLVED"", ""verified_title"": ""A Systematic Review of Strength and Conditioning Protocols for Improving Neck Strength and Reducing Concussion Incidence and Impact Injury Risk in Collision Sports; Is There Evidence?"", ""seeded_from"": ""PPBF research program 2026-08-07""}",{{SEED_ACCOUNT_ID}},platform_owner
src_38fbfcd247d2ee74,{{PPBF_ORG_ID}},Higher neck strength is associated with lower head acceleration during purposeful heading in soccer: A systematic review,Journal of Science and Medicine in Sport,peer_reviewed,2,https://doi.org/10.1016/j.jsams.2019.11.004,2020-01-01,active,pending_review,unverified,"{""identifier_kind"": ""doi"", ""identifier"": ""10.1016/j.jsams.2019.11.004"", ""verification_status"": ""RESOLVED"", ""verified_title"": ""Higher neck strength is associated with lower head acceleration during purposeful heading in soccer: A systematic review"", ""seeded_from"": ""PPBF research program 2026-08-07""}",{{SEED_ACCOUNT_ID}},platform_owner
src_d3d37b79c34a1f0f,{{PPBF_ORG_ID}},The Influence of Cervical Muscle Characteristics on Head Impact Biomechanics in Football,The American Journal of Sports Medicine,peer_reviewed,3,https://doi.org/10.1177/0363546514536685,2014-01-01,active,pending_review,unverified,"{""identifier_kind"": ""doi"", ""identifier"": ""10.1177/0363546514536685"", ""verification_status"": ""RESOLVED"", ""verified_title"": ""The Influence of Cervical Muscle Characteristics on Head Impact Biomechanics in Football"", ""seeded_from"": ""PPBF research program 2026-08-07""}",{{SEED_ACCOUNT_ID}},platform_owner
src_9080253869c8b016,{{PPBF_ORG_ID}},Does Cervical Muscle Strength in Youth Ice Hockey Players Affect Head Impact Biomechanics?,Clinical Journal of Sport Medicine,peer_reviewed,3,https://doi.org/10.1097/JSM.0B013E31822C8A5C,2011-01-01,active,pending_review,unverified,"{""identifier_kind"": ""doi"", ""identifier"": ""10.1097/JSM.0B013E31822C8A5C"", ""verification_status"": ""RESOLVED"", ""verified_title"": ""Does Cervical Muscle Strength in Youth Ice Hockey Players Affect Head Impact Biomechanics?"", ""seeded_from"": ""PPBF research program 2026-08-07""}",{{SEED_ACCOUNT_ID}},platform_owner
src_fd82789200419db9,{{PPBF_ORG_ID}},Neck Strength Is Not a Protective Factor for Lower Repetitive Head Impact Exposure in Law Enforcement Cadets,Military Medicine,other,4,https://doi.org/10.1093/milmed/usaf150,2025-01-01,active,pending_review,unverified,"{""identifier_kind"": ""doi"", ""identifier"": ""10.1093/milmed/usaf150"", ""verification_status"": ""RESOLVED"", ""verified_title"": ""Neck Strength Is Not a Protective Factor for Lower Repetitive Head Impact Exposure in Law Enforcement Cadets"", ""seeded_from"": ""PPBF research program 2026-08-07""}",{{SEED_ACCOUNT_ID}},platform_owner
src_44a911f67c875f94,{{PPBF_ORG_ID}},"Neck Muscular Strength, Training, Performance and Sport Injury Risk: A Review",Sports Medicine,peer_reviewed,4,https://doi.org/10.1007/s40279-016-0490-4,2016-01-01,active,pending_review,unverified,"{""identifier_kind"": ""doi"", ""identifier"": ""10.1007/s40279-016-0490-4"", ""verification_status"": ""RESOLVED"", ""verified_title"": ""Neck Muscular Strength, Training, Performance and Sport Injury Risk: A Review"", ""seeded_from"": ""PPBF research program 2026-08-07""}",{{SEED_ACCOUNT_ID}},platform_owner
src_82f6d246fcbc0117,{{PPBF_ORG_ID}},An assessment of maturity from anthropometric measurements,Medicine &amp; Science in Sports &amp; Exercise,other,4,https://doi.org/10.1097/00005768-200204000-00020,2002-01-01,active,pending_review,unverified,"{""identifier_kind"": ""doi"", ""identifier"": ""10.1097/00005768-200204000-00020"", ""verification_status"": ""RESOLVED"", ""verified_title"": ""An assessment of maturity from anthropometric measurements"", ""seeded_from"": ""PPBF research program 2026-08-07""}",{{SEED_ACCOUNT_ID}},platform_owner
src_898fffcce9dfc2f7,{{PPBF_ORG_ID}},Modified Maturity Offset Prediction Equations: Validation in Independent Longitudinal Samples of Boys and Girls,Sports Medicine,other,4,https://doi.org/10.1007/s40279-017-0750-y,2017-01-01,active,pending_review,unverified,"{""identifier_kind"": ""doi"", ""identifier"": ""10.1007/s40279-017-0750-y"", ""verification_status"": ""RESOLVED"", ""verified_title"": ""Modified Maturity Offset Prediction Equations: Validation in Independent Longitudinal Samples of Boys and Girls"", ""seeded_from"": ""PPBF research program 2026-08-07""}",{{SEED_ACCOUNT_ID}},platform_owner
src_7a6aabe26bab77e9,{{PPBF_ORG_ID}},"Associations between growth, maturation and injury in youth athletes engaged in elite pathways: a scoping review",British Journal of Sports Medicine,peer_reviewed,3,https://doi.org/10.1136/bjsports-2024-108233,2024-01-01,active,pending_review,unverified,"{""identifier_kind"": ""doi"", ""identifier"": ""10.1136/bjsports-2024-108233"", ""verification_status"": ""RESOLVED"", ""verified_title"": ""Associations between growth, maturation and injury in youth athletes engaged in elite pathways: a scoping review"", ""seeded_from"": ""PPBF research program 2026-08-07""}",{{SEED_ACCOUNT_ID}},platform_owner
src_8742970d108dd2dd,{{PPBF_ORG_ID}},"Maturity-associated considerations for training load, injury risk, and physical performance in youth soccer: One size does not fit all",Journal of Sport and Health Science,peer_reviewed,3,https://doi.org/10.1016/j.jshs.2020.09.003,2021-01-01,active,pending_review,unverified,"{""identifier_kind"": ""doi"", ""identifier"": ""10.1016/j.jshs.2020.09.003"", ""verification_status"": ""RESOLVED"", ""verified_title"": ""Maturity-associated considerations for training load, injury risk, and physical performance in youth soccer: One size does not fit all"", ""seeded_from"": ""PPBF research program 2026-08-07""}",{{SEED_ACCOUNT_ID}},platform_owner
src_9b2ec13e03a14dc2,{{PPBF_ORG_ID}},National Strength and Conditioning Association Position Statement on Long-Term Athletic Development,Journal of Strength and Conditioning Research,other,4,https://doi.org/10.1519/JSC.0000000000001387,2016-01-01,active,pending_review,unverified,"{""identifier_kind"": ""doi"", ""identifier"": ""10.1519/JSC.0000000000001387"", ""verification_status"": ""RESOLVED"", ""verified_title"": ""National Strength and Conditioning Association Position Statement on Long-Term Athletic Development"", ""seeded_from"": ""PPBF research program 2026-08-07""}",{{SEED_ACCOUNT_ID}},platform_owner
src_0f5b11a6ddf2ef1b,{{PPBF_ORG_ID}},Youth Resistance Training: Updated Position Statement Paper From the National Strength and Conditioning Association,Journal of Strength and Conditioning Research,other,4,https://doi.org/10.1519/JSC.0b013e31819df407,2009-01-01,active,pending_review,unverified,"{""identifier_kind"": ""doi"", ""identifier"": ""10.1519/JSC.0b013e31819df407"", ""verification_status"": ""RESOLVED"", ""verified_title"": ""Youth Resistance Training: Updated Position Statement Paper From the National Strength and Conditioning Association"", ""seeded_from"": ""PPBF research program 2026-08-07""}",{{SEED_ACCOUNT_ID}},platform_owner
src_8b207db8f5ecba24,{{PPBF_ORG_ID}},"Sport Specialization, Part I",Sports Health: A Multidisciplinary Approach,peer_reviewed,3,https://doi.org/10.1177/1941738115598747,2015-01-01,active,pending_review,unverified,"{""identifier_kind"": ""doi"", ""identifier"": ""10.1177/1941738115598747"", ""verification_status"": ""RESOLVED"", ""verified_title"": ""Sport Specialization, Part I"", ""seeded_from"": ""PPBF research program 2026-08-07""}",{{SEED_ACCOUNT_ID}},platform_owner
src_5b24e0d64d0aa241,{{PPBF_ORG_ID}},Early Sport Specialization,Journal of Bone and Joint Surgery,peer_reviewed,3,https://doi.org/10.2106/JBJS.21.00018,2021-01-01,active,pending_review,unverified,"{""identifier_kind"": ""doi"", ""identifier"": ""10.2106/JBJS.21.00018"", ""verification_status"": ""RESOLVED"", ""verified_title"": ""Early Sport Specialization"", ""seeded_from"": ""PPBF research program 2026-08-07""}",{{SEED_ACCOUNT_ID}},platform_owner
src_85bea05950ee538a,{{PPBF_ORG_ID}},"Overuse Injuries, Overtraining, and Burnout in Young Athletes",Pediatrics,other,4,https://doi.org/10.1542/peds.2023-065129,2024-01-01,active,pending_review,unverified,"{""identifier_kind"": ""doi"", ""identifier"": ""10.1542/peds.2023-065129"", ""verification_status"": ""RESOLVED"", ""verified_title"": ""Overuse Injuries, Overtraining, and Burnout in Young Athletes"", ""seeded_from"": ""PPBF research program 2026-08-07""}",{{SEED_ACCOUNT_ID}},platform_owner
src_78990cc3585cd863,{{PPBF_ORG_ID}},Training Load and Injury Among Middle School–Aged Athletes,Journal of Athletic Training,other,4,https://doi.org/10.4085/1062-6050-435-19,2020-01-01,active,pending_review,unverified,"{""identifier_kind"": ""doi"", ""identifier"": ""10.4085/1062-6050-435-19"", ""verification_status"": ""RESOLVED"", ""verified_title"": ""Training Load and Injury Among Middle School–Aged Athletes"", ""seeded_from"": ""PPBF research program 2026-08-07""}",{{SEED_ACCOUNT_ID}},platform_owner
src_4215cbfcface6504,{{PPBF_ORG_ID}},The Effects of Menstrual Cycle Phase on Exercise Performance in Eumenorrheic Women: A Systematic Review and Meta-Analysis,Sports Medicine,peer_reviewed,2,https://doi.org/10.1007/s40279-020-01319-3,2020-01-01,active,pending_review,unverified,"{""identifier_kind"": ""doi"", ""identifier"": ""10.1007/s40279-020-01319-3"", ""verification_status"": ""RESOLVED"", ""verified_title"": ""The Effects of Menstrual Cycle Phase on Exercise Performance in Eumenorrheic Women: A Systematic Review and Meta-Analysis"", ""seeded_from"": ""PPBF research program 2026-08-07""}",{{SEED_ACCOUNT_ID}},platform_owner
src_a22ff7601778c1a8,{{PPBF_ORG_ID}},Methodological Recommendations for Menstrual Cycle Research in Sports and Exercise,Medicine &amp; Science in Sports &amp; Exercise,peer_reviewed,3,https://doi.org/10.1249/MSS.0000000000002073,2019-01-01,active,pending_review,unverified,"{""identifier_kind"": ""doi"", ""identifier"": ""10.1249/MSS.0000000000002073"", ""verification_status"": ""RESOLVED"", ""verified_title"": ""Methodological Recommendations for Menstrual Cycle Research in Sports and Exercise"", ""seeded_from"": ""PPBF research program 2026-08-07""}",{{SEED_ACCOUNT_ID}},platform_owner
src_b6ff738a3c0c8a2e,{{PPBF_ORG_ID}},The Prevalence of Menstrual Cycle Disorders and Menstrual Cycle-Related Symptoms in Female Athletes: A Systematic Literature Review,Sports Medicine,peer_reviewed,2,https://doi.org/10.1007/s40279-023-01871-8,2023-01-01,active,pending_review,unverified,"{""identifier_kind"": ""doi"", ""identifier"": ""10.1007/s40279-023-01871-8"", ""verification_status"": ""RESOLVED"", ""verified_title"": ""The Prevalence of Menstrual Cycle Disorders and Menstrual Cycle-Related Symptoms in Female Athletes: A Systematic Literature Review"", ""seeded_from"": ""PPBF research program 2026-08-07""}",{{SEED_ACCOUNT_ID}},platform_owner
src_9e34636f96bf842c,{{PPBF_ORG_ID}},The Effects of Oral Contraceptives on Exercise Performance in Women: A Systematic Review and Meta-analysis,Sports Medicine,peer_reviewed,2,https://doi.org/10.1007/s40279-020-01317-5,2020-01-01,active,pending_review,unverified,"{""identifier_kind"": ""doi"", ""identifier"": ""10.1007/s40279-020-01317-5"", ""verification_status"": ""RESOLVED"", ""verified_title"": ""The Effects of Oral Contraceptives on Exercise Performance in Women: A Systematic Review and Meta-analysis"", ""seeded_from"": ""PPBF research program 2026-08-07""}",{{SEED_ACCOUNT_ID}},platform_owner
src_7e5559385777e5ee,{{PPBF_ORG_ID}},"The Effect of Hormonal Contraceptive Use on Skeletal Muscle Hypertrophy, Power and Strength Adaptations to Resistance Exercise Training: A Systematic Review and Multilevel Meta-analysis",Sports Medicine,peer_reviewed,2,https://doi.org/10.1007/s40279-023-01911-3,2023-01-01,active,pending_review,unverified,"{""identifier_kind"": ""doi"", ""identifier"": ""10.1007/s40279-023-01911-3"", ""verification_status"": ""RESOLVED"", ""verified_title"": ""The Effect of Hormonal Contraceptive Use on Skeletal Muscle Hypertrophy, Power and Strength Adaptations to Resistance Exercise Training: A Systematic Review and Multilevel Meta-analysis"", ""seeded_from"": ""PPBF research program 2026-08-07""}",{{SEED_ACCOUNT_ID}},platform_owner
src_8690f10602600ad4,{{PPBF_ORG_ID}},2023 International Olympic Committee’s (IOC) consensus statement on Relative Energy Deficiency in Sport (REDs),British Journal of Sports Medicine,clinical_guideline,1,https://doi.org/10.1136/bjsports-2023-106994,2023-01-01,active,pending_review,unverified,"{""identifier_kind"": ""doi"", ""identifier"": ""10.1136/bjsports-2023-106994"", ""verification_status"": ""RESOLVED"", ""verified_title"": ""2023 International Olympic Committee’s (IOC) consensus statement on Relative Energy Deficiency in Sport (REDs)"", ""seeded_from"": ""PPBF research program 2026-08-07""}",{{SEED_ACCOUNT_ID}},platform_owner
src_eacdd76be260882e,{{PPBF_ORG_ID}},Does Relative Energy Deficiency in Sport (REDs) Syndrome Exist?,Sports Medicine,peer_reviewed,3,https://doi.org/10.1007/s40279-024-02108-y,2024-01-01,active,pending_review,unverified,"{""identifier_kind"": ""doi"", ""identifier"": ""10.1007/s40279-024-02108-y"", ""verification_status"": ""RESOLVED"", ""verified_title"": ""Does Relative Energy Deficiency in Sport (REDs) Syndrome Exist?"", ""seeded_from"": ""PPBF research program 2026-08-07""}",{{SEED_ACCOUNT_ID}},platform_owner
src_f367c678ef39ad73,{{PPBF_ORG_ID}},Underrepresentation of women in exercise science and physiology research is associated with authorship gender,Journal of Applied Physiology,other,4,https://doi.org/10.1152/japplphysiol.00377.2023,2023-01-01,active,pending_review,unverified,"{""identifier_kind"": ""doi"", ""identifier"": ""10.1152/japplphysiol.00377.2023"", ""verification_status"": ""RESOLVED"", ""verified_title"": ""Underrepresentation of women in exercise science and physiology research is associated with authorship gender"", ""seeded_from"": ""PPBF research program 2026-08-07""}",{{SEED_ACCOUNT_ID}},platform_owner
src_b422ef5f88866d11,{{PPBF_ORG_ID}},Data Informing Governing Body Resistance-Training Guidelines Exhibit Sex Bias: An Audit-Based Review,Sports Medicine,governing_body,1,https://doi.org/10.1007/s40279-023-01878-1,2023-01-01,active,pending_review,unverified,"{""identifier_kind"": ""doi"", ""identifier"": ""10.1007/s40279-023-01878-1"", ""verification_status"": ""RESOLVED"", ""verified_title"": ""Data Informing Governing Body Resistance-Training Guidelines Exhibit Sex Bias: An Audit-Based Review"", ""seeded_from"": ""PPBF research program 2026-08-07""}",{{SEED_ACCOUNT_ID}},platform_owner
src_fe8307b89d042fb9,{{PPBF_ORG_ID}},"Implications for cisgender female underrepresentation, small sample sizes, and misgendering in sport and exercise science research",PLOS ONE,other,4,https://doi.org/10.1371/journal.pone.0291526,2023-01-01,active,pending_review,unverified,"{""identifier_kind"": ""doi"", ""identifier"": ""10.1371/journal.pone.0291526"", ""verification_status"": ""RESOLVED"", ""verified_title"": ""Implications for cisgender female underrepresentation, small sample sizes, and misgendering in sport and exercise science research"", ""seeded_from"": ""PPBF research program 2026-08-07""}",{{SEED_ACCOUNT_ID}},platform_owner
src_a7952f0b2e21305e,{{PPBF_ORG_ID}},Patterns of weight cycling in youth Olympic combat sports: a systematic review,Journal of Eating Disorders,peer_reviewed,2,https://doi.org/10.1186/s40337-022-00595-w,2022-01-01,active,pending_review,unverified,"{""identifier_kind"": ""doi"", ""identifier"": ""10.1186/s40337-022-00595-w"", ""verification_status"": ""RESOLVED"", ""verified_title"": ""Patterns of weight cycling in youth Olympic combat sports: a systematic review"", ""seeded_from"": ""PPBF research program 2026-08-07""}",{{SEED_ACCOUNT_ID}},platform_owner
src_23484705cd4b71db,{{PPBF_ORG_ID}},A comparison of the modes of actions of human salivary and pancreatic alpha-amylases on modified maltooligosaccharides.,Journal of biochemistry,clinical_guideline,1,https://pubmed.ncbi.nlm.nih.gov/2467909/,1988-01-01,active,pending_review,unverified,"{""identifier_kind"": ""pmid"", ""identifier"": ""2467909"", ""verification_status"": ""RESOLVED"", ""verified_title"": ""A comparison of the modes of actions of human salivary and pancreatic alpha-amylases on modified maltooligosaccharides."", ""seeded_from"": ""PPBF research program 2026-08-07""}",{{SEED_ACCOUNT_ID}},platform_owner
src_43614d5c172b8c97,{{PPBF_ORG_ID}},International society of sports nutrition position stand: nutrition and weight cut strategies for mixed martial arts and other combat sports,Journal of the International Society of Sports Nutrition,clinical_guideline,1,https://doi.org/10.1080/15502783.2025.2467909,2025-01-01,active,pending_review,unverified,"{""identifier_kind"": ""doi"", ""identifier"": ""10.1080/15502783.2025.2467909"", ""verification_status"": ""RESOLVED"", ""verified_title"": ""A comparison of the modes of actions of human salivary and pancreatic alpha-amylases on modified maltooligosaccharides."", ""seeded_from"": ""PPBF research program 2026-08-07""}",{{SEED_ACCOUNT_ID}},platform_owner
src_cb463ba3400decc3,{{PPBF_ORG_ID}},Acute-Weight-Loss Strategies for Combat Sports and Applications to Olympic Success,International Journal of Sports Physiology and Performance,peer_reviewed,3,https://doi.org/10.1123/ijspp.2016-0211,2017-01-01,active,pending_review,unverified,"{""identifier_kind"": ""doi"", ""identifier"": ""10.1123/ijspp.2016-0211"", ""verification_status"": ""RESOLVED"", ""verified_title"": ""Acute-Weight-Loss Strategies for Combat Sports and Applications to Olympic Success"", ""seeded_from"": ""PPBF research program 2026-08-07""}",{{SEED_ACCOUNT_ID}},platform_owner
src_7ef9d378d03ce854,{{PPBF_ORG_ID}},Youssef's syndrome.,International urology and nephrology,other,4,https://pubmed.ncbi.nlm.nih.gov/1184302/,1975-01-01,active,pending_review,unverified,"{""identifier_kind"": ""pmid"", ""identifier"": ""1184302"", ""verification_status"": ""RESOLVED"", ""verified_title"": ""Youssef's syndrome."", ""seeded_from"": ""PPBF research program 2026-08-07""}",{{SEED_ACCOUNT_ID}},platform_owner
src_0259314f28081a08,{{PPBF_ORG_ID}},Fluid balance and hydration assessment during the weight-stable preparation phase in elite youth boxers,Journal of Sports Sciences,other,4,https://doi.org/10.1080/02640414.2016.1184302,2016-01-01,active,pending_review,unverified,"{""identifier_kind"": ""doi"", ""identifier"": ""10.1080/02640414.2016.1184302"", ""verification_status"": ""RESOLVED"", ""verified_title"": ""Youssef's syndrome."", ""seeded_from"": ""PPBF research program 2026-08-07""}",{{SEED_ACCOUNT_ID}},platform_owner
src_a9322f974f9f8854,{{PPBF_ORG_ID}},Reliability of Urinary Dehydration Markers in Elite Youth Boxers,International Journal of Sports Physiology and Performance,other,4,https://doi.org/10.1123/ijspp.2016-0621,2018-01-01,active,pending_review,unverified,"{""identifier_kind"": ""doi"", ""identifier"": ""10.1123/ijspp.2016-0621"", ""verification_status"": ""RESOLVED"", ""verified_title"": ""Reliability of Urinary Dehydration Markers in Elite Youth Boxers"", ""seeded_from"": ""PPBF research program 2026-08-07""}",{{SEED_ACCOUNT_ID}},platform_owner
src_f7f15a8d9cd2a1a2,{{PPBF_ORG_ID}},The influence of aging on the stereoselective pharmacokinetics of propranolol in the rat.,Chirality,peer_reviewed,3,https://pubmed.ncbi.nlm.nih.gov/1616826/,1992-01-01,active,pending_review,unverified,"{""identifier_kind"": ""pmid"", ""identifier"": ""1616826"", ""verification_status"": ""RESOLVED"", ""verified_title"": ""[Prevalence of hereditary diseases in three-year-old Swiss Warmblood horses]."", ""seeded_from"": ""PPBF research program 2026-08-07""}",{{SEED_ACCOUNT_ID}},platform_owner
src_73e3bd0a9ccc0bcd,{{PPBF_ORG_ID}},Body composition of elite Olympic combat sport athletes,European Journal of Sport Science,peer_reviewed,3,https://doi.org/10.1080/17461391.2019.1616826,2019-01-01,active,pending_review,unverified,"{""identifier_kind"": ""doi"", ""identifier"": ""10.1080/17461391.2019.1616826"", ""verification_status"": ""RESOLVED"", ""verified_title"": ""[Prevalence of hereditary diseases in three-year-old Swiss Warmblood horses]."", ""seeded_from"": ""PPBF research program 2026-08-07""}",{{SEED_ACCOUNT_ID}},platform_owner
src_52b8b5b95a2d64e4,{{PPBF_ORG_ID}},Endurance exercise performance in Masters athletes: age‐associated changes and underlying physiological mechanisms,The Journal of Physiology,peer_reviewed,3,https://doi.org/10.1113/jphysiol.2007.141879,2008-01-01,active,pending_review,unverified,"{""identifier_kind"": ""doi"", ""identifier"": ""10.1113/jphysiol.2007.141879"", ""verification_status"": ""RESOLVED"", ""verified_title"": ""Endurance exercise performance in Masters athletes: age‐associated changes and underlying physiological mechanisms"", ""seeded_from"": ""PPBF research program 2026-08-07""}",{{SEED_ACCOUNT_ID}},platform_owner
src_bff50e803ed00bbe,{{PPBF_ORG_ID}},Recovery from Resistance Exercise in Older Adults: A Systematic Scoping Review,Sports Medicine - Open,peer_reviewed,3,https://doi.org/10.1186/s40798-023-00597-1,2023-01-01,active,pending_review,unverified,"{""identifier_kind"": ""doi"", ""identifier"": ""10.1186/s40798-023-00597-1"", ""verification_status"": ""RESOLVED"", ""verified_title"": ""Recovery from Resistance Exercise in Older Adults: A Systematic Scoping Review"", ""seeded_from"": ""PPBF research program 2026-08-07""}",{{SEED_ACCOUNT_ID}},platform_owner
src_d17bc224e3c6cb47,{{PPBF_ORG_ID}},"The Yo-Yo Intermittent Recovery Test: Physiological Response, Reliability, and Validity",Medicine &amp; Science in Sports &amp; Exercise,other,4,https://doi.org/10.1249/01.MSS.0000058441.94520.32,2003-01-01,active,pending_review,unverified,"{""identifier_kind"": ""doi"", ""identifier"": ""10.1249/01.MSS.0000058441.94520.32"", ""verification_status"": ""RESOLVED"", ""verified_title"": ""The Yo-Yo Intermittent Recovery Test: Physiological Response, Reliability, and Validity"", ""seeded_from"": ""PPBF research program 2026-08-07""}",{{SEED_ACCOUNT_ID}},platform_owner
src_8d7494be94e38e91,{{PPBF_ORG_ID}},"Reliability, Usefulness, and Validity of the 30–15 Intermittent Ice Test in Young Elite Ice Hockey Players",Journal of Strength and Conditioning Research,other,4,https://doi.org/10.1519/JSC.0b013e3181d686b7,2011-01-01,active,pending_review,unverified,"{""identifier_kind"": ""doi"", ""identifier"": ""10.1519/JSC.0b013e3181d686b7"", ""verification_status"": ""RESOLVED"", ""verified_title"": ""Reliability, Usefulness, and Validity of the 30–15 Intermittent Ice Test in Young Elite Ice Hockey Players"", ""seeded_from"": ""PPBF research program 2026-08-07""}",{{SEED_ACCOUNT_ID}},platform_owner
src_5bf01cb43a5c069e,{{PPBF_ORG_ID}},The role of nitric oxide in serotonin-induced relaxations in the canine terminal ileum and ileocolonic junction.,Naunyn-Schmiedeberg's archives of pharmacology,other,4,https://pubmed.ncbi.nlm.nih.gov/1663590/,1991-01-01,active,pending_review,unverified,"{""identifier_kind"": ""pmid"", ""identifier"": ""1663590"", ""verification_status"": ""RESOLVED"", ""verified_title"": ""The role of nitric oxide in serotonin-induced relaxations in the canine terminal ileum and ileocolonic junction."", ""seeded_from"": ""PPBF research program 2026-08-07""}",{{SEED_ACCOUNT_ID}},platform_owner
src_2d1c35f12f31fad5,{{PPBF_ORG_ID}},"Are counter movement jump and isometric mid-thigh pull tests reliable, valid, and sensitive measurement instruments when performed after maximal cardiopulmonary exercise testing? A sex-based analysis in elite athletes",Frontiers in Physiology,other,4,https://doi.org/10.3389/fphys.2025.1663590,2025-01-01,active,pending_review,unverified,"{""identifier_kind"": ""doi"", ""identifier"": ""10.3389/fphys.2025.1663590"", ""verification_status"": ""RESOLVED"", ""verified_title"": ""The role of nitric oxide in serotonin-induced relaxations in the canine terminal ileum and ileocolonic junction."", ""seeded_from"": ""PPBF research program 2026-08-07""}",{{SEED_ACCOUNT_ID}},platform_owner
src_d9e66c7001addbdf,{{PPBF_ORG_ID}},Do Functional Movement Screen (FMS) composite scores predict subsequent injury? A systematic review with meta-analysis,British Journal of Sports Medicine,peer_reviewed,2,https://doi.org/10.1136/bjsports-2016-096938,2017-01-01,active,pending_review,unverified,"{""identifier_kind"": ""doi"", ""identifier"": ""10.1136/bjsports-2016-096938"", ""verification_status"": ""RESOLVED"", ""verified_title"": ""Do Functional Movement Screen (FMS) composite scores predict subsequent injury? A systematic review with meta-analysis"", ""seeded_from"": ""PPBF research program 2026-08-07""}",{{SEED_ACCOUNT_ID}},platform_owner
src_f96c5c5d92e95fad,{{PPBF_ORG_ID}},"Systematic Review and Meta-Analysis of the Y-Balance Test Lower Quarter: Reliability, Discriminant Validity, and Predictive Validity",International Journal of Sports Physical Therapy,peer_reviewed,2,https://doi.org/10.26603/001c.27634,2021-01-01,active,pending_review,unverified,"{""identifier_kind"": ""doi"", ""identifier"": ""10.26603/001c.27634"", ""verification_status"": ""RESOLVED"", ""verified_title"": ""Systematic Review and Meta-Analysis of the Y-Balance Test Lower Quarter: Reliability, Discriminant Validity, and Predictive Validity"", ""seeded_from"": ""PPBF research program 2026-08-07""}",{{SEED_ACCOUNT_ID}},platform_owner
src_16a8cef8f45f18b1,{{PPBF_ORG_ID}},Validity and Reliability of the Seated Medicine Ball Throw as a Measure of Upper Body Power in Older Women,Journal of Strength &amp; Conditioning Research,other,4,https://doi.org/10.1519/JSC.0000000000004333,2022-01-01,active,pending_review,unverified,"{""identifier_kind"": ""doi"", ""identifier"": ""10.1519/JSC.0000000000004333"", ""verification_status"": ""RESOLVED"", ""verified_title"": ""Validity and Reliability of the Seated Medicine Ball Throw as a Measure of Upper Body Power in Older Women"", ""seeded_from"": ""PPBF research program 2026-08-07""}",{{SEED_ACCOUNT_ID}},platform_owner
src_4137704c34e62594,{{PPBF_ORG_ID}},"Practices and Applications of Heart Rate Variability Monitoring in
                    Endurance Athletes",International Journal of Sports Medicine,peer_reviewed,3,https://doi.org/10.1055/a-1864-9726,2022-01-01,active,pending_review,unverified,"{""identifier_kind"": ""doi"", ""identifier"": ""10.1055/a-1864-9726"", ""verification_status"": ""RESOLVED"", ""verified_title"": ""Practices and Applications of Heart Rate Variability Monitoring in\n                    Endurance Athletes"", ""seeded_from"": ""PPBF research program 2026-08-07""}",{{SEED_ACCOUNT_ID}},platform_owner
src_1ffaa2216fbccf9f,{{PPBF_ORG_ID}},The Cognitive Function and Taekwondo-Specific Kick Performance of Taekwondo Athletes at Different Hydration Statuses,International Journal of Sports Physiology and Performance,other,4,https://doi.org/10.1123/ijspp.2023-0332,2024-01-01,active,pending_review,unverified,"{""identifier_kind"": ""doi"", ""identifier"": ""10.1123/ijspp.2023-0332"", ""verification_status"": ""RESOLVED"", ""verified_title"": ""The Cognitive Function and Taekwondo-Specific Kick Performance of Taekwondo Athletes at Different Hydration Statuses"", ""seeded_from"": ""PPBF research program 2026-08-07""}",{{SEED_ACCOUNT_ID}},platform_owner
src_dc5216fc7085b90c,{{PPBF_ORG_ID}},NAPNAP president's message. Address unknown: the homeless.,Journal of pediatric health care : official publication of National Association of Pediatric Nurse Associates & Practitioners,other,4,https://pubmed.ncbi.nlm.nih.gov/1597826/,1992-01-01,active,pending_review,unverified,"{""identifier_kind"": ""pmid"", ""identifier"": ""1597826"", ""verification_status"": ""RESOLVED"", ""verified_title"": ""NAPNAP president's message. Address unknown: the homeless."", ""seeded_from"": ""PPBF research program 2026-08-07""}",{{SEED_ACCOUNT_ID}},platform_owner
src_a6716135d70ac13a,{{PPBF_ORG_ID}},"Menstrual cycle alters training strain, monotony, and technical training length in young",Journal of Sports Sciences,other,4,https://doi.org/10.1080/02640414.2019.1597826,2019-01-01,active,pending_review,unverified,"{""identifier_kind"": ""doi"", ""identifier"": ""10.1080/02640414.2019.1597826"", ""verification_status"": ""RESOLVED"", ""verified_title"": ""NAPNAP president's message. Address unknown: the homeless."", ""seeded_from"": ""PPBF research program 2026-08-07""}",{{SEED_ACCOUNT_ID}},platform_owner
src_582f130617088737,{{PPBF_ORG_ID}},World Boxing. World Boxing Competition Rules (in force November 2024); World Boxing Championships competition format page.,,governing_body,1,https://worldboxing.org/wp-content/uploads/2024/11/World-Boxing-Competition-Rules-Nov-2024-Approved.pdf,,active,pending_review,unverified,"{""identifier_kind"": ""url"", ""identifier"": ""https://worldboxing.org/wp-content/uploads/2024/11/World-Boxing-Competition-Rules-Nov-2024-Approved.pdf"", ""verification_status"": ""NON_INDEXED_SOURCE"", ""verified_title"": """", ""seeded_from"": ""PPBF research program 2026-08-07""}",{{SEED_ACCOUNT_ID}},platform_owner
src_eabd9048a7b5e4a1,{{PPBF_ORG_ID}},"England Boxing. England Boxing Rule Book / Technical and Competition Rules (2023-24 and 2025 editions), sections on medicals, sparring and medical suspensions.",,governing_body,1,https://www.englandboxing.org/wp-content/uploads/2025/04/2025-Rule-Book-Final.pdf,,active,pending_review,unverified,"{""identifier_kind"": ""url"", ""identifier"": ""https://www.englandboxing.org/wp-content/uploads/2025/04/2025-Rule-Book-Final.pdf"", ""verification_status"": ""NON_INDEXED_SOURCE"", ""verified_title"": """", ""seeded_from"": ""PPBF research program 2026-08-07""}",{{SEED_ACCOUNT_ID}},platform_owner
src_e769b84d1a7e7781,{{PPBF_ORG_ID}},Boxing Participation by Children and Adolescents,Pediatrics,other,4,https://doi.org/10.1542/peds.2011-1165,2011-01-01,active,pending_review,unverified,"{""identifier_kind"": ""doi"", ""identifier"": ""10.1542/peds.2011-1165"", ""verification_status"": ""RESOLVED"", ""verified_title"": ""Boxing Participation by Children and Adolescents"", ""seeded_from"": ""PPBF research program 2026-08-07""}",{{SEED_ACCOUNT_ID}},platform_owner
src_89e59b9cf280f102,{{PPBF_ORG_ID}},Boxing injury epidemiology in the Great Britain team: a 5-year surveillance study of medically diagnosed injury incidence and outcome.,British journal of sports medicine,peer_reviewed,3,https://pubmed.ncbi.nlm.nih.gov/26192194/,2015-01-01,active,pending_review,unverified,"{""identifier_kind"": ""pmid"", ""identifier"": ""26192194"", ""verification_status"": ""RESOLVED"", ""verified_title"": ""Boxing injury epidemiology in the Great Britain team: a 5-year surveillance study of medically diagnosed injury incidence and outcome."", ""seeded_from"": ""PPBF research program 2026-08-07""}",{{SEED_ACCOUNT_ID}},platform_owner
src_8b938b8efcdf5996,{{PPBF_ORG_ID}},Hand and Wrist Injuries in Elite Boxing: A Longitudinal Prospective Study (2005-2012) of the Great Britain Olympic Boxing Squad.,"Hand (New York, N.Y.)",peer_reviewed,3,https://pubmed.ncbi.nlm.nih.gov/28344531/,2017-01-01,active,pending_review,unverified,"{""identifier_kind"": ""pmid"", ""identifier"": ""28344531"", ""verification_status"": ""RESOLVED"", ""verified_title"": ""Hand and Wrist Injuries in Elite Boxing: A Longitudinal Prospective Study (2005-2012) of the Great Britain Olympic Boxing Squad."", ""seeded_from"": ""PPBF research program 2026-08-07""}",{{SEED_ACCOUNT_ID}},platform_owner
src_b347eeb88355fdcc,{{PPBF_ORG_ID}},"Hand Carpometacarpal Joint Instability in Elite Boxers: Injury Characteristics, Surgical Technique, and Outcomes.",The Journal of hand surgery,peer_reviewed,3,https://pubmed.ncbi.nlm.nih.gov/36307285/,2024-01-01,active,pending_review,unverified,"{""identifier_kind"": ""pmid"", ""identifier"": ""36307285"", ""verification_status"": ""RESOLVED"", ""verified_title"": ""Hand Carpometacarpal Joint Instability in Elite Boxers: Injury Characteristics, Surgical Technique, and Outcomes."", ""seeded_from"": ""PPBF research program 2026-08-07""}",{{SEED_ACCOUNT_ID}},platform_owner
src_8965468f91681989,{{PPBF_ORG_ID}},Hand injuries in boxing.,The American journal of sports medicine,peer_reviewed,3,https://pubmed.ncbi.nlm.nih.gov/3661815/,1987-01-01,active,pending_review,unverified,"{""identifier_kind"": ""pmid"", ""identifier"": ""3661815"", ""verification_status"": ""RESOLVED"", ""verified_title"": ""Hand injuries in boxing."", ""seeded_from"": ""PPBF research program 2026-08-07""}",{{SEED_ACCOUNT_ID}},platform_owner
src_1f08ea1e8366e090,{{PPBF_ORG_ID}},Boxer's knuckle in the professional athlete.,The American journal of sports medicine,peer_reviewed,3,https://pubmed.ncbi.nlm.nih.gov/11101112/,2000-01-01,active,pending_review,unverified,"{""identifier_kind"": ""pmid"", ""identifier"": ""11101112"", ""verification_status"": ""RESOLVED"", ""verified_title"": ""Boxer's knuckle in the professional athlete."", ""seeded_from"": ""PPBF research program 2026-08-07""}",{{SEED_ACCOUNT_ID}},platform_owner
src_06c0867063f492e3,{{PPBF_ORG_ID}},Disabling hand injuries in boxing: boxer's knuckle and traumatic carpal boss.,Clinics in sports medicine,peer_reviewed,4,https://pubmed.ncbi.nlm.nih.gov/19819405/,2009-01-01,active,pending_review,unverified,"{""identifier_kind"": ""pmid"", ""identifier"": ""19819405"", ""verification_status"": ""RESOLVED"", ""verified_title"": ""Disabling hand injuries in boxing: boxer's knuckle and traumatic carpal boss."", ""seeded_from"": ""PPBF research program 2026-08-07""}",{{SEED_ACCOUNT_ID}},platform_owner
src_9e831b2298452288,{{PPBF_ORG_ID}},Ununited fractures of the scaphoid in boxers. A therapeutic dilemma.,The American journal of sports medicine,peer_reviewed,3,https://pubmed.ncbi.nlm.nih.gov/7435763/,1980-01-01,active,pending_review,unverified,"{""identifier_kind"": ""pmid"", ""identifier"": ""7435763"", ""verification_status"": ""RESOLVED"", ""verified_title"": ""Ununited fractures of the scaphoid in boxers. A therapeutic dilemma."", ""seeded_from"": ""PPBF research program 2026-08-07""}",{{SEED_ACCOUNT_ID}},platform_owner
src_80cd1eeae0647142,{{PPBF_ORG_ID}},"Analysis of Punch Injuries: Clinical Characteristics, Management and Outcomes.",Acta chirurgiae orthopaedicae et traumatologiae Cechoslovaca,peer_reviewed,3,https://pubmed.ncbi.nlm.nih.gov/39342643/,2024-01-01,active,pending_review,unverified,"{""identifier_kind"": ""pmid"", ""identifier"": ""39342643"", ""verification_status"": ""RESOLVED"", ""verified_title"": ""Analysis of Punch Injuries: Clinical Characteristics, Management and Outcomes."", ""seeded_from"": ""PPBF research program 2026-08-07""}",{{SEED_ACCOUNT_ID}},platform_owner
src_8d26a0902fda28ec,{{PPBF_ORG_ID}},"Boxing injuries presenting to U.S. emergency departments, 1990-2008.",American journal of preventive medicine,peer_reviewed,3,https://pubmed.ncbi.nlm.nih.gov/21406281/,2011-01-01,active,pending_review,unverified,"{""identifier_kind"": ""pmid"", ""identifier"": ""21406281"", ""verification_status"": ""RESOLVED"", ""verified_title"": ""Boxing injuries presenting to U.S. emergency departments, 1990-2008."", ""seeded_from"": ""PPBF research program 2026-08-07""}",{{SEED_ACCOUNT_ID}},platform_owner
src_f09204d62c919a77,{{PPBF_ORG_ID}},Injury risk in professional boxing.,Southern medical journal,governing_body,1,https://pubmed.ncbi.nlm.nih.gov/16295814/,2005-01-01,active,pending_review,unverified,"{""identifier_kind"": ""pmid"", ""identifier"": ""16295814"", ""verification_status"": ""RESOLVED"", ""verified_title"": ""Injury risk in professional boxing."", ""seeded_from"": ""PPBF research program 2026-08-07""}",{{SEED_ACCOUNT_ID}},platform_owner
src_bab6ca1eced51d2a,{{PPBF_ORG_ID}},Injury surveillance during elite women's national boxing championship in India.,"Medical journal, Armed Forces India",peer_reviewed,3,https://pubmed.ncbi.nlm.nih.gov/37193531/,2023-01-01,active,pending_review,unverified,"{""identifier_kind"": ""pmid"", ""identifier"": ""37193531"", ""verification_status"": ""RESOLVED"", ""verified_title"": ""Injury surveillance during elite women's national boxing championship in India."", ""seeded_from"": ""PPBF research program 2026-08-07""}",{{SEED_ACCOUNT_ID}},platform_owner
src_15b4d72b081e794b,{{PPBF_ORG_ID}},INSUFFICIENT EVIDENCE - no qualifying trial identified,,other,5,,,active,pending_review,unverified,"{""identifier_kind"": ""noid"", ""identifier"": ""A6-015"", ""verification_status"": ""NO_IDENTIFIER_BY_DESIGN"", ""verified_title"": """", ""seeded_from"": ""PPBF research program 2026-08-07""}",{{SEED_ACCOUNT_ID}},platform_owner
src_e8eea6e199418638,{{PPBF_ORG_ID}},Hand and Wrist Injuries in Boxing and the Martial Arts.,Hand clinics,peer_reviewed,4,https://pubmed.ncbi.nlm.nih.gov/27886844/,2017-01-01,active,pending_review,unverified,"{""identifier_kind"": ""pmid"", ""identifier"": ""27886844"", ""verification_status"": ""RESOLVED"", ""verified_title"": ""Hand and Wrist Injuries in Boxing and the Martial Arts."", ""seeded_from"": ""PPBF research program 2026-08-07""}",{{SEED_ACCOUNT_ID}},platform_owner
src_6c194dcdc83e63ad,{{PPBF_ORG_ID}},Enhanced boxing punch impact with silicone cushioning.,Frontiers in sports and active living,peer_reviewed,3,https://pubmed.ncbi.nlm.nih.gov/39176237/,2024-01-01,active,pending_review,unverified,"{""identifier_kind"": ""pmid"", ""identifier"": ""39176237"", ""verification_status"": ""RESOLVED"", ""verified_title"": ""Enhanced boxing punch impact with silicone cushioning."", ""seeded_from"": ""PPBF research program 2026-08-07""}",{{SEED_ACCOUNT_ID}},platform_owner
src_79d5bd7bc1be0ef3,{{PPBF_ORG_ID}},Regional intra-arterial thrombolytic treatment of venous gangrene of the foot.,The European journal of surgery = Acta chirurgica,peer_reviewed,3,https://pubmed.ncbi.nlm.nih.gov/1358224/,1992-01-01,active,pending_review,unverified,"{""identifier_kind"": ""pmid"", ""identifier"": ""1358224"", ""verification_status"": ""RESOLVED"", ""verified_title"": ""Enhanced boxing punch impact with silicone cushioning."", ""seeded_from"": ""PPBF research program 2026-08-07""}",{{SEED_ACCOUNT_ID}},platform_owner
src_de667cbdb76809a3,{{PPBF_ORG_ID}},Elastic Bandaging for Orthopedic- and Sports-Injury Prevention and Rehabilitation: A Systematic Review.,Journal of sport rehabilitation,peer_reviewed,2,https://pubmed.ncbi.nlm.nih.gov/27632889/,2017-01-01,active,pending_review,unverified,"{""identifier_kind"": ""pmid"", ""identifier"": ""27632889"", ""verification_status"": ""RESOLVED"", ""verified_title"": ""Elastic Bandaging for Orthopedic- and Sports-Injury Prevention and Rehabilitation: A Systematic Review."", ""seeded_from"": ""PPBF research program 2026-08-07""}",{{SEED_ACCOUNT_ID}},platform_owner
src_a2a96211579e330e,{{PPBF_ORG_ID}},"England Boxing Technical & Competition Rules 2026, Section 8.6 Bandages/Wraps",,governing_body,1,https://www.englandboxing.org/wp-content/uploads/2026/01/2026-Rule-Book-Final-01-26.pdf,,active,pending_review,unverified,"{""identifier_kind"": ""url"", ""identifier"": ""https://www.englandboxing.org/wp-content/uploads/2026/01/2026-Rule-Book-Final-01-26.pdf"", ""verification_status"": ""NON_INDEXED_SOURCE"", ""verified_title"": """", ""seeded_from"": ""PPBF research program 2026-08-07""}",{{SEED_ACCOUNT_ID}},platform_owner
src_191a14b0078db92e,{{PPBF_ORG_ID}},"World Boxing Competition Rules (in force November 2024), Rule 13.2 Professional handwraps and Velcro bandages",,governing_body,1,https://worldboxing.org/wp-content/uploads/2025/09/World-Boxing-Competition-Rules-Nov-2024-Approved-4.pdf,,active,pending_review,unverified,"{""identifier_kind"": ""url"", ""identifier"": ""https://worldboxing.org/wp-content/uploads/2025/09/World-Boxing-Competition-Rules-Nov-2024-Approved-4.pdf"", ""verification_status"": ""NON_INDEXED_SOURCE"", ""verified_title"": """", ""seeded_from"": ""PPBF research program 2026-08-07""}",{{SEED_ACCOUNT_ID}},platform_owner
src_d7968561a73aa9ff,{{PPBF_ORG_ID}},Boxing headguard performance in punch machine tests.,British journal of sports medicine,peer_reviewed,3,https://pubmed.ncbi.nlm.nih.gov/26175022/,2015-01-01,active,pending_review,unverified,"{""identifier_kind"": ""pmid"", ""identifier"": ""26175022"", ""verification_status"": ""RESOLVED"", ""verified_title"": ""Boxing headguard performance in punch machine tests."", ""seeded_from"": ""PPBF research program 2026-08-07""}",{{SEED_ACCOUNT_ID}},platform_owner
src_007baaeadb5ffd1e,{{PPBF_ORG_ID}},Impact of mouthguards on the prevention of dentofacial injuries and sports performance among athletes: An umbrella review.,Journal of the Indian Society of Pedodontics and Preventive Dentistry,peer_reviewed,2,https://pubmed.ncbi.nlm.nih.gov/40586455/,2025-01-01,active,pending_review,unverified,"{""identifier_kind"": ""pmid"", ""identifier"": ""40586455"", ""verification_status"": ""RESOLVED"", ""verified_title"": ""Impact of mouthguards on the prevention of dentofacial injuries and sports performance among athletes: An umbrella review."", ""seeded_from"": ""PPBF research program 2026-08-07""}",{{SEED_ACCOUNT_ID}},platform_owner
src_270925ff5cfb01fa,{{PPBF_ORG_ID}},"Sports mouthguard overview: Materials, fabrication techniques, existing standards, and future research needs.",Dental traumatology : official publication of International Association for Dental Traumatology,peer_reviewed,2,https://pubmed.ncbi.nlm.nih.gov/36436198/,2023-01-01,active,pending_review,unverified,"{""identifier_kind"": ""pmid"", ""identifier"": ""36436198"", ""verification_status"": ""RESOLVED"", ""verified_title"": ""Impact of mouthguards on the prevention of dentofacial injuries and sports performance among athletes: An umbrella review."", ""seeded_from"": ""PPBF research program 2026-08-07""}",{{SEED_ACCOUNT_ID}},platform_owner
src_da2b8ba0ac631baf,{{PPBF_ORG_ID}},Mouthguard use in youth ice hockey and the risk of concussion: nested case-control study of 315 cases.,British journal of sports medicine,peer_reviewed,3,https://pubmed.ncbi.nlm.nih.gov/31937578/,2020-01-01,active,pending_review,unverified,"{""identifier_kind"": ""pmid"", ""identifier"": ""31937578"", ""verification_status"": ""RESOLVED"", ""verified_title"": ""Mouthguard use in youth ice hockey and the risk of concussion: nested case-control study of 315 cases."", ""seeded_from"": ""PPBF research program 2026-08-07""}",{{SEED_ACCOUNT_ID}},platform_owner
src_1773ffaed3b19cb4,{{PPBF_ORG_ID}},Association between Sports-Related Concussion and Mouthguard Use among College Sports Players: A Case-Control Study Based on Propensity Score Matching.,International journal of environmental research and public health,peer_reviewed,3,https://pubmed.ncbi.nlm.nih.gov/32580527/,2020-01-01,active,pending_review,unverified,"{""identifier_kind"": ""pmid"", ""identifier"": ""32580527"", ""verification_status"": ""RESOLVED"", ""verified_title"": ""Mouthguard use in youth ice hockey and the risk of concussion: nested case-control study of 315 cases."", ""seeded_from"": ""PPBF research program 2026-08-07""}",{{SEED_ACCOUNT_ID}},platform_owner
src_6cefb3a6aeb9b066,{{PPBF_ORG_ID}},Mouthguard Use and Cardiopulmonary Capacity - A Systematic Review and Meta-Analysis.,Sports medicine international open,peer_reviewed,2,https://pubmed.ncbi.nlm.nih.gov/30539104/,2017-01-01,active,pending_review,unverified,"{""identifier_kind"": ""pmid"", ""identifier"": ""30539104"", ""verification_status"": ""RESOLVED"", ""verified_title"": ""Mouthguard Use and Cardiopulmonary Capacity - A Systematic Review and Meta-Analysis."", ""seeded_from"": ""PPBF research program 2026-08-07""}",{{SEED_ACCOUNT_ID}},platform_owner
src_865e760d16369d2c,{{PPBF_ORG_ID}},Effects of boil-and-bite and custom-fit mouthguards on cardiorespiratory responses to aerobic exercise.,The Journal of sports medicine and physical fitness,peer_reviewed,2,https://pubmed.ncbi.nlm.nih.gov/31565911/,2020-01-01,active,pending_review,unverified,"{""identifier_kind"": ""pmid"", ""identifier"": ""31565911"", ""verification_status"": ""RESOLVED"", ""verified_title"": ""Mouthguard Use and Cardiopulmonary Capacity - A Systematic Review and Meta-Analysis."", ""seeded_from"": ""PPBF research program 2026-08-07""}",{{SEED_ACCOUNT_ID}},platform_owner
src_528fca1e64f14b1a,{{PPBF_ORG_ID}},Decreased exercise capacity in young athletes using self-adapted mouthguards.,European journal of applied physiology,peer_reviewed,3,https://pubmed.ncbi.nlm.nih.gov/33713202/,2021-01-01,active,pending_review,unverified,"{""identifier_kind"": ""pmid"", ""identifier"": ""33713202"", ""verification_status"": ""RESOLVED"", ""verified_title"": ""Decreased exercise capacity in young athletes using self-adapted mouthguards."", ""seeded_from"": ""PPBF research program 2026-08-07""}",{{SEED_ACCOUNT_ID}},platform_owner
src_e088805c42ca8053,{{PPBF_ORG_ID}},Microbial Contamination and Disinfection of Sport Mouthguard: In Vitro Study.,Current microbiology,peer_reviewed,3,https://pubmed.ncbi.nlm.nih.gov/31813013/,2020-01-01,active,pending_review,unverified,"{""identifier_kind"": ""pmid"", ""identifier"": ""31813013"", ""verification_status"": ""RESOLVED"", ""verified_title"": ""Microbial Contamination and Disinfection of Sport Mouthguard: In Vitro Study."", ""seeded_from"": ""PPBF research program 2026-08-07""}",{{SEED_ACCOUNT_ID}},platform_owner
src_19baa8c0d7d35ef8,{{PPBF_ORG_ID}},Surface deterioration and poor handling of sports mouthguards for young football players promote bacterial attachment and colonisation requiring mechanical cleaning.,BMC oral health,peer_reviewed,3,https://pubmed.ncbi.nlm.nih.gov/41188865/,2025-01-01,active,pending_review,unverified,"{""identifier_kind"": ""pmid"", ""identifier"": ""41188865"", ""verification_status"": ""RESOLVED"", ""verified_title"": ""Microbial Contamination and Disinfection of Sport Mouthguard: In Vitro Study."", ""seeded_from"": ""PPBF research program 2026-08-07""}",{{SEED_ACCOUNT_ID}},platform_owner
src_fa3e27d3d6ab9ccb,{{PPBF_ORG_ID}},Contact Breast Injuries Among Female Athletes: A Systematic Review.,"Sports medicine (Auckland, N.Z.)",peer_reviewed,2,https://pubmed.ncbi.nlm.nih.gov/38693460/,2024-01-01,active,pending_review,unverified,"{""identifier_kind"": ""pmid"", ""identifier"": ""38693460"", ""verification_status"": ""RESOLVED"", ""verified_title"": ""Contact Breast Injuries Among Female Athletes: A Systematic Review."", ""seeded_from"": ""PPBF research program 2026-08-07""}",{{SEED_ACCOUNT_ID}},platform_owner
src_e4e57e4e7a8121a3,{{PPBF_ORG_ID}},'Don't tell the coach': contact breast injury and breast pain in under-18 international female rugby players.,BMJ open sport & exercise medicine,peer_reviewed,2,https://pubmed.ncbi.nlm.nih.gov/41090106/,2025-01-01,active,pending_review,unverified,"{""identifier_kind"": ""pmid"", ""identifier"": ""41090106"", ""verification_status"": ""RESOLVED"", ""verified_title"": ""Contact Breast Injuries Among Female Athletes: A Systematic Review."", ""seeded_from"": ""PPBF research program 2026-08-07""}",{{SEED_ACCOUNT_ID}},platform_owner
src_4f2844823fe26d27,{{PPBF_ORG_ID}},"Towards evidence-based breast protective equipment in contact, combat and pseudo-contact sport.",British journal of sports medicine,peer_reviewed,2,https://pubmed.ncbi.nlm.nih.gov/39719326/,2025-01-01,active,pending_review,unverified,"{""identifier_kind"": ""pmid"", ""identifier"": ""39719326"", ""verification_status"": ""RESOLVED"", ""verified_title"": ""Contact Breast Injuries Among Female Athletes: A Systematic Review."", ""seeded_from"": ""PPBF research program 2026-08-07""}",{{SEED_ACCOUNT_ID}},platform_owner
src_fb4ff51dad226352,{{PPBF_ORG_ID}},Rapid weight gain following weight cutting in male professional boxers.,The Physician and sportsmedicine,governing_body,1,https://pubmed.ncbi.nlm.nih.gov/34310264/,2022-01-01,active,pending_review,unverified,"{""identifier_kind"": ""pmid"", ""identifier"": ""34310264"", ""verification_status"": ""RESOLVED"", ""verified_title"": ""Rapid weight gain following weight cutting in male professional boxers."", ""seeded_from"": ""PPBF research program 2026-08-07""}",{{SEED_ACCOUNT_ID}},platform_owner
src_46571aaaedbe3970,{{PPBF_ORG_ID}},A high prevalence of hypothyroidism in association with endemic goitre in Zimbabwean schoolchildren.,Journal of tropical pediatrics,governing_body,1,https://pubmed.ncbi.nlm.nih.gov/1960780/,1991-01-01,active,pending_review,unverified,"{""identifier_kind"": ""pmid"", ""identifier"": ""1960780"", ""verification_status"": ""RESOLVED"", ""verified_title"": ""Rapid weight gain following weight cutting in male professional boxers."", ""seeded_from"": ""PPBF research program 2026-08-07""}",{{SEED_ACCOUNT_ID}},platform_owner
src_cf3666636da5a863,{{PPBF_ORG_ID}},Effects of Weight Cutting on Exercise Performance in Combat Athletes: A Meta-Analysis.,International journal of sports physiology and performance,peer_reviewed,2,https://pubmed.ncbi.nlm.nih.gov/35523423/,2022-01-01,active,pending_review,unverified,"{""identifier_kind"": ""pmid"", ""identifier"": ""35523423"", ""verification_status"": ""RESOLVED"", ""verified_title"": ""Effects of Weight Cutting on Exercise Performance in Combat Athletes: A Meta-Analysis."", ""seeded_from"": ""PPBF research program 2026-08-07""}",{{SEED_ACCOUNT_ID}},platform_owner
src_2111449e5d3f7092,{{PPBF_ORG_ID}},Effects of Rapid Weight Loss on Kidney Function in Combat Sport Athletes.,"Medicina (Kaunas, Lithuania)",peer_reviewed,2,https://pubmed.ncbi.nlm.nih.gov/34072641/,2021-01-01,active,pending_review,unverified,"{""identifier_kind"": ""pmid"", ""identifier"": ""34072641"", ""verification_status"": ""RESOLVED"", ""verified_title"": ""Effects of Weight Cutting on Exercise Performance in Combat Athletes: A Meta-Analysis."", ""seeded_from"": ""PPBF research program 2026-08-07""}",{{SEED_ACCOUNT_ID}},platform_owner
src_c0ca94224f65e5d1,{{PPBF_ORG_ID}},Effects of Rapid Weight Loss on Judo Athletes: A Systematic Review.,Nutrients,peer_reviewed,2,https://pubmed.ncbi.nlm.nih.gov/32357500/,2020-01-01,active,pending_review,unverified,"{""identifier_kind"": ""pmid"", ""identifier"": ""32357500"", ""verification_status"": ""RESOLVED"", ""verified_title"": ""Effects of Weight Cutting on Exercise Performance in Combat Athletes: A Meta-Analysis."", ""seeded_from"": ""PPBF research program 2026-08-07""}",{{SEED_ACCOUNT_ID}},platform_owner
src_d2d0de74d2e9d14c,{{PPBF_ORG_ID}},Rapid Weight Loss Is Not Associated With Competitive Success in Elite Youth Olympic-Style Boxers in Europe.,International journal of sports physiology and performance,peer_reviewed,3,https://pubmed.ncbi.nlm.nih.gov/29182408/,2018-01-01,active,pending_review,unverified,"{""identifier_kind"": ""pmid"", ""identifier"": ""29182408"", ""verification_status"": ""RESOLVED"", ""verified_title"": ""Rapid Weight Loss Is Not Associated With Competitive Success in Elite Youth Olympic-Style Boxers in Europe."", ""seeded_from"": ""PPBF research program 2026-08-07""}",{{SEED_ACCOUNT_ID}},platform_owner
src_86367f0bc0692400,{{PPBF_ORG_ID}},Tinea gladiatorum: wrestling's emerging foe.,"Sports medicine (Auckland, N.Z.)",peer_reviewed,3,https://pubmed.ncbi.nlm.nih.gov/10870869/,2000-01-01,active,pending_review,unverified,"{""identifier_kind"": ""pmid"", ""identifier"": ""10870869"", ""verification_status"": ""RESOLVED"", ""verified_title"": ""Tinea gladiatorum: wrestling's emerging foe."", ""seeded_from"": ""PPBF research program 2026-08-07""}",{{SEED_ACCOUNT_ID}},platform_owner
src_3c5b6e9f343f0fa2,{{PPBF_ORG_ID}},Epidemiology of dermatophytosis in junior combat and non-combat sports participants.,Mycoses,peer_reviewed,3,https://pubmed.ncbi.nlm.nih.gov/22621172/,2013-01-01,active,pending_review,unverified,"{""identifier_kind"": ""pmid"", ""identifier"": ""22621172"", ""verification_status"": ""RESOLVED"", ""verified_title"": ""Tinea gladiatorum: wrestling's emerging foe."", ""seeded_from"": ""PPBF research program 2026-08-07""}",{{SEED_ACCOUNT_ID}},platform_owner
src_cd1fd34f7b74a2a1,{{PPBF_ORG_ID}},Community-associated methicillin-resistant Staphylococcus aureus survival on artificial turf substrates.,Medicine and science in sports and exercise,peer_reviewed,3,https://pubmed.ncbi.nlm.nih.gov/20962684/,2011-01-01,active,pending_review,unverified,"{""identifier_kind"": ""pmid"", ""identifier"": ""20962684"", ""verification_status"": ""RESOLVED"", ""verified_title"": ""Tinea gladiatorum: wrestling's emerging foe."", ""seeded_from"": ""PPBF research program 2026-08-07""}",{{SEED_ACCOUNT_ID}},platform_owner
src_439c8cf1a1dbc7d2,{{PPBF_ORG_ID}},"Microbial Contamination of Gym Equipment: Diversity Patterns, Temporal Dynamics, Staphylococcus Hotspots, and Device-Level Risk Indices.","Pathogens (Basel, Switzerland)",peer_reviewed,3,https://pubmed.ncbi.nlm.nih.gov/42515034/,2026-01-01,active,pending_review,unverified,"{""identifier_kind"": ""pmid"", ""identifier"": ""42515034"", ""verification_status"": ""RESOLVED"", ""verified_title"": ""Microbial Contamination of Gym Equipment: Diversity Patterns, Temporal Dynamics, Staphylococcus Hotspots, and Device-Level Risk Indices."", ""seeded_from"": ""PPBF research program 2026-08-07""}",{{SEED_ACCOUNT_ID}},platform_owner
src_5bdbe4485a98977f,{{PPBF_ORG_ID}},INSUFFICIENT EVIDENCE - no qualifying study identified,,other,5,,,active,pending_review,unverified,"{""identifier_kind"": ""noid"", ""identifier"": ""A6-053"", ""verification_status"": ""NO_IDENTIFIER_BY_DESIGN"", ""verified_title"": """", ""seeded_from"": ""PPBF research program 2026-08-07""}",{{SEED_ACCOUNT_ID}},platform_owner
src_91170afd9903992a,{{PPBF_ORG_ID}},Force and velocity of impact during upper limb strikes in combat sports: a systematic review and meta-analysis.,Sports biomechanics,peer_reviewed,2,https://pubmed.ncbi.nlm.nih.gov/32677587/,2023-01-01,active,pending_review,unverified,"{""identifier_kind"": ""pmid"", ""identifier"": ""32677587"", ""verification_status"": ""RESOLVED"", ""verified_title"": ""Force and velocity of impact during upper limb strikes in combat sports: a systematic review and meta-analysis."", ""seeded_from"": ""PPBF research program 2026-08-07""}",{{SEED_ACCOUNT_ID}},platform_owner
src_6570751c21cd83ac,{{PPBF_ORG_ID}},The development of a reliable amateur boxing performance analysis template.,Journal of sports sciences,peer_reviewed,3,https://pubmed.ncbi.nlm.nih.gov/23121380/,2013-01-01,active,pending_review,unverified,"{""identifier_kind"": ""pmid"", ""identifier"": ""23121380"", ""verification_status"": ""RESOLVED"", ""verified_title"": ""The development of a reliable amateur boxing performance analysis template."", ""seeded_from"": ""PPBF research program 2026-08-07""}",{{SEED_ACCOUNT_ID}},platform_owner
src_927489d3ee0f96a4,{{PPBF_ORG_ID}},Human behaviours associated with dominance in elite amateur boxing bouts: A comparison of winners and losers under the Ten Point Must System.,PloS one,peer_reviewed,3,https://pubmed.ncbi.nlm.nih.gov/29287064/,2017-01-01,active,pending_review,unverified,"{""identifier_kind"": ""pmid"", ""identifier"": ""29287064"", ""verification_status"": ""RESOLVED"", ""verified_title"": ""Human behaviours associated with dominance in elite amateur boxing bouts: A comparison of winners and losers under the Ten Point Must System."", ""seeded_from"": ""PPBF research program 2026-08-07""}",{{SEED_ACCOUNT_ID}},platform_owner
src_f2db55111eadc27e,{{PPBF_ORG_ID}},Children in Boxing and Martial Arts Should Be Better Guarded From Facial Injuries.,Craniomaxillofacial trauma & reconstruction,peer_reviewed,3,https://pubmed.ncbi.nlm.nih.gov/35633771/,2022-01-01,active,pending_review,unverified,"{""identifier_kind"": ""pmid"", ""identifier"": ""35633771"", ""verification_status"": ""RESOLVED"", ""verified_title"": ""Children in Boxing and Martial Arts Should Be Better Guarded From Facial Injuries."", ""seeded_from"": ""PPBF research program 2026-08-07""}",{{SEED_ACCOUNT_ID}},platform_owner
src_283e799df337936f,{{PPBF_ORG_ID}},Eye Trauma in Mixed Martial Arts and Boxing.,Ophthalmic plastic and reconstructive surgery,governing_body,1,https://pubmed.ncbi.nlm.nih.gov/37656909/,2024-01-01,active,pending_review,unverified,"{""identifier_kind"": ""pmid"", ""identifier"": ""37656909"", ""verification_status"": ""RESOLVED"", ""verified_title"": ""Eye Trauma in Mixed Martial Arts and Boxing."", ""seeded_from"": ""PPBF research program 2026-08-07""}",{{SEED_ACCOUNT_ID}},platform_owner
src_f7503ac9301474de,{{PPBF_ORG_ID}},Ocular complications of boxing.,British journal of sports medicine,governing_body,1,https://pubmed.ncbi.nlm.nih.gov/15665199/,2005-01-01,active,pending_review,unverified,"{""identifier_kind"": ""pmid"", ""identifier"": ""15665199"", ""verification_status"": ""RESOLVED"", ""verified_title"": ""Eye Trauma in Mixed Martial Arts and Boxing."", ""seeded_from"": ""PPBF research program 2026-08-07""}",{{SEED_ACCOUNT_ID}},platform_owner
src_3c92bc02ed2daa12,{{PPBF_ORG_ID}},Epidemiology of professional bare-knuckle fighting injuries.,The Physician and sportsmedicine,peer_reviewed,3,https://pubmed.ncbi.nlm.nih.gov/34380362/,2022-01-01,active,pending_review,unverified,"{""identifier_kind"": ""pmid"", ""identifier"": ""34380362"", ""verification_status"": ""RESOLVED"", ""verified_title"": ""Epidemiology of professional bare-knuckle fighting injuries."", ""seeded_from"": ""PPBF research program 2026-08-07""}",{{SEED_ACCOUNT_ID}},platform_owner
src_a3cf4368b8ade116,{{PPBF_ORG_ID}},Mothers' and sons' cognitive and emotional reactions to stimulated marital and family conflict.,Journal of consulting and clinical psychology,peer_reviewed,3,https://pubmed.ncbi.nlm.nih.gov/1955604/,1991-01-01,active,pending_review,unverified,"{""identifier_kind"": ""pmid"", ""identifier"": ""1955604"", ""verification_status"": ""RESOLVED"", ""verified_title"": ""Epidemiology of professional bare-knuckle fighting injuries."", ""seeded_from"": ""PPBF research program 2026-08-07""}",{{SEED_ACCOUNT_ID}},platform_owner
src_1b68715e773550e0,{{PPBF_ORG_ID}},Monitoring Athlete Training Loads: Consensus Statement.,International journal of sports physiology and performance,clinical_guideline,1,https://pubmed.ncbi.nlm.nih.gov/28463642/,2017-01-01,active,pending_review,unverified,"{""identifier_kind"": ""pmid"", ""identifier"": ""28463642"", ""verification_status"": ""RESOLVED"", ""verified_title"": ""Monitoring Athlete Training Loads: Consensus Statement."", ""seeded_from"": ""PPBF research program 2026-08-07""}",{{SEED_ACCOUNT_ID}},platform_owner
src_b68645756a889071,{{PPBF_ORG_ID}},Monitoring the athlete training response: subjective self-reported measures trump commonly used objective measures: a systematic review.,British journal of sports medicine,clinical_guideline,1,https://pubmed.ncbi.nlm.nih.gov/26423706/,2016-01-01,active,pending_review,unverified,"{""identifier_kind"": ""pmid"", ""identifier"": ""26423706"", ""verification_status"": ""RESOLVED"", ""verified_title"": ""Monitoring Athlete Training Loads: Consensus Statement."", ""seeded_from"": ""PPBF research program 2026-08-07""}",{{SEED_ACCOUNT_ID}},platform_owner
src_aef7f7e84866d7e1,{{PPBF_ORG_ID}},Effects of northbound long-haul international air travel on sleep quantity and subjective jet lag and wellness in professional Australian soccer players.,International journal of sports physiology and performance,peer_reviewed,3,https://pubmed.ncbi.nlm.nih.gov/25569181/,2015-01-01,active,pending_review,unverified,"{""identifier_kind"": ""pmid"", ""identifier"": ""25569181"", ""verification_status"": ""RESOLVED"", ""verified_title"": ""Effects of northbound long-haul international air travel on sleep quantity and subjective jet lag and wellness in professional Australian soccer players."", ""seeded_from"": ""PPBF research program 2026-08-07""}",{{SEED_ACCOUNT_ID}},platform_owner
src_05600d8d1b52180d,{{PPBF_ORG_ID}},Nutrition for Travel: From Jet lag To Catering.,International journal of sport nutrition and exercise metabolism,peer_reviewed,3,https://pubmed.ncbi.nlm.nih.gov/30507257/,2019-01-01,active,pending_review,unverified,"{""identifier_kind"": ""pmid"", ""identifier"": ""30507257"", ""verification_status"": ""RESOLVED"", ""verified_title"": ""Effects of northbound long-haul international air travel on sleep quantity and subjective jet lag and wellness in professional Australian soccer players."", ""seeded_from"": ""PPBF research program 2026-08-07""}",{{SEED_ACCOUNT_ID}},platform_owner
src_d6483a534377bf0c,{{PPBF_ORG_ID}},"Mich. Admin. Code R. 339.207 - Hand, foot, and ankle wrap specifications for all contestants",,governing_body,1,https://www.law.cornell.edu/regulations/michigan/Mich-Admin-Code-R-339-207,,active,pending_review,unverified,"{""identifier_kind"": ""url"", ""identifier"": ""https://www.law.cornell.edu/regulations/michigan/Mich-Admin-Code-R-339-207"", ""verification_status"": ""NON_INDEXED_SOURCE"", ""verified_title"": """", ""seeded_from"": ""PPBF research program 2026-08-07""}",{{SEED_ACCOUNT_ID}},platform_owner
src_2642aa21ff576fe0,{{PPBF_ORG_ID}},68 IAC 24-4-5 - Hand wraps (Indiana Gaming Commission),,governing_body,1,https://www.law.cornell.edu/regulations/indiana/68-IAC-24-4-5,,active,pending_review,unverified,"{""identifier_kind"": ""url"", ""identifier"": ""https://www.law.cornell.edu/regulations/indiana/68-IAC-24-4-5"", ""verification_status"": ""NON_INDEXED_SOURCE"", ""verified_title"": """", ""seeded_from"": ""PPBF research program 2026-08-07""}",{{SEED_ACCOUNT_ID}},platform_owner
src_57da2ab94ec7ddf6,{{PPBF_ORG_ID}},"World Boxing Council Amateur Competition Rules 2024, Rule 3 The Bandages and Rule 2 Gloves and Headgears",,governing_body,1,https://wbcboxing.com/amateur/wp-content/uploads/2024/02/WBC-AMATEUR-competition-rules-2024-24FEB2024.pdf,,active,pending_review,unverified,"{""identifier_kind"": ""url"", ""identifier"": ""https://wbcboxing.com/amateur/wp-content/uploads/2024/02/WBC-AMATEUR-competition-rules-2024-24FEB2024.pdf"", ""verification_status"": ""NON_INDEXED_SOURCE"", ""verified_title"": """", ""seeded_from"": ""PPBF research program 2026-08-07""}",{{SEED_ACCOUNT_ID}},platform_owner
src_c1eadbe1e6b7044d,{{PPBF_ORG_ID}},"Boxing Canada Articles and Rules (December 2023 edition), sections 6 Gloves, 6.4 Hand wraps, 7 Headguards",,governing_body,1,https://boxingcanada.org/wp-content/uploads/2023/12/Articles-and-Rules-Dec-2023-EN.pdf,,active,pending_review,unverified,"{""identifier_kind"": ""url"", ""identifier"": ""https://boxingcanada.org/wp-content/uploads/2023/12/Articles-and-Rules-Dec-2023-EN.pdf"", ""verification_status"": ""NON_INDEXED_SOURCE"", ""verified_title"": """", ""seeded_from"": ""PPBF research program 2026-08-07""}",{{SEED_ACCOUNT_ID}},platform_owner
src_9cb151088ffcb657,{{PPBF_ORG_ID}},INSUFFICIENT EVIDENCE - no qualifying study identified,,other,5,,,active,pending_review,unverified,"{""identifier_kind"": ""noid"", ""identifier"": ""A6-079"", ""verification_status"": ""NO_IDENTIFIER_BY_DESIGN"", ""verified_title"": """", ""seeded_from"": ""PPBF research program 2026-08-07""}",{{SEED_ACCOUNT_ID}},platform_owner
src_a28c90551790c894,{{PPBF_ORG_ID}},INSUFFICIENT EVIDENCE - no qualifying study identified,,other,5,,,active,pending_review,unverified,"{""identifier_kind"": ""noid"", ""identifier"": ""A6-082"", ""verification_status"": ""NO_IDENTIFIER_BY_DESIGN"", ""verified_title"": """", ""seeded_from"": ""PPBF research program 2026-08-07""}",{{SEED_ACCOUNT_ID}},platform_owner
src_d72eeae2ee8e4a02,{{PPBF_ORG_ID}},The damaging punch.,British medical journal (Clinical research ed.),peer_reviewed,3,https://pubmed.ncbi.nlm.nih.gov/3936571/,1985-01-01,active,pending_review,unverified,"{""identifier_kind"": ""pmid"", ""identifier"": ""3936571"", ""verification_status"": ""RESOLVED"", ""verified_title"": ""The damaging punch."", ""seeded_from"": ""PPBF research program 2026-08-07""}",{{SEED_ACCOUNT_ID}},platform_owner
src_1d351d2f7b239d66,{{PPBF_ORG_ID}},Biomechanical assessment of various punching techniques.,International journal of legal medicine,peer_reviewed,3,https://pubmed.ncbi.nlm.nih.gov/33057792/,2021-01-01,active,pending_review,unverified,"{""identifier_kind"": ""pmid"", ""identifier"": ""33057792"", ""verification_status"": ""RESOLVED"", ""verified_title"": ""Biomechanical assessment of various punching techniques."", ""seeded_from"": ""PPBF research program 2026-08-07""}",{{SEED_ACCOUNT_ID}},platform_owner
src_3a52ae929e762a4b,{{PPBF_ORG_ID}},Kinematic analysis of human upper extremity movements in boxing.,The American journal of sports medicine,peer_reviewed,3,https://pubmed.ncbi.nlm.nih.gov/3377096/,1988-01-01,active,pending_review,unverified,"{""identifier_kind"": ""pmid"", ""identifier"": ""3377096"", ""verification_status"": ""RESOLVED"", ""verified_title"": ""Biomechanical assessment of various punching techniques."", ""seeded_from"": ""PPBF research program 2026-08-07""}",{{SEED_ACCOUNT_ID}},platform_owner
src_85070284ee2a8a58,{{PPBF_ORG_ID}},Closed Sagittal Band Injury of the Metacarpophalangeal Joint.,The Journal of the American Academy of Orthopaedic Surgeons,peer_reviewed,3,https://pubmed.ncbi.nlm.nih.gov/26111875/,2015-01-01,active,pending_review,unverified,"{""identifier_kind"": ""pmid"", ""identifier"": ""26111875"", ""verification_status"": ""RESOLVED"", ""verified_title"": ""Closed Sagittal Band Injury of the Metacarpophalangeal Joint."", ""seeded_from"": ""PPBF research program 2026-08-07""}",{{SEED_ACCOUNT_ID}},platform_owner
src_2e8c1e1f7f022671,{{PPBF_ORG_ID}},"Sagittal band, boutonniere, and pulley injuries in the athlete.",Current reviews in musculoskeletal medicine,peer_reviewed,3,https://pubmed.ncbi.nlm.nih.gov/28101826/,2017-01-01,active,pending_review,unverified,"{""identifier_kind"": ""pmid"", ""identifier"": ""28101826"", ""verification_status"": ""RESOLVED"", ""verified_title"": ""Closed Sagittal Band Injury of the Metacarpophalangeal Joint."", ""seeded_from"": ""PPBF research program 2026-08-07""}",{{SEED_ACCOUNT_ID}},platform_owner
src_f278325fb1a12da9,{{PPBF_ORG_ID}},Boxer's knuckle: Sonographic anatomy and assessment of sagittal band tears of the dorsal hood.,Australasian journal of ultrasound in medicine,peer_reviewed,3,https://pubmed.ncbi.nlm.nih.gov/38098620/,2023-01-01,active,pending_review,unverified,"{""identifier_kind"": ""pmid"", ""identifier"": ""38098620"", ""verification_status"": ""RESOLVED"", ""verified_title"": ""Boxer's knuckle: Sonographic anatomy and assessment of sagittal band tears of the dorsal hood."", ""seeded_from"": ""PPBF research program 2026-08-07""}",{{SEED_ACCOUNT_ID}},platform_owner
src_853683d8bbe1b8eb,{{PPBF_ORG_ID}},Principles and practices of treating facial cuts during boxing matches.,Journal of wound care,other,5,https://pubmed.ncbi.nlm.nih.gov/19862872/,2009-01-01,active,pending_review,unverified,"{""identifier_kind"": ""pmid"", ""identifier"": ""19862872"", ""verification_status"": ""RESOLVED"", ""verified_title"": ""Principles and practices of treating facial cuts during boxing matches."", ""seeded_from"": ""PPBF research program 2026-08-07""}",{{SEED_ACCOUNT_ID}},platform_owner
src_f6c98b91827d56ef,{{PPBF_ORG_ID}},Wrist extensor orthoses: dexterity and grip strength across four styles.,The American journal of occupational therapy : official publication of the American Occupational Therapy Association,peer_reviewed,3,https://pubmed.ncbi.nlm.nih.gov/2000923/,1991-01-01,active,pending_review,unverified,"{""identifier_kind"": ""pmid"", ""identifier"": ""2000923"", ""verification_status"": ""RESOLVED"", ""verified_title"": ""Wrist extensor orthoses: dexterity and grip strength across four styles."", ""seeded_from"": ""PPBF research program 2026-08-07""}",{{SEED_ACCOUNT_ID}},platform_owner
src_40a26d4b943ccd02,{{PPBF_ORG_ID}},Understanding the Consequences of Repetitive Subconcussive Head Impacts in Sport: Brain Changes and Dampened Motor Control Are Seen After Boxing Practice.,Frontiers in human neuroscience,peer_reviewed,3,https://pubmed.ncbi.nlm.nih.gov/31551732/,2019-01-01,active,pending_review,unverified,"{""identifier_kind"": ""pmid"", ""identifier"": ""31551732"", ""verification_status"": ""RESOLVED"", ""verified_title"": ""Understanding the Consequences of Repetitive Subconcussive Head Impacts in Sport: Brain Changes and Dampened Motor Control Are Seen After Boxing Practice."", ""seeded_from"": ""PPBF research program 2026-08-07""}",{{SEED_ACCOUNT_ID}},platform_owner
src_888ad02d93c5e0f4,{{PPBF_ORG_ID}},A prospective cohort study of injury in amateur and professional boxing.,British journal of sports medicine,peer_reviewed,3,https://pubmed.ncbi.nlm.nih.gov/16807306/,2006-01-01,active,pending_review,unverified,"{""identifier_kind"": ""pmid"", ""identifier"": ""16807306"", ""verification_status"": ""RESOLVED"", ""verified_title"": ""A prospective cohort study of injury in amateur and professional boxing."", ""seeded_from"": ""PPBF research program 2026-08-07""}",{{SEED_ACCOUNT_ID}},platform_owner
src_1a48d1e5972cea2a,{{PPBF_ORG_ID}},Injury rates and risk factors in competitive professional boxing.,Clinical journal of sport medicine : official journal of the Canadian Academy of Sport Medicine,peer_reviewed,3,https://pubmed.ncbi.nlm.nih.gov/19124979/,2009-01-01,active,pending_review,unverified,"{""identifier_kind"": ""pmid"", ""identifier"": ""19124979"", ""verification_status"": ""RESOLVED"", ""verified_title"": ""Injury rates and risk factors in competitive professional boxing."", ""seeded_from"": ""PPBF research program 2026-08-07""}",{{SEED_ACCOUNT_ID}},platform_owner
src_0e8a19f368353834,{{PPBF_ORG_ID}},Incidence and severity of injuries resulting from amateur boxing in Ireland.,Clinical journal of sport medicine : official journal of the Canadian Academy of Sport Medicine,peer_reviewed,3,https://pubmed.ncbi.nlm.nih.gov/8673583/,1996-01-01,active,pending_review,unverified,"{""identifier_kind"": ""pmid"", ""identifier"": ""8673583"", ""verification_status"": ""RESOLVED"", ""verified_title"": ""Incidence and severity of injuries resulting from amateur boxing in Ireland."", ""seeded_from"": ""PPBF research program 2026-08-07""}",{{SEED_ACCOUNT_ID}},platform_owner
src_07297169a3dd8c7a,{{PPBF_ORG_ID}},[Hand injuries from combat sports].,Der Unfallchirurg,peer_reviewed,2,https://pubmed.ncbi.nlm.nih.gov/26013389/,2015-01-01,active,pending_review,unverified,"{""identifier_kind"": ""pmid"", ""identifier"": ""26013389"", ""verification_status"": ""RESOLVED"", ""verified_title"": ""[Hand injuries from combat sports]."", ""seeded_from"": ""PPBF research program 2026-08-07""}",{{SEED_ACCOUNT_ID}},platform_owner
src_c3dfaace9ef1022d,{{PPBF_ORG_ID}},Prevalence and Treatment Outcomes of Hand and Wrist Injuries in Professional Athletes: A Systematic Review.,HSS journal : the musculoskeletal journal of Hospital for Special Surgery,peer_reviewed,2,https://pubmed.ncbi.nlm.nih.gov/33088241/,2020-01-01,active,pending_review,unverified,"{""identifier_kind"": ""pmid"", ""identifier"": ""33088241"", ""verification_status"": ""RESOLVED"", ""verified_title"": ""Prevalence and Treatment Outcomes of Hand and Wrist Injuries in Professional Athletes: A Systematic Review."", ""seeded_from"": ""PPBF research program 2026-08-07""}",{{SEED_ACCOUNT_ID}},platform_owner
src_e9cecc8da465fa54,{{PPBF_ORG_ID}},Prevalence and Patterns of Injury Sustained During Military Hand-to-Hand Combat Training (Krav-Maga).,Military medicine,peer_reviewed,3,https://pubmed.ncbi.nlm.nih.gov/29087872/,2017-01-01,active,pending_review,unverified,"{""identifier_kind"": ""pmid"", ""identifier"": ""29087872"", ""verification_status"": ""RESOLVED"", ""verified_title"": ""Prevalence and Patterns of Injury Sustained During Military Hand-to-Hand Combat Training (Krav-Maga)."", ""seeded_from"": ""PPBF research program 2026-08-07""}",{{SEED_ACCOUNT_ID}},platform_owner
src_bae22d5b2c645eb9,{{PPBF_ORG_ID}},Mpox and Monkeypox Virus: Special Considerations for Athletes in Contact Sports.,"Sports medicine (Auckland, N.Z.)",peer_reviewed,4,https://pubmed.ncbi.nlm.nih.gov/36848020/,2023-01-01,active,pending_review,unverified,"{""identifier_kind"": ""pmid"", ""identifier"": ""36848020"", ""verification_status"": ""RESOLVED"", ""verified_title"": ""Mpox and Monkeypox Virus: Special Considerations for Athletes in Contact Sports."", ""seeded_from"": ""PPBF research program 2026-08-07""}",{{SEED_ACCOUNT_ID}},platform_owner
src_7ff90bd84ac33490,{{PPBF_ORG_ID}},Low Energy Availability and Relative Energy Deficiency in Sport: A Systematic Review and Meta-analysis.,"Sports medicine (Auckland, N.Z.)",peer_reviewed,2,https://pubmed.ncbi.nlm.nih.gov/39485653/,2025-01-01,active,pending_review,unverified,"{""identifier_kind"": ""pmid"", ""identifier"": ""39485653"", ""verification_status"": ""RESOLVED"", ""verified_title"": ""Low Energy Availability and Relative Energy Deficiency in Sport: A Systematic Review and Meta-analysis."", ""seeded_from"": ""PPBF research program 2026-08-07""}",{{SEED_ACCOUNT_ID}},platform_owner
src_2bee3c832ecda34f,{{PPBF_ORG_ID}},The impact of low energy availability risk on pre-competition physiological function in Chinese female combat athletes.,Journal of the International Society of Sports Nutrition,peer_reviewed,3,https://pubmed.ncbi.nlm.nih.gov/40254934/,2025-01-01,active,pending_review,unverified,"{""identifier_kind"": ""pmid"", ""identifier"": ""40254934"", ""verification_status"": ""RESOLVED"", ""verified_title"": ""The impact of low energy availability risk on pre-competition physiological function in Chinese female combat athletes."", ""seeded_from"": ""PPBF research program 2026-08-07""}",{{SEED_ACCOUNT_ID}},platform_owner
src_81b346a2e987129a,{{PPBF_ORG_ID}},[Diagnosis and treatment with Marlex mesh of vaginal posterior hernia].,Revista chilena de obstetricia y ginecologia,peer_reviewed,3,https://pubmed.ncbi.nlm.nih.gov/2490170/,1989-01-01,active,pending_review,unverified,"{""identifier_kind"": ""pmid"", ""identifier"": ""2490170"", ""verification_status"": ""RESOLVED"", ""verified_title"": ""The impact of low energy availability risk on pre-competition physiological function in Chinese female combat athletes."", ""seeded_from"": ""PPBF research program 2026-08-07""}",{{SEED_ACCOUNT_ID}},platform_owner
src_107806a99c912127,{{PPBF_ORG_ID}},Does Relative Energy Deficiency in Sport (REDs) Syndrome Exist?,"Sports medicine (Auckland, N.Z.)",peer_reviewed,4,https://pubmed.ncbi.nlm.nih.gov/39287777/,2024-01-01,active,pending_review,unverified,"{""identifier_kind"": ""pmid"", ""identifier"": ""39287777"", ""verification_status"": ""RESOLVED"", ""verified_title"": ""Does Relative Energy Deficiency in Sport (REDs) Syndrome Exist?"", ""seeded_from"": ""PPBF research program 2026-08-07""}",{{SEED_ACCOUNT_ID}},platform_owner
src_90d45f9ec5eb4552,{{PPBF_ORG_ID}},Carbohydrates for training and competition.,Journal of sports sciences,peer_reviewed,4,https://pubmed.ncbi.nlm.nih.gov/21660838/,2011-01-01,active,pending_review,unverified,"{""identifier_kind"": ""pmid"", ""identifier"": ""21660838"", ""verification_status"": ""RESOLVED"", ""verified_title"": ""Carbohydrates for training and competition."", ""seeded_from"": ""PPBF research program 2026-08-07""}",{{SEED_ACCOUNT_ID}},platform_owner
src_fb0477760a5d6b6d,{{PPBF_ORG_ID}},International society of sports nutrition position stand: nutrient timing.,Journal of the International Society of Sports Nutrition,clinical_guideline,1,https://pubmed.ncbi.nlm.nih.gov/28919842/,2017-01-01,active,pending_review,unverified,"{""identifier_kind"": ""pmid"", ""identifier"": ""28919842"", ""verification_status"": ""RESOLVED"", ""verified_title"": ""International society of sports nutrition position stand: nutrient timing."", ""seeded_from"": ""PPBF research program 2026-08-07""}",{{SEED_ACCOUNT_ID}},platform_owner
src_34157e8d9a266683,{{PPBF_ORG_ID}},Performance effects of periodized carbohydrate restriction in endurance trained athletes - a systematic review and meta-analysis.,Journal of the International Society of Sports Nutrition,peer_reviewed,2,https://pubmed.ncbi.nlm.nih.gov/34001184/,2021-01-01,active,pending_review,unverified,"{""identifier_kind"": ""pmid"", ""identifier"": ""34001184"", ""verification_status"": ""RESOLVED"", ""verified_title"": ""Performance effects of periodized carbohydrate restriction in endurance trained athletes - a systematic review and meta-analysis."", ""seeded_from"": ""PPBF research program 2026-08-07""}",{{SEED_ACCOUNT_ID}},platform_owner
src_1a7aebf2c405065d,{{PPBF_ORG_ID}},Effects of Carbohydrate Mouth Rinse on Cycling Time Trial Performance: A Systematic Review and Meta-Analysis.,"Sports medicine (Auckland, N.Z.)",peer_reviewed,2,https://pubmed.ncbi.nlm.nih.gov/30488186/,2019-01-01,active,pending_review,unverified,"{""identifier_kind"": ""pmid"", ""identifier"": ""30488186"", ""verification_status"": ""RESOLVED"", ""verified_title"": ""Effects of Carbohydrate Mouth Rinse on Cycling Time Trial Performance: A Systematic Review and Meta-Analysis."", ""seeded_from"": ""PPBF research program 2026-08-07""}",{{SEED_ACCOUNT_ID}},platform_owner
src_c6453b7ffe31c27c,{{PPBF_ORG_ID}},Effect of carbohydrate mouth rinse on muscle strength and muscular endurance: A systematic review with meta-analysis.,Critical reviews in food science and nutrition,peer_reviewed,2,https://pubmed.ncbi.nlm.nih.gov/35373671/,2023-01-01,active,pending_review,unverified,"{""identifier_kind"": ""pmid"", ""identifier"": ""35373671"", ""verification_status"": ""RESOLVED"", ""verified_title"": ""Effects of Carbohydrate Mouth Rinse on Cycling Time Trial Performance: A Systematic Review and Meta-Analysis."", ""seeded_from"": ""PPBF research program 2026-08-07""}",{{SEED_ACCOUNT_ID}},platform_owner
src_350537cd40a36e45,{{PPBF_ORG_ID}},"BCL10 is rarely mutated in human prostate carcinoma, small-cell lung cancer, head and neck tumours, renal carcinoma and sarcomas. MPT Collaborators, St George's Hospital Collaborators.",British journal of cancer,peer_reviewed,2,https://pubmed.ncbi.nlm.nih.gov/10408398/,1999-01-01,active,pending_review,unverified,"{""identifier_kind"": ""pmid"", ""identifier"": ""10408398"", ""verification_status"": ""RESOLVED"", ""verified_title"": ""Effects of Carbohydrate Mouth Rinse on Cycling Time Trial Performance: A Systematic Review and Meta-Analysis."", ""seeded_from"": ""PPBF research program 2026-08-07""}",{{SEED_ACCOUNT_ID}},platform_owner
src_91f0d454a10a6fa4,{{PPBF_ORG_ID}},"[Comparison of the diagnostic value of echocardiographic, ecg and enzymatic investigations in acute myocardial infarction].",Polskie Archiwum Medycyny Wewnetrznej,peer_reviewed,2,https://pubmed.ncbi.nlm.nih.gov/2057417/,1991-01-01,active,pending_review,unverified,"{""identifier_kind"": ""pmid"", ""identifier"": ""2057417"", ""verification_status"": ""RESOLVED"", ""verified_title"": ""Effects of Carbohydrate Mouth Rinse on Cycling Time Trial Performance: A Systematic Review and Meta-Analysis."", ""seeded_from"": ""PPBF research program 2026-08-07""}",{{SEED_ACCOUNT_ID}},platform_owner
src_0e0ab305960c9eba,{{PPBF_ORG_ID}},International Society of Sports Nutrition Position Stand: protein and exercise.,Journal of the International Society of Sports Nutrition,clinical_guideline,1,https://pubmed.ncbi.nlm.nih.gov/28642676/,2017-01-01,active,pending_review,unverified,"{""identifier_kind"": ""pmid"", ""identifier"": ""28642676"", ""verification_status"": ""RESOLVED"", ""verified_title"": ""International Society of Sports Nutrition Position Stand: protein and exercise."", ""seeded_from"": ""PPBF research program 2026-08-07""}",{{SEED_ACCOUNT_ID}},platform_owner
src_db4d0f87d8fd1e09,{{PPBF_ORG_ID}},Higher compared with lower dietary protein during an energy deficit combined with intense exercise promotes greater lean mass gain and fat mass loss: a randomized trial.,The American journal of clinical nutrition,peer_reviewed,3,https://pubmed.ncbi.nlm.nih.gov/26817506/,2016-01-01,active,pending_review,unverified,"{""identifier_kind"": ""pmid"", ""identifier"": ""26817506"", ""verification_status"": ""RESOLVED"", ""verified_title"": ""Higher compared with lower dietary protein during an energy deficit combined with intense exercise promotes greater lean mass gain and fat mass loss: a randomized trial."", ""seeded_from"": ""PPBF research program 2026-08-07""}",{{SEED_ACCOUNT_ID}},platform_owner
src_74299215c4c16a3a,{{PPBF_ORG_ID}},Ingested protein dose response of muscle and albumin protein synthesis after resistance exercise in young men.,The American journal of clinical nutrition,peer_reviewed,4,https://pubmed.ncbi.nlm.nih.gov/19056590/,2009-01-01,active,pending_review,unverified,"{""identifier_kind"": ""pmid"", ""identifier"": ""19056590"", ""verification_status"": ""RESOLVED"", ""verified_title"": ""Ingested protein dose response of muscle and albumin protein synthesis after resistance exercise in young men."", ""seeded_from"": ""PPBF research program 2026-08-07""}",{{SEED_ACCOUNT_ID}},platform_owner
src_8078c840b866b476,{{PPBF_ORG_ID}},The response of muscle protein synthesis following whole-body resistance exercise is greater following 40 g than 20 g of ingested whey protein.,Physiological reports,peer_reviewed,4,https://pubmed.ncbi.nlm.nih.gov/27511985/,2016-01-01,active,pending_review,unverified,"{""identifier_kind"": ""pmid"", ""identifier"": ""27511985"", ""verification_status"": ""RESOLVED"", ""verified_title"": ""Ingested protein dose response of muscle and albumin protein synthesis after resistance exercise in young men."", ""seeded_from"": ""PPBF research program 2026-08-07""}",{{SEED_ACCOUNT_ID}},platform_owner
src_07f43264ffabd40f,{{PPBF_ORG_ID}},Protein Distribution and Muscle-Related Outcomes: Does the Evidence Support the Concept?,Nutrients,peer_reviewed,2,https://pubmed.ncbi.nlm.nih.gov/32429355/,2020-01-01,active,pending_review,unverified,"{""identifier_kind"": ""pmid"", ""identifier"": ""32429355"", ""verification_status"": ""RESOLVED"", ""verified_title"": ""Ingested protein dose response of muscle and albumin protein synthesis after resistance exercise in young men."", ""seeded_from"": ""PPBF research program 2026-08-07""}",{{SEED_ACCOUNT_ID}},platform_owner
src_d8f88a254c8bbcfe,{{PPBF_ORG_ID}},Re-Examining High-Fat Diets for Sports Performance: Did We Call the 'Nail in the Coffin' Too Soon?,"Sports medicine (Auckland, N.Z.)",peer_reviewed,4,https://pubmed.ncbi.nlm.nih.gov/26553488/,2015-01-01,active,pending_review,unverified,"{""identifier_kind"": ""pmid"", ""identifier"": ""26553488"", ""verification_status"": ""RESOLVED"", ""verified_title"": ""Re-Examining High-Fat Diets for Sports Performance: Did We Call the 'Nail in the Coffin' Too Soon?"", ""seeded_from"": ""PPBF research program 2026-08-07""}",{{SEED_ACCOUNT_ID}},platform_owner
src_40255507b2886ca0,{{PPBF_ORG_ID}},American College of Sports Medicine position stand. Exercise and fluid replacement.,Medicine and science in sports and exercise,clinical_guideline,1,https://pubmed.ncbi.nlm.nih.gov/17277604/,2007-01-01,active,pending_review,unverified,"{""identifier_kind"": ""pmid"", ""identifier"": ""17277604"", ""verification_status"": ""RESOLVED"", ""verified_title"": ""American College of Sports Medicine position stand. Exercise and fluid replacement."", ""seeded_from"": ""PPBF research program 2026-08-07""}",{{SEED_ACCOUNT_ID}},platform_owner
src_e1c419818e9ac09f,{{PPBF_ORG_ID}},"Statement of the 3rd International Exercise-Associated Hyponatremia Consensus Development Conference, Carlsbad, California, 2015.",British journal of sports medicine,clinical_guideline,1,https://pubmed.ncbi.nlm.nih.gov/26227507/,2015-01-01,active,pending_review,unverified,"{""identifier_kind"": ""pmid"", ""identifier"": ""26227507"", ""verification_status"": ""RESOLVED"", ""verified_title"": ""Statement of the 3rd International Exercise-Associated Hyponatremia Consensus Development Conference, Carlsbad, California, 2015."", ""seeded_from"": ""PPBF research program 2026-08-07""}",{{SEED_ACCOUNT_ID}},platform_owner
src_b8438dabc682e1ec,{{PPBF_ORG_ID}},"Dehydration: physiology, assessment, and performance effects.",Comprehensive Physiology,peer_reviewed,3,https://pubmed.ncbi.nlm.nih.gov/24692140/,2014-01-01,active,pending_review,unverified,"{""identifier_kind"": ""pmid"", ""identifier"": ""24692140"", ""verification_status"": ""RESOLVED"", ""verified_title"": ""Dehydration: physiology, assessment, and performance effects."", ""seeded_from"": ""PPBF research program 2026-08-07""}",{{SEED_ACCOUNT_ID}},platform_owner
src_ad263c0164d105da,{{PPBF_ORG_ID}},Sweating Rate and Sweat Sodium Concentration in Athletes: A Review of Methodology and Intra/Interindividual Variability.,"Sports medicine (Auckland, N.Z.)",peer_reviewed,3,https://pubmed.ncbi.nlm.nih.gov/28332116/,2017-01-01,active,pending_review,unverified,"{""identifier_kind"": ""pmid"", ""identifier"": ""28332116"", ""verification_status"": ""RESOLVED"", ""verified_title"": ""Sweating Rate and Sweat Sodium Concentration in Athletes: A Review of Methodology and Intra/Interindividual Variability."", ""seeded_from"": ""PPBF research program 2026-08-07""}",{{SEED_ACCOUNT_ID}},platform_owner
src_80fa2993fc97beef,{{PPBF_ORG_ID}},Iron considerations for the athlete: a narrative review.,European journal of applied physiology,peer_reviewed,4,https://pubmed.ncbi.nlm.nih.gov/31055680/,2019-01-01,active,pending_review,unverified,"{""identifier_kind"": ""pmid"", ""identifier"": ""31055680"", ""verification_status"": ""RESOLVED"", ""verified_title"": ""Iron considerations for the athlete: a narrative review."", ""seeded_from"": ""PPBF research program 2026-08-07""}",{{SEED_ACCOUNT_ID}},platform_owner
src_a1a706dedb4c446a,{{PPBF_ORG_ID}},"Iron status in athletic females, a shift in perspective on an old paradigm.",Journal of sports sciences,peer_reviewed,3,https://pubmed.ncbi.nlm.nih.gov/33583330/,2021-01-01,active,pending_review,unverified,"{""identifier_kind"": ""pmid"", ""identifier"": ""33583330"", ""verification_status"": ""RESOLVED"", ""verified_title"": ""Iron status in athletic females, a shift in perspective on an old paradigm."", ""seeded_from"": ""PPBF research program 2026-08-07""}",{{SEED_ACCOUNT_ID}},platform_owner
src_5b4927731361e4d6,{{PPBF_ORG_ID}},Metabolism of prostaglandin F2 alpha in Zellweger syndrome. Peroxisomal beta-oxidation is a major importance for in vivo degradation of prostaglandins in humans.,The Journal of clinical investigation,peer_reviewed,3,https://pubmed.ncbi.nlm.nih.gov/1885782/,1991-01-01,active,pending_review,unverified,"{""identifier_kind"": ""pmid"", ""identifier"": ""1885782"", ""verification_status"": ""RESOLVED"", ""verified_title"": ""Iron status in athletic females, a shift in perspective on an old paradigm."", ""seeded_from"": ""PPBF research program 2026-08-07""}",{{SEED_ACCOUNT_ID}},platform_owner
src_206fbbe380b24984,{{PPBF_ORG_ID}},Iron Deficiency and Anemia in Male and Female Adolescent Athletes Who Engage in Ball Games.,Journal of clinical medicine,peer_reviewed,3,https://pubmed.ncbi.nlm.nih.gov/36769618/,2023-01-01,active,pending_review,unverified,"{""identifier_kind"": ""pmid"", ""identifier"": ""36769618"", ""verification_status"": ""RESOLVED"", ""verified_title"": ""Iron Deficiency and Anemia in Male and Female Adolescent Athletes Who Engage in Ball Games."", ""seeded_from"": ""PPBF research program 2026-08-07""}",{{SEED_ACCOUNT_ID}},platform_owner
src_c7af257e96025d26,{{PPBF_ORG_ID}},Effects of Vitamin D Supplementation on Serum 25-Hydroxyvitamin D Concentrations and Physical Performance in Athletes: A Systematic Review and Meta-analysis of Randomized Controlled Trials.,"Sports medicine (Auckland, N.Z.)",peer_reviewed,2,https://pubmed.ncbi.nlm.nih.gov/28577257/,2017-01-01,active,pending_review,unverified,"{""identifier_kind"": ""pmid"", ""identifier"": ""28577257"", ""verification_status"": ""RESOLVED"", ""verified_title"": ""Effects of Vitamin D Supplementation on Serum 25-Hydroxyvitamin D Concentrations and Physical Performance in Athletes: A Systematic Review and Meta-analysis of Randomized Controlled Trials."", ""seeded_from"": ""PPBF research program 2026-08-07""}",{{SEED_ACCOUNT_ID}},platform_owner
src_8a1607a02dbe0c6a,{{PPBF_ORG_ID}},Prevalence and novel risk factors for vitamin D insufficiency in elite athletes: systematic review and meta-analysis.,European journal of nutrition,peer_reviewed,2,https://pubmed.ncbi.nlm.nih.gov/35882673/,2022-01-01,active,pending_review,unverified,"{""identifier_kind"": ""pmid"", ""identifier"": ""35882673"", ""verification_status"": ""RESOLVED"", ""verified_title"": ""Prevalence and novel risk factors for vitamin D insufficiency in elite athletes: systematic review and meta-analysis."", ""seeded_from"": ""PPBF research program 2026-08-07""}",{{SEED_ACCOUNT_ID}},platform_owner
src_6dda270c33ec4fa6,{{PPBF_ORG_ID}},IOC consensus statement: dietary supplements and the high-performance athlete.,British journal of sports medicine,clinical_guideline,1,https://pubmed.ncbi.nlm.nih.gov/29540367/,2018-01-01,active,pending_review,unverified,"{""identifier_kind"": ""pmid"", ""identifier"": ""29540367"", ""verification_status"": ""RESOLVED"", ""verified_title"": ""IOC consensus statement: dietary supplements and the high-performance athlete."", ""seeded_from"": ""PPBF research program 2026-08-07""}",{{SEED_ACCOUNT_ID}},platform_owner
src_fc4e3fc338613b5d,{{PPBF_ORG_ID}},IOC Consensus Statement: Dietary Supplements and the High-Performance Athlete.,International journal of sport nutrition and exercise metabolism,clinical_guideline,1,https://pubmed.ncbi.nlm.nih.gov/29589768/,2018-01-01,active,pending_review,unverified,"{""identifier_kind"": ""pmid"", ""identifier"": ""29589768"", ""verification_status"": ""RESOLVED"", ""verified_title"": ""IOC consensus statement: dietary supplements and the high-performance athlete."", ""seeded_from"": ""PPBF research program 2026-08-07""}",{{SEED_ACCOUNT_ID}},platform_owner
src_d778a30d828d13e9,{{PPBF_ORG_ID}},International society of sports nutrition position stand: caffeine and exercise performance.,Journal of the International Society of Sports Nutrition,clinical_guideline,1,https://pubmed.ncbi.nlm.nih.gov/33388079/,2021-01-01,active,pending_review,unverified,"{""identifier_kind"": ""pmid"", ""identifier"": ""33388079"", ""verification_status"": ""RESOLVED"", ""verified_title"": ""International society of sports nutrition position stand: caffeine and exercise performance."", ""seeded_from"": ""PPBF research program 2026-08-07""}",{{SEED_ACCOUNT_ID}},platform_owner
src_aeb9d9e1534a9743,{{PPBF_ORG_ID}},Wake up and smell the coffee: caffeine supplementation and exercise performance-an umbrella review of 21 published meta-analyses.,British journal of sports medicine,clinical_guideline,1,https://pubmed.ncbi.nlm.nih.gov/30926628/,2020-01-01,active,pending_review,unverified,"{""identifier_kind"": ""pmid"", ""identifier"": ""30926628"", ""verification_status"": ""RESOLVED"", ""verified_title"": ""International society of sports nutrition position stand: caffeine and exercise performance."", ""seeded_from"": ""PPBF research program 2026-08-07""}",{{SEED_ACCOUNT_ID}},platform_owner
src_b08316272e2499d7,{{PPBF_ORG_ID}},"International Society of Sports Nutrition position stand: safety and efficacy of creatine supplementation in exercise, sport, and medicine.",Journal of the International Society of Sports Nutrition,clinical_guideline,1,https://pubmed.ncbi.nlm.nih.gov/28615996/,2017-01-01,active,pending_review,unverified,"{""identifier_kind"": ""pmid"", ""identifier"": ""28615996"", ""verification_status"": ""RESOLVED"", ""verified_title"": ""International Society of Sports Nutrition position stand: safety and efficacy of creatine supplementation in exercise, sport, and medicine."", ""seeded_from"": ""PPBF research program 2026-08-07""}",{{SEED_ACCOUNT_ID}},platform_owner
src_79b234b2cf48b93a,{{PPBF_ORG_ID}},Common questions and misconceptions about creatine supplementation: what does the scientific evidence really show?,Journal of the International Society of Sports Nutrition,clinical_guideline,1,https://pubmed.ncbi.nlm.nih.gov/33557850/,2021-01-01,active,pending_review,unverified,"{""identifier_kind"": ""pmid"", ""identifier"": ""33557850"", ""verification_status"": ""RESOLVED"", ""verified_title"": ""International Society of Sports Nutrition position stand: safety and efficacy of creatine supplementation in exercise, sport, and medicine."", ""seeded_from"": ""PPBF research program 2026-08-07""}",{{SEED_ACCOUNT_ID}},platform_owner
src_437aad074c40aa9c,{{PPBF_ORG_ID}},Creatine Supplementation in Children and Adolescents.,Nutrients,peer_reviewed,4,https://pubmed.ncbi.nlm.nih.gov/33670822/,2021-01-01,active,pending_review,unverified,"{""identifier_kind"": ""pmid"", ""identifier"": ""33670822"", ""verification_status"": ""RESOLVED"", ""verified_title"": ""Creatine Supplementation in Children and Adolescents."", ""seeded_from"": ""PPBF research program 2026-08-07""}",{{SEED_ACCOUNT_ID}},platform_owner
src_d80ed999c2397022,{{PPBF_ORG_ID}},Creatine supplementation in the pediatric and adolescent athlete-- A literature review.,Journal of orthopaedics,peer_reviewed,4,https://pubmed.ncbi.nlm.nih.gov/37008451/,2023-01-01,active,pending_review,unverified,"{""identifier_kind"": ""pmid"", ""identifier"": ""37008451"", ""verification_status"": ""RESOLVED"", ""verified_title"": ""Creatine Supplementation in Children and Adolescents."", ""seeded_from"": ""PPBF research program 2026-08-07""}",{{SEED_ACCOUNT_ID}},platform_owner
src_005702379a616c5e,{{PPBF_ORG_ID}},International Society of Sports Nutrition position stand: sodium bicarbonate and exercise performance.,Journal of the International Society of Sports Nutrition,clinical_guideline,1,https://pubmed.ncbi.nlm.nih.gov/34503527/,2021-01-01,active,pending_review,unverified,"{""identifier_kind"": ""pmid"", ""identifier"": ""34503527"", ""verification_status"": ""RESOLVED"", ""verified_title"": ""International Society of Sports Nutrition position stand: sodium bicarbonate and exercise performance."", ""seeded_from"": ""PPBF research program 2026-08-07""}",{{SEED_ACCOUNT_ID}},platform_owner
src_133574147f2e7ab9,{{PPBF_ORG_ID}},Can Sodium Bicarbonate Supplementation Improve Combat Sports Performance? A Systematic Review and Meta-analysis.,Current nutrition reports,clinical_guideline,1,https://pubmed.ncbi.nlm.nih.gov/35394616/,2022-01-01,active,pending_review,unverified,"{""identifier_kind"": ""pmid"", ""identifier"": ""35394616"", ""verification_status"": ""RESOLVED"", ""verified_title"": ""International Society of Sports Nutrition position stand: sodium bicarbonate and exercise performance."", ""seeded_from"": ""PPBF research program 2026-08-07""}",{{SEED_ACCOUNT_ID}},platform_owner
src_ddffb3aef0cbbbbc,{{PPBF_ORG_ID}},International society of sports nutrition position stand: Beta-Alanine.,Journal of the International Society of Sports Nutrition,clinical_guideline,1,https://pubmed.ncbi.nlm.nih.gov/26175657/,2015-01-01,active,pending_review,unverified,"{""identifier_kind"": ""pmid"", ""identifier"": ""26175657"", ""verification_status"": ""RESOLVED"", ""verified_title"": ""International society of sports nutrition position stand: Beta-Alanine."", ""seeded_from"": ""PPBF research program 2026-08-07""}",{{SEED_ACCOUNT_ID}},platform_owner
src_49bfc761b61ae4ef,{{PPBF_ORG_ID}},Factors that Moderate the Effect of Nitrate Ingestion on Exercise Performance in Adults: A Systematic Review with Meta-Analyses and Meta-Regressions.,"Advances in nutrition (Bethesda, Md.)",peer_reviewed,2,https://pubmed.ncbi.nlm.nih.gov/35580578/,2022-01-01,active,pending_review,unverified,"{""identifier_kind"": ""pmid"", ""identifier"": ""35580578"", ""verification_status"": ""RESOLVED"", ""verified_title"": ""Factors that Moderate the Effect of Nitrate Ingestion on Exercise Performance in Adults: A Systematic Review with Meta-Analyses and Meta-Regressions."", ""seeded_from"": ""PPBF research program 2026-08-07""}",{{SEED_ACCOUNT_ID}},platform_owner
src_1fa1d35c45bc8348,{{PPBF_ORG_ID}},Undeclared Doping Substances are Highly Prevalent in Commercial Sports Nutrition Supplements.,Journal of sports science & medicine,other,4,https://pubmed.ncbi.nlm.nih.gov/34211326/,2021-01-01,active,pending_review,unverified,"{""identifier_kind"": ""pmid"", ""identifier"": ""34211326"", ""verification_status"": ""RESOLVED"", ""verified_title"": ""Undeclared Doping Substances are Highly Prevalent in Commercial Sports Nutrition Supplements."", ""seeded_from"": ""PPBF research program 2026-08-07""}",{{SEED_ACCOUNT_ID}},platform_owner
src_c4b2b9fa18cd303a,{{PPBF_ORG_ID}},Intended or Unintended Doping? A Review of the Presence of Doping Substances in Dietary Supplements Used in Sports.,Nutrients,peer_reviewed,3,https://pubmed.ncbi.nlm.nih.gov/28976928/,2017-01-01,active,pending_review,unverified,"{""identifier_kind"": ""pmid"", ""identifier"": ""28976928"", ""verification_status"": ""RESOLVED"", ""verified_title"": ""Intended or Unintended Doping? A Review of the Presence of Doping Substances in Dietary Supplements Used in Sports."", ""seeded_from"": ""PPBF research program 2026-08-07""}",{{SEED_ACCOUNT_ID}},platform_owner
src_d89aac1eeff994d3,{{PPBF_ORG_ID}},World Anti-Doping Agency. Strict Liability in Anti-Doping (Questions & Answers).,,governing_body,1,https://www.wada-ama.org/en/questions-answers/strict-liability-in-anti-doping,,active,pending_review,unverified,"{""identifier_kind"": ""url"", ""identifier"": ""https://www.wada-ama.org/en/questions-answers/strict-liability-in-anti-doping"", ""verification_status"": ""NON_INDEXED_SOURCE"", ""verified_title"": """", ""seeded_from"": ""PPBF research program 2026-08-07""}",{{SEED_ACCOUNT_ID}},platform_owner
src_f825c366f0831591,{{PPBF_ORG_ID}},US Anti-Doping Agency. Supplement Risk and NSF Certified for Sport; Third-Party Testing Guidance; Athlete Advisory: Always Verify Third-Party Certified Logos.,,other,4,https://www.usada.org/dietary-supplements/supplement-risk-nsf-certified-for-sport/,,active,pending_review,unverified,"{""identifier_kind"": ""url"", ""identifier"": ""https://www.usada.org/dietary-supplements/supplement-risk-nsf-certified-for-sport/"", ""verification_status"": ""NON_INDEXED_SOURCE"", ""verified_title"": """", ""seeded_from"": ""PPBF research program 2026-08-07""}",{{SEED_ACCOUNT_ID}},platform_owner
src_434b2468ad13b25a,{{PPBF_ORG_ID}},Doping in combat sports: a systematic review.,The Physician and sportsmedicine,peer_reviewed,2,https://pubmed.ncbi.nlm.nih.gov/39754586/,2025-01-01,active,pending_review,unverified,"{""identifier_kind"": ""pmid"", ""identifier"": ""39754586"", ""verification_status"": ""RESOLVED"", ""verified_title"": ""Doping in combat sports: a systematic review."", ""seeded_from"": ""PPBF research program 2026-08-07""}",{{SEED_ACCOUNT_ID}},platform_owner
src_5e54ca6b3b0cfbdc,{{PPBF_ORG_ID}},Viroids: molecular infectious agents.,Acta virologica,peer_reviewed,2,https://pubmed.ncbi.nlm.nih.gov/2449812/,1987-01-01,active,pending_review,unverified,"{""identifier_kind"": ""pmid"", ""identifier"": ""2449812"", ""verification_status"": ""RESOLVED"", ""verified_title"": ""Doping in combat sports: a systematic review."", ""seeded_from"": ""PPBF research program 2026-08-07""}",{{SEED_ACCOUNT_ID}},platform_owner
src_967c69abed931f1c,{{PPBF_ORG_ID}},USA Boxing National Rule Book (editions revised 1 January 2024 and 1 January 2025).,,governing_body,1,https://usaboxing.webpoint.us/,,active,pending_review,unverified,"{""identifier_kind"": ""url"", ""identifier"": ""https://usaboxing.webpoint.us/"", ""verification_status"": ""NON_INDEXED_SOURCE"", ""verified_title"": """", ""seeded_from"": ""PPBF research program 2026-08-07""}",{{SEED_ACCOUNT_ID}},platform_owner
src_8783f9786fd9d1c4,{{PPBF_ORG_ID}},"World Boxing Competition Rules, in force November 2024.",,governing_body,1,https://worldboxing.org/,,active,pending_review,unverified,"{""identifier_kind"": ""url"", ""identifier"": ""https://worldboxing.org/"", ""verification_status"": ""NON_INDEXED_SOURCE"", ""verified_title"": """", ""seeded_from"": ""PPBF research program 2026-08-07""}",{{SEED_ACCOUNT_ID}},platform_owner
src_82e9ab923763f249,{{PPBF_ORG_ID}},"British Boxing Board of Control, The Rules of Boxing (3.2.2); 58 Pa. Code s.21.4 Conduct of contests; Fla. Admin. Code Ann. R. 61K1-4.016.",,governing_body,1,https://www.law.cornell.edu/regulations/pennsylvania/58-Pa-Code-SS-21-4,,active,pending_review,unverified,"{""identifier_kind"": ""url"", ""identifier"": ""https://www.law.cornell.edu/regulations/pennsylvania/58-Pa-Code-SS-21-4"", ""verification_status"": ""NON_INDEXED_SOURCE"", ""verified_title"": """", ""seeded_from"": ""PPBF research program 2026-08-07""}",{{SEED_ACCOUNT_ID}},platform_owner
src_082959ec4c65cf79,{{PPBF_ORG_ID}},"World Boxing Council, The WBC weighing in with Champ weight management program; corroborated by ESPN reporting of the WBC announcement.",,governing_body,1,https://wbcboxing.com/en/the-wbc-weighing-in-with-champ-weight-management-program/,,active,pending_review,unverified,"{""identifier_kind"": ""url"", ""identifier"": ""https://wbcboxing.com/en/the-wbc-weighing-in-with-champ-weight-management-program/"", ""verification_status"": ""NON_INDEXED_SOURCE"", ""verified_title"": """", ""seeded_from"": ""PPBF research program 2026-08-07""}",{{SEED_ACCOUNT_ID}},platform_owner
src_b9547877534ee61f,{{PPBF_ORG_ID}},Patterns of weight cycling in youth Olympic combat sports: a systematic review.,Journal of eating disorders,peer_reviewed,2,https://pubmed.ncbi.nlm.nih.gov/35614520/,2022-01-01,active,pending_review,unverified,"{""identifier_kind"": ""pmid"", ""identifier"": ""35614520"", ""verification_status"": ""RESOLVED"", ""verified_title"": ""Patterns of weight cycling in youth Olympic combat sports: a systematic review."", ""seeded_from"": ""PPBF research program 2026-08-07""}",{{SEED_ACCOUNT_ID}},platform_owner
src_f36f4a579dad2712,{{PPBF_ORG_ID}},Rapid weight loss and the body fluid balance and hemoglobin mass of elite amateur boxers.,Journal of athletic training,peer_reviewed,3,https://pubmed.ncbi.nlm.nih.gov/23672332/,2013-01-01,active,pending_review,unverified,"{""identifier_kind"": ""pmid"", ""identifier"": ""23672332"", ""verification_status"": ""RESOLVED"", ""verified_title"": ""Rapid weight loss and the body fluid balance and hemoglobin mass of elite amateur boxers."", ""seeded_from"": ""PPBF research program 2026-08-07""}",{{SEED_ACCOUNT_ID}},platform_owner
src_61f0818992d2404c,{{PPBF_ORG_ID}},Weight Regain: No Link to Success in a Real-Life Multiday Boxing Tournament.,International journal of sports physiology and performance,other,4,https://pubmed.ncbi.nlm.nih.gov/27834565/,2017-01-01,active,pending_review,unverified,"{""identifier_kind"": ""pmid"", ""identifier"": ""27834565"", ""verification_status"": ""RESOLVED"", ""verified_title"": ""Weight Regain: No Link to Success in a Real-Life Multiday Boxing Tournament."", ""seeded_from"": ""PPBF research program 2026-08-07""}",{{SEED_ACCOUNT_ID}},platform_owner
src_5c6fe7cddf1e00f7,{{PPBF_ORG_ID}},"Hyperthermia and dehydration-related deaths associated with intentional rapid weight loss in three collegiate wrestlers--North Carolina, Wisconsin, and Michigan, November-December 1997.",MMWR. Morbidity and mortality weekly report,other,4,https://pubmed.ncbi.nlm.nih.gov/9480411/,1998-01-01,active,pending_review,unverified,"{""identifier_kind"": ""pmid"", ""identifier"": ""9480411"", ""verification_status"": ""RESOLVED"", ""verified_title"": ""Hyperthermia and dehydration-related deaths associated with intentional rapid weight loss in three collegiate wrestlers--North Carolina, Wisconsin, and Michigan, November-December 1997."", ""seeded_from"": ""PPBF research program 2026-08-07""}",{{SEED_ACCOUNT_ID}},platform_owner
src_55c7d2ce4895507d,{{PPBF_ORG_ID}},"From the Centers for Disease Control and Prevention. Hyperthermia and dehydration-related deaths associated with intentional rapid weight loss in three collegiate wrestlers--North Carolina, Wisconsin, and Michigan, November-December 1997.",JAMA,other,4,https://pubmed.ncbi.nlm.nih.gov/9515985/,1998-01-01,active,pending_review,unverified,"{""identifier_kind"": ""pmid"", ""identifier"": ""9515985"", ""verification_status"": ""RESOLVED"", ""verified_title"": ""Hyperthermia and dehydration-related deaths associated with intentional rapid weight loss in three collegiate wrestlers--North Carolina, Wisconsin, and Michigan, November-December 1997."", ""seeded_from"": ""PPBF research program 2026-08-07""}",{{SEED_ACCOUNT_ID}},platform_owner
src_e93158081862d14e,{{PPBF_ORG_ID}},Rapid weight loss can increase the risk of acute kidney injury in wrestlers.,BMJ open sport & exercise medicine,peer_reviewed,3,https://pubmed.ncbi.nlm.nih.gov/37397266/,2023-01-01,active,pending_review,unverified,"{""identifier_kind"": ""pmid"", ""identifier"": ""37397266"", ""verification_status"": ""RESOLVED"", ""verified_title"": ""Rapid weight loss can increase the risk of acute kidney injury in wrestlers."", ""seeded_from"": ""PPBF research program 2026-08-07""}",{{SEED_ACCOUNT_ID}},platform_owner
src_e6b09ee4bedf7581,{{PPBF_ORG_ID}},Effects of Rapid Weight Loss on Balance and Reaction Time in Elite Judo Athletes.,International journal of sports physiology and performance,other,4,https://pubmed.ncbi.nlm.nih.gov/29809054/,2018-01-01,active,pending_review,unverified,"{""identifier_kind"": ""pmid"", ""identifier"": ""29809054"", ""verification_status"": ""RESOLVED"", ""verified_title"": ""Effects of Rapid Weight Loss on Balance and Reaction Time in Elite Judo Athletes."", ""seeded_from"": ""PPBF research program 2026-08-07""}",{{SEED_ACCOUNT_ID}},platform_owner
src_5901b045b175f9dc,{{PPBF_ORG_ID}},Effect of Rapid Weight Loss on Hydration Status and Performance in Elite Judo Athletes.,Biology,other,4,https://pubmed.ncbi.nlm.nih.gov/35453700/,2022-01-01,active,pending_review,unverified,"{""identifier_kind"": ""pmid"", ""identifier"": ""35453700"", ""verification_status"": ""RESOLVED"", ""verified_title"": ""Effects of Rapid Weight Loss on Balance and Reaction Time in Elite Judo Athletes."", ""seeded_from"": ""PPBF research program 2026-08-07""}",{{SEED_ACCOUNT_ID}},platform_owner
src_fae33481da85f347,{{PPBF_ORG_ID}},Rapid Weight Loss of Up to Five Percent of the Body Mass in Less Than 7 Days Does Not Affect Physical Performance in Official Olympic Combat Athletes With Weight Classes: A Systematic Review With Meta-Analysis.,Frontiers in physiology,peer_reviewed,2,https://pubmed.ncbi.nlm.nih.gov/35492609/,2022-01-01,active,pending_review,unverified,"{""identifier_kind"": ""pmid"", ""identifier"": ""35492609"", ""verification_status"": ""RESOLVED"", ""verified_title"": ""Rapid Weight Loss of Up to Five Percent of the Body Mass in Less Than 7 Days Does Not Affect Physical Performance in Official Olympic Combat Athletes With Weight Classes: A Systematic Review With Meta-Analysis."", ""seeded_from"": ""PPBF research program 2026-08-07""}",{{SEED_ACCOUNT_ID}},platform_owner
src_729c6bd977fac3ff,{{PPBF_ORG_ID}},Effects of Different Rapid Weight Loss Strategies and Percentages on Performance-Related Parameters in Combat Sports: An Updated Systematic Review.,International journal of environmental research and public health,peer_reviewed,2,https://pubmed.ncbi.nlm.nih.gov/36982067/,2023-01-01,active,pending_review,unverified,"{""identifier_kind"": ""pmid"", ""identifier"": ""36982067"", ""verification_status"": ""RESOLVED"", ""verified_title"": ""Rapid Weight Loss of Up to Five Percent of the Body Mass in Less Than 7 Days Does Not Affect Physical Performance in Official Olympic Combat Athletes With Weight Classes: A Systematic Review With Meta-Analysis."", ""seeded_from"": ""PPBF research program 2026-08-07""}",{{SEED_ACCOUNT_ID}},platform_owner
src_f13557ee31ae6bc7,{{PPBF_ORG_ID}},"NCAA Wrestling Weight Management Program Packets (men's and women's, 2023-24 through 2025-26 editions).",,governing_body,1,https://ncaaorg.s3.amazonaws.com/championships/sports/wrestling/rules/mens/2025-256RMWR_WeightManagementProgramPacket.pdf,,active,pending_review,unverified,"{""identifier_kind"": ""url"", ""identifier"": ""https://ncaaorg.s3.amazonaws.com/championships/sports/wrestling/rules/mens/2025-256RMWR_WeightManagementProgramPacket.pdf"", ""verification_status"": ""NON_INDEXED_SOURCE"", ""verified_title"": """", ""seeded_from"": ""PPBF research program 2026-08-07""}",{{SEED_ACCOUNT_ID}},platform_owner
src_cba09705a2f16d0d,{{PPBF_ORG_ID}},National Athletic Trainers' Association position statement: safe weight loss and maintenance practices in sport and exercise.,Journal of athletic training,other,4,https://pubmed.ncbi.nlm.nih.gov/21669104/,2011-01-01,active,pending_review,unverified,"{""identifier_kind"": ""pmid"", ""identifier"": ""21669104"", ""verification_status"": ""RESOLVED"", ""verified_title"": ""National Athletic Trainers' Association position statement: safe weight loss and maintenance practices in sport and exercise."", ""seeded_from"": ""PPBF research program 2026-08-07""}",{{SEED_ACCOUNT_ID}},platform_owner
src_65e2511c755a594e,{{PPBF_ORG_ID}},Promotion of healthy weight-control practices in young athletes.,Pediatrics,other,4,https://pubmed.ncbi.nlm.nih.gov/16322186/,2005-01-01,active,pending_review,unverified,"{""identifier_kind"": ""pmid"", ""identifier"": ""16322186"", ""verification_status"": ""RESOLVED"", ""verified_title"": ""Promotion of healthy weight-control practices in young athletes."", ""seeded_from"": ""PPBF research program 2026-08-07""}",{{SEED_ACCOUNT_ID}},platform_owner
src_6dd70cf8a54ca4c8,{{PPBF_ORG_ID}},Promotion of Healthy Weight-Control Practices in Young Athletes.,Pediatrics,other,4,https://pubmed.ncbi.nlm.nih.gov/28827381/,2017-01-01,active,pending_review,unverified,"{""identifier_kind"": ""pmid"", ""identifier"": ""28827381"", ""verification_status"": ""RESOLVED"", ""verified_title"": ""Promotion of healthy weight-control practices in young athletes."", ""seeded_from"": ""PPBF research program 2026-08-07""}",{{SEED_ACCOUNT_ID}},platform_owner
src_00ca4b7bd265e287,{{PPBF_ORG_ID}},International society of sports nutrition position stand: nutrition and weight cut strategies for mixed martial arts and other combat sports.,Journal of the International Society of Sports Nutrition,clinical_guideline,1,https://pubmed.ncbi.nlm.nih.gov/40059405/,2025-01-01,active,pending_review,unverified,"{""identifier_kind"": ""pmid"", ""identifier"": ""40059405"", ""verification_status"": ""RESOLVED"", ""verified_title"": ""International society of sports nutrition position stand: nutrition and weight cut strategies for mixed martial arts and other combat sports."", ""seeded_from"": ""PPBF research program 2026-08-07""}",{{SEED_ACCOUNT_ID}},platform_owner
src_23cf7af6feaead81,{{PPBF_ORG_ID}},An alternative structured weight management protocol to rapid weight loss in mixed martial arts: a prospective interventional study of pre-competition weight management strategies in professional athletes.,Frontiers in nutrition,peer_reviewed,3,https://pubmed.ncbi.nlm.nih.gov/41132567/,2025-01-01,active,pending_review,unverified,"{""identifier_kind"": ""pmid"", ""identifier"": ""41132567"", ""verification_status"": ""RESOLVED"", ""verified_title"": ""An alternative structured weight management protocol to rapid weight loss in mixed martial arts: a prospective interventional study of pre-competition weight management strategies in professional athletes."", ""seeded_from"": ""PPBF research program 2026-08-07""}",{{SEED_ACCOUNT_ID}},platform_owner
src_62cbc814c6c7767e,{{PPBF_ORG_ID}},[Terson syndrome. Complicated clinical course].,Der Ophthalmologe : Zeitschrift der Deutschen Ophthalmologischen Gesellschaft,peer_reviewed,3,https://pubmed.ncbi.nlm.nih.gov/1581698/,1992-01-01,active,pending_review,unverified,"{""identifier_kind"": ""pmid"", ""identifier"": ""1581698"", ""verification_status"": ""RESOLVED"", ""verified_title"": ""An alternative structured weight management protocol to rapid weight loss in mixed martial arts: a prospective interventional study of pre-competition weight management strategies in professional athletes."", ""seeded_from"": ""PPBF research program 2026-08-07""}",{{SEED_ACCOUNT_ID}},platform_owner
src_0382832b6a67a9bf,{{PPBF_ORG_ID}},"2014 Female Athlete Triad Coalition Consensus Statement on Treatment and Return to Play of the Female Athlete Triad: 1st International Conference held in San Francisco, California, May 2012 and 2nd International Conference held in Indianapolis, Indiana, May 2013.",British journal of sports medicine,clinical_guideline,1,https://pubmed.ncbi.nlm.nih.gov/24463911/,2014-01-01,active,pending_review,unverified,"{""identifier_kind"": ""pmid"", ""identifier"": ""24463911"", ""verification_status"": ""RESOLVED"", ""verified_title"": ""2014 Female Athlete Triad Coalition Consensus Statement on Treatment and Return to Play of the Female Athlete Triad: 1st International Conference held in San Francisco, California, May 2012 and 2nd International Conference held in Indianapolis, Indiana, May 2013."", ""seeded_from"": ""PPBF research program 2026-08-07""}",{{SEED_ACCOUNT_ID}},platform_owner
src_75dd08ee2ba5f360,{{PPBF_ORG_ID}},"The Male Athlete Triad-A Consensus Statement From the Female and Male Athlete Triad Coalition Part II: Diagnosis, Treatment, and Return-To-Play.",Clinical journal of sport medicine : official journal of the Canadian Academy of Sport Medicine,clinical_guideline,1,https://pubmed.ncbi.nlm.nih.gov/34091538/,2021-01-01,active,pending_review,unverified,"{""identifier_kind"": ""pmid"", ""identifier"": ""34091538"", ""verification_status"": ""RESOLVED"", ""verified_title"": ""2014 Female Athlete Triad Coalition Consensus Statement on Treatment and Return to Play of the Female Athlete Triad: 1st International Conference held in San Francisco, California, May 2012 and 2nd International Conference held in Indianapolis, Indiana, May 2013."", ""seeded_from"": ""PPBF research program 2026-08-07""}",{{SEED_ACCOUNT_ID}},platform_owner
src_38365b816b9b90b3,{{PPBF_ORG_ID}},International society of sports nutrition position stand: nutritional concerns of the female athlete.,Journal of the International Society of Sports Nutrition,clinical_guideline,1,https://pubmed.ncbi.nlm.nih.gov/37221858/,2023-01-01,active,pending_review,unverified,"{""identifier_kind"": ""pmid"", ""identifier"": ""37221858"", ""verification_status"": ""RESOLVED"", ""verified_title"": ""International society of sports nutrition position stand: nutritional concerns of the female athlete."", ""seeded_from"": ""PPBF research program 2026-08-07""}",{{SEED_ACCOUNT_ID}},platform_owner
src_0185518d337b2fda,{{PPBF_ORG_ID}},Purification to homogeneity and partial characterization of cytotoxic lymphocyte maturation factor from human B-lymphoblastoid cells.,Proceedings of the National Academy of Sciences of the United States of America,clinical_guideline,1,https://pubmed.ncbi.nlm.nih.gov/2204066/,1990-01-01,active,pending_review,unverified,"{""identifier_kind"": ""pmid"", ""identifier"": ""2204066"", ""verification_status"": ""RESOLVED"", ""verified_title"": ""International society of sports nutrition position stand: nutritional concerns of the female athlete."", ""seeded_from"": ""PPBF research program 2026-08-07""}",{{SEED_ACCOUNT_ID}},platform_owner
src_f604a11d5429e57e,{{PPBF_ORG_ID}},Amenorrhoea in adolescent female athletes.,The Lancet. Child & adolescent health,clinical_guideline,1,https://pubmed.ncbi.nlm.nih.gov/30119761/,2018-01-01,active,pending_review,unverified,"{""identifier_kind"": ""pmid"", ""identifier"": ""30119761"", ""verification_status"": ""RESOLVED"", ""verified_title"": ""Amenorrhoea in adolescent female athletes."", ""seeded_from"": ""PPBF research program 2026-08-07""}",{{SEED_ACCOUNT_ID}},platform_owner
src_68e6e410bfde1ec4,{{PPBF_ORG_ID}},"Nutrition for Special Populations: Young, Female, and Masters Athletes.",International journal of sport nutrition and exercise metabolism,peer_reviewed,3,https://pubmed.ncbi.nlm.nih.gov/30632423/,2019-01-01,active,pending_review,unverified,"{""identifier_kind"": ""pmid"", ""identifier"": ""30632423"", ""verification_status"": ""RESOLVED"", ""verified_title"": ""Nutrition for Special Populations: Young, Female, and Masters Athletes."", ""seeded_from"": ""PPBF research program 2026-08-07""}",{{SEED_ACCOUNT_ID}},platform_owner
src_a6e1be64893424bc,{{PPBF_ORG_ID}},Policy statement—Climatic heat stress and exercising children and adolescents.,Pediatrics,clinical_guideline,1,https://pubmed.ncbi.nlm.nih.gov/21824876/,2011-01-01,active,pending_review,unverified,"{""identifier_kind"": ""pmid"", ""identifier"": ""21824876"", ""verification_status"": ""RESOLVED"", ""verified_title"": ""Policy statement—Climatic heat stress and exercising children and adolescents."", ""seeded_from"": ""PPBF research program 2026-08-07""}",{{SEED_ACCOUNT_ID}},platform_owner
src_722eb6c15b6e815b,{{PPBF_ORG_ID}},"Best practice recommendations for body composition considerations in sport to reduce health and performance risks: a critical review, original survey and expert opinion by a subgroup of the IOC consensus on Relative Energy Deficiency in Sport (REDs).",British journal of sports medicine,clinical_guideline,1,https://pubmed.ncbi.nlm.nih.gov/37752006/,2023-01-01,active,pending_review,unverified,"{""identifier_kind"": ""pmid"", ""identifier"": ""37752006"", ""verification_status"": ""RESOLVED"", ""verified_title"": ""Best practice recommendations for body composition considerations in sport to reduce health and performance risks: a critical review, original survey and expert opinion by a subgroup of the IOC consensus on Relative Energy Deficiency in Sport (REDs)."", ""seeded_from"": ""PPBF research program 2026-08-07""}",{{SEED_ACCOUNT_ID}},platform_owner
src_a7c5c9d0195d66f3,{{PPBF_ORG_ID}},Same-Day Vs Consecutive-Day Precision Error of Dual-Energy X-Ray Absorptiometry for Interpreting Body Composition Change in Resistance-Trained Athletes.,Journal of clinical densitometry : the official journal of the International Society for Clinical Densitometry,other,4,https://pubmed.ncbi.nlm.nih.gov/30454952/,2019-01-01,active,pending_review,unverified,"{""identifier_kind"": ""pmid"", ""identifier"": ""30454952"", ""verification_status"": ""RESOLVED"", ""verified_title"": ""Same-Day Vs Consecutive-Day Precision Error of Dual-Energy X-Ray Absorptiometry for Interpreting Body Composition Change in Resistance-Trained Athletes."", ""seeded_from"": ""PPBF research program 2026-08-07""}",{{SEED_ACCOUNT_ID}},platform_owner
src_5fc10996c90c42a5,{{PPBF_ORG_ID}},Bioelectrical impedance vector analysis (BIVA) in sport and exercise: Systematic review and future perspectives.,PloS one,peer_reviewed,2,https://pubmed.ncbi.nlm.nih.gov/29879146/,2018-01-01,active,pending_review,unverified,"{""identifier_kind"": ""pmid"", ""identifier"": ""29879146"", ""verification_status"": ""RESOLVED"", ""verified_title"": ""Bioelectrical impedance vector analysis (BIVA) in sport and exercise: Systematic review and future perspectives."", ""seeded_from"": ""PPBF research program 2026-08-07""}",{{SEED_ACCOUNT_ID}},platform_owner
src_71c2be45f4fb0d2b,{{PPBF_ORG_ID}},The Effect of Gut-Training and Feeding-Challenge on Markers of Gastrointestinal Status in Response to Endurance Exercise: A Systematic Literature Review.,"Sports medicine (Auckland, N.Z.)",peer_reviewed,2,https://pubmed.ncbi.nlm.nih.gov/37061651/,2023-01-01,active,pending_review,unverified,"{""identifier_kind"": ""pmid"", ""identifier"": ""37061651"", ""verification_status"": ""RESOLVED"", ""verified_title"": ""The Effect of Gut-Training and Feeding-Challenge on Markers of Gastrointestinal Status in Response to Endurance Exercise: A Systematic Literature Review."", ""seeded_from"": ""PPBF research program 2026-08-07""}",{{SEED_ACCOUNT_ID}},platform_owner
src_09b48a4d63032f4e,{{PPBF_ORG_ID}},Effects of Probiotics Supplementation on Gastrointestinal Symptoms in Athletes: A Systematic Review of Randomized Controlled Trials.,Nutrients,peer_reviewed,2,https://pubmed.ncbi.nlm.nih.gov/35807826/,2022-01-01,active,pending_review,unverified,"{""identifier_kind"": ""pmid"", ""identifier"": ""35807826"", ""verification_status"": ""RESOLVED"", ""verified_title"": ""Effects of Probiotics Supplementation on Gastrointestinal Symptoms in Athletes: A Systematic Review of Randomized Controlled Trials."", ""seeded_from"": ""PPBF research program 2026-08-07""}",{{SEED_ACCOUNT_ID}},platform_owner
src_b70673e283f636b5,{{PPBF_ORG_ID}},Restoration of Muscle Glycogen and Functional Capacity: Role of Post-Exercise Carbohydrate and Protein Co-Ingestion.,Nutrients,peer_reviewed,2,https://pubmed.ncbi.nlm.nih.gov/29473893/,2018-01-01,active,pending_review,unverified,"{""identifier_kind"": ""pmid"", ""identifier"": ""29473893"", ""verification_status"": ""RESOLVED"", ""verified_title"": ""Restoration of Muscle Glycogen and Functional Capacity: Role of Post-Exercise Carbohydrate and Protein Co-Ingestion."", ""seeded_from"": ""PPBF research program 2026-08-07""}",{{SEED_ACCOUNT_ID}},platform_owner
src_4e53c7586cfe5ce9,{{PPBF_ORG_ID}},The Effect of Consuming Carbohydrate With and Without Protein on the Rate of Muscle Glycogen Re-synthesis During Short-Term Post-exercise Recovery: a Systematic Review and Meta-analysis.,Sports medicine - open,peer_reviewed,2,https://pubmed.ncbi.nlm.nih.gov/33507402/,2021-01-01,active,pending_review,unverified,"{""identifier_kind"": ""pmid"", ""identifier"": ""33507402"", ""verification_status"": ""RESOLVED"", ""verified_title"": ""Restoration of Muscle Glycogen and Functional Capacity: Role of Post-Exercise Carbohydrate and Protein Co-Ingestion."", ""seeded_from"": ""PPBF research program 2026-08-07""}",{{SEED_ACCOUNT_ID}},platform_owner
src_2b53c32ddcf9bf73,{{PPBF_ORG_ID}},Prevalence of and Contributors to Food Insecurity among College Athletes: A Scoping Review.,Nutrients,peer_reviewed,3,https://pubmed.ncbi.nlm.nih.gov/38732593/,2024-01-01,active,pending_review,unverified,"{""identifier_kind"": ""pmid"", ""identifier"": ""38732593"", ""verification_status"": ""RESOLVED"", ""verified_title"": ""Prevalence of and Contributors to Food Insecurity among College Athletes: A Scoping Review."", ""seeded_from"": ""PPBF research program 2026-08-07""}",{{SEED_ACCOUNT_ID}},platform_owner
src_4bfde3bd2c235525,{{PPBF_ORG_ID}},American College of Sports Medicine Joint Position Statement. Nutrition and Athletic Performance.,Medicine and science in sports and exercise,clinical_guideline,1,https://pubmed.ncbi.nlm.nih.gov/26891166/,2016-01-01,active,pending_review,unverified,"{""identifier_kind"": ""pmid"", ""identifier"": ""26891166"", ""verification_status"": ""RESOLVED"", ""verified_title"": ""American College of Sports Medicine Joint Position Statement. Nutrition and Athletic Performance."", ""seeded_from"": ""PPBF research program 2026-08-07""}",{{SEED_ACCOUNT_ID}},platform_owner
src_ad951938a95719ec,{{PPBF_ORG_ID}},"Position of the Academy of Nutrition and Dietetics, Dietitians of Canada, and the American College of Sports Medicine: Nutrition and Athletic Performance.",Journal of the Academy of Nutrition and Dietetics,clinical_guideline,1,https://pubmed.ncbi.nlm.nih.gov/26920240/,2016-01-01,active,pending_review,unverified,"{""identifier_kind"": ""pmid"", ""identifier"": ""26920240"", ""verification_status"": ""RESOLVED"", ""verified_title"": ""American College of Sports Medicine Joint Position Statement. Nutrition and Athletic Performance."", ""seeded_from"": ""PPBF research program 2026-08-07""}",{{SEED_ACCOUNT_ID}},platform_owner
src_3fb210b9b2b8f6be,{{PPBF_ORG_ID}},International Association of Athletics Federations Consensus Statement 2019: Nutrition for Athletics.,International journal of sport nutrition and exercise metabolism,clinical_guideline,1,https://pubmed.ncbi.nlm.nih.gov/30952204/,2019-01-01,active,pending_review,unverified,"{""identifier_kind"": ""pmid"", ""identifier"": ""30952204"", ""verification_status"": ""RESOLVED"", ""verified_title"": ""International Association of Athletics Federations Consensus Statement 2019: Nutrition for Athletics."", ""seeded_from"": ""PPBF research program 2026-08-07""}",{{SEED_ACCOUNT_ID}},platform_owner
src_8a34135bab66235d,{{PPBF_ORG_ID}},Weight Management Practices of Australian Olympic Combat Sport Athletes.,International journal of sports physiology and performance,peer_reviewed,3,https://pubmed.ncbi.nlm.nih.gov/28872383/,2018-01-01,active,pending_review,unverified,"{""identifier_kind"": ""pmid"", ""identifier"": ""28872383"", ""verification_status"": ""RESOLVED"", ""verified_title"": ""Weight Management Practices of Australian Olympic Combat Sport Athletes."", ""seeded_from"": ""PPBF research program 2026-08-07""}",{{SEED_ACCOUNT_ID}},platform_owner
src_7bd39277840d677c,{{PPBF_ORG_ID}},Acute-Weight-Loss Strategies for Combat Sports and Applications to Olympic Success.,International journal of sports physiology and performance,peer_reviewed,3,https://pubmed.ncbi.nlm.nih.gov/27347784/,2017-01-01,active,pending_review,unverified,"{""identifier_kind"": ""pmid"", ""identifier"": ""27347784"", ""verification_status"": ""RESOLVED"", ""verified_title"": ""Acute-Weight-Loss Strategies for Combat Sports and Applications to Olympic Success."", ""seeded_from"": ""PPBF research program 2026-08-07""}",{{SEED_ACCOUNT_ID}},platform_owner
src_cd5fa0b0378b3df8,{{PPBF_ORG_ID}},"Individualised dietary strategies for Olympic combat sports: Acute weight loss, recovery and competition nutrition.",European journal of sport science,peer_reviewed,3,https://pubmed.ncbi.nlm.nih.gov/28316263/,2017-01-01,active,pending_review,unverified,"{""identifier_kind"": ""pmid"", ""identifier"": ""28316263"", ""verification_status"": ""RESOLVED"", ""verified_title"": ""Acute-Weight-Loss Strategies for Combat Sports and Applications to Olympic Success."", ""seeded_from"": ""PPBF research program 2026-08-07""}",{{SEED_ACCOUNT_ID}},platform_owner
src_c43dcd322b570df3,{{PPBF_ORG_ID}},[Adaptation to anthropogenic chemical compounds in human applied ecology].,Aviakosmicheskaia i ekologicheskaia meditsina = Aerospace and environmental medicine,peer_reviewed,3,https://pubmed.ncbi.nlm.nih.gov/1297489/,1992-01-01,active,pending_review,unverified,"{""identifier_kind"": ""pmid"", ""identifier"": ""1297489"", ""verification_status"": ""RESOLVED"", ""verified_title"": ""Acute-Weight-Loss Strategies for Combat Sports and Applications to Olympic Success."", ""seeded_from"": ""PPBF research program 2026-08-07""}",{{SEED_ACCOUNT_ID}},platform_owner
src_5a236c1a6a6dc22d,{{PPBF_ORG_ID}},Rapid body mass loss affects erythropoiesis and hemolysis but does not impair aerobic performance in combat athletes.,Scandinavian journal of medicine & science in sports,peer_reviewed,3,https://pubmed.ncbi.nlm.nih.gov/25916419/,2016-01-01,active,pending_review,unverified,"{""identifier_kind"": ""pmid"", ""identifier"": ""25916419"", ""verification_status"": ""RESOLVED"", ""verified_title"": ""Rapid body mass loss affects erythropoiesis and hemolysis but does not impair aerobic performance in combat athletes."", ""seeded_from"": ""PPBF research program 2026-08-07""}",{{SEED_ACCOUNT_ID}},platform_owner
src_067d9cf271a945d2,{{PPBF_ORG_ID}},Effects of Rapid Weight Loss in Male and Female Wrestlers.,Journal of strength and conditioning research,peer_reviewed,3,https://pubmed.ncbi.nlm.nih.gov/40266645/,2025-01-01,active,pending_review,unverified,"{""identifier_kind"": ""pmid"", ""identifier"": ""40266645"", ""verification_status"": ""RESOLVED"", ""verified_title"": ""Effects of Rapid Weight Loss in Male and Female Wrestlers."", ""seeded_from"": ""PPBF research program 2026-08-07""}",{{SEED_ACCOUNT_ID}},platform_owner
src_ab56f5acf4dcf009,{{PPBF_ORG_ID}},"Mental health, eating disorder risk, and disordered eating patterns among Lebanese National Taekwondo Players: A cross-sectional study.",PloS one,peer_reviewed,3,https://pubmed.ncbi.nlm.nih.gov/41052051/,2025-01-01,active,pending_review,unverified,"{""identifier_kind"": ""pmid"", ""identifier"": ""41052051"", ""verification_status"": ""RESOLVED"", ""verified_title"": ""Mental health, eating disorder risk, and disordered eating patterns among Lebanese National Taekwondo Players: A cross-sectional study."", ""seeded_from"": ""PPBF research program 2026-08-07""}",{{SEED_ACCOUNT_ID}},platform_owner
src_26c680b3c912ff41,{{PPBF_ORG_ID}},Hungry runners - low energy availability in male endurance athletes and its impact on performance and testosterone: mini-review.,European journal of translational myology,peer_reviewed,3,https://pubmed.ncbi.nlm.nih.gov/37052052/,2023-01-01,active,pending_review,unverified,"{""identifier_kind"": ""pmid"", ""identifier"": ""37052052"", ""verification_status"": ""RESOLVED"", ""verified_title"": ""Hungry runners - low energy availability in male endurance athletes and its impact on performance and testosterone: mini-review."", ""seeded_from"": ""PPBF research program 2026-08-07""}",{{SEED_ACCOUNT_ID}},platform_owner
src_9119d6fa3e388eff,{{PPBF_ORG_ID}},"Low Energy Availability in Athletes 2020: An Updated Narrative Review of Prevalence, Risk, Within-Day Energy Balance, Knowledge, and Impact on Sports Performance.",Nutrients,peer_reviewed,4,https://pubmed.ncbi.nlm.nih.gov/32245088/,2020-01-01,active,pending_review,unverified,"{""identifier_kind"": ""pmid"", ""identifier"": ""32245088"", ""verification_status"": ""RESOLVED"", ""verified_title"": ""Low Energy Availability in Athletes 2020: An Updated Narrative Review of Prevalence, Risk, Within-Day Energy Balance, Knowledge, and Impact on Sports Performance."", ""seeded_from"": ""PPBF research program 2026-08-07""}",{{SEED_ACCOUNT_ID}},platform_owner
src_01555200f22b350d,{{PPBF_ORG_ID}},Notational Analysis of the Final Matches of the 2023 IBA Women's World Boxing Championships.,Journal of functional morphology and kinesiology,peer_reviewed,3,https://pubmed.ncbi.nlm.nih.gov/40981049/,2025-01-01,active,pending_review,unverified,"{""identifier_kind"": ""pmid"", ""identifier"": ""40981049"", ""verification_status"": ""RESOLVED"", ""verified_title"": ""Notational Analysis of the Final Matches of the 2023 IBA Women's World Boxing Championships."", ""seeded_from"": ""PPBF research program 2026-08-07""}",{{SEED_ACCOUNT_ID}},platform_owner
src_193a94c4c86b2eef,{{PPBF_ORG_ID}},Time-Motion Analysis of the 2023 Women's World Boxing Championships Finals.,"Sports (Basel, Switzerland)",peer_reviewed,3,https://pubmed.ncbi.nlm.nih.gov/40559699/,2025-01-01,active,pending_review,unverified,"{""identifier_kind"": ""pmid"", ""identifier"": ""40559699"", ""verification_status"": ""RESOLVED"", ""verified_title"": ""Time-Motion Analysis of the 2023 Women's World Boxing Championships Finals."", ""seeded_from"": ""PPBF research program 2026-08-07""}",{{SEED_ACCOUNT_ID}},platform_owner
src_e47eddbd5e4bfc2a,{{PPBF_ORG_ID}},An active machine learning framework for automatic boxing punch recognition and classification using upper limb kinematics.,PloS one,peer_reviewed,3,https://pubmed.ncbi.nlm.nih.gov/40338954/,2025-01-01,active,pending_review,unverified,"{""identifier_kind"": ""pmid"", ""identifier"": ""40338954"", ""verification_status"": ""RESOLVED"", ""verified_title"": ""An active machine learning framework for automatic boxing punch recognition and classification using upper limb kinematics."", ""seeded_from"": ""PPBF research program 2026-08-07""}",{{SEED_ACCOUNT_ID}},platform_owner
src_b001691dfcb1d75e,{{PPBF_ORG_ID}},Integrating psychological profiling with deep learning for enhanced boxing action recognition.,Scientific reports,peer_reviewed,3,https://pubmed.ncbi.nlm.nih.gov/41513933/,2026-01-01,active,pending_review,unverified,"{""identifier_kind"": ""pmid"", ""identifier"": ""41513933"", ""verification_status"": ""RESOLVED"", ""verified_title"": ""Integrating psychological profiling with deep learning for enhanced boxing action recognition."", ""seeded_from"": ""PPBF research program 2026-08-07""}",{{SEED_ACCOUNT_ID}},platform_owner
src_a8629434b65ad4e9,{{PPBF_ORG_ID}},FACTS: Fine-Grained Action Classification for Tactical Sports (2024). arXiv preprint (not peer reviewed).,,peer_reviewed,4,,,active,pending_review,unverified,"{""identifier_kind"": ""noid"", ""identifier"": ""A8-010"", ""verification_status"": ""NON_INDEXED_SOURCE"", ""verified_title"": """", ""seeded_from"": ""PPBF research program 2026-08-07""}",{{SEED_ACCOUNT_ID}},platform_owner
src_a32fe3ca397fbf9a,{{PPBF_ORG_ID}},Are we there yet? A systematic review and meta-analysis of the validity and reliability of automated markerless motion capture systems during jumping tasks.,Journal of sports sciences,peer_reviewed,2,https://pubmed.ncbi.nlm.nih.gov/41293872/,2026-01-01,active,pending_review,unverified,"{""identifier_kind"": ""pmid"", ""identifier"": ""41293872"", ""verification_status"": ""RESOLVED"", ""verified_title"": ""Are we there yet? A systematic review and meta-analysis of the validity and reliability of automated markerless motion capture systems during jumping tasks."", ""seeded_from"": ""PPBF research program 2026-08-07""}",{{SEED_ACCOUNT_ID}},platform_owner
src_1fcbea0f1d340109,{{PPBF_ORG_ID}},Macroglossia causing airway obstruction following cleft palate repair.,Anesthesiology,peer_reviewed,2,https://pubmed.ncbi.nlm.nih.gov/2589689/,1989-01-01,active,pending_review,unverified,"{""identifier_kind"": ""pmid"", ""identifier"": ""2589689"", ""verification_status"": ""RESOLVED"", ""verified_title"": ""Are we there yet? A systematic review and meta-analysis of the validity and reliability of automated markerless motion capture systems during jumping tasks."", ""seeded_from"": ""PPBF research program 2026-08-07""}",{{SEED_ACCOUNT_ID}},platform_owner
src_215077d08d0d96e2,{{PPBF_ORG_ID}},Feasibility of OpenPose markerless motion analysis in a real athletics competition.,Frontiers in sports and active living,peer_reviewed,3,https://pubmed.ncbi.nlm.nih.gov/38250008/,2023-01-01,active,pending_review,unverified,"{""identifier_kind"": ""pmid"", ""identifier"": ""38250008"", ""verification_status"": ""RESOLVED"", ""verified_title"": ""Feasibility of OpenPose markerless motion analysis in a real athletics competition."", ""seeded_from"": ""PPBF research program 2026-08-07""}",{{SEED_ACCOUNT_ID}},platform_owner
src_ff6c95d9a1e19003,{{PPBF_ORG_ID}},[Weight gain during antidepressant therapy].,Psychiatria polska,peer_reviewed,3,https://pubmed.ncbi.nlm.nih.gov/1298003/,1992-01-01,active,pending_review,unverified,"{""identifier_kind"": ""pmid"", ""identifier"": ""1298003"", ""verification_status"": ""RESOLVED"", ""verified_title"": ""Feasibility of OpenPose markerless motion analysis in a real athletics competition."", ""seeded_from"": ""PPBF research program 2026-08-07""}",{{SEED_ACCOUNT_ID}},platform_owner
src_b3ff16180bbf190e,{{PPBF_ORG_ID}},A Comparative Assessment of Accuracy in Video-Based Monocular Human Pose Estimation Frameworks.,IEEE transactions on pattern analysis and machine intelligence,peer_reviewed,3,https://pubmed.ncbi.nlm.nih.gov/41805522/,2026-01-01,active,pending_review,unverified,"{""identifier_kind"": ""pmid"", ""identifier"": ""41805522"", ""verification_status"": ""RESOLVED"", ""verified_title"": ""A Comparative Assessment of Accuracy in Video-Based Monocular Human Pose Estimation Frameworks."", ""seeded_from"": ""PPBF research program 2026-08-07""}",{{SEED_ACCOUNT_ID}},platform_owner
src_d1a3e85af755fe04,{{PPBF_ORG_ID}},[What are the cause and therapy of ear necrosis in swine?].,Tijdschrift voor diergeneeskunde,peer_reviewed,3,https://pubmed.ncbi.nlm.nih.gov/3672463/,1987-01-01,active,pending_review,unverified,"{""identifier_kind"": ""pmid"", ""identifier"": ""3672463"", ""verification_status"": ""RESOLVED"", ""verified_title"": ""A Comparative Assessment of Accuracy in Video-Based Monocular Human Pose Estimation Frameworks."", ""seeded_from"": ""PPBF research program 2026-08-07""}",{{SEED_ACCOUNT_ID}},platform_owner
src_6ddcce8a95d622f4,{{PPBF_ORG_ID}},Exploring the link between acute symptom changes and repetitive head impacts in boxing sparring.,Journal of science and medicine in sport,peer_reviewed,3,https://pubmed.ncbi.nlm.nih.gov/41672855/,2026-01-01,active,pending_review,unverified,"{""identifier_kind"": ""pmid"", ""identifier"": ""41672855"", ""verification_status"": ""RESOLVED"", ""verified_title"": ""Exploring the link between acute symptom changes and repetitive head impacts in boxing sparring."", ""seeded_from"": ""PPBF research program 2026-08-07""}",{{SEED_ACCOUNT_ID}},platform_owner
src_8c9868f6b73aa6d1,{{PPBF_ORG_ID}},Methodological quality checklist for studies based on observational methodology (MQCOM).,Psicothema,peer_reviewed,3,https://pubmed.ncbi.nlm.nih.gov/31634092/,2019-01-01,active,pending_review,unverified,"{""identifier_kind"": ""pmid"", ""identifier"": ""31634092"", ""verification_status"": ""RESOLVED"", ""verified_title"": ""Methodological quality checklist for studies based on observational methodology (MQCOM)."", ""seeded_from"": ""PPBF research program 2026-08-07""}",{{SEED_ACCOUNT_ID}},platform_owner
src_9357de8d05c9239c,{{PPBF_ORG_ID}},"Design, validation, and testing of an observational tool for technical and tactical analysis in the taekwondo competition at the 2016 Olympic games.",Physiology & behavior,peer_reviewed,3,https://pubmed.ncbi.nlm.nih.gov/32535137/,2020-01-01,active,pending_review,unverified,"{""identifier_kind"": ""pmid"", ""identifier"": ""32535137"", ""verification_status"": ""RESOLVED"", ""verified_title"": ""Design, validation, and testing of an observational tool for technical and tactical analysis in the taekwondo competition at the 2016 Olympic games."", ""seeded_from"": ""PPBF research program 2026-08-07""}",{{SEED_ACCOUNT_ID}},platform_owner
src_4d67241e52f2bb38,{{PPBF_ORG_ID}},Observation system for the technical-tactical analysis of judo by the Rio 2016 Olympic champions.,PloS one,peer_reviewed,3,https://pubmed.ncbi.nlm.nih.gov/38768169/,2024-01-01,active,pending_review,unverified,"{""identifier_kind"": ""pmid"", ""identifier"": ""38768169"", ""verification_status"": ""RESOLVED"", ""verified_title"": ""Observation system for the technical-tactical analysis of judo by the Rio 2016 Olympic champions."", ""seeded_from"": ""PPBF research program 2026-08-07""}",{{SEED_ACCOUNT_ID}},platform_owner
src_77770037abf1603a,{{PPBF_ORG_ID}},"Development, validation and reliability of the Coach Feedback Analysis System.",Journal of sports sciences,peer_reviewed,3,https://pubmed.ncbi.nlm.nih.gov/40968546/,2025-01-01,active,pending_review,unverified,"{""identifier_kind"": ""pmid"", ""identifier"": ""40968546"", ""verification_status"": ""RESOLVED"", ""verified_title"": ""Development, validation and reliability of the Coach Feedback Analysis System."", ""seeded_from"": ""PPBF research program 2026-08-07""}",{{SEED_ACCOUNT_ID}},platform_owner
src_ba3db705e5e557c5,{{PPBF_ORG_ID}},Structural analysis of prokaryotic and eukaryotic 5S rRNAs by RNase H.,Biochimie,peer_reviewed,3,https://pubmed.ncbi.nlm.nih.gov/2561346/,1989-01-01,active,pending_review,unverified,"{""identifier_kind"": ""pmid"", ""identifier"": ""2561346"", ""verification_status"": ""RESOLVED"", ""verified_title"": ""Development, validation and reliability of the Coach Feedback Analysis System."", ""seeded_from"": ""PPBF research program 2026-08-07""}",{{SEED_ACCOUNT_ID}},platform_owner
src_904255934e7e2e11,{{PPBF_ORG_ID}},Development and Validation of an Observational Game Analysis Tool with Artificial Intelligence for Handball: Handball.ai.,"Sensors (Basel, Switzerland)",peer_reviewed,3,https://pubmed.ncbi.nlm.nih.gov/37571498/,2023-01-01,active,pending_review,unverified,"{""identifier_kind"": ""pmid"", ""identifier"": ""37571498"", ""verification_status"": ""RESOLVED"", ""verified_title"": ""Development and Validation of an Observational Game Analysis Tool with Artificial Intelligence for Handball: Handball.ai."", ""seeded_from"": ""PPBF research program 2026-08-07""}",{{SEED_ACCOUNT_ID}},platform_owner
src_7e958d62c1945c58,{{PPBF_ORG_ID}},Validity and reliability of the Kinovea program in obtaining angles and distances using coordinates in 4 perspectives.,PloS one,peer_reviewed,3,https://pubmed.ncbi.nlm.nih.gov/31166989/,2019-01-01,active,pending_review,unverified,"{""identifier_kind"": ""pmid"", ""identifier"": ""31166989"", ""verification_status"": ""RESOLVED"", ""verified_title"": ""Validity and reliability of the Kinovea program in obtaining angles and distances using coordinates in 4 perspectives."", ""seeded_from"": ""PPBF research program 2026-08-07""}",{{SEED_ACCOUNT_ID}},platform_owner
src_2d9c18bb82e7d2fb,{{PPBF_ORG_ID}},Reliability of Kinovea(®) Software and Agreement with a Three-Dimensional Motion System for Gait Analysis in Healthy Subjects.,"Sensors (Basel, Switzerland)",peer_reviewed,3,https://pubmed.ncbi.nlm.nih.gov/32498380/,2020-01-01,active,pending_review,unverified,"{""identifier_kind"": ""pmid"", ""identifier"": ""32498380"", ""verification_status"": ""RESOLVED"", ""verified_title"": ""Reliability of Kinovea(®) Software and Agreement with a Three-Dimensional Motion System for Gait Analysis in Healthy Subjects."", ""seeded_from"": ""PPBF research program 2026-08-07""}",{{SEED_ACCOUNT_ID}},platform_owner
src_1b59695f07200c3a,{{PPBF_ORG_ID}},Rating of Perceived Exertion for Quantification of Training and Combat Loads During Combat Sport-Specific Activities: A Short Review.,Journal of strength and conditioning research,peer_reviewed,3,https://pubmed.ncbi.nlm.nih.gov/28933715/,2017-01-01,active,pending_review,unverified,"{""identifier_kind"": ""pmid"", ""identifier"": ""28933715"", ""verification_status"": ""RESOLVED"", ""verified_title"": ""Rating of Perceived Exertion for Quantification of Training and Combat Loads During Combat Sport-Specific Activities: A Short Review."", ""seeded_from"": ""PPBF research program 2026-08-07""}",{{SEED_ACCOUNT_ID}},platform_owner
src_dc9277073f553443,{{PPBF_ORG_ID}},Tests for the Assessment of Sport-Specific Performance in Olympic Combat Sports: A Systematic Review With Practical Recommendations.,Frontiers in physiology,peer_reviewed,2,https://pubmed.ncbi.nlm.nih.gov/29692739/,2018-01-01,active,pending_review,unverified,"{""identifier_kind"": ""pmid"", ""identifier"": ""29692739"", ""verification_status"": ""RESOLVED"", ""verified_title"": ""Tests for the Assessment of Sport-Specific Performance in Olympic Combat Sports: A Systematic Review With Practical Recommendations."", ""seeded_from"": ""PPBF research program 2026-08-07""}",{{SEED_ACCOUNT_ID}},platform_owner
src_bfffbe5d72b84e13,{{PPBF_ORG_ID}},Self-control over combined video feedback and modeling facilitates motor learning.,Human movement science,peer_reviewed,3,https://pubmed.ncbi.nlm.nih.gov/26874750/,2016-01-01,active,pending_review,unverified,"{""identifier_kind"": ""pmid"", ""identifier"": ""26874750"", ""verification_status"": ""RESOLVED"", ""verified_title"": ""Self-control over combined video feedback and modeling facilitates motor learning."", ""seeded_from"": ""PPBF research program 2026-08-07""}",{{SEED_ACCOUNT_ID}},platform_owner
src_e67d4aeb61b0f2c6,{{PPBF_ORG_ID}},An Intervention Based on Video Feedback and Questioning to Improve Tactical Knowledge in Expert Female Volleyball Players.,Perceptual and motor skills,peer_reviewed,3,https://pubmed.ncbi.nlm.nih.gov/27287052/,2016-01-01,active,pending_review,unverified,"{""identifier_kind"": ""pmid"", ""identifier"": ""27287052"", ""verification_status"": ""RESOLVED"", ""verified_title"": ""An Intervention Based on Video Feedback and Questioning to Improve Tactical Knowledge in Expert Female Volleyball Players."", ""seeded_from"": ""PPBF research program 2026-08-07""}",{{SEED_ACCOUNT_ID}},platform_owner
src_35f9430f62f36db4,{{PPBF_ORG_ID}},Variables affecting athletes' retention of coaches' feedback.,Perceptual and motor skills,peer_reviewed,3,https://pubmed.ncbi.nlm.nih.gov/24611244/,2013-01-01,active,pending_review,unverified,"{""identifier_kind"": ""pmid"", ""identifier"": ""24611244"", ""verification_status"": ""RESOLVED"", ""verified_title"": ""Variables affecting athletes' retention of coaches' feedback."", ""seeded_from"": ""PPBF research program 2026-08-07""}",{{SEED_ACCOUNT_ID}},platform_owner
src_7b419a624e6adf6d,{{PPBF_ORG_ID}},Pediatric Sport-Related Concussion: Recommendations From the Amsterdam Consensus Statement 2023.,Pediatrics,clinical_guideline,1,https://pubmed.ncbi.nlm.nih.gov/38044802/,2024-01-01,active,pending_review,unverified,"{""identifier_kind"": ""pmid"", ""identifier"": ""38044802"", ""verification_status"": ""RESOLVED"", ""verified_title"": ""Pediatric Sport-Related Concussion: Recommendations From the Amsterdam Consensus Statement 2023."", ""seeded_from"": ""PPBF research program 2026-08-07""}",{{SEED_ACCOUNT_ID}},platform_owner
src_3effdf1138daa1ca,{{PPBF_ORG_ID}},"USA Boxing Official Rule Book - Technical Rules (Ten Point Must System; 5 judges, 3 randomly selected).",,governing_body,1,https://d36m266ykvepgv.cloudfront.net/uploads/media/QblZ66O15c/o/usa-boxing-technical-rules-8-9-13.pdf,,active,pending_review,unverified,"{""identifier_kind"": ""url"", ""identifier"": ""https://d36m266ykvepgv.cloudfront.net/uploads/media/QblZ66O15c/o/usa-boxing-technical-rules-8-9-13.pdf"", ""verification_status"": ""NON_INDEXED_SOURCE"", ""verified_title"": """", ""seeded_from"": ""PPBF research program 2026-08-07""}",{{SEED_ACCOUNT_ID}},platform_owner
src_e5caba167c54fd90,{{PPBF_ORG_ID}},"England Boxing Safeguarding Policy (Children & Young People) v3, Nov 2025; England Boxing Safeguarding Code v1.2, 4 Mar 2026.",,governing_body,1,https://www.englandboxing.org/wp-content/uploads/2025/11/SafeguardingPolicyV3-1.pdf,,active,pending_review,unverified,"{""identifier_kind"": ""url"", ""identifier"": ""https://www.englandboxing.org/wp-content/uploads/2025/11/SafeguardingPolicyV3-1.pdf"", ""verification_status"": ""NON_INDEXED_SOURCE"", ""verified_title"": """", ""seeded_from"": ""PPBF research program 2026-08-07""}",{{SEED_ACCOUNT_ID}},platform_owner
src_2a6eef228b05f667,{{PPBF_ORG_ID}},NSPCC Child Protection in Sport Unit (CPSU). Photography and filming in sports and activities (guidance + policy template).,,other,4,https://thecpsu.org.uk/help-advice/topics/photography-and-filming-in-sports-and-activities/,,active,pending_review,unverified,"{""identifier_kind"": ""url"", ""identifier"": ""https://thecpsu.org.uk/help-advice/topics/photography-and-filming-in-sports-and-activities/"", ""verification_status"": ""NON_INDEXED_SOURCE"", ""verified_title"": """", ""seeded_from"": ""PPBF research program 2026-08-07""}",{{SEED_ACCOUNT_ID}},platform_owner
src_5c72453649903e30,{{PPBF_ORG_ID}},"US Federal Trade Commission. Children's Online Privacy Protection Rule, final amendments. 90 Fed. Reg. (22 Apr 2025); effective 23 Jun 2025; compliance date 22 Apr 2026.",,governing_body,1,https://www.federalregister.gov/documents/2025/04/22/2025-05904/childrens-online-privacy-protection-rule,,active,pending_review,unverified,"{""identifier_kind"": ""url"", ""identifier"": ""https://www.federalregister.gov/documents/2025/04/22/2025-05904/childrens-online-privacy-protection-rule"", ""verification_status"": ""NON_INDEXED_SOURCE"", ""verified_title"": """", ""seeded_from"": ""PPBF research program 2026-08-07""}",{{SEED_ACCOUNT_ID}},platform_owner
src_659b12489ff77418,{{PPBF_ORG_ID}},A Guideline of Selecting and Reporting Intraclass Correlation Coefficients for Reliability Research.,Journal of chiropractic medicine,clinical_guideline,1,https://pubmed.ncbi.nlm.nih.gov/27330520/,2016-01-01,active,pending_review,unverified,"{""identifier_kind"": ""pmid"", ""identifier"": ""27330520"", ""verification_status"": ""RESOLVED"", ""verified_title"": ""A Guideline of Selecting and Reporting Intraclass Correlation Coefficients for Reliability Research."", ""seeded_from"": ""PPBF research program 2026-08-07""}",{{SEED_ACCOUNT_ID}},platform_owner
src_32f625bbb395fb85,{{PPBF_ORG_ID}},"Landis JR, Koch GG (1977). The measurement of observer agreement for categorical data. Biometrics.",,peer_reviewed,3,,,active,pending_review,unverified,"{""identifier_kind"": ""noid"", ""identifier"": ""A8-044"", ""verification_status"": ""NON_INDEXED_SOURCE"", ""verified_title"": """", ""seeded_from"": ""PPBF research program 2026-08-07""}",{{SEED_ACCOUNT_ID}},platform_owner
src_b94e23f68c039065,{{PPBF_ORG_ID}},Measures of reliability in sports medicine and science.,"Sports medicine (Auckland, N.Z.)",peer_reviewed,3,https://pubmed.ncbi.nlm.nih.gov/10907753/,2000-01-01,active,pending_review,unverified,"{""identifier_kind"": ""pmid"", ""identifier"": ""10907753"", ""verification_status"": ""RESOLVED"", ""verified_title"": ""Measures of reliability in sports medicine and science."", ""seeded_from"": ""PPBF research program 2026-08-07""}",{{SEED_ACCOUNT_ID}},platform_owner
src_5b8fb99225ad83c8,{{PPBF_ORG_ID}},Machine and deep learning for sport-specific movement recognition: a systematic review of model development and performance.,Journal of sports sciences,peer_reviewed,2,https://pubmed.ncbi.nlm.nih.gov/30307362/,2019-01-01,active,pending_review,unverified,"{""identifier_kind"": ""pmid"", ""identifier"": ""30307362"", ""verification_status"": ""RESOLVED"", ""verified_title"": ""Machine and deep learning for sport-specific movement recognition: a systematic review of model development and performance."", ""seeded_from"": ""PPBF research program 2026-08-07""}",{{SEED_ACCOUNT_ID}},platform_owner
src_814bd713fe3f090a,{{PPBF_ORG_ID}},Evidence for the existence of a restriction-modification system common to several species of the family Vibrionaceae.,FEMS microbiology letters,peer_reviewed,2,https://pubmed.ncbi.nlm.nih.gov/1521769/,1992-01-01,active,pending_review,unverified,"{""identifier_kind"": ""pmid"", ""identifier"": ""1521769"", ""verification_status"": ""RESOLVED"", ""verified_title"": ""Machine and deep learning for sport-specific movement recognition: a systematic review of model development and performance."", ""seeded_from"": ""PPBF research program 2026-08-07""}",{{SEED_ACCOUNT_ID}},platform_owner
src_97b80a133474d8ee,{{PPBF_ORG_ID}},Development of a Mobile Phone App for Measuring Striking Response Time in Combat Sports: Cross-Sectional Validation Study.,JMIR mHealth and uHealth,peer_reviewed,3,https://pubmed.ncbi.nlm.nih.gov/31710294/,2019-01-01,active,pending_review,unverified,"{""identifier_kind"": ""pmid"", ""identifier"": ""31710294"", ""verification_status"": ""RESOLVED"", ""verified_title"": ""Development of a Mobile Phone App for Measuring Striking Response Time in Combat Sports: Cross-Sectional Validation Study."", ""seeded_from"": ""PPBF research program 2026-08-07""}",{{SEED_ACCOUNT_ID}},platform_owner
src_4dba97b62122d5e7,{{PPBF_ORG_ID}},Comparisons: Technical-Tactical and Time-Motion Analysis of Mixed Martial Arts by Outcomes.,Journal of strength and conditioning research,peer_reviewed,3,https://pubmed.ncbi.nlm.nih.gov/26670995/,2016-01-01,active,pending_review,unverified,"{""identifier_kind"": ""pmid"", ""identifier"": ""26670995"", ""verification_status"": ""RESOLVED"", ""verified_title"": ""Comparisons: Technical-Tactical and Time-Motion Analysis of Mixed Martial Arts by Outcomes."", ""seeded_from"": ""PPBF research program 2026-08-07""}",{{SEED_ACCOUNT_ID}},platform_owner
src_0da5a56dc6d564a3,{{PPBF_ORG_ID}},Concussion vs. resignation by submission: Technical-tactical behavior analysis considering injury in mixed martial arts.,Frontiers in neurology,peer_reviewed,3,https://pubmed.ncbi.nlm.nih.gov/36119707/,2022-01-01,active,pending_review,unverified,"{""identifier_kind"": ""pmid"", ""identifier"": ""36119707"", ""verification_status"": ""RESOLVED"", ""verified_title"": ""Concussion vs. resignation by submission: Technical-tactical behavior analysis considering injury in mixed martial arts."", ""seeded_from"": ""PPBF research program 2026-08-07""}",{{SEED_ACCOUNT_ID}},platform_owner
src_2893247e5cb0132a,{{PPBF_ORG_ID}},Comparisons of tactical and technical performance factors between winners and non-winners in Para Taekwondo: A comprehensive analysis of the 2020 Tokyo Paralympic Games.,Journal of sports sciences,peer_reviewed,3,https://pubmed.ncbi.nlm.nih.gov/39508424/,2024-01-01,active,pending_review,unverified,"{""identifier_kind"": ""pmid"", ""identifier"": ""39508424"", ""verification_status"": ""RESOLVED"", ""verified_title"": ""Comparisons of tactical and technical performance factors between winners and non-winners in Para Taekwondo: A comprehensive analysis of the 2020 Tokyo Paralympic Games."", ""seeded_from"": ""PPBF research program 2026-08-07""}",{{SEED_ACCOUNT_ID}},platform_owner
src_67b1c387aa543202,{{PPBF_ORG_ID}},Human T4+ lymphocytes produce a phagocytosis-inducing factor (PIF) distinct from interferon-alpha and interferon-gamma.,"Journal of immunology (Baltimore, Md. : 1950)",peer_reviewed,3,https://pubmed.ncbi.nlm.nih.gov/2416812/,1986-01-01,active,pending_review,unverified,"{""identifier_kind"": ""pmid"", ""identifier"": ""2416812"", ""verification_status"": ""RESOLVED"", ""verified_title"": ""Comparisons of tactical and technical performance factors between winners and non-winners in Para Taekwondo: A comprehensive analysis of the 2020 Tokyo Paralympic Games."", ""seeded_from"": ""PPBF research program 2026-08-07""}",{{SEED_ACCOUNT_ID}},platform_owner
src_e0de4d3acf8c7812,{{PPBF_ORG_ID}},Performance Aspects and Physiological Responses in Male Amateur Boxing Competitions: A Brief Review.,Journal of strength and conditioning research,peer_reviewed,3,https://pubmed.ncbi.nlm.nih.gov/28081033/,2017-01-01,active,pending_review,unverified,"{""identifier_kind"": ""pmid"", ""identifier"": ""28081033"", ""verification_status"": ""RESOLVED"", ""verified_title"": ""Performance Aspects and Physiological Responses in Male Amateur Boxing Competitions: A Brief Review."", ""seeded_from"": ""PPBF research program 2026-08-07""}",{{SEED_ACCOUNT_ID}},platform_owner
src_0642c4eed271e888,{{PPBF_ORG_ID}},Professional boxing analysis with T-Patterns.,Physiology & behavior,peer_reviewed,3,https://pubmed.ncbi.nlm.nih.gov/33493543/,2021-01-01,active,pending_review,unverified,"{""identifier_kind"": ""pmid"", ""identifier"": ""33493543"", ""verification_status"": ""RESOLVED"", ""verified_title"": ""Professional boxing analysis with T-Patterns."", ""seeded_from"": ""PPBF research program 2026-08-07""}",{{SEED_ACCOUNT_ID}},platform_owner
src_e4ba7367e7f5350a,{{PPBF_ORG_ID}},Accuracy of Instrumented Mouthguards During Direct Jaw Impacts Seen in Boxing.,Annals of biomedical engineering,peer_reviewed,3,https://pubmed.ncbi.nlm.nih.gov/39028399/,2024-01-01,active,pending_review,unverified,"{""identifier_kind"": ""pmid"", ""identifier"": ""39028399"", ""verification_status"": ""RESOLVED"", ""verified_title"": ""Accuracy of Instrumented Mouthguards During Direct Jaw Impacts Seen in Boxing."", ""seeded_from"": ""PPBF research program 2026-08-07""}",{{SEED_ACCOUNT_ID}},platform_owner
src_2d63a905739f6a14,{{PPBF_ORG_ID}},Quantifying head impacts and neurocognitive performance in collegiate boxers.,Journal of sports sciences,peer_reviewed,3,https://pubmed.ncbi.nlm.nih.gov/34930100/,2022-01-01,active,pending_review,unverified,"{""identifier_kind"": ""pmid"", ""identifier"": ""34930100"", ""verification_status"": ""RESOLVED"", ""verified_title"": ""Quantifying head impacts and neurocognitive performance in collegiate boxers."", ""seeded_from"": ""PPBF research program 2026-08-07""}",{{SEED_ACCOUNT_ID}},platform_owner
src_fb0214579f57f13b,{{PPBF_ORG_ID}},What boxing-related stimuli reveal about response behaviour.,Journal of sports sciences,peer_reviewed,3,https://pubmed.ncbi.nlm.nih.gov/25385452/,2015-01-01,active,pending_review,unverified,"{""identifier_kind"": ""pmid"", ""identifier"": ""25385452"", ""verification_status"": ""RESOLVED"", ""verified_title"": ""What boxing-related stimuli reveal about response behaviour."", ""seeded_from"": ""PPBF research program 2026-08-07""}",{{SEED_ACCOUNT_ID}},platform_owner
src_c6963a89e03a9c5b,{{PPBF_ORG_ID}},Virtual reality boxing: impact of gaze-contingent blur on elite boxers performance and gaze behavior.,Frontiers in sports and active living,peer_reviewed,3,https://pubmed.ncbi.nlm.nih.gov/39777017/,2024-01-01,active,pending_review,unverified,"{""identifier_kind"": ""pmid"", ""identifier"": ""39777017"", ""verification_status"": ""RESOLVED"", ""verified_title"": ""Virtual reality boxing: impact of gaze-contingent blur on elite boxers performance and gaze behavior."", ""seeded_from"": ""PPBF research program 2026-08-07""}",{{SEED_ACCOUNT_ID}},platform_owner
src_89997485cb458902,{{PPBF_ORG_ID}},Determinants of weight gain in pregnant adolescents.,Journal of the American Dietetic Association,peer_reviewed,3,https://pubmed.ncbi.nlm.nih.gov/1430719/,1992-01-01,active,pending_review,unverified,"{""identifier_kind"": ""pmid"", ""identifier"": ""1430719"", ""verification_status"": ""RESOLVED"", ""verified_title"": ""Virtual reality boxing: impact of gaze-contingent blur on elite boxers performance and gaze behavior."", ""seeded_from"": ""PPBF research program 2026-08-07""}",{{SEED_ACCOUNT_ID}},platform_owner
src_bb631612f6b7d2cb,{{PPBF_ORG_ID}},The role of the opponent's head in perception of kick target location in martial arts.,Frontiers in sports and active living,peer_reviewed,3,https://pubmed.ncbi.nlm.nih.gov/39687496/,2024-01-01,active,pending_review,unverified,"{""identifier_kind"": ""pmid"", ""identifier"": ""39687496"", ""verification_status"": ""RESOLVED"", ""verified_title"": ""The role of the opponent's head in perception of kick target location in martial arts."", ""seeded_from"": ""PPBF research program 2026-08-07""}",{{SEED_ACCOUNT_ID}},platform_owner
src_b5d165cc8a972a80,{{PPBF_ORG_ID}},Partial protein sequence of the globular domain of alpha 4(IV) collagen chain: sites of sequence variability and homology with alpha 2(IV).,Connective tissue research,peer_reviewed,3,https://pubmed.ncbi.nlm.nih.gov/1468209/,1992-01-01,active,pending_review,unverified,"{""identifier_kind"": ""pmid"", ""identifier"": ""1468209"", ""verification_status"": ""RESOLVED"", ""verified_title"": ""The role of the opponent's head in perception of kick target location in martial arts."", ""seeded_from"": ""PPBF research program 2026-08-07""}",{{SEED_ACCOUNT_ID}},platform_owner
src_2b3d13f37246928b,{{PPBF_ORG_ID}},"Perspectives on sports analytics to inform constraint manipulation, representative learning and functional variability in practice design.",Human movement science,peer_reviewed,3,https://pubmed.ncbi.nlm.nih.gov/41429089/,2026-01-01,active,pending_review,unverified,"{""identifier_kind"": ""pmid"", ""identifier"": ""41429089"", ""verification_status"": ""RESOLVED"", ""verified_title"": ""Perspectives on sports analytics to inform constraint manipulation, representative learning and functional variability in practice design."", ""seeded_from"": ""PPBF research program 2026-08-07""}",{{SEED_ACCOUNT_ID}},platform_owner
src_9fd14e721170f2e7,{{PPBF_ORG_ID}},When and How to Provide Feedback and Instructions to Athletes?-How Sport Psychology and Pedagogy Insights Can Improve Coaching Interventions to Enhance Self-Regulation in Training.,Frontiers in psychology,peer_reviewed,3,https://pubmed.ncbi.nlm.nih.gov/32760314/,2020-01-01,active,pending_review,unverified,"{""identifier_kind"": ""pmid"", ""identifier"": ""32760314"", ""verification_status"": ""RESOLVED"", ""verified_title"": ""When and How to Provide Feedback and Instructions to Athletes?-How Sport Psychology and Pedagogy Insights Can Improve Coaching Interventions to Enhance Self-Regulation in Training."", ""seeded_from"": ""PPBF research program 2026-08-07""}",{{SEED_ACCOUNT_ID}},platform_owner
src_d94774aec59ebea7,{{PPBF_ORG_ID}},A coach's political use of video-based feedback: a case study in elite-level academy soccer.,Journal of sports sciences,peer_reviewed,3,https://pubmed.ncbi.nlm.nih.gov/25939483/,2016-01-01,active,pending_review,unverified,"{""identifier_kind"": ""pmid"", ""identifier"": ""25939483"", ""verification_status"": ""RESOLVED"", ""verified_title"": ""A coach's political use of video-based feedback: a case study in elite-level academy soccer."", ""seeded_from"": ""PPBF research program 2026-08-07""}",{{SEED_ACCOUNT_ID}},platform_owner
src_ed7cc613172aed17,{{PPBF_ORG_ID}},Titrating with intravenous oxytocins.,"JOGN nursing; journal of obstetric, gynecologic, and neonatal nursing",peer_reviewed,3,https://pubmed.ncbi.nlm.nih.gov/1039464/,1975-01-01,active,pending_review,unverified,"{""identifier_kind"": ""pmid"", ""identifier"": ""1039464"", ""verification_status"": ""RESOLVED"", ""verified_title"": ""A coach's political use of video-based feedback: a case study in elite-level academy soccer."", ""seeded_from"": ""PPBF research program 2026-08-07""}",{{SEED_ACCOUNT_ID}},platform_owner
src_7c2718d260141286,{{PPBF_ORG_ID}},Caffeine ingestion changes time-motion and technical-tactical aspects in simulated boxing matches: A randomized double-blind PLA-controlled crossover study.,European journal of sport science,peer_reviewed,3,https://pubmed.ncbi.nlm.nih.gov/29738282/,2018-01-01,active,pending_review,unverified,"{""identifier_kind"": ""pmid"", ""identifier"": ""29738282"", ""verification_status"": ""RESOLVED"", ""verified_title"": ""Caffeine ingestion changes time-motion and technical-tactical aspects in simulated boxing matches: A randomized double-blind PLA-controlled crossover study."", ""seeded_from"": ""PPBF research program 2026-08-07""}",{{SEED_ACCOUNT_ID}},platform_owner
src_ace39b22e37c86a7,{{PPBF_ORG_ID}},Confidentiality: jaded ideal or relevant aspiration.,South Dakota journal of medicine,peer_reviewed,3,https://pubmed.ncbi.nlm.nih.gov/1465599/,1992-01-01,active,pending_review,unverified,"{""identifier_kind"": ""pmid"", ""identifier"": ""1465599"", ""verification_status"": ""RESOLVED"", ""verified_title"": ""Caffeine ingestion changes time-motion and technical-tactical aspects in simulated boxing matches: A randomized double-blind PLA-controlled crossover study."", ""seeded_from"": ""PPBF research program 2026-08-07""}",{{SEED_ACCOUNT_ID}},platform_owner
src_c7fbfb821db5b99e,{{PPBF_ORG_ID}},Quantifying the Physical Response to a Contemporary Amateur Boxing Simulation.,Journal of strength and conditioning research,peer_reviewed,3,https://pubmed.ncbi.nlm.nih.gov/29570596/,2018-01-01,active,pending_review,unverified,"{""identifier_kind"": ""pmid"", ""identifier"": ""29570596"", ""verification_status"": ""RESOLVED"", ""verified_title"": ""Quantifying the Physical Response to a Contemporary Amateur Boxing Simulation."", ""seeded_from"": ""PPBF research program 2026-08-07""}",{{SEED_ACCOUNT_ID}},platform_owner
src_60ed63c4f7fae936,{{PPBF_ORG_ID}},"Accuracy, Validity, and Reliability of Markerless Camera-Based 3D Motion Capture Systems versus Marker-Based 3D Motion Capture Systems in Gait Analysis: A Systematic Review and Meta-Analysis.","Sensors (Basel, Switzerland)",peer_reviewed,2,https://pubmed.ncbi.nlm.nih.gov/38894476/,2024-01-01,active,pending_review,unverified,"{""identifier_kind"": ""pmid"", ""identifier"": ""38894476"", ""verification_status"": ""RESOLVED"", ""verified_title"": ""Accuracy, Validity, and Reliability of Markerless Camera-Based 3D Motion Capture Systems versus Marker-Based 3D Motion Capture Systems in Gait Analysis: A Systematic Review and Meta-Analysis."", ""seeded_from"": ""PPBF research program 2026-08-07""}",{{SEED_ACCOUNT_ID}},platform_owner
src_25b3f947076a9ee6,{{PPBF_ORG_ID}},Pose2Sim: An End-to-End Workflow for 3D Markerless Sports Kinematics-Part 2: Accuracy.,"Sensors (Basel, Switzerland)",peer_reviewed,3,https://pubmed.ncbi.nlm.nih.gov/35408326/,2022-01-01,active,pending_review,unverified,"{""identifier_kind"": ""pmid"", ""identifier"": ""35408326"", ""verification_status"": ""RESOLVED"", ""verified_title"": ""Pose2Sim: An End-to-End Workflow for 3D Markerless Sports Kinematics-Part 2: Accuracy."", ""seeded_from"": ""PPBF research program 2026-08-07""}",{{SEED_ACCOUNT_ID}},platform_owner
src_0ecc6d076d7a7b0f,{{PPBF_ORG_ID}},Validation of a Unique Boxing Monitoring System.,"Sensors (Basel, Switzerland)",peer_reviewed,3,https://pubmed.ncbi.nlm.nih.gov/34770254/,2021-01-01,active,pending_review,unverified,"{""identifier_kind"": ""pmid"", ""identifier"": ""34770254"", ""verification_status"": ""RESOLVED"", ""verified_title"": ""Validation of a Unique Boxing Monitoring System."", ""seeded_from"": ""PPBF research program 2026-08-07""}",{{SEED_ACCOUNT_ID}},platform_owner
src_9a2a9b956438b2f0,{{PPBF_ORG_ID}},Wearable Sensor-Based Analysis of Punch Acceleration and Plantar Pressure Distribution in Boxing.,"Sensors (Basel, Switzerland)",peer_reviewed,3,https://pubmed.ncbi.nlm.nih.gov/42122430/,2026-01-01,active,pending_review,unverified,"{""identifier_kind"": ""pmid"", ""identifier"": ""42122430"", ""verification_status"": ""RESOLVED"", ""verified_title"": ""Wearable Sensor-Based Analysis of Punch Acceleration and Plantar Pressure Distribution in Boxing."", ""seeded_from"": ""PPBF research program 2026-08-07""}",{{SEED_ACCOUNT_ID}},platform_owner
src_8d5d158e016e9fd8,{{PPBF_ORG_ID}},Assessing the Reliability of a Combat Sports Kick-Time Device.,"Sensors (Basel, Switzerland)",peer_reviewed,3,https://pubmed.ncbi.nlm.nih.gov/40096253/,2025-01-01,active,pending_review,unverified,"{""identifier_kind"": ""pmid"", ""identifier"": ""40096253"", ""verification_status"": ""RESOLVED"", ""verified_title"": ""Assessing the Reliability of a Combat Sports Kick-Time Device."", ""seeded_from"": ""PPBF research program 2026-08-07""}",{{SEED_ACCOUNT_ID}},platform_owner
src_ae9e74a246508870,{{PPBF_ORG_ID}},"PPBF_repo_context_pack.md - PunxsyProminence/ppbf-platform @ main, retrieved 2026-08-07 (pilot schema, 201 capability modules, governance docs).",,internal_policy,3,,,active,pending_review,unverified,"{""identifier_kind"": ""noid"", ""identifier"": ""A8-071"", ""verification_status"": ""NON_INDEXED_SOURCE"", ""verified_title"": """", ""seeded_from"": ""PPBF research program 2026-08-07""}",{{SEED_ACCOUNT_ID}},platform_owner
src_ee346c4c03fbbaaf,{{PPBF_ORG_ID}},"PPBF_repo_context_pack.md - PunxsyProminence/ppbf-platform @ main, retrieved 2026-08-07 (pilot schema, 201 capability modules, governance docs).",,internal_policy,3,,,active,pending_review,unverified,"{""identifier_kind"": ""noid"", ""identifier"": ""A8-072"", ""verification_status"": ""NON_INDEXED_SOURCE"", ""verified_title"": """", ""seeded_from"": ""PPBF research program 2026-08-07""}",{{SEED_ACCOUNT_ID}},platform_owner
src_6348f5240f9c2b9e,{{PPBF_ORG_ID}},"PPBF_repo_context_pack.md - PunxsyProminence/ppbf-platform @ main, retrieved 2026-08-07 (pilot schema, 201 capability modules, governance docs).",,internal_policy,3,,,active,pending_review,unverified,"{""identifier_kind"": ""noid"", ""identifier"": ""A8-073"", ""verification_status"": ""NON_INDEXED_SOURCE"", ""verified_title"": """", ""seeded_from"": ""PPBF research program 2026-08-07""}",{{SEED_ACCOUNT_ID}},platform_owner
src_48097b8ac8a29aea,{{PPBF_ORG_ID}},"PPBF_repo_context_pack.md - PunxsyProminence/ppbf-platform @ main, retrieved 2026-08-07 (pilot schema, 201 capability modules, governance docs).",,internal_policy,3,,,active,pending_review,unverified,"{""identifier_kind"": ""noid"", ""identifier"": ""A8-074"", ""verification_status"": ""NON_INDEXED_SOURCE"", ""verified_title"": """", ""seeded_from"": ""PPBF research program 2026-08-07""}",{{SEED_ACCOUNT_ID}},platform_owner
src_cb0941607cf6e855,{{PPBF_ORG_ID}},"PPBF_repo_context_pack.md - PunxsyProminence/ppbf-platform @ main, retrieved 2026-08-07 (pilot schema, 201 capability modules, governance docs).",,internal_policy,3,,,active,pending_review,unverified,"{""identifier_kind"": ""noid"", ""identifier"": ""A8-075"", ""verification_status"": ""NON_INDEXED_SOURCE"", ""verified_title"": """", ""seeded_from"": ""PPBF research program 2026-08-07""}",{{SEED_ACCOUNT_ID}},platform_owner
src_44e5e8edc32f825f,{{PPBF_ORG_ID}},"Video Pose Distillation for Few-Shot, Fine-Grained Sports Action Recognition (2021). arXiv preprint.",,peer_reviewed,4,,,active,pending_review,unverified,"{""identifier_kind"": ""noid"", ""identifier"": ""A8-077"", ""verification_status"": ""NON_INDEXED_SOURCE"", ""verified_title"": """", ""seeded_from"": ""PPBF research program 2026-08-07""}",{{SEED_ACCOUNT_ID}},platform_owner
src_768c2da3676546bc,{{PPBF_ORG_ID}},Promising Practices of Out-of-School Time Programs for Low-Income Adolescents: A Systematic Review.,Journal of adolescence,peer_reviewed,2,https://pubmed.ncbi.nlm.nih.gov/40275615/,2025-01-01,active,pending_review,unverified,"{""identifier_kind"": ""pmid"", ""identifier"": ""40275615"", ""verification_status"": ""RESOLVED"", ""verified_title"": ""Promising Practices of Out-of-School Time Programs for Low-Income Adolescents: A Systematic Review."", ""seeded_from"": ""PPBF research program 2026-08-07""}",{{SEED_ACCOUNT_ID}},platform_owner
src_5e70944b1533eae3,{{PPBF_ORG_ID}},Examining youth and program predictors of engagement in out-of-school time programs.,Journal of youth and adolescence,peer_reviewed,3,https://pubmed.ncbi.nlm.nih.gov/22971849/,2013-01-01,active,pending_review,unverified,"{""identifier_kind"": ""pmid"", ""identifier"": ""22971849"", ""verification_status"": ""RESOLVED"", ""verified_title"": ""Examining youth and program predictors of engagement in out-of-school time programs."", ""seeded_from"": ""PPBF research program 2026-08-07""}",{{SEED_ACCOUNT_ID}},platform_owner
src_531139195056450d,{{PPBF_ORG_ID}},Supporting Out-of-School Time Staff in Low Resource Communities: A Professional Development Approach.,American journal of community psychology,peer_reviewed,3,https://pubmed.ncbi.nlm.nih.gov/30968415/,2019-01-01,active,pending_review,unverified,"{""identifier_kind"": ""pmid"", ""identifier"": ""30968415"", ""verification_status"": ""RESOLVED"", ""verified_title"": ""Supporting Out-of-School Time Staff in Low Resource Communities: A Professional Development Approach."", ""seeded_from"": ""PPBF research program 2026-08-07""}",{{SEED_ACCOUNT_ID}},platform_owner
src_3b4770b5c5882c3e,{{PPBF_ORG_ID}},Out-of-school settings as a developmental context for children and youth.,Advances in child development and behavior,peer_reviewed,4,https://pubmed.ncbi.nlm.nih.gov/16101114/,2005-01-01,active,pending_review,unverified,"{""identifier_kind"": ""pmid"", ""identifier"": ""16101114"", ""verification_status"": ""RESOLVED"", ""verified_title"": ""Out-of-school settings as a developmental context for children and youth."", ""seeded_from"": ""PPBF research program 2026-08-07""}",{{SEED_ACCOUNT_ID}},platform_owner
src_b4535c8cd3f78b76,{{PPBF_ORG_ID}},A Comparative Analysis of Competency Frameworks for Youth Workers in the Out-of-School Time Field.,Child & youth care forum,other,4,https://pubmed.ncbi.nlm.nih.gov/21170418/,2010-01-01,active,pending_review,unverified,"{""identifier_kind"": ""pmid"", ""identifier"": ""21170418"", ""verification_status"": ""RESOLVED"", ""verified_title"": ""A Comparative Analysis of Competency Frameworks for Youth Workers in the Out-of-School Time Field."", ""seeded_from"": ""PPBF research program 2026-08-07""}",{{SEED_ACCOUNT_ID}},platform_owner
src_e021bf8cf82a00a0,{{PPBF_ORG_ID}},The Medical College of Georgia Fitkid project: the relations between program attendance and changes in outcomes in year 1.,International journal of obesity (2005),peer_reviewed,3,https://pubmed.ncbi.nlm.nih.gov/16385751/,2005-01-01,active,pending_review,unverified,"{""identifier_kind"": ""pmid"", ""identifier"": ""16385751"", ""verification_status"": ""RESOLVED"", ""verified_title"": ""The Medical College of Georgia Fitkid project: the relations between program attendance and changes in outcomes in year 1."", ""seeded_from"": ""PPBF research program 2026-08-07""}",{{SEED_ACCOUNT_ID}},platform_owner
src_02bd2dc41a38a93a,{{PPBF_ORG_ID}},The impact of a 3-year after-school obesity prevention program in elementary school children.,Childhood obesity (Print),peer_reviewed,3,https://pubmed.ncbi.nlm.nih.gov/22799482/,2012-01-01,active,pending_review,unverified,"{""identifier_kind"": ""pmid"", ""identifier"": ""22799482"", ""verification_status"": ""RESOLVED"", ""verified_title"": ""The impact of a 3-year after-school obesity prevention program in elementary school children."", ""seeded_from"": ""PPBF research program 2026-08-07""}",{{SEED_ACCOUNT_ID}},platform_owner
src_cb9bbe5097ddd550,{{PPBF_ORG_ID}},"Examining reach, dose, and fidelity of the ""Girls on the Move"" after-school physical activity club: a process evaluation.",BMC public health,peer_reviewed,3,https://pubmed.ncbi.nlm.nih.gov/27473613/,2016-01-01,active,pending_review,unverified,"{""identifier_kind"": ""pmid"", ""identifier"": ""27473613"", ""verification_status"": ""RESOLVED"", ""verified_title"": ""Examining reach, dose, and fidelity of the \""Girls on the Move\"" after-school physical activity club: a process evaluation."", ""seeded_from"": ""PPBF research program 2026-08-07""}",{{SEED_ACCOUNT_ID}},platform_owner
src_c91bd07fc14369b7,{{PPBF_ORG_ID}},"Evaluating the Implementation of a Before-School Physical Activity Program: A Mixed-Methods Approach in Massachusetts, 2018.",Preventing chronic disease,other,4,https://pubmed.ncbi.nlm.nih.gov/33006544/,2020-01-01,active,pending_review,unverified,"{""identifier_kind"": ""pmid"", ""identifier"": ""33006544"", ""verification_status"": ""RESOLVED"", ""verified_title"": ""Evaluating the Implementation of a Before-School Physical Activity Program: A Mixed-Methods Approach in Massachusetts, 2018."", ""seeded_from"": ""PPBF research program 2026-08-07""}",{{SEED_ACCOUNT_ID}},platform_owner
src_4fb6006db874a1e7,{{PPBF_ORG_ID}},A systematic review and meta-analysis of moderate-to-vigorous physical activity levels in secondary school physical education lessons.,The international journal of behavioral nutrition and physical activity,peer_reviewed,2,https://pubmed.ncbi.nlm.nih.gov/28438171/,2017-01-01,active,pending_review,unverified,"{""identifier_kind"": ""pmid"", ""identifier"": ""28438171"", ""verification_status"": ""RESOLVED"", ""verified_title"": ""A systematic review and meta-analysis of moderate-to-vigorous physical activity levels in secondary school physical education lessons."", ""seeded_from"": ""PPBF research program 2026-08-07""}",{{SEED_ACCOUNT_ID}},platform_owner
src_4f229ca82d45637f,{{PPBF_ORG_ID}},Physical activity levels and movement skill instruction in secondary school physical education.,Journal of science and medicine in sport,peer_reviewed,3,https://pubmed.ncbi.nlm.nih.gov/22173034/,2012-01-01,active,pending_review,unverified,"{""identifier_kind"": ""pmid"", ""identifier"": ""22173034"", ""verification_status"": ""RESOLVED"", ""verified_title"": ""Physical activity levels and movement skill instruction in secondary school physical education."", ""seeded_from"": ""PPBF research program 2026-08-07""}",{{SEED_ACCOUNT_ID}},platform_owner
src_d87c48e7be6798b3,{{PPBF_ORG_ID}},"Physical education in secondary schools located in low-income communities: Physical activity levels, lesson context and teacher interaction.",Journal of science and medicine in sport,peer_reviewed,3,https://pubmed.ncbi.nlm.nih.gov/25559053/,2016-01-01,active,pending_review,unverified,"{""identifier_kind"": ""pmid"", ""identifier"": ""25559053"", ""verification_status"": ""RESOLVED"", ""verified_title"": ""Physical education in secondary schools located in low-income communities: Physical activity levels, lesson context and teacher interaction."", ""seeded_from"": ""PPBF research program 2026-08-07""}",{{SEED_ACCOUNT_ID}},platform_owner
src_6b7f69b3a1a72787,{{PPBF_ORG_ID}},Toward a Multidimensional Framework of Capacity in Community Sport Clubs,Nonprofit and Voluntary Sector Quarterly,peer_reviewed,3,https://doi.org/10.1177/0899764013509892,2013-01-01,active,pending_review,unverified,"{""identifier_kind"": ""doi"", ""identifier"": ""10.1177/0899764013509892"", ""verification_status"": ""RESOLVED"", ""verified_title"": ""Toward a Multidimensional Framework of Capacity in Community Sport Clubs"", ""seeded_from"": ""PPBF research program 2026-08-07""}",{{SEED_ACCOUNT_ID}},platform_owner
src_151df2159616cb25,{{PPBF_ORG_ID}},A Case Study of Organizational Capacity in Nonprofit Community Sport,Journal of Sport Management,peer_reviewed,3,https://doi.org/10.1123/jsm.23.4.457,2009-01-01,active,pending_review,unverified,"{""identifier_kind"": ""doi"", ""identifier"": ""10.1123/jsm.23.4.457"", ""verification_status"": ""RESOLVED"", ""verified_title"": ""A Case Study of Organizational Capacity in Nonprofit Community Sport"", ""seeded_from"": ""PPBF research program 2026-08-07""}",{{SEED_ACCOUNT_ID}},platform_owner
src_89e597e20311e030,{{PPBF_ORG_ID}},Understanding the Importance of Organizational Resources to Explain Organizational Problems: Evidence from Nonprofit Sport Clubs in Germany,Voluntas: International Journal of Voluntary and Nonprofit Organizations,peer_reviewed,3,https://doi.org/10.1007/s11266-012-9272-2,2013-01-01,active,pending_review,unverified,"{""identifier_kind"": ""doi"", ""identifier"": ""10.1007/s11266-012-9272-2"", ""verification_status"": ""RESOLVED"", ""verified_title"": ""Understanding the Importance of Organizational Resources to Explain Organizational Problems: Evidence from Nonprofit Sport Clubs in Germany"", ""seeded_from"": ""PPBF research program 2026-08-07""}",{{SEED_ACCOUNT_ID}},platform_owner
src_93af47d90fbfe018,{{PPBF_ORG_ID}},"Volunteer roles, involvement and commitment in voluntary sport organizations: evidence of core and peripheral volunteers",Sport in Society,peer_reviewed,3,https://doi.org/10.1080/17430437.2013.828902,2013-01-01,active,pending_review,unverified,"{""identifier_kind"": ""doi"", ""identifier"": ""10.1080/17430437.2013.828902"", ""verification_status"": ""RESOLVED"", ""verified_title"": ""Chronic pain in the classroom: teachers' attributions about the causes of chronic pain."", ""seeded_from"": ""PPBF research program 2026-08-07""}",{{SEED_ACCOUNT_ID}},platform_owner
src_c891d042e73af753,{{PPBF_ORG_ID}},Exploring the Influence of the Community-Based Sports Club Environment on the Support and Development of Volunteer Women Coaches in Ireland.,Frontiers in sports and active living,peer_reviewed,3,https://pubmed.ncbi.nlm.nih.gov/35434613/,2022-01-01,active,pending_review,unverified,"{""identifier_kind"": ""pmid"", ""identifier"": ""35434613"", ""verification_status"": ""RESOLVED"", ""verified_title"": ""Exploring the Influence of the Community-Based Sports Club Environment on the Support and Development of Volunteer Women Coaches in Ireland."", ""seeded_from"": ""PPBF research program 2026-08-07""}",{{SEED_ACCOUNT_ID}},platform_owner
src_9f811b4b02422155,{{PPBF_ORG_ID}},Peer volunteers improve long-term maintenance of physical activity with older adults: a randomized controlled trial.,Journal of physical activity & health,peer_reviewed,3,https://pubmed.ncbi.nlm.nih.gov/21918240/,2011-01-01,active,pending_review,unverified,"{""identifier_kind"": ""pmid"", ""identifier"": ""21918240"", ""verification_status"": ""RESOLVED"", ""verified_title"": ""Peer volunteers improve long-term maintenance of physical activity with older adults: a randomized controlled trial."", ""seeded_from"": ""PPBF research program 2026-08-07""}",{{SEED_ACCOUNT_ID}},platform_owner
src_ced853402392c631,{{PPBF_ORG_ID}},Feasibility of a school-based peer-led high-intensity interval training intervention: the Young Fitness Leaders project.,BMC public health,peer_reviewed,3,https://pubmed.ncbi.nlm.nih.gov/41735920/,2026-01-01,active,pending_review,unverified,"{""identifier_kind"": ""pmid"", ""identifier"": ""41735920"", ""verification_status"": ""RESOLVED"", ""verified_title"": ""Feasibility of a school-based peer-led high-intensity interval training intervention: the Young Fitness Leaders project."", ""seeded_from"": ""PPBF research program 2026-08-07""}",{{SEED_ACCOUNT_ID}},platform_owner
src_5cdafb754e8ca385,{{PPBF_ORG_ID}},The influence of trained peer tutoring on tutors' motivation and performance in a French boxing setting.,Journal of sports sciences,peer_reviewed,3,https://pubmed.ncbi.nlm.nih.gov/12848388/,2003-01-01,active,pending_review,unverified,"{""identifier_kind"": ""pmid"", ""identifier"": ""12848388"", ""verification_status"": ""RESOLVED"", ""verified_title"": ""The influence of trained peer tutoring on tutors' motivation and performance in a French boxing setting."", ""seeded_from"": ""PPBF research program 2026-08-07""}",{{SEED_ACCOUNT_ID}},platform_owner
src_1bbeb236ad71b26f,{{PPBF_ORG_ID}},"Barriers and facilitators to structured, out-of-school physical activity participation among rural youth in the United States: a systematic review.",BMC public health,peer_reviewed,2,https://pubmed.ncbi.nlm.nih.gov/41620730/,2026-01-01,active,pending_review,unverified,"{""identifier_kind"": ""pmid"", ""identifier"": ""41620730"", ""verification_status"": ""RESOLVED"", ""verified_title"": ""Barriers and facilitators to structured, out-of-school physical activity participation among rural youth in the United States: a systematic review."", ""seeded_from"": ""PPBF research program 2026-08-07""}",{{SEED_ACCOUNT_ID}},platform_owner
src_fbaf12d18432227e,{{PPBF_ORG_ID}},Socioeconomic Inequities in Youth Participation in Physical Activity and Sports.,International journal of environmental research and public health,peer_reviewed,3,https://pubmed.ncbi.nlm.nih.gov/34209544/,2021-01-01,active,pending_review,unverified,"{""identifier_kind"": ""pmid"", ""identifier"": ""34209544"", ""verification_status"": ""RESOLVED"", ""verified_title"": ""Socioeconomic Inequities in Youth Participation in Physical Activity and Sports."", ""seeded_from"": ""PPBF research program 2026-08-07""}",{{SEED_ACCOUNT_ID}},platform_owner
src_46ba604cf1720ba2,{{PPBF_ORG_ID}},Parental awareness and engagement in the Active Kids program across socioeconomic groups.,Journal of science and medicine in sport,peer_reviewed,3,https://pubmed.ncbi.nlm.nih.gov/32061526/,2020-01-01,active,pending_review,unverified,"{""identifier_kind"": ""pmid"", ""identifier"": ""32061526"", ""verification_status"": ""RESOLVED"", ""verified_title"": ""Parental awareness and engagement in the Active Kids program across socioeconomic groups."", ""seeded_from"": ""PPBF research program 2026-08-07""}",{{SEED_ACCOUNT_ID}},platform_owner
src_f6a3286715f21aea,{{PPBF_ORG_ID}},Reducing financial barriers through the implementation of voucher incentives to promote children's participation in community sport in Australia.,BMC public health,other,4,https://pubmed.ncbi.nlm.nih.gov/31910846/,2020-01-01,active,pending_review,unverified,"{""identifier_kind"": ""pmid"", ""identifier"": ""31910846"", ""verification_status"": ""RESOLVED"", ""verified_title"": ""Reducing financial barriers through the implementation of voucher incentives to promote children's participation in community sport in Australia."", ""seeded_from"": ""PPBF research program 2026-08-07""}",{{SEED_ACCOUNT_ID}},platform_owner
src_00b835c851b5419b,{{PPBF_ORG_ID}},Parental perceptions of barriers to children's participation in organised sport in Australia.,Journal of paediatrics and child health,clinical_guideline,1,https://pubmed.ncbi.nlm.nih.gov/20105247/,2010-01-01,active,pending_review,unverified,"{""identifier_kind"": ""pmid"", ""identifier"": ""20105247"", ""verification_status"": ""RESOLVED"", ""verified_title"": ""Parental perceptions of barriers to children's participation in organised sport in Australia."", ""seeded_from"": ""PPBF research program 2026-08-07""}",{{SEED_ACCOUNT_ID}},platform_owner
src_ec94dd971496f030,{{PPBF_ORG_ID}},"Barriers and facilitators of sports participation among rural-dwelling, Hispanic girls in southwestern United States: a qualitative study.",BMC public health,peer_reviewed,3,https://pubmed.ncbi.nlm.nih.gov/41469629/,2025-01-01,active,pending_review,unverified,"{""identifier_kind"": ""pmid"", ""identifier"": ""41469629"", ""verification_status"": ""RESOLVED"", ""verified_title"": ""Barriers and facilitators of sports participation among rural-dwelling, Hispanic girls in southwestern United States: a qualitative study."", ""seeded_from"": ""PPBF research program 2026-08-07""}",{{SEED_ACCOUNT_ID}},platform_owner
src_5240d5e5e44d32f9,{{PPBF_ORG_ID}},Afterschool shared use of public school facilities for physical activity in North Carolina.,Preventive medicine,peer_reviewed,3,https://pubmed.ncbi.nlm.nih.gov/25451325/,2014-01-01,active,pending_review,unverified,"{""identifier_kind"": ""pmid"", ""identifier"": ""25451325"", ""verification_status"": ""RESOLVED"", ""verified_title"": ""Afterschool shared use of public school facilities for physical activity in North Carolina."", ""seeded_from"": ""PPBF research program 2026-08-07""}",{{SEED_ACCOUNT_ID}},platform_owner
src_5ecec8ed8b988f54,{{PPBF_ORG_ID}},Shared use agreements and leisure time physical activity in North Carolina public schools.,Preventive medicine,other,4,https://pubmed.ncbi.nlm.nih.gov/27568234/,2017-01-01,active,pending_review,unverified,"{""identifier_kind"": ""pmid"", ""identifier"": ""27568234"", ""verification_status"": ""RESOLVED"", ""verified_title"": ""Shared use agreements and leisure time physical activity in North Carolina public schools."", ""seeded_from"": ""PPBF research program 2026-08-07""}",{{SEED_ACCOUNT_ID}},platform_owner
src_7e8ba4704b79f29f,{{PPBF_ORG_ID}},Longitudinal Analysis of Shared Use of School Physical Activity Facilities in 4 Low-Income Cities in New Jersey From 2010 to 2020.,Journal of physical activity & health,peer_reviewed,3,https://pubmed.ncbi.nlm.nih.gov/40550499/,2025-01-01,active,pending_review,unverified,"{""identifier_kind"": ""pmid"", ""identifier"": ""40550499"", ""verification_status"": ""RESOLVED"", ""verified_title"": ""Longitudinal Analysis of Shared Use of School Physical Activity Facilities in 4 Low-Income Cities in New Jersey From 2010 to 2020."", ""seeded_from"": ""PPBF research program 2026-08-07""}",{{SEED_ACCOUNT_ID}},platform_owner
src_385ec3449ad0c4de,{{PPBF_ORG_ID}},"Opening the Doors for Health: School Administrators' Perceived Benefits, Barriers, and Needs Related to Shared Use of School Recreational Facilities for Physical Activity.",Journal of physical activity & health,peer_reviewed,3,https://pubmed.ncbi.nlm.nih.gov/25153851/,2015-01-01,active,pending_review,unverified,"{""identifier_kind"": ""pmid"", ""identifier"": ""25153851"", ""verification_status"": ""RESOLVED"", ""verified_title"": ""Opening the Doors for Health: School Administrators' Perceived Benefits, Barriers, and Needs Related to Shared Use of School Recreational Facilities for Physical Activity."", ""seeded_from"": ""PPBF research program 2026-08-07""}",{{SEED_ACCOUNT_ID}},platform_owner
src_12f9705eca563ce6,{{PPBF_ORG_ID}},"Safeguarding the child athlete in sport: a review, a framework and recommendations for the IOC youth athlete development model.",British journal of sports medicine,peer_reviewed,1,https://pubmed.ncbi.nlm.nih.gov/26084527/,2015-01-01,active,pending_review,unverified,"{""identifier_kind"": ""pmid"", ""identifier"": ""26084527"", ""verification_status"": ""RESOLVED"", ""verified_title"": ""Safeguarding the child athlete in sport: a review, a framework and recommendations for the IOC youth athlete development model."", ""seeded_from"": ""PPBF research program 2026-08-07""}",{{SEED_ACCOUNT_ID}},platform_owner
src_8cff9dd97443ad40,{{PPBF_ORG_ID}},Interpersonal violence against children in sport in the Netherlands and Belgium.,Child abuse & neglect,other,3,https://pubmed.ncbi.nlm.nih.gov/26516053/,2016-01-01,active,pending_review,unverified,"{""identifier_kind"": ""pmid"", ""identifier"": ""26516053"", ""verification_status"": ""RESOLVED"", ""verified_title"": ""Interpersonal violence against children in sport in the Netherlands and Belgium."", ""seeded_from"": ""PPBF research program 2026-08-07""}",{{SEED_ACCOUNT_ID}},platform_owner
src_f07172615d0e13b4,{{PPBF_ORG_ID}},Profiling perpetrators of interpersonal violence against children in sport based on a victim survey.,Child abuse & neglect,other,4,https://pubmed.ncbi.nlm.nih.gov/27923185/,2017-01-01,active,pending_review,unverified,"{""identifier_kind"": ""pmid"", ""identifier"": ""27923185"", ""verification_status"": ""RESOLVED"", ""verified_title"": ""Profiling perpetrators of interpersonal violence against children in sport based on a victim survey."", ""seeded_from"": ""PPBF research program 2026-08-07""}",{{SEED_ACCOUNT_ID}},platform_owner
src_d12af82f7f28d468,{{PPBF_ORG_ID}},Severe interpersonal violence against children in sport: Associated mental health problems and quality of life in adulthood.,Child abuse & neglect,peer_reviewed,3,https://pubmed.ncbi.nlm.nih.gov/29253798/,2018-01-01,active,pending_review,unverified,"{""identifier_kind"": ""pmid"", ""identifier"": ""29253798"", ""verification_status"": ""RESOLVED"", ""verified_title"": ""Severe interpersonal violence against children in sport: Associated mental health problems and quality of life in adulthood."", ""seeded_from"": ""PPBF research program 2026-08-07""}",{{SEED_ACCOUNT_ID}},platform_owner
src_22bf9bfac3f44740,{{PPBF_ORG_ID}},Gender Differences in Sports-Related Child Maltreatment: A Systematic Review.,"Trauma, violence & abuse",peer_reviewed,2,https://pubmed.ncbi.nlm.nih.gov/41014171/,2025-01-01,active,pending_review,unverified,"{""identifier_kind"": ""pmid"", ""identifier"": ""41014171"", ""verification_status"": ""RESOLVED"", ""verified_title"": ""Gender Differences in Sports-Related Child Maltreatment: A Systematic Review."", ""seeded_from"": ""PPBF research program 2026-08-07""}",{{SEED_ACCOUNT_ID}},platform_owner
src_0260b5ec8d8c43b6,{{PPBF_ORG_ID}},Recommendations for Preventing Child Sexual Abuse in Youth-Serving Organizations: Implications From an Australian Royal Commission Review of the Literature.,Journal of interpersonal violence,governing_body,1,https://pubmed.ncbi.nlm.nih.gov/31488027/,2019-01-01,active,pending_review,unverified,"{""identifier_kind"": ""pmid"", ""identifier"": ""31488027"", ""verification_status"": ""RESOLVED"", ""verified_title"": ""Recommendations for Preventing Child Sexual Abuse in Youth-Serving Organizations: Implications From an Australian Royal Commission Review of the Literature."", ""seeded_from"": ""PPBF research program 2026-08-07""}",{{SEED_ACCOUNT_ID}},platform_owner
src_47825ad7087bdf72,{{PPBF_ORG_ID}},Why Didn't They Intervene? Examining the Role of Guardianship in Preventing Institutional Child Sexual Abuse.,Journal of child sexual abuse,governing_body,1,https://pubmed.ncbi.nlm.nih.gov/36225125/,2022-01-01,active,pending_review,unverified,"{""identifier_kind"": ""pmid"", ""identifier"": ""36225125"", ""verification_status"": ""RESOLVED"", ""verified_title"": ""Why Didn't They Intervene? Examining the Role of Guardianship in Preventing Institutional Child Sexual Abuse."", ""seeded_from"": ""PPBF research program 2026-08-07""}",{{SEED_ACCOUNT_ID}},platform_owner
src_26f66c9b5400d0fb,{{PPBF_ORG_ID}},Ten predictions of the future of electronic medical record systems.,Hospital quarterly,governing_body,1,https://pubmed.ncbi.nlm.nih.gov/10538712/,1999-01-01,active,pending_review,unverified,"{""identifier_kind"": ""pmid"", ""identifier"": ""10538712"", ""verification_status"": ""RESOLVED"", ""verified_title"": ""Why Didn't They Intervene? Examining the Role of Guardianship in Preventing Institutional Child Sexual Abuse."", ""seeded_from"": ""PPBF research program 2026-08-07""}",{{SEED_ACCOUNT_ID}},platform_owner
src_78b11092915d061d,{{PPBF_ORG_ID}},Brain neurotransmitter changes in three patients who had a fatal hyperthermia syndrome.,The American journal of psychiatry,governing_body,1,https://pubmed.ncbi.nlm.nih.gov/2133042/,1990-01-01,active,pending_review,unverified,"{""identifier_kind"": ""pmid"", ""identifier"": ""2133042"", ""verification_status"": ""RESOLVED"", ""verified_title"": ""Why Didn't They Intervene? Examining the Role of Guardianship in Preventing Institutional Child Sexual Abuse."", ""seeded_from"": ""PPBF research program 2026-08-07""}",{{SEED_ACCOUNT_ID}},platform_owner
src_69a96e127eb58eb0,{{PPBF_ORG_ID}},"Saul & Audage, Preventing Child Sexual Abuse Within Youth-Serving Organizations: Getting Started on Policies and Procedures, CDC, 2007",,governing_body,1,https://stacks.cdc.gov/view/cdc/7538,,active,pending_review,unverified,"{""identifier_kind"": ""url"", ""identifier"": ""https://stacks.cdc.gov/view/cdc/7538"", ""verification_status"": ""NON_INDEXED_SOURCE"", ""verified_title"": """", ""seeded_from"": ""PPBF research program 2026-08-07""}",{{SEED_ACCOUNT_ID}},platform_owner
src_208e2c4254ccdd74,{{PPBF_ORG_ID}},"U.S. Center for SafeSport, Minor Athlete Abuse Prevention Policies (MAAPP); USOPC MAAPP",,governing_body,1,https://maapp.uscenterforsafesport.org/how-it-works/,,active,pending_review,unverified,"{""identifier_kind"": ""url"", ""identifier"": ""https://maapp.uscenterforsafesport.org/how-it-works/"", ""verification_status"": ""NON_INDEXED_SOURCE"", ""verified_title"": """", ""seeded_from"": ""PPBF research program 2026-08-07""}",{{SEED_ACCOUNT_ID}},platform_owner
src_26425ef6a8e260a0,{{PPBF_ORG_ID}},USA Boxing membership and coach pages; USA Boxing National Rule Book,,governing_body,1,https://www.usaboxing.org/membership,,active,pending_review,unverified,"{""identifier_kind"": ""url"", ""identifier"": ""https://www.usaboxing.org/membership"", ""verification_status"": ""NON_INDEXED_SOURCE"", ""verified_title"": """", ""seeded_from"": ""PPBF research program 2026-08-07""}",{{SEED_ACCOUNT_ID}},platform_owner
src_ca8b1f0a1617dd3e,{{PPBF_ORG_ID}},USA Boxing National Rule Book (2022 and 2025 editions),,governing_body,1,https://usamastersboxing.com/wp-content/uploads/2025/03/USA-Boxing-National-Rulebook.pdf,,active,pending_review,unverified,"{""identifier_kind"": ""url"", ""identifier"": ""https://usamastersboxing.com/wp-content/uploads/2025/03/USA-Boxing-National-Rulebook.pdf"", ""verification_status"": ""NON_INDEXED_SOURCE"", ""verified_title"": """", ""seeded_from"": ""PPBF research program 2026-08-07""}",{{SEED_ACCOUNT_ID}},platform_owner
src_ef3c21eb690668cb,{{PPBF_ORG_ID}},England Boxing Rule Book (2020 additions; 2022/23 rule master); England Boxing Safeguarding Policy,,governing_body,1,https://www.englandboxing.org/wp-content/uploads/2020/07/2020-EB-Rule-Book-updates-and-new-rules.pdf,,active,pending_review,unverified,"{""identifier_kind"": ""url"", ""identifier"": ""https://www.englandboxing.org/wp-content/uploads/2020/07/2020-EB-Rule-Book-updates-and-new-rules.pdf"", ""verification_status"": ""NON_INDEXED_SOURCE"", ""verified_title"": """", ""seeded_from"": ""PPBF research program 2026-08-07""}",{{SEED_ACCOUNT_ID}},platform_owner
src_04006e3a6a23a37a,{{PPBF_ORG_ID}},"England Boxing, Disclosure and Barring Service (DBS) page; England Boxing Rule Book",,governing_body,1,https://www.englandboxing.org/clubs/disclosure-and-barring-service/,,active,pending_review,unverified,"{""identifier_kind"": ""url"", ""identifier"": ""https://www.englandboxing.org/clubs/disclosure-and-barring-service/"", ""verification_status"": ""NON_INDEXED_SOURCE"", ""verified_title"": """", ""seeded_from"": ""PPBF research program 2026-08-07""}",{{SEED_ACCOUNT_ID}},platform_owner
src_80564dc228215c96,{{PPBF_ORG_ID}},"Pennsylvania Child Protective Services Law (Act 153 of 2014, as amended by Act 15 of 2015); PA Department of Human Services, Child Abuse Clearances",,governing_body,1,https://www.pa.gov/agencies/dhs/resources/keep-kids-safe/child-abuse-clearances,,active,pending_review,unverified,"{""identifier_kind"": ""url"", ""identifier"": ""https://www.pa.gov/agencies/dhs/resources/keep-kids-safe/child-abuse-clearances"", ""verification_status"": ""NON_INDEXED_SOURCE"", ""verified_title"": """", ""seeded_from"": ""PPBF research program 2026-08-07""}",{{SEED_ACCOUNT_ID}},platform_owner
src_862aa0128192cb47,{{PPBF_ORG_ID}},55 Pa. Code § 3270.51 (Similar age level); 55 Pa. Code § 3270.54 (minimum number of facility persons),,governing_body,1,https://www.pacodeandbulletin.gov/Display/pacode?file=%2Fsecure%2Fpacode%2Fdata%2F055%2Fchapter3270%2Fs3270.51.html,,active,pending_review,unverified,"{""identifier_kind"": ""url"", ""identifier"": ""https://www.pacodeandbulletin.gov/Display/pacode?file=%2Fsecure%2Fpacode%2Fdata%2F055%2Fchapter3270%2Fs3270.51.html"", ""verification_status"": ""NON_INDEXED_SOURCE"", ""verified_title"": """", ""seeded_from"": ""PPBF research program 2026-08-07""}",{{SEED_ACCOUNT_ID}},platform_owner
src_a572532c32a4b437,{{PPBF_ORG_ID}},INSUFFICIENT EVIDENCE — no qualifying source located,,other,5,,,active,pending_review,unverified,"{""identifier_kind"": ""noid"", ""identifier"": ""B1-047"", ""verification_status"": ""NO_IDENTIFIER_BY_DESIGN"", ""verified_title"": """", ""seeded_from"": ""PPBF research program 2026-08-07""}",{{SEED_ACCOUNT_ID}},platform_owner
src_bcc55f58579963f5,{{PPBF_ORG_ID}},RE-AIM Planning and Evaluation Framework: Adapting to New Science and Practice With a 20-Year Review.,Frontiers in public health,peer_reviewed,3,https://pubmed.ncbi.nlm.nih.gov/30984733/,2019-01-01,active,pending_review,unverified,"{""identifier_kind"": ""pmid"", ""identifier"": ""30984733"", ""verification_status"": ""RESOLVED"", ""verified_title"": ""RE-AIM Planning and Evaluation Framework: Adapting to New Science and Practice With a 20-Year Review."", ""seeded_from"": ""PPBF research program 2026-08-07""}",{{SEED_ACCOUNT_ID}},platform_owner
src_188f84b02852a7fd,{{PPBF_ORG_ID}},"Evaluation of physical activity interventions in children via the reach, efficacy/effectiveness, adoption, implementation, and maintenance (RE-AIM) framework: A systematic review of randomized and non-randomized trials.",Preventive medicine,peer_reviewed,2,https://pubmed.ncbi.nlm.nih.gov/26582207/,2016-01-01,active,pending_review,unverified,"{""identifier_kind"": ""pmid"", ""identifier"": ""26582207"", ""verification_status"": ""RESOLVED"", ""verified_title"": ""Evaluation of physical activity interventions in children via the reach, efficacy/effectiveness, adoption, implementation, and maintenance (RE-AIM) framework: A systematic review of randomized and non-randomized trials."", ""seeded_from"": ""PPBF research program 2026-08-07""}",{{SEED_ACCOUNT_ID}},platform_owner
src_1f855fe1ce421e55,{{PPBF_ORG_ID}},Implementation and Maintenance of a Community-Based Older Adult Physical Activity Program.,The Gerontologist,peer_reviewed,3,https://pubmed.ncbi.nlm.nih.gov/26035891/,2016-01-01,active,pending_review,unverified,"{""identifier_kind"": ""pmid"", ""identifier"": ""26035891"", ""verification_status"": ""RESOLVED"", ""verified_title"": ""Implementation and Maintenance of a Community-Based Older Adult Physical Activity Program."", ""seeded_from"": ""PPBF research program 2026-08-07""}",{{SEED_ACCOUNT_ID}},platform_owner
src_63b9f0262053bb2b,{{PPBF_ORG_ID}},Mixed method evaluation of a community-based physical activity program using the RE-AIM framework: practical application in a real-world setting.,BMC public health,other,4,https://pubmed.ncbi.nlm.nih.gov/26545582/,2015-01-01,active,pending_review,unverified,"{""identifier_kind"": ""pmid"", ""identifier"": ""26545582"", ""verification_status"": ""RESOLVED"", ""verified_title"": ""Mixed method evaluation of a community-based physical activity program using the RE-AIM framework: practical application in a real-world setting."", ""seeded_from"": ""PPBF research program 2026-08-07""}",{{SEED_ACCOUNT_ID}},platform_owner
src_991ddd9a154dbd00,{{PPBF_ORG_ID}},Effectiveness of capacity building interventions relevant to public health practice: a systematic review.,BMC public health,peer_reviewed,2,https://pubmed.ncbi.nlm.nih.gov/29859075/,2018-01-01,active,pending_review,unverified,"{""identifier_kind"": ""pmid"", ""identifier"": ""29859075"", ""verification_status"": ""RESOLVED"", ""verified_title"": ""Effectiveness of capacity building interventions relevant to public health practice: a systematic review."", ""seeded_from"": ""PPBF research program 2026-08-07""}",{{SEED_ACCOUNT_ID}},platform_owner
src_2e6c02ad4a091eb2,{{PPBF_ORG_ID}},Community Capacity Building for Physical Activity Promotion among Older Adults-A Literature Review.,International journal of environmental research and public health,peer_reviewed,3,https://pubmed.ncbi.nlm.nih.gov/28902146/,2017-01-01,active,pending_review,unverified,"{""identifier_kind"": ""pmid"", ""identifier"": ""28902146"", ""verification_status"": ""RESOLVED"", ""verified_title"": ""Community Capacity Building for Physical Activity Promotion among Older Adults-A Literature Review."", ""seeded_from"": ""PPBF research program 2026-08-07""}",{{SEED_ACCOUNT_ID}},platform_owner
src_f4f932d12a315363,{{PPBF_ORG_ID}},Levels and predictors of exercise referral scheme uptake and adherence: a systematic review.,Journal of epidemiology and community health,peer_reviewed,2,https://pubmed.ncbi.nlm.nih.gov/22493474/,2012-01-01,active,pending_review,unverified,"{""identifier_kind"": ""pmid"", ""identifier"": ""22493474"", ""verification_status"": ""RESOLVED"", ""verified_title"": ""Levels and predictors of exercise referral scheme uptake and adherence: a systematic review."", ""seeded_from"": ""PPBF research program 2026-08-07""}",{{SEED_ACCOUNT_ID}},platform_owner
src_61bf595a2a46f53f,{{PPBF_ORG_ID}},The Continued Use of Mobile Health Apps: Insights From a Longitudinal Study.,JMIR mHealth and uHealth,peer_reviewed,3,https://pubmed.ncbi.nlm.nih.gov/31469081/,2019-01-01,active,pending_review,unverified,"{""identifier_kind"": ""pmid"", ""identifier"": ""31469081"", ""verification_status"": ""RESOLVED"", ""verified_title"": ""The Continued Use of Mobile Health Apps: Insights From a Longitudinal Study."", ""seeded_from"": ""PPBF research program 2026-08-07""}",{{SEED_ACCOUNT_ID}},platform_owner
src_b403e680964fd313,{{PPBF_ORG_ID}},Predicting Dropouts From an Electronic Health Platform for Lifestyle Interventions: Analysis of Methods and Predictors.,Journal of medical Internet research,peer_reviewed,3,https://pubmed.ncbi.nlm.nih.gov/31486409/,2019-01-01,active,pending_review,unverified,"{""identifier_kind"": ""pmid"", ""identifier"": ""31486409"", ""verification_status"": ""RESOLVED"", ""verified_title"": ""Predicting Dropouts From an Electronic Health Platform for Lifestyle Interventions: Analysis of Methods and Predictors."", ""seeded_from"": ""PPBF research program 2026-08-07""}",{{SEED_ACCOUNT_ID}},platform_owner
src_99d366be11254ab8,{{PPBF_ORG_ID}},A Scoping Review of Inclusive Out-of-School Time Physical Activity Programs for Children and Youth With Physical Disabilities.,Adapted physical activity quarterly : APAQ,peer_reviewed,3,https://pubmed.ncbi.nlm.nih.gov/29338295/,2018-01-01,active,pending_review,unverified,"{""identifier_kind"": ""pmid"", ""identifier"": ""29338295"", ""verification_status"": ""RESOLVED"", ""verified_title"": ""A Scoping Review of Inclusive Out-of-School Time Physical Activity Programs for Children and Youth With Physical Disabilities."", ""seeded_from"": ""PPBF research program 2026-08-07""}",{{SEED_ACCOUNT_ID}},platform_owner
src_bf70873bc724a099,{{PPBF_ORG_ID}},Development and Pilot Testing of the Disability Awareness Training and Education Program Among Community-Based Group Fitness Instructors.,Adapted physical activity quarterly : APAQ,other,4,https://pubmed.ncbi.nlm.nih.gov/36720236/,2023-01-01,active,pending_review,unverified,"{""identifier_kind"": ""pmid"", ""identifier"": ""36720236"", ""verification_status"": ""RESOLVED"", ""verified_title"": ""Development and Pilot Testing of the Disability Awareness Training and Education Program Among Community-Based Group Fitness Instructors."", ""seeded_from"": ""PPBF research program 2026-08-07""}",{{SEED_ACCOUNT_ID}},platform_owner
src_09e8bbc441c6afb9,{{PPBF_ORG_ID}},Boxing for Parkinson's Disease: Has Implementation Accelerated Beyond Current Evidence?,Frontiers in neurology,peer_reviewed,2,https://pubmed.ncbi.nlm.nih.gov/31866923/,2019-01-01,active,pending_review,unverified,"{""identifier_kind"": ""pmid"", ""identifier"": ""31866923"", ""verification_status"": ""RESOLVED"", ""verified_title"": ""Boxing for Parkinson's Disease: Has Implementation Accelerated Beyond Current Evidence?"", ""seeded_from"": ""PPBF research program 2026-08-07""}",{{SEED_ACCOUNT_ID}},platform_owner
src_d7770a07031fe080,{{PPBF_ORG_ID}},Implementation of a Community-Based Exercise Program for Parkinson Patients: Using Boxing as an Example.,Journal of Parkinson's disease,peer_reviewed,3,https://pubmed.ncbi.nlm.nih.gov/31282426/,2019-01-01,active,pending_review,unverified,"{""identifier_kind"": ""pmid"", ""identifier"": ""31282426"", ""verification_status"": ""RESOLVED"", ""verified_title"": ""Implementation of a Community-Based Exercise Program for Parkinson Patients: Using Boxing as an Example."", ""seeded_from"": ""PPBF research program 2026-08-07""}",{{SEED_ACCOUNT_ID}},platform_owner
src_e35814038155df68,{{PPBF_ORG_ID}},High satisfaction and improved quality of life with Rock Steady Boxing in Parkinson's disease: results of a large-scale survey.,Disability and rehabilitation,peer_reviewed,3,https://pubmed.ncbi.nlm.nih.gov/34498995/,2022-01-01,active,pending_review,unverified,"{""identifier_kind"": ""pmid"", ""identifier"": ""34498995"", ""verification_status"": ""RESOLVED"", ""verified_title"": ""High satisfaction and improved quality of life with Rock Steady Boxing in Parkinson's disease: results of a large-scale survey."", ""seeded_from"": ""PPBF research program 2026-08-07""}",{{SEED_ACCOUNT_ID}},platform_owner
src_d27f8e431727c2e7,{{PPBF_ORG_ID}},[The molecular mechanisms of the interaction of hormonal receptors coupled with G-proteins].,Fiziologicheskii zhurnal SSSR imeni I. M. Sechenova,peer_reviewed,3,https://pubmed.ncbi.nlm.nih.gov/1963854/,1990-01-01,active,pending_review,unverified,"{""identifier_kind"": ""pmid"", ""identifier"": ""1963854"", ""verification_status"": ""RESOLVED"", ""verified_title"": ""High satisfaction and improved quality of life with Rock Steady Boxing in Parkinson's disease: results of a large-scale survey."", ""seeded_from"": ""PPBF research program 2026-08-07""}",{{SEED_ACCOUNT_ID}},platform_owner
src_1d566373417c6777,{{PPBF_ORG_ID}},A Community-based Boxing Program is Associated with Improved Balance in Individuals with Parkinson's Disease.,International journal of exercise science,peer_reviewed,3,https://pubmed.ncbi.nlm.nih.gov/35096235/,2021-01-01,active,pending_review,unverified,"{""identifier_kind"": ""pmid"", ""identifier"": ""35096235"", ""verification_status"": ""RESOLVED"", ""verified_title"": ""A Community-based Boxing Program is Associated with Improved Balance in Individuals with Parkinson's Disease."", ""seeded_from"": ""PPBF research program 2026-08-07""}",{{SEED_ACCOUNT_ID}},platform_owner
src_a58847ce2f510c4e,{{PPBF_ORG_ID}},Mindfulness-based (non-contact) boxing therapy (MBBT) for depression and anxiety: A feasibility study.,PloS one,other,4,https://pubmed.ncbi.nlm.nih.gov/39913542/,2025-01-01,active,pending_review,unverified,"{""identifier_kind"": ""pmid"", ""identifier"": ""39913542"", ""verification_status"": ""RESOLVED"", ""verified_title"": ""Mindfulness-based (non-contact) boxing therapy (MBBT) for depression and anxiety: A feasibility study."", ""seeded_from"": ""PPBF research program 2026-08-07""}",{{SEED_ACCOUNT_ID}},platform_owner
src_6c898f8f74bc6185,{{PPBF_ORG_ID}},"How to minimise the health risks to athletes who compete in weight-sensitive sports review and position statement on behalf of the Ad Hoc Research Working Group on Body Composition, Health and Performance, under the auspices of the IOC Medical Commission.",British journal of sports medicine,governing_body,1,https://pubmed.ncbi.nlm.nih.gov/24115480/,2013-01-01,active,pending_review,unverified,"{""identifier_kind"": ""pmid"", ""identifier"": ""24115480"", ""verification_status"": ""RESOLVED"", ""verified_title"": ""How to minimise the health risks to athletes who compete in weight-sensitive sports review and position statement on behalf of the Ad Hoc Research Working Group on Body Composition, Health and Performance, under the auspices of the IOC Medical Commission."", ""seeded_from"": ""PPBF research program 2026-08-07""}",{{SEED_ACCOUNT_ID}},platform_owner
src_ef24e9614021e2df,{{PPBF_ORG_ID}},"Resistance training among young athletes: safety, efficacy and injury prevention effects.",British journal of sports medicine,peer_reviewed,4,https://pubmed.ncbi.nlm.nih.gov/19945973/,2010-01-01,active,pending_review,unverified,"{""identifier_kind"": ""pmid"", ""identifier"": ""19945973"", ""verification_status"": ""RESOLVED"", ""verified_title"": ""Youth resistance training: updated position statement paper from the national strength and conditioning association."", ""seeded_from"": ""PPBF research program 2026-08-07""}",{{SEED_ACCOUNT_ID}},platform_owner
src_76cf603d6c5f5e0c,{{PPBF_ORG_ID}},AOSSM Early Sport Specialization Consensus Statement.,Orthopaedic journal of sports medicine,clinical_guideline,1,https://pubmed.ncbi.nlm.nih.gov/27169132/,2016-01-01,active,pending_review,unverified,"{""identifier_kind"": ""pmid"", ""identifier"": ""27169132"", ""verification_status"": ""RESOLVED"", ""verified_title"": ""AOSSM Early Sport Specialization Consensus Statement."", ""seeded_from"": ""PPBF research program 2026-08-07""}",{{SEED_ACCOUNT_ID}},platform_owner
src_8e21787086195d95,{{PPBF_ORG_ID}},Defining a Research Agenda for Youth Sport Specialization in the United States: The AMSSM Youth Early Sport Specialization Summit.,Clinical journal of sport medicine : official journal of the Canadian Academy of Sport Medicine,clinical_guideline,1,https://pubmed.ncbi.nlm.nih.gov/33587486/,2021-01-01,active,pending_review,unverified,"{""identifier_kind"": ""pmid"", ""identifier"": ""33587486"", ""verification_status"": ""RESOLVED"", ""verified_title"": ""AOSSM Early Sport Specialization Consensus Statement."", ""seeded_from"": ""PPBF research program 2026-08-07""}",{{SEED_ACCOUNT_ID}},platform_owner
src_1f7e9b6a89a3bc96,{{PPBF_ORG_ID}},Characteristics of sports-based youth development programs.,New directions for youth development,other,4,https://pubmed.ncbi.nlm.nih.gov/17924435/,2007-01-01,active,pending_review,unverified,"{""identifier_kind"": ""pmid"", ""identifier"": ""17924435"", ""verification_status"": ""RESOLVED"", ""verified_title"": ""Characteristics of sports-based youth development programs."", ""seeded_from"": ""PPBF research program 2026-08-07""}",{{SEED_ACCOUNT_ID}},platform_owner
src_5a3fea257a696130,{{PPBF_ORG_ID}},The Impacts of Sports Schools on Holistic Athlete Development: A Mixed Methods Systematic Review.,"Sports medicine (Auckland, N.Z.)",peer_reviewed,2,https://pubmed.ncbi.nlm.nih.gov/35260992/,2022-01-01,active,pending_review,unverified,"{""identifier_kind"": ""pmid"", ""identifier"": ""35260992"", ""verification_status"": ""RESOLVED"", ""verified_title"": ""The Impacts of Sports Schools on Holistic Athlete Development: A Mixed Methods Systematic Review."", ""seeded_from"": ""PPBF research program 2026-08-07""}",{{SEED_ACCOUNT_ID}},platform_owner
src_2b395d36c5ce0895,{{PPBF_ORG_ID}},"Process evaluation of ""Girls on the Run"": exploring implementation in a physical activity-based positive youth development program.",Evaluation and program planning,other,4,https://pubmed.ncbi.nlm.nih.gov/24858574/,2014-01-01,active,pending_review,unverified,"{""identifier_kind"": ""pmid"", ""identifier"": ""24858574"", ""verification_status"": ""RESOLVED"", ""verified_title"": ""Process evaluation of \""Girls on the Run\"": exploring implementation in a physical activity-based positive youth development program."", ""seeded_from"": ""PPBF research program 2026-08-07""}",{{SEED_ACCOUNT_ID}},platform_owner
src_cce24252305703bf,{{PPBF_ORG_ID}},School-Based Physical Activity Program Implementation Is Enhanced With Support From Community-Based Partners.,The Journal of school health,peer_reviewed,3,https://pubmed.ncbi.nlm.nih.gov/39800562/,2025-01-01,active,pending_review,unverified,"{""identifier_kind"": ""pmid"", ""identifier"": ""39800562"", ""verification_status"": ""RESOLVED"", ""verified_title"": ""School-Based Physical Activity Program Implementation Is Enhanced With Support From Community-Based Partners."", ""seeded_from"": ""PPBF research program 2026-08-07""}",{{SEED_ACCOUNT_ID}},platform_owner
src_c2976368fd360f6f,{{PPBF_ORG_ID}},Barriers to the Implementation of State Concussion Laws Within High Schools.,The Journal of adolescent health : official publication of the Society for Adolescent Medicine,governing_body,1,https://pubmed.ncbi.nlm.nih.gov/31757625/,2020-01-01,active,pending_review,unverified,"{""identifier_kind"": ""pmid"", ""identifier"": ""31757625"", ""verification_status"": ""RESOLVED"", ""verified_title"": ""Barriers to the Implementation of State Concussion Laws Within High Schools."", ""seeded_from"": ""PPBF research program 2026-08-07""}",{{SEED_ACCOUNT_ID}},platform_owner
src_a4c728e773605e98,{{PPBF_ORG_ID}},Qualitative Evaluation of High School Implementation Strategies for Youth Sports Concussion Laws.,Journal of athletic training,governing_body,1,https://pubmed.ncbi.nlm.nih.gov/30284457/,2018-01-01,active,pending_review,unverified,"{""identifier_kind"": ""pmid"", ""identifier"": ""30284457"", ""verification_status"": ""RESOLVED"", ""verified_title"": ""Barriers to the Implementation of State Concussion Laws Within High Schools."", ""seeded_from"": ""PPBF research program 2026-08-07""}",{{SEED_ACCOUNT_ID}},platform_owner
src_3ace194fbb7934d5,{{PPBF_ORG_ID}},Variability in youth coach concussion education requirements across states.,"PM & R : the journal of injury, function, and rehabilitation",governing_body,1,https://pubmed.ncbi.nlm.nih.gov/39444245/,2025-01-01,active,pending_review,unverified,"{""identifier_kind"": ""pmid"", ""identifier"": ""39444245"", ""verification_status"": ""RESOLVED"", ""verified_title"": ""Barriers to the Implementation of State Concussion Laws Within High Schools."", ""seeded_from"": ""PPBF research program 2026-08-07""}",{{SEED_ACCOUNT_ID}},platform_owner
src_084b7a6c9b83fc87,{{PPBF_ORG_ID}},INSUFFICIENT EVIDENCE — no qualifying source located,,other,5,,,active,pending_review,unverified,"{""identifier_kind"": ""noid"", ""identifier"": ""B1-076"", ""verification_status"": ""NO_IDENTIFIER_BY_DESIGN"", ""verified_title"": """", ""seeded_from"": ""PPBF research program 2026-08-07""}",{{SEED_ACCOUNT_ID}},platform_owner
src_7283d46e75bf33ba,{{PPBF_ORG_ID}},INSUFFICIENT EVIDENCE — no qualifying source located,,other,5,,,active,pending_review,unverified,"{""identifier_kind"": ""noid"", ""identifier"": ""B1-077"", ""verification_status"": ""NO_IDENTIFIER_BY_DESIGN"", ""verified_title"": """", ""seeded_from"": ""PPBF research program 2026-08-07""}",{{SEED_ACCOUNT_ID}},platform_owner
src_c501afecf2b80b68,{{PPBF_ORG_ID}},INSUFFICIENT EVIDENCE — no qualifying source located,,other,5,,,active,pending_review,unverified,"{""identifier_kind"": ""noid"", ""identifier"": ""B1-078"", ""verification_status"": ""NO_IDENTIFIER_BY_DESIGN"", ""verified_title"": """", ""seeded_from"": ""PPBF research program 2026-08-07""}",{{SEED_ACCOUNT_ID}},platform_owner
src_d6b417084b7e4751,{{PPBF_ORG_ID}},INSUFFICIENT EVIDENCE — no qualifying source located,,other,5,,,active,pending_review,unverified,"{""identifier_kind"": ""noid"", ""identifier"": ""B1-079"", ""verification_status"": ""NO_IDENTIFIER_BY_DESIGN"", ""verified_title"": """", ""seeded_from"": ""PPBF research program 2026-08-07""}",{{SEED_ACCOUNT_ID}},platform_owner
src_bc54ea5329382128,{{PPBF_ORG_ID}},Derived from Donnelly et al. 2023 (PMID 37862081); England Boxing Rule Book; USA Boxing National Rule Book,,other,4,,,active,pending_review,unverified,"{""identifier_kind"": ""noid"", ""identifier"": ""B1-081"", ""verification_status"": ""NON_INDEXED_SOURCE"", ""verified_title"": """", ""seeded_from"": ""PPBF research program 2026-08-07""}",{{SEED_ACCOUNT_ID}},platform_owner
src_639e3746fb87c1f4,{{PPBF_ORG_ID}},Derived from Robbins et al. 2016 (PMID 27473613) and Whooten et al. 2020 (PMID 33006544),,other,4,,,active,pending_review,unverified,"{""identifier_kind"": ""noid"", ""identifier"": ""B1-082"", ""verification_status"": ""NON_INDEXED_SOURCE"", ""verified_title"": """", ""seeded_from"": ""PPBF research program 2026-08-07""}",{{SEED_ACCOUNT_ID}},platform_owner
src_bea776a3493dd897,{{PPBF_ORG_ID}},"PPBF_repo_context_pack.md, section 2 (Postgres pilot schema, 99 tables), retrieved 2026-08-07",,internal_policy,3,,,active,pending_review,unverified,"{""identifier_kind"": ""noid"", ""identifier"": ""B1-083"", ""verification_status"": ""NON_INDEXED_SOURCE"", ""verified_title"": """", ""seeded_from"": ""PPBF research program 2026-08-07""}",{{SEED_ACCOUNT_ID}},platform_owner
src_42bf1537a1f93ab2,{{PPBF_ORG_ID}},"PPBF_repo_context_pack.md, section 2, pilot.volunteers and pilot.staff rows",,internal_policy,3,,,active,pending_review,unverified,"{""identifier_kind"": ""noid"", ""identifier"": ""B1-084"", ""verification_status"": ""NON_INDEXED_SOURCE"", ""verified_title"": """", ""seeded_from"": ""PPBF research program 2026-08-07""}",{{SEED_ACCOUNT_ID}},platform_owner
src_d596d833bbdd0e67,{{PPBF_ORG_ID}},"PPBF_repo_context_pack.md, sections 2 and 3",,internal_policy,3,,,active,pending_review,unverified,"{""identifier_kind"": ""noid"", ""identifier"": ""B1-085"", ""verification_status"": ""NON_INDEXED_SOURCE"", ""verified_title"": """", ""seeded_from"": ""PPBF research program 2026-08-07""}",{{SEED_ACCOUNT_ID}},platform_owner
src_9235008346ab6055,{{PPBF_ORG_ID}},55 Pa. Code § 3270.54 (Minimum number of facility persons in the child care facility),,governing_body,1,https://www.pacodeandbulletin.gov/Display/pacode?file=%2Fsecure%2Fpacode%2Fdata%2F055%2Fchapter3270%2Fs3270.54.html&d=reduce,,active,pending_review,unverified,"{""identifier_kind"": ""url"", ""identifier"": ""https://www.pacodeandbulletin.gov/Display/pacode?file=%2Fsecure%2Fpacode%2Fdata%2F055%2Fchapter3270%2Fs3270.54.html&d=reduce"", ""verification_status"": ""NON_INDEXED_SOURCE"", ""verified_title"": """", ""seeded_from"": ""PPBF research program 2026-08-07""}",{{SEED_ACCOUNT_ID}},platform_owner
src_272b254d79fbc46f,{{PPBF_ORG_ID}},55 Pa. Code § 3270.51 (Similar age level),,governing_body,1,https://www.pacodeandbulletin.gov/Display/pacode?file=%2Fsecure%2Fpacode%2Fdata%2F055%2Fchapter3270%2Fs3270.51.html&d=reduce,,active,pending_review,unverified,"{""identifier_kind"": ""url"", ""identifier"": ""https://www.pacodeandbulletin.gov/Display/pacode?file=%2Fsecure%2Fpacode%2Fdata%2F055%2Fchapter3270%2Fs3270.51.html&d=reduce"", ""verification_status"": ""NON_INDEXED_SOURCE"", ""verified_title"": """", ""seeded_from"": ""PPBF research program 2026-08-07""}",{{SEED_ACCOUNT_ID}},platform_owner
src_8f1467089a16b98e,{{PPBF_ORG_ID}},55 Pa. Code § 3270.52 (Mixed age level),,governing_body,1,https://www.pacodeandbulletin.gov/Display/pacode?file=%2Fsecure%2Fpacode%2Fdata%2F055%2Fchapter3270%2Fs3270.52.html&d=reduce,,active,pending_review,unverified,"{""identifier_kind"": ""url"", ""identifier"": ""https://www.pacodeandbulletin.gov/Display/pacode?file=%2Fsecure%2Fpacode%2Fdata%2F055%2Fchapter3270%2Fs3270.52.html&d=reduce"", ""verification_status"": ""NON_INDEXED_SOURCE"", ""verified_title"": """", ""seeded_from"": ""PPBF research program 2026-08-07""}",{{SEED_ACCOUNT_ID}},platform_owner
src_55a06b19d5c847a3,{{PPBF_ORG_ID}},55 Pa. Code § 3270.113 (Supervision of children),,governing_body,1,https://www.pacodeandbulletin.gov/Display/pacode?file=%2Fsecure%2Fpacode%2Fdata%2F055%2Fchapter3270%2Fs3270.113.html&d=reduce,,active,pending_review,unverified,"{""identifier_kind"": ""url"", ""identifier"": ""https://www.pacodeandbulletin.gov/Display/pacode?file=%2Fsecure%2Fpacode%2Fdata%2F055%2Fchapter3270%2Fs3270.113.html&d=reduce"", ""verification_status"": ""NON_INDEXED_SOURCE"", ""verified_title"": """", ""seeded_from"": ""PPBF research program 2026-08-07""}",{{SEED_ACCOUNT_ID}},platform_owner
src_884ea7b4ceec65bc,{{PPBF_ORG_ID}},"NSPCC Sport (Child Protection in Sport Unit). Supervising children's sport and activities. Resource library, last updated 5 Feb 2026.",,other,4,https://sport.nspcc.org.uk/resource-library/best-practice/guidelines-on-staffing-and-supervision-ratios-for-children-activities/,,active,pending_review,unverified,"{""identifier_kind"": ""url"", ""identifier"": ""https://sport.nspcc.org.uk/resource-library/best-practice/guidelines-on-staffing-and-supervision-ratios-for-children-activities/"", ""verification_status"": ""NON_INDEXED_SOURCE"", ""verified_title"": """", ""seeded_from"": ""PPBF research program 2026-08-07""}",{{SEED_ACCOUNT_ID}},platform_owner
src_158e2e1d927637ff,{{PPBF_ORG_ID}},"The Football Association. Guidance Note 5.5: Ratios of Adults to Children, version 1.3, published July 2024.",,other,4,https://www.thefa.com/-/media/thefacom-new/files/rules-and-regulations/safeguarding/section-5/26072024/55-ratios-of-adults-to-children.ashx,,active,pending_review,unverified,"{""identifier_kind"": ""url"", ""identifier"": ""https://www.thefa.com/-/media/thefacom-new/files/rules-and-regulations/safeguarding/section-5/26072024/55-ratios-of-adults-to-children.ashx"", ""verification_status"": ""NON_INDEXED_SOURCE"", ""verified_title"": """", ""seeded_from"": ""PPBF research program 2026-08-07""}",{{SEED_ACCOUNT_ID}},platform_owner
src_43c65defb6d5d3f1,{{PPBF_ORG_ID}},England Boxing. Form T6: Attendance Register & Coach to Boxer Ratio Template.,,other,4,https://www.englandboxing.org/wp-content/uploads/2019/06/T6-Attendance-Register-Coach-to-Boxer-Ratio.pdf,,active,pending_review,unverified,"{""identifier_kind"": ""url"", ""identifier"": ""https://www.englandboxing.org/wp-content/uploads/2019/06/T6-Attendance-Register-Coach-to-Boxer-Ratio.pdf"", ""verification_status"": ""NON_INDEXED_SOURCE"", ""verified_title"": """", ""seeded_from"": ""PPBF research program 2026-08-07""}",{{SEED_ACCOUNT_ID}},platform_owner
src_49e8f11a4eb66c74,{{PPBF_ORG_ID}},"England Boxing. Gym Inspection – Club Checklist, April 2025.",,other,4,https://www.englandboxing.org/wp-content/uploads/2025/04/Gym-Inspection-Club-Checklist-April-25.pdf,,active,pending_review,unverified,"{""identifier_kind"": ""url"", ""identifier"": ""https://www.englandboxing.org/wp-content/uploads/2025/04/Gym-Inspection-Club-Checklist-April-25.pdf"", ""verification_status"": ""NON_INDEXED_SOURCE"", ""verified_title"": """", ""seeded_from"": ""PPBF research program 2026-08-07""}",{{SEED_ACCOUNT_ID}},platform_owner
src_f1c965733818f75b,{{PPBF_ORG_ID}},"Injury incidence, severity and profile in Olympic combat sports: a comparative analysis of 7712 athlete exposures from three consecutive Olympic Games.",British journal of sports medicine,peer_reviewed,3,https://pubmed.ncbi.nlm.nih.gov/33219113/,2021-01-01,active,pending_review,unverified,"{""identifier_kind"": ""pmid"", ""identifier"": ""33219113"", ""verification_status"": ""RESOLVED"", ""verified_title"": ""Injury incidence, severity and profile in Olympic combat sports: a comparative analysis of 7712 athlete exposures from three consecutive Olympic Games."", ""seeded_from"": ""PPBF research program 2026-08-07""}",{{SEED_ACCOUNT_ID}},platform_owner
src_4b3d9fb41973b614,{{PPBF_ORG_ID}},Measurement of Head Kinematics Using Instrumented Mouthguards During Introductory Boxing Courses in U.S. Military Academy Cadets.,Military medicine,other,3,https://pubmed.ncbi.nlm.nih.gov/37948285/,2023-01-01,active,pending_review,unverified,"{""identifier_kind"": ""pmid"", ""identifier"": ""37948285"", ""verification_status"": ""RESOLVED"", ""verified_title"": ""Measurement of Head Kinematics Using Instrumented Mouthguards During Introductory Boxing Courses in U.S. Military Academy Cadets."", ""seeded_from"": ""PPBF research program 2026-08-07""}",{{SEED_ACCOUNT_ID}},platform_owner
src_22c25776bffd353d,{{PPBF_ORG_ID}},Boxing-related fatalities in Australia: A retrospective analysis of news media reports.,Journal of science and medicine in sport,media,5,https://pubmed.ncbi.nlm.nih.gov/34602333/,2022-01-01,active,pending_review,unverified,"{""identifier_kind"": ""pmid"", ""identifier"": ""34602333"", ""verification_status"": ""RESOLVED"", ""verified_title"": ""Boxing-related fatalities in Australia: A retrospective analysis of news media reports."", ""seeded_from"": ""PPBF research program 2026-08-07""}",{{SEED_ACCOUNT_ID}},platform_owner
src_a582e5a6fb6f0268,{{PPBF_ORG_ID}},"The effects of resistance training, overtraining, and early specialization on youth athlete injury and development.",The Journal of sports medicine and physical fitness,peer_reviewed,4,https://pubmed.ncbi.nlm.nih.gov/28597618/,2018-01-01,active,pending_review,unverified,"{""identifier_kind"": ""pmid"", ""identifier"": ""28597618"", ""verification_status"": ""RESOLVED"", ""verified_title"": ""The effects of resistance training, overtraining, and early specialization on youth athlete injury and development."", ""seeded_from"": ""PPBF research program 2026-08-07""}",{{SEED_ACCOUNT_ID}},platform_owner
src_6c3a73203a65f865,{{PPBF_ORG_ID}},Elementary physical education: A focus on fitness activities and smaller class sizes are associated with higher levels of physical activity.,Preventive medicine reports,peer_reviewed,3,https://pubmed.ncbi.nlm.nih.gov/29034147/,2017-01-01,active,pending_review,unverified,"{""identifier_kind"": ""pmid"", ""identifier"": ""29034147"", ""verification_status"": ""RESOLVED"", ""verified_title"": ""Elementary physical education: A focus on fitness activities and smaller class sizes are associated with higher levels of physical activity."", ""seeded_from"": ""PPBF research program 2026-08-07""}",{{SEED_ACCOUNT_ID}},platform_owner
src_f0ae8b9d9b3b71e7,{{PPBF_ORG_ID}},Associations between class-level factors and student physical activity during physical education lessons in China.,The international journal of behavioral nutrition and physical activity,peer_reviewed,3,https://pubmed.ncbi.nlm.nih.gov/39748427/,2025-01-01,active,pending_review,unverified,"{""identifier_kind"": ""pmid"", ""identifier"": ""39748427"", ""verification_status"": ""RESOLVED"", ""verified_title"": ""Associations between class-level factors and student physical activity during physical education lessons in China."", ""seeded_from"": ""PPBF research program 2026-08-07""}",{{SEED_ACCOUNT_ID}},platform_owner
src_bca755fff8a42ca4,{{PPBF_ORG_ID}},Physical activity in physical education: are longer lessons better?,The Journal of school health,other,4,https://pubmed.ncbi.nlm.nih.gov/25611935/,2015-01-01,active,pending_review,unverified,"{""identifier_kind"": ""pmid"", ""identifier"": ""25611935"", ""verification_status"": ""RESOLVED"", ""verified_title"": ""Physical activity in physical education: are longer lessons better?"", ""seeded_from"": ""PPBF research program 2026-08-07""}",{{SEED_ACCOUNT_ID}},platform_owner
src_d485abb8873802f4,{{PPBF_ORG_ID}},"Effects of gender, activity type, class location and class composition on physical activity levels experienced during physical education classes in British secondary schools: a pilot cross-sectional study.",BMC public health,peer_reviewed,3,https://pubmed.ncbi.nlm.nih.gov/33087081/,2020-01-01,active,pending_review,unverified,"{""identifier_kind"": ""pmid"", ""identifier"": ""33087081"", ""verification_status"": ""RESOLVED"", ""verified_title"": ""Effects of gender, activity type, class location and class composition on physical activity levels experienced during physical education classes in British secondary schools: a pilot cross-sectional study."", ""seeded_from"": ""PPBF research program 2026-08-07""}",{{SEED_ACCOUNT_ID}},platform_owner
src_fef4315899dc7e2a,{{PPBF_ORG_ID}},Physical activity in high school physical education: impact of lesson context and class gender composition.,Journal of physical activity & health,other,4,https://pubmed.ncbi.nlm.nih.gov/23359370/,2014-01-01,active,pending_review,unverified,"{""identifier_kind"": ""pmid"", ""identifier"": ""23359370"", ""verification_status"": ""RESOLVED"", ""verified_title"": ""Physical activity in high school physical education: impact of lesson context and class gender composition."", ""seeded_from"": ""PPBF research program 2026-08-07""}",{{SEED_ACCOUNT_ID}},platform_owner
src_5c54be540ea10fc2,{{PPBF_ORG_ID}},Modelling vaccination capacity at mass vaccination hubs and general practice clinics: a simulation study.,BMC health services research,other,4,https://pubmed.ncbi.nlm.nih.gov/35986322/,2022-01-01,active,pending_review,unverified,"{""identifier_kind"": ""pmid"", ""identifier"": ""35986322"", ""verification_status"": ""RESOLVED"", ""verified_title"": ""Modelling vaccination capacity at mass vaccination hubs and general practice clinics: a simulation study."", ""seeded_from"": ""PPBF research program 2026-08-07""}",{{SEED_ACCOUNT_ID}},platform_owner
src_7970a50634e2880d,{{PPBF_ORG_ID}},Emergency Action Planning in United States High Schools.,Sports health,peer_reviewed,3,https://pubmed.ncbi.nlm.nih.gov/39370662/,2025-01-01,active,pending_review,unverified,"{""identifier_kind"": ""pmid"", ""identifier"": ""39370662"", ""verification_status"": ""RESOLVED"", ""verified_title"": ""Emergency Action Planning in United States High Schools."", ""seeded_from"": ""PPBF research program 2026-08-07""}",{{SEED_ACCOUNT_ID}},platform_owner
src_385d24392daa3b2e,{{PPBF_ORG_ID}},A Comparison of Emergency Preparedness Between High School Coaches and Club Sport Coaches.,Journal of athletic training,peer_reviewed,1,https://pubmed.ncbi.nlm.nih.gov/31633408/,2019-01-01,active,pending_review,unverified,"{""identifier_kind"": ""pmid"", ""identifier"": ""31633408"", ""verification_status"": ""RESOLVED"", ""verified_title"": ""A Comparison of Emergency Preparedness Between High School Coaches and Club Sport Coaches."", ""seeded_from"": ""PPBF research program 2026-08-07""}",{{SEED_ACCOUNT_ID}},platform_owner
src_15adf09cebd6c555,{{PPBF_ORG_ID}},The learning of sprint hurdles: A comparative study on increasing contextual interference and blocked practice schedules.,PloS one,other,4,https://pubmed.ncbi.nlm.nih.gov/38198493/,2024-01-01,active,pending_review,unverified,"{""identifier_kind"": ""pmid"", ""identifier"": ""38198493"", ""verification_status"": ""RESOLVED"", ""verified_title"": ""The learning of sprint hurdles: A comparative study on increasing contextual interference and blocked practice schedules."", ""seeded_from"": ""PPBF research program 2026-08-07""}",{{SEED_ACCOUNT_ID}},platform_owner
src_fa7fb7218e33e243,{{PPBF_ORG_ID}},Effect of Contextual Interference and Differential Learning on Motor Skill Development and Motivation in Novice Basketball Players.,European journal of sport science,other,4,https://pubmed.ncbi.nlm.nih.gov/41024724/,2025-01-01,active,pending_review,unverified,"{""identifier_kind"": ""pmid"", ""identifier"": ""41024724"", ""verification_status"": ""RESOLVED"", ""verified_title"": ""Effect of Contextual Interference and Differential Learning on Motor Skill Development and Motivation in Novice Basketball Players."", ""seeded_from"": ""PPBF research program 2026-08-07""}",{{SEED_ACCOUNT_ID}},platform_owner
src_8cf052e038716b7a,{{PPBF_ORG_ID}},"Possession vs. goal scoring during small-sided games in soccer: a narrative mini-review on the effects on physiological, physical, technical and tactical performance.",Frontiers in sports and active living,peer_reviewed,4,https://pubmed.ncbi.nlm.nih.gov/41835029/,2026-01-01,active,pending_review,unverified,"{""identifier_kind"": ""pmid"", ""identifier"": ""41835029"", ""verification_status"": ""RESOLVED"", ""verified_title"": ""Possession vs. goal scoring during small-sided games in soccer: a narrative mini-review on the effects on physiological, physical, technical and tactical performance."", ""seeded_from"": ""PPBF research program 2026-08-07""}",{{SEED_ACCOUNT_ID}},platform_owner
src_a845ca2ad90fcc1f,{{PPBF_ORG_ID}},[Changes in the yeast oral flora in patients in orthodontic treatment].,Prevenzione & assistenza dentale,peer_reviewed,4,https://pubmed.ncbi.nlm.nih.gov/1784555/,1991-01-01,active,pending_review,unverified,"{""identifier_kind"": ""pmid"", ""identifier"": ""1784555"", ""verification_status"": ""RESOLVED"", ""verified_title"": ""Possession vs. goal scoring during small-sided games in soccer: a narrative mini-review on the effects on physiological, physical, technical and tactical performance."", ""seeded_from"": ""PPBF research program 2026-08-07""}",{{SEED_ACCOUNT_ID}},platform_owner
src_bc182567dc9c4037,{{PPBF_ORG_ID}},Optimization of training for professional rugby union players: investigating the impact of different small-sided games models on GPS-derived performance metrics.,Frontiers in physiology,peer_reviewed,3,https://pubmed.ncbi.nlm.nih.gov/38410810/,2024-01-01,active,pending_review,unverified,"{""identifier_kind"": ""pmid"", ""identifier"": ""38410810"", ""verification_status"": ""RESOLVED"", ""verified_title"": ""Optimization of training for professional rugby union players: investigating the impact of different small-sided games models on GPS-derived performance metrics."", ""seeded_from"": ""PPBF research program 2026-08-07""}",{{SEED_ACCOUNT_ID}},platform_owner
src_da1ba3956f73b813,{{PPBF_ORG_ID}},[Uptake of 86Rb by human erythrocytes: modification of the method and applications].,Bollettino della Societa italiana di biologia sperimentale,peer_reviewed,3,https://pubmed.ncbi.nlm.nih.gov/1339137/,1992-01-01,active,pending_review,unverified,"{""identifier_kind"": ""pmid"", ""identifier"": ""1339137"", ""verification_status"": ""RESOLVED"", ""verified_title"": ""Optimization of training for professional rugby union players: investigating the impact of different small-sided games models on GPS-derived performance metrics."", ""seeded_from"": ""PPBF research program 2026-08-07""}",{{SEED_ACCOUNT_ID}},platform_owner
src_a5a85f031e015e7c,{{PPBF_ORG_ID}},INSUFFICIENT EVIDENCE,,other,5,,,active,pending_review,unverified,"{""identifier_kind"": ""noid"", ""identifier"": ""B2-039"", ""verification_status"": ""NO_IDENTIFIER_BY_DESIGN"", ""verified_title"": """", ""seeded_from"": ""PPBF research program 2026-08-07""}",{{SEED_ACCOUNT_ID}},platform_owner
src_6d3bd820ac2448ed,{{PPBF_ORG_ID}},INSUFFICIENT EVIDENCE,,other,5,,,active,pending_review,unverified,"{""identifier_kind"": ""noid"", ""identifier"": ""B2-040"", ""verification_status"": ""NO_IDENTIFIER_BY_DESIGN"", ""verified_title"": """", ""seeded_from"": ""PPBF research program 2026-08-07""}",{{SEED_ACCOUNT_ID}},platform_owner
src_728a07fde1a41b0b,{{PPBF_ORG_ID}},INSUFFICIENT EVIDENCE,,other,5,,,active,pending_review,unverified,"{""identifier_kind"": ""noid"", ""identifier"": ""B2-041"", ""verification_status"": ""NO_IDENTIFIER_BY_DESIGN"", ""verified_title"": """", ""seeded_from"": ""PPBF research program 2026-08-07""}",{{SEED_ACCOUNT_ID}},platform_owner
src_7511f7a649fd8ea6,{{PPBF_ORG_ID}},INSUFFICIENT EVIDENCE,,other,5,,,active,pending_review,unverified,"{""identifier_kind"": ""noid"", ""identifier"": ""B2-042"", ""verification_status"": ""NO_IDENTIFIER_BY_DESIGN"", ""verified_title"": """", ""seeded_from"": ""PPBF research program 2026-08-07""}",{{SEED_ACCOUNT_ID}},platform_owner
src_c6044d780b22198e,{{PPBF_ORG_ID}},INSUFFICIENT EVIDENCE,,other,5,,,active,pending_review,unverified,"{""identifier_kind"": ""noid"", ""identifier"": ""B2-043"", ""verification_status"": ""NO_IDENTIFIER_BY_DESIGN"", ""verified_title"": """", ""seeded_from"": ""PPBF research program 2026-08-07""}",{{SEED_ACCOUNT_ID}},platform_owner
src_393a2f35d351c1a0,{{PPBF_ORG_ID}},INSUFFICIENT EVIDENCE,,other,5,,,active,pending_review,unverified,"{""identifier_kind"": ""noid"", ""identifier"": ""B2-044"", ""verification_status"": ""NO_IDENTIFIER_BY_DESIGN"", ""verified_title"": """", ""seeded_from"": ""PPBF research program 2026-08-07""}",{{SEED_ACCOUNT_ID}},platform_owner
src_ab6a46d0cae4288b,{{PPBF_ORG_ID}},INSUFFICIENT EVIDENCE,,other,5,,,active,pending_review,unverified,"{""identifier_kind"": ""noid"", ""identifier"": ""B2-045"", ""verification_status"": ""NO_IDENTIFIER_BY_DESIGN"", ""verified_title"": """", ""seeded_from"": ""PPBF research program 2026-08-07""}",{{SEED_ACCOUNT_ID}},platform_owner
src_72c851604a92bab5,{{PPBF_ORG_ID}},PPBF Agent B2. capacity_model.py and capacity_scenarios_computed.csv (2026-08-07).,,other,4,,,active,pending_review,unverified,"{""identifier_kind"": ""noid"", ""identifier"": ""B2-046"", ""verification_status"": ""NON_INDEXED_SOURCE"", ""verified_title"": """", ""seeded_from"": ""PPBF research program 2026-08-07""}",{{SEED_ACCOUNT_ID}},platform_owner
src_ecc34f5df7004999,{{PPBF_ORG_ID}},PPBF Agent B2. capacity_model.py and capacity_scenarios_computed.csv (2026-08-07).,,other,4,,,active,pending_review,unverified,"{""identifier_kind"": ""noid"", ""identifier"": ""B2-047"", ""verification_status"": ""NON_INDEXED_SOURCE"", ""verified_title"": """", ""seeded_from"": ""PPBF research program 2026-08-07""}",{{SEED_ACCOUNT_ID}},platform_owner
src_0f7b4f136e34a2b9,{{PPBF_ORG_ID}},PPBF Agent B2. capacity_model.py and capacity_scenarios_computed.csv (2026-08-07).,,other,4,,,active,pending_review,unverified,"{""identifier_kind"": ""noid"", ""identifier"": ""B2-048"", ""verification_status"": ""NON_INDEXED_SOURCE"", ""verified_title"": """", ""seeded_from"": ""PPBF research program 2026-08-07""}",{{SEED_ACCOUNT_ID}},platform_owner
src_bac1ce45c870b7be,{{PPBF_ORG_ID}},PPBF Agent B2. capacity_model.py and capacity_scenarios_computed.csv (2026-08-07).,,other,4,,,active,pending_review,unverified,"{""identifier_kind"": ""noid"", ""identifier"": ""B2-049"", ""verification_status"": ""NON_INDEXED_SOURCE"", ""verified_title"": """", ""seeded_from"": ""PPBF research program 2026-08-07""}",{{SEED_ACCOUNT_ID}},platform_owner
src_e467574c3a03e82d,{{PPBF_ORG_ID}},PPBF Agent B2. capacity_model.py and capacity_scenarios_computed.csv (2026-08-07).,,other,4,,,active,pending_review,unverified,"{""identifier_kind"": ""noid"", ""identifier"": ""B2-050"", ""verification_status"": ""NON_INDEXED_SOURCE"", ""verified_title"": """", ""seeded_from"": ""PPBF research program 2026-08-07""}",{{SEED_ACCOUNT_ID}},platform_owner
src_c6b4368eb0ff8d01,{{PPBF_ORG_ID}},PPBF Agent B2. capacity_model.py and capacity_scenarios_computed.csv (2026-08-07).,,other,4,,,active,pending_review,unverified,"{""identifier_kind"": ""noid"", ""identifier"": ""B2-051"", ""verification_status"": ""NON_INDEXED_SOURCE"", ""verified_title"": """", ""seeded_from"": ""PPBF research program 2026-08-07""}",{{SEED_ACCOUNT_ID}},platform_owner
src_9ceadf7c40f908be,{{PPBF_ORG_ID}},"PPBF/SHADOW Repository Context Pack, auto-extracted from PunxsyProminence/ppbf-platform @ main, retrieved 2026-08-07.",,internal_policy,3,,,active,pending_review,unverified,"{""identifier_kind"": ""noid"", ""identifier"": ""B2-052"", ""verification_status"": ""NON_INDEXED_SOURCE"", ""verified_title"": """", ""seeded_from"": ""PPBF research program 2026-08-07""}",{{SEED_ACCOUNT_ID}},platform_owner
src_01289d452b4a6971,{{PPBF_ORG_ID}},"PPBF/SHADOW Repository Context Pack, auto-extracted from PunxsyProminence/ppbf-platform @ main, retrieved 2026-08-07.",,internal_policy,3,,,active,pending_review,unverified,"{""identifier_kind"": ""noid"", ""identifier"": ""B2-053"", ""verification_status"": ""NON_INDEXED_SOURCE"", ""verified_title"": """", ""seeded_from"": ""PPBF research program 2026-08-07""}",{{SEED_ACCOUNT_ID}},platform_owner
src_c4a73634d556a46d,{{PPBF_ORG_ID}},"PPBF/SHADOW Repository Context Pack, auto-extracted from PunxsyProminence/ppbf-platform @ main, retrieved 2026-08-07.",,internal_policy,3,,,active,pending_review,unverified,"{""identifier_kind"": ""noid"", ""identifier"": ""B2-054"", ""verification_status"": ""NON_INDEXED_SOURCE"", ""verified_title"": """", ""seeded_from"": ""PPBF research program 2026-08-07""}",{{SEED_ACCOUNT_ID}},platform_owner
src_10538696f1d5ea88,{{PPBF_ORG_ID}},"PPBF/SHADOW Repository Context Pack, auto-extracted from PunxsyProminence/ppbf-platform @ main, retrieved 2026-08-07.",,internal_policy,3,,,active,pending_review,unverified,"{""identifier_kind"": ""noid"", ""identifier"": ""B2-055"", ""verification_status"": ""NON_INDEXED_SOURCE"", ""verified_title"": """", ""seeded_from"": ""PPBF research program 2026-08-07""}",{{SEED_ACCOUNT_ID}},platform_owner
src_94a20de4f88e7e3c,{{PPBF_ORG_ID}},"PPBF/SHADOW Repository Context Pack, auto-extracted from PunxsyProminence/ppbf-platform @ main, retrieved 2026-08-07.",,internal_policy,3,,,active,pending_review,unverified,"{""identifier_kind"": ""noid"", ""identifier"": ""B2-056"", ""verification_status"": ""NON_INDEXED_SOURCE"", ""verified_title"": """", ""seeded_from"": ""PPBF research program 2026-08-07""}",{{SEED_ACCOUNT_ID}},platform_owner
src_ba8fe9ece0b1f971,{{PPBF_ORG_ID}},"PPBF/SHADOW Repository Context Pack, auto-extracted from PunxsyProminence/ppbf-platform @ main, retrieved 2026-08-07.",,internal_policy,3,,,active,pending_review,unverified,"{""identifier_kind"": ""noid"", ""identifier"": ""B2-057"", ""verification_status"": ""NON_INDEXED_SOURCE"", ""verified_title"": """", ""seeded_from"": ""PPBF research program 2026-08-07""}",{{SEED_ACCOUNT_ID}},platform_owner
src_060860c8d3d424cd,{{PPBF_ORG_ID}},"PPBF/SHADOW Repository Context Pack, auto-extracted from PunxsyProminence/ppbf-platform @ main, retrieved 2026-08-07.",,internal_policy,3,,,active,pending_review,unverified,"{""identifier_kind"": ""noid"", ""identifier"": ""B2-058"", ""verification_status"": ""NON_INDEXED_SOURCE"", ""verified_title"": """", ""seeded_from"": ""PPBF research program 2026-08-07""}",{{SEED_ACCOUNT_ID}},platform_owner
src_80bb1422e726f0c1,{{PPBF_ORG_ID}},National Athletic Trainers' Association Position Statement: Emergency Action Plan Development and Implementation in Sport.,Journal of athletic training,clinical_guideline,1,https://pubmed.ncbi.nlm.nih.gov/38918009/,2024-01-01,active,pending_review,unverified,"{""identifier_kind"": ""pmid"", ""identifier"": ""38918009"", ""verification_status"": ""RESOLVED"", ""verified_title"": ""National Athletic Trainers' Association Position Statement: Emergency Action Plan Development and Implementation in Sport."", ""seeded_from"": ""PPBF research program 2026-08-07""}",{{SEED_ACCOUNT_ID}},platform_owner
src_da315f9dbf9bb29b,{{PPBF_ORG_ID}},National Athletic Trainers' Association Position Statement: Emergency Planning in Athletics.,Journal of athletic training,clinical_guideline,1,https://pubmed.ncbi.nlm.nih.gov/12937447/,2002-01-01,active,pending_review,unverified,"{""identifier_kind"": ""pmid"", ""identifier"": ""12937447"", ""verification_status"": ""RESOLVED"", ""verified_title"": ""National Athletic Trainers' Association Position Statement: Emergency Planning in Athletics."", ""seeded_from"": ""PPBF research program 2026-08-07""}",{{SEED_ACCOUNT_ID}},platform_owner
src_e3f0a1a14511979b,{{PPBF_ORG_ID}},Emergency Action Planning in Secondary School Athletics: A Comprehensive Evaluation of Current Adoption of Best Practice Standards.,Journal of athletic training,peer_reviewed,3,https://pubmed.ncbi.nlm.nih.gov/30676786/,2019-01-01,active,pending_review,unverified,"{""identifier_kind"": ""pmid"", ""identifier"": ""30676786"", ""verification_status"": ""RESOLVED"", ""verified_title"": ""Emergency Action Planning in Secondary School Athletics: A Comprehensive Evaluation of Current Adoption of Best Practice Standards."", ""seeded_from"": ""PPBF research program 2026-08-07""}",{{SEED_ACCOUNT_ID}},platform_owner
src_b0c33fc928ffde89,{{PPBF_ORG_ID}},Influence of State-Level Emergency Planning Policy Requirements on Secondary School Adoption.,Journal of athletic training,peer_reviewed,3,https://pubmed.ncbi.nlm.nih.gov/32818958/,2020-01-01,active,pending_review,unverified,"{""identifier_kind"": ""pmid"", ""identifier"": ""32818958"", ""verification_status"": ""RESOLVED"", ""verified_title"": ""Influence of State-Level Emergency Planning Policy Requirements on Secondary School Adoption."", ""seeded_from"": ""PPBF research program 2026-08-07""}",{{SEED_ACCOUNT_ID}},platform_owner
src_c1c9cee6b09b2228,{{PPBF_ORG_ID}},Emergency Preparedness for Sudden Cardiac Arrest in Amateur Athletic Union Basketball Teams: An Opportunity to Improve Outcomes in Higher Risk Athletes.,Clinical journal of sport medicine : official journal of the Canadian Academy of Sport Medicine,peer_reviewed,1,https://pubmed.ncbi.nlm.nih.gov/35995597/,2022-01-01,active,pending_review,unverified,"{""identifier_kind"": ""pmid"", ""identifier"": ""35995597"", ""verification_status"": ""RESOLVED"", ""verified_title"": ""Emergency Preparedness for Sudden Cardiac Arrest in Amateur Athletic Union Basketball Teams: An Opportunity to Improve Outcomes in Higher Risk Athletes."", ""seeded_from"": ""PPBF research program 2026-08-07""}",{{SEED_ACCOUNT_ID}},platform_owner
src_3922b3d2e4ef1990,{{PPBF_ORG_ID}},Implementing automated external defibrillators into community sports clubs/facilities: a cross-sectional survey of community club member preparedness for medical emergencies.,BMJ open sport & exercise medicine,peer_reviewed,3,https://pubmed.ncbi.nlm.nih.gov/31275605/,2019-01-01,active,pending_review,unverified,"{""identifier_kind"": ""pmid"", ""identifier"": ""31275605"", ""verification_status"": ""RESOLVED"", ""verified_title"": ""Implementing automated external defibrillators into community sports clubs/facilities: a cross-sectional survey of community club member preparedness for medical emergencies."", ""seeded_from"": ""PPBF research program 2026-08-07""}",{{SEED_ACCOUNT_ID}},platform_owner
src_b19ca94698ef0865,{{PPBF_ORG_ID}},Are Irish Gaelic Athletic Association clubs prepared to use an AED following a sudden cardiac arrest? A cross-sectional survey.,The Physician and sportsmedicine,peer_reviewed,3,https://pubmed.ncbi.nlm.nih.gov/31829067/,2020-01-01,active,pending_review,unverified,"{""identifier_kind"": ""pmid"", ""identifier"": ""31829067"", ""verification_status"": ""RESOLVED"", ""verified_title"": ""Implementing automated external defibrillators into community sports clubs/facilities: a cross-sectional survey of community club member preparedness for medical emergencies."", ""seeded_from"": ""PPBF research program 2026-08-07""}",{{SEED_ACCOUNT_ID}},platform_owner
src_82fc37749a5bb0ea,{{PPBF_ORG_ID}},[Interferon and its use for treating hairy cell leukemia].,Vutreshni bolesti,peer_reviewed,3,https://pubmed.ncbi.nlm.nih.gov/1704666/,1990-01-01,active,pending_review,unverified,"{""identifier_kind"": ""pmid"", ""identifier"": ""1704666"", ""verification_status"": ""RESOLVED"", ""verified_title"": ""Implementing automated external defibrillators into community sports clubs/facilities: a cross-sectional survey of community club member preparedness for medical emergencies."", ""seeded_from"": ""PPBF research program 2026-08-07""}",{{SEED_ACCOUNT_ID}},platform_owner
src_c558ce348941ade3,{{PPBF_ORG_ID}},Association between basic life support and survival in sports-related sudden cardiac arrest: a meta-analysis.,European heart journal,peer_reviewed,2,https://pubmed.ncbi.nlm.nih.gov/36285872/,2023-01-01,active,pending_review,unverified,"{""identifier_kind"": ""pmid"", ""identifier"": ""36285872"", ""verification_status"": ""RESOLVED"", ""verified_title"": ""Association between basic life support and survival in sports-related sudden cardiac arrest: a meta-analysis."", ""seeded_from"": ""PPBF research program 2026-08-07""}",{{SEED_ACCOUNT_ID}},platform_owner
src_018fee8e07b499b7,{{PPBF_ORG_ID}},Bystander interventions and survival after exercise-related sudden cardiac arrest: a systematic review.,British journal of sports medicine,peer_reviewed,2,https://pubmed.ncbi.nlm.nih.gov/34853034/,2022-01-01,active,pending_review,unverified,"{""identifier_kind"": ""pmid"", ""identifier"": ""34853034"", ""verification_status"": ""RESOLVED"", ""verified_title"": ""Bystander interventions and survival after exercise-related sudden cardiac arrest: a systematic review."", ""seeded_from"": ""PPBF research program 2026-08-07""}",{{SEED_ACCOUNT_ID}},platform_owner
src_6a48afa6811ffd8a,{{PPBF_ORG_ID}},"Sports-related sudden cardiac arrest: a video analysis of presenting features, management and outcomes.",British journal of sports medicine,peer_reviewed,3,https://pubmed.ncbi.nlm.nih.gov/41135968/,2026-01-01,active,pending_review,unverified,"{""identifier_kind"": ""pmid"", ""identifier"": ""41135968"", ""verification_status"": ""RESOLVED"", ""verified_title"": ""Sports-related sudden cardiac arrest: a video analysis of presenting features, management and outcomes."", ""seeded_from"": ""PPBF research program 2026-08-07""}",{{SEED_ACCOUNT_ID}},platform_owner
src_6a5f9a4ca54f274c,{{PPBF_ORG_ID}},Part 7: Systems of Care: 2020 American Heart Association Guidelines for Cardiopulmonary Resuscitation and Emergency Cardiovascular Care.,Circulation,clinical_guideline,1,https://pubmed.ncbi.nlm.nih.gov/33081524/,2020-01-01,active,pending_review,unverified,"{""identifier_kind"": ""pmid"", ""identifier"": ""33081524"", ""verification_status"": ""RESOLVED"", ""verified_title"": ""Part 7: Systems of Care: 2020 American Heart Association Guidelines for Cardiopulmonary Resuscitation and Emergency Cardiovascular Care."", ""seeded_from"": ""PPBF research program 2026-08-07""}",{{SEED_ACCOUNT_ID}},platform_owner
src_b8b063abe0c787a6,{{PPBF_ORG_ID}},National athletic trainers' association position statement: preventing sudden death in sports.,Journal of athletic training,clinical_guideline,1,https://pubmed.ncbi.nlm.nih.gov/22488236/,2012-01-01,active,pending_review,unverified,"{""identifier_kind"": ""pmid"", ""identifier"": ""22488236"", ""verification_status"": ""RESOLVED"", ""verified_title"": ""National athletic trainers' association position statement: preventing sudden death in sports."", ""seeded_from"": ""PPBF research program 2026-08-07""}",{{SEED_ACCOUNT_ID}},platform_owner
src_6289ff2cd4acd8cc,{{PPBF_ORG_ID}},National Athletic Trainers' Association Position Statement: Exertional Heat Illnesses.,Journal of athletic training,clinical_guideline,1,https://pubmed.ncbi.nlm.nih.gov/26381473/,2015-01-01,active,pending_review,unverified,"{""identifier_kind"": ""pmid"", ""identifier"": ""26381473"", ""verification_status"": ""RESOLVED"", ""verified_title"": ""National Athletic Trainers' Association Position Statement: Exertional Heat Illnesses."", ""seeded_from"": ""PPBF research program 2026-08-07""}",{{SEED_ACCOUNT_ID}},platform_owner
src_9d6a18e4f6cd3ad8,{{PPBF_ORG_ID}},The Concussion Recognition Tool 6 (CRT6).,British journal of sports medicine,other,4,https://pubmed.ncbi.nlm.nih.gov/37316201/,2023-01-01,active,pending_review,unverified,"{""identifier_kind"": ""pmid"", ""identifier"": ""37316201"", ""verification_status"": ""RESOLVED"", ""verified_title"": ""The Concussion Recognition Tool 6 (CRT6)."", ""seeded_from"": ""PPBF research program 2026-08-07""}",{{SEED_ACCOUNT_ID}},platform_owner
src_99685e1de9cc4d39,{{PPBF_ORG_ID}},Removal From Play After Concussion and Recovery Time.,Pediatrics,peer_reviewed,3,https://pubmed.ncbi.nlm.nih.gov/27573089/,2016-01-01,active,pending_review,unverified,"{""identifier_kind"": ""pmid"", ""identifier"": ""27573089"", ""verification_status"": ""RESOLVED"", ""verified_title"": ""Removal From Play After Concussion and Recovery Time."", ""seeded_from"": ""PPBF research program 2026-08-07""}",{{SEED_ACCOUNT_ID}},platform_owner
src_b955a28042bf6d29,{{PPBF_ORG_ID}},Immediate Removal From Activity After Sport-Related Concussion Is Associated With Shorter Clinical Recovery and Less Severe Symptoms in Collegiate Student-Athletes.,The American journal of sports medicine,media,5,https://pubmed.ncbi.nlm.nih.gov/29558195/,2018-01-01,active,pending_review,unverified,"{""identifier_kind"": ""pmid"", ""identifier"": ""29558195"", ""verification_status"": ""RESOLVED"", ""verified_title"": ""Immediate Removal From Activity After Sport-Related Concussion Is Associated With Shorter Clinical Recovery and Less Severe Symptoms in Collegiate Student-Athletes."", ""seeded_from"": ""PPBF research program 2026-08-07""}",{{SEED_ACCOUNT_ID}},platform_owner
src_1f2cba7fa688c259,{{PPBF_ORG_ID}},The Influence of Timing of Reporting and Clinic Presentation on Concussion Recovery Outcomes: A Systematic Review and Meta-Analysis.,"Sports medicine (Auckland, N.Z.)",peer_reviewed,2,https://pubmed.ncbi.nlm.nih.gov/33761129/,2021-01-01,active,pending_review,unverified,"{""identifier_kind"": ""pmid"", ""identifier"": ""33761129"", ""verification_status"": ""RESOLVED"", ""verified_title"": ""The Influence of Timing of Reporting and Clinic Presentation on Concussion Recovery Outcomes: A Systematic Review and Meta-Analysis."", ""seeded_from"": ""PPBF research program 2026-08-07""}",{{SEED_ACCOUNT_ID}},platform_owner
src_bdf4249f7adfd0b9,{{PPBF_ORG_ID}},Prevalence of dentofacial injuries among combat sports practitioners: A systematic review and meta-analysis.,Dental traumatology : official publication of International Association for Dental Traumatology,peer_reviewed,2,https://pubmed.ncbi.nlm.nih.gov/31420968/,2020-01-01,active,pending_review,unverified,"{""identifier_kind"": ""pmid"", ""identifier"": ""31420968"", ""verification_status"": ""RESOLVED"", ""verified_title"": ""Prevalence of dentofacial injuries among combat sports practitioners: A systematic review and meta-analysis."", ""seeded_from"": ""PPBF research program 2026-08-07""}",{{SEED_ACCOUNT_ID}},platform_owner
src_0eac1438f8fbf658,{{PPBF_ORG_ID}},A systematic review of prospective epidemiological research into injury and illness in Olympic combat sport.,British journal of sports medicine,peer_reviewed,2,https://pubmed.ncbi.nlm.nih.gov/28954799/,2018-01-01,active,pending_review,unverified,"{""identifier_kind"": ""pmid"", ""identifier"": ""28954799"", ""verification_status"": ""RESOLVED"", ""verified_title"": ""A systematic review of prospective epidemiological research into injury and illness in Olympic combat sport."", ""seeded_from"": ""PPBF research program 2026-08-07""}",{{SEED_ACCOUNT_ID}},platform_owner
src_c805bfdafcee11a1,{{PPBF_ORG_ID}},"Infectious disease outbreaks in competitive sports, 2005-2010.",Journal of athletic training,peer_reviewed,3,https://pubmed.ncbi.nlm.nih.gov/23068588/,2012-01-01,active,pending_review,unverified,"{""identifier_kind"": ""pmid"", ""identifier"": ""23068588"", ""verification_status"": ""RESOLVED"", ""verified_title"": ""Infectious disease outbreaks in competitive sports, 2005-2010."", ""seeded_from"": ""PPBF research program 2026-08-07""}",{{SEED_ACCOUNT_ID}},platform_owner
src_84e7ab78d85a4ae1,{{PPBF_ORG_ID}},Epidemiology of Skin Infections in Men's Wrestling: Analysis of 2009-2010 Through 2013-2014 National Collegiate Athletic Association Surveillance Data.,Journal of athletic training,peer_reviewed,3,https://pubmed.ncbi.nlm.nih.gov/28362160/,2017-01-01,active,pending_review,unverified,"{""identifier_kind"": ""pmid"", ""identifier"": ""28362160"", ""verification_status"": ""RESOLVED"", ""verified_title"": ""Epidemiology of Skin Infections in Men's Wrestling: Analysis of 2009-2010 Through 2013-2014 National Collegiate Athletic Association Surveillance Data."", ""seeded_from"": ""PPBF research program 2026-08-07""}",{{SEED_ACCOUNT_ID}},platform_owner
src_d33fab1fa50654c1,{{PPBF_ORG_ID}},"Tinea Gladiatorum: Epidemiology, Clinical Aspects, and Management.",Journal of clinical medicine,peer_reviewed,2,https://pubmed.ncbi.nlm.nih.gov/35887830/,2022-01-01,active,pending_review,unverified,"{""identifier_kind"": ""pmid"", ""identifier"": ""35887830"", ""verification_status"": ""RESOLVED"", ""verified_title"": ""Tinea Gladiatorum: Epidemiology, Clinical Aspects, and Management."", ""seeded_from"": ""PPBF research program 2026-08-07""}",{{SEED_ACCOUNT_ID}},platform_owner
src_8e02317791a2e154,{{PPBF_ORG_ID}},Tinea corporis gladiatorum.,Journal of the American Academy of Dermatology,peer_reviewed,2,https://pubmed.ncbi.nlm.nih.gov/12140477/,2002-01-01,active,pending_review,unverified,"{""identifier_kind"": ""pmid"", ""identifier"": ""12140477"", ""verification_status"": ""RESOLVED"", ""verified_title"": ""Tinea Gladiatorum: Epidemiology, Clinical Aspects, and Management."", ""seeded_from"": ""PPBF research program 2026-08-07""}",{{SEED_ACCOUNT_ID}},platform_owner
src_9b49527739f19850,{{PPBF_ORG_ID}},A clinico-epidemiological study on tinea gladiatorum in Iranian wrestlers and mat contamination by dermatophytes.,Mycoses,peer_reviewed,3,https://pubmed.ncbi.nlm.nih.gov/19917034/,2011-01-01,active,pending_review,unverified,"{""identifier_kind"": ""pmid"", ""identifier"": ""19917034"", ""verification_status"": ""RESOLVED"", ""verified_title"": ""A clinico-epidemiological study on tinea gladiatorum in Iranian wrestlers and mat contamination by dermatophytes."", ""seeded_from"": ""PPBF research program 2026-08-07""}",{{SEED_ACCOUNT_ID}},platform_owner
src_e7ff8ae0ee32daec,{{PPBF_ORG_ID}},Molecular epidemiology of Tinea gladiatorum in contact sports in northern Iran.,Mycoses,peer_reviewed,3,https://pubmed.ncbi.nlm.nih.gov/32096252/,2020-01-01,active,pending_review,unverified,"{""identifier_kind"": ""pmid"", ""identifier"": ""32096252"", ""verification_status"": ""RESOLVED"", ""verified_title"": ""A clinico-epidemiological study on tinea gladiatorum in Iranian wrestlers and mat contamination by dermatophytes."", ""seeded_from"": ""PPBF research program 2026-08-07""}",{{SEED_ACCOUNT_ID}},platform_owner
src_d64de305e2c9df49,{{PPBF_ORG_ID}},Prophylactic Valacyclovir to Prevent Outbreaks of Primary Herpes Gladiatorum at a 28-Day Wrestling Camp: A 10-Year Review.,Clinical journal of sport medicine : official journal of the Canadian Academy of Sport Medicine,peer_reviewed,3,https://pubmed.ncbi.nlm.nih.gov/26540599/,2016-01-01,active,pending_review,unverified,"{""identifier_kind"": ""pmid"", ""identifier"": ""26540599"", ""verification_status"": ""RESOLVED"", ""verified_title"": ""Prophylactic Valacyclovir to Prevent Outbreaks of Primary Herpes Gladiatorum at a 28-Day Wrestling Camp: A 10-Year Review."", ""seeded_from"": ""PPBF research program 2026-08-07""}",{{SEED_ACCOUNT_ID}},platform_owner
src_46113b215f7a8629,{{PPBF_ORG_ID}},Fluconazole for the prevention and treatment of tinea gladiatorum.,The Pediatric infectious disease journal,peer_reviewed,3,https://pubmed.ncbi.nlm.nih.gov/10959739/,2000-01-01,active,pending_review,unverified,"{""identifier_kind"": ""pmid"", ""identifier"": ""10959739"", ""verification_status"": ""RESOLVED"", ""verified_title"": ""Fluconazole for the prevention and treatment of tinea gladiatorum."", ""seeded_from"": ""PPBF research program 2026-08-07""}",{{SEED_ACCOUNT_ID}},platform_owner
src_fce28d1acf97f245,{{PPBF_ORG_ID}},Fluconazole as a prophylactic measure for tinea gladiatorum in high school wrestlers.,Clinical journal of sport medicine : official journal of the Canadian Academy of Sport Medicine,peer_reviewed,3,https://pubmed.ncbi.nlm.nih.gov/19741315/,2009-01-01,active,pending_review,unverified,"{""identifier_kind"": ""pmid"", ""identifier"": ""19741315"", ""verification_status"": ""RESOLVED"", ""verified_title"": ""Fluconazole for the prevention and treatment of tinea gladiatorum."", ""seeded_from"": ""PPBF research program 2026-08-07""}",{{SEED_ACCOUNT_ID}},platform_owner
src_d34846ba651943f9,{{PPBF_ORG_ID}},Tinea gladiatorum: Pennsylvania's experience.,Clinical journal of sport medicine : official journal of the Canadian Academy of Sport Medicine,peer_reviewed,3,https://pubmed.ncbi.nlm.nih.gov/12011724/,2002-01-01,active,pending_review,unverified,"{""identifier_kind"": ""pmid"", ""identifier"": ""12011724"", ""verification_status"": ""RESOLVED"", ""verified_title"": ""Tinea gladiatorum: Pennsylvania's experience."", ""seeded_from"": ""PPBF research program 2026-08-07""}",{{SEED_ACCOUNT_ID}},platform_owner
src_b9e81642b149851c,{{PPBF_ORG_ID}},Methicillin-resistant Staphylococcus aureus infections in collegiate football players.,Medicine and science in sports and exercise,peer_reviewed,3,https://pubmed.ncbi.nlm.nih.gov/18614960/,2008-01-01,active,pending_review,unverified,"{""identifier_kind"": ""pmid"", ""identifier"": ""18614960"", ""verification_status"": ""RESOLVED"", ""verified_title"": ""Methicillin-resistant Staphylococcus aureus infections in collegiate football players."", ""seeded_from"": ""PPBF research program 2026-08-07""}",{{SEED_ACCOUNT_ID}},platform_owner
src_7087326db93e25fe,{{PPBF_ORG_ID}},Community-acquired methicillin-resistant staphylococcus aureus: an emerging problem in the athletic population.,The American journal of sports medicine,peer_reviewed,3,https://pubmed.ncbi.nlm.nih.gov/16314668/,2005-01-01,active,pending_review,unverified,"{""identifier_kind"": ""pmid"", ""identifier"": ""16314668"", ""verification_status"": ""RESOLVED"", ""verified_title"": ""Methicillin-resistant Staphylococcus aureus infections in collegiate football players."", ""seeded_from"": ""PPBF research program 2026-08-07""}",{{SEED_ACCOUNT_ID}},platform_owner
src_81ed7e798fb327b5,{{PPBF_ORG_ID}},Methicillin-resistant Staphylococcus aureus (MRSA) in the Athlete.,International journal of sports medicine,peer_reviewed,3,https://pubmed.ncbi.nlm.nih.gov/19468969/,2009-01-01,active,pending_review,unverified,"{""identifier_kind"": ""pmid"", ""identifier"": ""19468969"", ""verification_status"": ""RESOLVED"", ""verified_title"": ""Methicillin-resistant Staphylococcus aureus infections in collegiate football players."", ""seeded_from"": ""PPBF research program 2026-08-07""}",{{SEED_ACCOUNT_ID}},platform_owner
src_a0354fb391c463d3,{{PPBF_ORG_ID}},More Than Skin Deep: Dermatologic Conditions in Athletes.,Sports health,governing_body,1,https://pubmed.ncbi.nlm.nih.gov/35034516/,2023-01-01,active,pending_review,unverified,"{""identifier_kind"": ""pmid"", ""identifier"": ""35034516"", ""verification_status"": ""RESOLVED"", ""verified_title"": ""More Than Skin Deep: Dermatologic Conditions in Athletes."", ""seeded_from"": ""PPBF research program 2026-08-07""}",{{SEED_ACCOUNT_ID}},platform_owner
src_d7f093ea29d329cc,{{PPBF_ORG_ID}},National Federation of State High School Associations. Prevention Key to Reducing Skin Infections in High School Wrestling (NFHS article).,,governing_body,1,https://nfhs.org/stories/prevention-key-to-reducing-skin-infections-in-high-school-wrestling,,active,pending_review,unverified,"{""identifier_kind"": ""url"", ""identifier"": ""https://nfhs.org/stories/prevention-key-to-reducing-skin-infections-in-high-school-wrestling"", ""verification_status"": ""NON_INDEXED_SOURCE"", ""verified_title"": """", ""seeded_from"": ""PPBF research program 2026-08-07""}",{{SEED_ACCOUNT_ID}},platform_owner
src_501aa556c24408e0,{{PPBF_ORG_ID}},"Blood borne infections in sport: risks of transmission, methods of prevention, and recommendations for hepatitis B vaccination.",British journal of sports medicine,peer_reviewed,4,https://pubmed.ncbi.nlm.nih.gov/15562159/,2004-01-01,active,pending_review,unverified,"{""identifier_kind"": ""pmid"", ""identifier"": ""15562159"", ""verification_status"": ""RESOLVED"", ""verified_title"": ""Blood borne infections in sport: risks of transmission, methods of prevention, and recommendations for hepatitis B vaccination."", ""seeded_from"": ""PPBF research program 2026-08-07""}",{{SEED_ACCOUNT_ID}},platform_owner
src_46bb3f9e8042b9e1,{{PPBF_ORG_ID}},Risk of hepatitis B infections in Olympic wrestling.,British journal of sports medicine,peer_reviewed,4,https://pubmed.ncbi.nlm.nih.gov/17331974/,2007-01-01,active,pending_review,unverified,"{""identifier_kind"": ""pmid"", ""identifier"": ""17331974"", ""verification_status"": ""RESOLVED"", ""verified_title"": ""Blood borne infections in sport: risks of transmission, methods of prevention, and recommendations for hepatitis B vaccination."", ""seeded_from"": ""PPBF research program 2026-08-07""}",{{SEED_ACCOUNT_ID}},platform_owner
src_2fb16fa7565af411,{{PPBF_ORG_ID}},Horizontal Transmission of Hepatitis B Virus Genotype C Among Members of a Wrestling Club in Japan.,The American journal of case reports,peer_reviewed,4,https://pubmed.ncbi.nlm.nih.gov/32863382/,2020-01-01,active,pending_review,unverified,"{""identifier_kind"": ""pmid"", ""identifier"": ""32863382"", ""verification_status"": ""RESOLVED"", ""verified_title"": ""Blood borne infections in sport: risks of transmission, methods of prevention, and recommendations for hepatitis B vaccination."", ""seeded_from"": ""PPBF research program 2026-08-07""}",{{SEED_ACCOUNT_ID}},platform_owner
src_24997cad046ec68f,{{PPBF_ORG_ID}},Prospective study of bacterial and viral contamination of exercise equipment.,Clinical journal of sport medicine : official journal of the Canadian Academy of Sport Medicine,peer_reviewed,3,https://pubmed.ncbi.nlm.nih.gov/16377973/,2006-01-01,active,pending_review,unverified,"{""identifier_kind"": ""pmid"", ""identifier"": ""16377973"", ""verification_status"": ""RESOLVED"", ""verified_title"": ""Prospective study of bacterial and viral contamination of exercise equipment."", ""seeded_from"": ""PPBF research program 2026-08-07""}",{{SEED_ACCOUNT_ID}},platform_owner
src_e062c08adf629d4f,{{PPBF_ORG_ID}},US Environmental Protection Agency. Selected EPA-Registered Disinfectants — how to use them properly (contact time guidance). | US CDC. Environmental Cleaning & Disinfection: What is Contact Time?,,governing_body,1,https://www.epa.gov/pesticide-registration/selected-epa-registered-disinfectants,,active,pending_review,unverified,"{""identifier_kind"": ""url"", ""identifier"": ""https://www.epa.gov/pesticide-registration/selected-epa-registered-disinfectants"", ""verification_status"": ""NON_INDEXED_SOURCE"", ""verified_title"": """", ""seeded_from"": ""PPBF research program 2026-08-07""}",{{SEED_ACCOUNT_ID}},platform_owner
src_fef5fd676cada29a,{{PPBF_ORG_ID}},International Olympic Committee consensus statement: harassment and abuse (non-accidental violence) in sport.,British journal of sports medicine,clinical_guideline,1,https://pubmed.ncbi.nlm.nih.gov/27118273/,2016-01-01,active,pending_review,unverified,"{""identifier_kind"": ""pmid"", ""identifier"": ""27118273"", ""verification_status"": ""RESOLVED"", ""verified_title"": ""International Olympic Committee consensus statement: harassment and abuse (non-accidental violence) in sport."", ""seeded_from"": ""PPBF research program 2026-08-07""}",{{SEED_ACCOUNT_ID}},platform_owner
src_ae8d7695863bcc0c,{{PPBF_ORG_ID}},Prevalence of interpersonal violence against children in sport in six European countries.,Child abuse & neglect,peer_reviewed,3,https://pubmed.ncbi.nlm.nih.gov/37931542/,2023-01-01,active,pending_review,unverified,"{""identifier_kind"": ""pmid"", ""identifier"": ""37931542"", ""verification_status"": ""RESOLVED"", ""verified_title"": ""Prevalence of interpersonal violence against children in sport in six European countries."", ""seeded_from"": ""PPBF research program 2026-08-07""}",{{SEED_ACCOUNT_ID}},platform_owner
src_c69125dc5becf31c,{{PPBF_ORG_ID}},From Policy to Practice: Measures Against Sexual Abuse by Swedish Sports Federations.,Frontiers in sports and active living,peer_reviewed,3,https://pubmed.ncbi.nlm.nih.gov/35308595/,2022-01-01,active,pending_review,unverified,"{""identifier_kind"": ""pmid"", ""identifier"": ""35308595"", ""verification_status"": ""RESOLVED"", ""verified_title"": ""From Policy to Practice: Measures Against Sexual Abuse by Swedish Sports Federations."", ""seeded_from"": ""PPBF research program 2026-08-07""}",{{SEED_ACCOUNT_ID}},platform_owner
src_a60cc63263fe0a56,{{PPBF_ORG_ID}},The Safe Sport Allies bystander training: developing a multi-layered program for youth sport participants and their coaches to prevent harassment and abuse in local sport clubs.,Frontiers in psychology,peer_reviewed,3,https://pubmed.ncbi.nlm.nih.gov/38966731/,2024-01-01,active,pending_review,unverified,"{""identifier_kind"": ""pmid"", ""identifier"": ""38966731"", ""verification_status"": ""RESOLVED"", ""verified_title"": ""The Safe Sport Allies bystander training: developing a multi-layered program for youth sport participants and their coaches to prevent harassment and abuse in local sport clubs."", ""seeded_from"": ""PPBF research program 2026-08-07""}",{{SEED_ACCOUNT_ID}},platform_owner
src_b2e36bfb0f9843c9,{{PPBF_ORG_ID}},Techniques of valvular reoperation.,European journal of cardio-thoracic surgery : official journal of the European Association for Cardio-thoracic Surgery,peer_reviewed,3,https://pubmed.ncbi.nlm.nih.gov/1389280/,1992-01-01,active,pending_review,unverified,"{""identifier_kind"": ""pmid"", ""identifier"": ""1389280"", ""verification_status"": ""RESOLVED"", ""verified_title"": ""The Safe Sport Allies bystander training: developing a multi-layered program for youth sport participants and their coaches to prevent harassment and abuse in local sport clubs."", ""seeded_from"": ""PPBF research program 2026-08-07""}",{{SEED_ACCOUNT_ID}},platform_owner
src_cbcd4e7968acbef9,{{PPBF_ORG_ID}},USA Boxing SafeSport programme page (mandatory reporting and Center for SafeSport jurisdiction provisions).,,governing_body,1,https://www.usaboxing.org/safe-sport,,active,pending_review,unverified,"{""identifier_kind"": ""url"", ""identifier"": ""https://www.usaboxing.org/safe-sport"", ""verification_status"": ""NON_INDEXED_SOURCE"", ""verified_title"": """", ""seeded_from"": ""PPBF research program 2026-08-07""}",{{SEED_ACCOUNT_ID}},platform_owner
src_724faf37406a175a,{{PPBF_ORG_ID}},"A scoping review of rapid weight loss in judo athletes: prevalence, magnitude, effects on performance, risks, and recommendations.",Physical activity and nutrition,peer_reviewed,4,https://pubmed.ncbi.nlm.nih.gov/39501688/,2024-01-01,active,pending_review,unverified,"{""identifier_kind"": ""pmid"", ""identifier"": ""39501688"", ""verification_status"": ""RESOLVED"", ""verified_title"": ""A scoping review of rapid weight loss in judo athletes: prevalence, magnitude, effects on performance, risks, and recommendations."", ""seeded_from"": ""PPBF research program 2026-08-07""}",{{SEED_ACCOUNT_ID}},platform_owner
src_2d9aa632ec523cb3,{{PPBF_ORG_ID}},"Weight loss in combat sports: physiological, psychological and performance effects.",Journal of the International Society of Sports Nutrition,peer_reviewed,4,https://pubmed.ncbi.nlm.nih.gov/23237303/,2012-01-01,active,pending_review,unverified,"{""identifier_kind"": ""pmid"", ""identifier"": ""23237303"", ""verification_status"": ""RESOLVED"", ""verified_title"": ""A scoping review of rapid weight loss in judo athletes: prevalence, magnitude, effects on performance, risks, and recommendations."", ""seeded_from"": ""PPBF research program 2026-08-07""}",{{SEED_ACCOUNT_ID}},platform_owner
src_cc7537f577a458f8,{{PPBF_ORG_ID}},A surgical safety checklist to reduce morbidity and mortality in a global population.,The New England journal of medicine,peer_reviewed,3,https://pubmed.ncbi.nlm.nih.gov/19144931/,2009-01-01,active,pending_review,unverified,"{""identifier_kind"": ""pmid"", ""identifier"": ""19144931"", ""verification_status"": ""RESOLVED"", ""verified_title"": ""A surgical safety checklist to reduce morbidity and mortality in a global population."", ""seeded_from"": ""PPBF research program 2026-08-07""}",{{SEED_ACCOUNT_ID}},platform_owner
src_d1d37b1344b83444,{{PPBF_ORG_ID}},Patient safety incident reporting systems and reporting practices in African healthcare organisations: a systematic review and meta-analysis.,BMJ open quality,peer_reviewed,2,https://pubmed.ncbi.nlm.nih.gov/40011060/,2025-01-01,active,pending_review,unverified,"{""identifier_kind"": ""pmid"", ""identifier"": ""40011060"", ""verification_status"": ""RESOLVED"", ""verified_title"": ""Patient safety incident reporting systems and reporting practices in African healthcare organisations: a systematic review and meta-analysis."", ""seeded_from"": ""PPBF research program 2026-08-07""}",{{SEED_ACCOUNT_ID}},platform_owner
src_166de28d9a3be538,{{PPBF_ORG_ID}},Critical airway-related incidents and near misses in anaesthesia: a qualitative study of a critical incident reporting system.,British journal of anaesthesia,peer_reviewed,2,https://pubmed.ncbi.nlm.nih.gov/38866639/,2024-01-01,active,pending_review,unverified,"{""identifier_kind"": ""pmid"", ""identifier"": ""38866639"", ""verification_status"": ""RESOLVED"", ""verified_title"": ""Patient safety incident reporting systems and reporting practices in African healthcare organisations: a systematic review and meta-analysis."", ""seeded_from"": ""PPBF research program 2026-08-07""}",{{SEED_ACCOUNT_ID}},platform_owner
src_db8abe5bb1de29d9,{{PPBF_ORG_ID}},Targeting safety improvements through identification of incident origination and detection in a near-miss incident learning system.,Medical physics,peer_reviewed,2,https://pubmed.ncbi.nlm.nih.gov/27147317/,2016-01-01,active,pending_review,unverified,"{""identifier_kind"": ""pmid"", ""identifier"": ""27147317"", ""verification_status"": ""RESOLVED"", ""verified_title"": ""Patient safety incident reporting systems and reporting practices in African healthcare organisations: a systematic review and meta-analysis."", ""seeded_from"": ""PPBF research program 2026-08-07""}",{{SEED_ACCOUNT_ID}},platform_owner
src_f1da1901cdbcc5ee,{{PPBF_ORG_ID}},[Splenic surgery].,Der Chirurg; Zeitschrift fur alle Gebiete der operativen Medizen,peer_reviewed,2,https://pubmed.ncbi.nlm.nih.gov/4944739/,1971-01-01,active,pending_review,unverified,"{""identifier_kind"": ""pmid"", ""identifier"": ""4944739"", ""verification_status"": ""RESOLVED"", ""verified_title"": ""Patient safety incident reporting systems and reporting practices in African healthcare organisations: a systematic review and meta-analysis."", ""seeded_from"": ""PPBF research program 2026-08-07""}",{{SEED_ACCOUNT_ID}},platform_owner
src_42268c9e289e2396,{{PPBF_ORG_ID}},Creating optimally safe and enjoyable youth sporting experiences within the United Kingdom.,Psychology of sport and exercise,peer_reviewed,3,https://pubmed.ncbi.nlm.nih.gov/38663570/,2024-01-01,active,pending_review,unverified,"{""identifier_kind"": ""pmid"", ""identifier"": ""38663570"", ""verification_status"": ""RESOLVED"", ""verified_title"": ""Creating optimally safe and enjoyable youth sporting experiences within the United Kingdom."", ""seeded_from"": ""PPBF research program 2026-08-07""}",{{SEED_ACCOUNT_ID}},platform_owner
src_571f89ab1cfb3844,{{PPBF_ORG_ID}},Overuse injuries and burnout in youth sports: a position statement from the American Medical Society for Sports Medicine.,British journal of sports medicine,clinical_guideline,1,https://pubmed.ncbi.nlm.nih.gov/24463910/,2014-01-01,active,pending_review,unverified,"{""identifier_kind"": ""pmid"", ""identifier"": ""24463910"", ""verification_status"": ""RESOLVED"", ""verified_title"": ""Overuse injuries and burnout in youth sports: a position statement from the American Medical Society for Sports Medicine."", ""seeded_from"": ""PPBF research program 2026-08-07""}",{{SEED_ACCOUNT_ID}},platform_owner
src_c4307f27166ed0b9,{{PPBF_ORG_ID}},Health Consequences of Youth Sport Specialization.,Journal of athletic training,clinical_guideline,1,https://pubmed.ncbi.nlm.nih.gov/31633420/,2019-01-01,active,pending_review,unverified,"{""identifier_kind"": ""pmid"", ""identifier"": ""31633420"", ""verification_status"": ""RESOLVED"", ""verified_title"": ""Overuse injuries and burnout in youth sports: a position statement from the American Medical Society for Sports Medicine."", ""seeded_from"": ""PPBF research program 2026-08-07""}",{{SEED_ACCOUNT_ID}},platform_owner
src_39ca0879b9087b6c,{{PPBF_ORG_ID}},National Athletic Trainers' Association position statement: prevention of pediatric overuse injuries.,Journal of athletic training,clinical_guideline,1,https://pubmed.ncbi.nlm.nih.gov/21391806/,2011-01-01,active,pending_review,unverified,"{""identifier_kind"": ""pmid"", ""identifier"": ""21391806"", ""verification_status"": ""RESOLVED"", ""verified_title"": ""Overuse injuries and burnout in youth sports: a position statement from the American Medical Society for Sports Medicine."", ""seeded_from"": ""PPBF research program 2026-08-07""}",{{SEED_ACCOUNT_ID}},platform_owner
src_4edbd1bbf44f0753,{{PPBF_ORG_ID}},Updating ACSM's Recommendations for Exercise Preparticipation Health Screening.,Medicine and science in sports and exercise,clinical_guideline,1,https://pubmed.ncbi.nlm.nih.gov/26473759/,2015-01-01,active,pending_review,unverified,"{""identifier_kind"": ""pmid"", ""identifier"": ""26473759"", ""verification_status"": ""RESOLVED"", ""verified_title"": ""Updating ACSM's Recommendations for Exercise Preparticipation Health Screening."", ""seeded_from"": ""PPBF research program 2026-08-07""}",{{SEED_ACCOUNT_ID}},platform_owner
src_c8c1786556d9cf3f,{{PPBF_ORG_ID}},Trends in sudden cardiovascular death in young competitive athletes after implementation of a preparticipation screening program.,JAMA,clinical_guideline,1,https://pubmed.ncbi.nlm.nih.gov/17018804/,2006-01-01,active,pending_review,unverified,"{""identifier_kind"": ""pmid"", ""identifier"": ""17018804"", ""verification_status"": ""RESOLVED"", ""verified_title"": ""Updating ACSM's Recommendations for Exercise Preparticipation Health Screening."", ""seeded_from"": ""PPBF research program 2026-08-07""}",{{SEED_ACCOUNT_ID}},platform_owner
src_ddc062c08f6073ac,{{PPBF_ORG_ID}},Emergency Action Planning in School-Based Athletics: A Systematic Review.,Kansas journal of medicine,peer_reviewed,2,https://pubmed.ncbi.nlm.nih.gov/34868470/,2021-01-01,active,pending_review,unverified,"{""identifier_kind"": ""pmid"", ""identifier"": ""34868470"", ""verification_status"": ""RESOLVED"", ""verified_title"": ""Emergency Action Planning in School-Based Athletics: A Systematic Review."", ""seeded_from"": ""PPBF research program 2026-08-07""}",{{SEED_ACCOUNT_ID}},platform_owner
src_b65092f00d00079e,{{PPBF_ORG_ID}},INSUFFICIENT EVIDENCE,,other,5,,,active,pending_review,unverified,"{""identifier_kind"": ""noid"", ""identifier"": ""B3-057"", ""verification_status"": ""NO_IDENTIFIER_BY_DESIGN"", ""verified_title"": """", ""seeded_from"": ""PPBF research program 2026-08-07""}",{{SEED_ACCOUNT_ID}},platform_owner
src_9ae8d33a89340c1e,{{PPBF_ORG_ID}},INSUFFICIENT EVIDENCE,,other,5,,,active,pending_review,unverified,"{""identifier_kind"": ""noid"", ""identifier"": ""B3-058"", ""verification_status"": ""NO_IDENTIFIER_BY_DESIGN"", ""verified_title"": """", ""seeded_from"": ""PPBF research program 2026-08-07""}",{{SEED_ACCOUNT_ID}},platform_owner
src_ca13f39433039beb,{{PPBF_ORG_ID}},INSUFFICIENT EVIDENCE,,other,5,,,active,pending_review,unverified,"{""identifier_kind"": ""noid"", ""identifier"": ""B3-059"", ""verification_status"": ""NO_IDENTIFIER_BY_DESIGN"", ""verified_title"": """", ""seeded_from"": ""PPBF research program 2026-08-07""}",{{SEED_ACCOUNT_ID}},platform_owner
src_dfbcade68b3dca2c,{{PPBF_ORG_ID}},INSUFFICIENT EVIDENCE,,other,5,,,active,pending_review,unverified,"{""identifier_kind"": ""noid"", ""identifier"": ""B3-060"", ""verification_status"": ""NO_IDENTIFIER_BY_DESIGN"", ""verified_title"": """", ""seeded_from"": ""PPBF research program 2026-08-07""}",{{SEED_ACCOUNT_ID}},platform_owner
src_3e209b3a853cc053,{{PPBF_ORG_ID}},Inter Association Task Force recommendations on emergency preparedness and management of sudden cardiac arrest in high school and college athletic programs: a consensus statement.,Prehospital emergency care,clinical_guideline,1,https://pubmed.ncbi.nlm.nih.gov/17613898/,2007-01-01,active,pending_review,unverified,"{""identifier_kind"": ""pmid"", ""identifier"": ""17613898"", ""verification_status"": ""RESOLVED"", ""verified_title"": ""Inter Association Task Force recommendations on emergency preparedness and management of sudden cardiac arrest in high school and college athletic programs: a consensus statement."", ""seeded_from"": ""PPBF research program 2026-08-07""}",{{SEED_ACCOUNT_ID}},platform_owner
src_ea1a2c9630801ac7,{{PPBF_ORG_ID}},"PPBF. docs/DATA_RETENTION.md, effective 2026-08-06, as reproduced in PPBF_repo_context_pack.md.",,internal_policy,3,,,active,pending_review,unverified,"{""identifier_kind"": ""noid"", ""identifier"": ""B3-062"", ""verification_status"": ""NON_INDEXED_SOURCE"", ""verified_title"": """", ""seeded_from"": ""PPBF research program 2026-08-07""}",{{SEED_ACCOUNT_ID}},platform_owner
src_0f4cb2616bd6992f,{{PPBF_ORG_ID}},"PPBF. docs/SHADOW_AUTHORITY_MODEL.md, docs/00_MASTER_BLUEPRINT.md, PPBF_CAPABILITIES.json and pilot schema inventory, as reproduced in PPBF_repo_context_pack.md.",,internal_policy,3,,,active,pending_review,unverified,"{""identifier_kind"": ""noid"", ""identifier"": ""B3-063"", ""verification_status"": ""NON_INDEXED_SOURCE"", ""verified_title"": """", ""seeded_from"": ""PPBF research program 2026-08-07""}",{{SEED_ACCOUNT_ID}},platform_owner
src_958f309d0e4239d0,{{PPBF_ORG_ID}},A SYSTEMATIC REVIEW AND META-ANALYSIS OF DROPOUT RATES IN YOUTH SOCCER.,Perceptual and motor skills,peer_reviewed,2,https://pubmed.ncbi.nlm.nih.gov/26595205/,2015-01-01,active,pending_review,unverified,"{""identifier_kind"": ""pmid"", ""identifier"": ""26595205"", ""verification_status"": ""RESOLVED"", ""verified_title"": ""A SYSTEMATIC REVIEW AND META-ANALYSIS OF DROPOUT RATES IN YOUTH SOCCER."", ""seeded_from"": ""PPBF research program 2026-08-07""}",{{SEED_ACCOUNT_ID}},platform_owner
src_64fabfa95f88830f,{{PPBF_ORG_ID}},Sink or Swim? A survival analysis of sport dropout in Australian youth swimmers.,Scandinavian journal of medicine & science in sports,peer_reviewed,3,https://pubmed.ncbi.nlm.nih.gov/32668035/,2020-01-01,active,pending_review,unverified,"{""identifier_kind"": ""pmid"", ""identifier"": ""32668035"", ""verification_status"": ""RESOLVED"", ""verified_title"": ""Sink or Swim? A survival analysis of sport dropout in Australian youth swimmers."", ""seeded_from"": ""PPBF research program 2026-08-07""}",{{SEED_ACCOUNT_ID}},platform_owner
src_8c26e23614ed88ff,{{PPBF_ORG_ID}},A survival analysis of dropout among French swimmers.,Frontiers in sports and active living,peer_reviewed,3,https://pubmed.ncbi.nlm.nih.gov/40110418/,2025-01-01,active,pending_review,unverified,"{""identifier_kind"": ""pmid"", ""identifier"": ""40110418"", ""verification_status"": ""RESOLVED"", ""verified_title"": ""A survival analysis of dropout among French swimmers."", ""seeded_from"": ""PPBF research program 2026-08-07""}",{{SEED_ACCOUNT_ID}},platform_owner
src_87789427169bfc6e,{{PPBF_ORG_ID}},Kidney procurement policies in the Eurotransplant region. 'Opting in' versus 'opting out'.,Social science & medicine (1982),peer_reviewed,3,https://pubmed.ncbi.nlm.nih.gov/1509306/,1992-01-01,active,pending_review,unverified,"{""identifier_kind"": ""pmid"", ""identifier"": ""1509306"", ""verification_status"": ""RESOLVED"", ""verified_title"": ""A survival analysis of dropout among French swimmers."", ""seeded_from"": ""PPBF research program 2026-08-07""}",{{SEED_ACCOUNT_ID}},platform_owner
src_3d6b1bee23bf8b18,{{PPBF_ORG_ID}},The achievement-dropout paradox: structural and performance predictors of youth-to-senior transition attrition in elite handball.,Frontiers in sports and active living,peer_reviewed,3,https://pubmed.ncbi.nlm.nih.gov/42358508/,2026-01-01,active,pending_review,unverified,"{""identifier_kind"": ""pmid"", ""identifier"": ""42358508"", ""verification_status"": ""RESOLVED"", ""verified_title"": ""The achievement-dropout paradox: structural and performance predictors of youth-to-senior transition attrition in elite handball."", ""seeded_from"": ""PPBF research program 2026-08-07""}",{{SEED_ACCOUNT_ID}},platform_owner
src_76cd5098db4d4a9c,{{PPBF_ORG_ID}},Congenital atresia of left main coronary artery: proposed mechanism for severe disabling angina in a patient with non-atherosclerotic single right coronary artery--a case report.,Catheterization and cardiovascular diagnosis,peer_reviewed,3,https://pubmed.ncbi.nlm.nih.gov/1868532/,1991-01-01,active,pending_review,unverified,"{""identifier_kind"": ""pmid"", ""identifier"": ""1868532"", ""verification_status"": ""RESOLVED"", ""verified_title"": ""The achievement-dropout paradox: structural and performance predictors of youth-to-senior transition attrition in elite handball."", ""seeded_from"": ""PPBF research program 2026-08-07""}",{{SEED_ACCOUNT_ID}},platform_owner
src_fcff03b8ec1e918b,{{PPBF_ORG_ID}},International Olympic Committee consensus statement: methods for recording and reporting of epidemiological data on injury and illness in sport 2020 (including STROBE Extension for Sport Injury and Illness Surveillance (STROBE-SIIS)).,British journal of sports medicine,clinical_guideline,1,https://pubmed.ncbi.nlm.nih.gov/32071062/,2020-01-01,active,pending_review,unverified,"{""identifier_kind"": ""pmid"", ""identifier"": ""32071062"", ""verification_status"": ""RESOLVED"", ""verified_title"": ""International Olympic Committee consensus statement: methods for recording and reporting of epidemiological data on injury and illness in sport 2020 (including STROBE Extension for Sport Injury and Illness Surveillance (STROBE-SIIS))."", ""seeded_from"": ""PPBF research program 2026-08-07""}",{{SEED_ACCOUNT_ID}},platform_owner
src_17f7b395a98787ad,{{PPBF_ORG_ID}},A prospective controlled study of cognitive function during an amateur boxing tournament.,Neurology,peer_reviewed,3,https://pubmed.ncbi.nlm.nih.gov/15136671/,2004-01-01,active,pending_review,unverified,"{""identifier_kind"": ""pmid"", ""identifier"": ""15136671"", ""verification_status"": ""RESOLVED"", ""verified_title"": ""A prospective controlled study of cognitive function during an amateur boxing tournament."", ""seeded_from"": ""PPBF research program 2026-08-07""}",{{SEED_ACCOUNT_ID}},platform_owner
src_e85180e2b6f064a7,{{PPBF_ORG_ID}},Boxing as an Intervention in Mental Health: A Scoping Review.,American journal of lifestyle medicine,peer_reviewed,3,https://pubmed.ncbi.nlm.nih.gov/37426738/,2023-01-01,active,pending_review,unverified,"{""identifier_kind"": ""pmid"", ""identifier"": ""37426738"", ""verification_status"": ""RESOLVED"", ""verified_title"": ""Boxing as an Intervention in Mental Health: A Scoping Review."", ""seeded_from"": ""PPBF research program 2026-08-07""}",{{SEED_ACCOUNT_ID}},platform_owner
src_6f3abc682533a73f,{{PPBF_ORG_ID}},Amsterdam 2022 process: A summary of the methodology for the Amsterdam International Consensus on Concussion in Sport.,British journal of sports medicine,clinical_guideline,1,https://pubmed.ncbi.nlm.nih.gov/37316208/,2023-01-01,active,pending_review,unverified,"{""identifier_kind"": ""pmid"", ""identifier"": ""37316208"", ""verification_status"": ""RESOLVED"", ""verified_title"": ""Consensus statement on concussion in sport: the 6th International Conference on Concussion in Sport-Amsterdam, October 2022."", ""seeded_from"": ""PPBF research program 2026-08-07""}",{{SEED_ACCOUNT_ID}},platform_owner
src_3864fe5298a5a904,{{PPBF_ORG_ID}},The Influence of Injury Definition on Injury Burden in Preprofessional Ballet and Contemporary Dancers.,The Journal of orthopaedic and sports physical therapy,peer_reviewed,3,https://pubmed.ncbi.nlm.nih.gov/29237356/,2018-01-01,active,pending_review,unverified,"{""identifier_kind"": ""pmid"", ""identifier"": ""29237356"", ""verification_status"": ""RESOLVED"", ""verified_title"": ""The Influence of Injury Definition on Injury Burden in Preprofessional Ballet and Contemporary Dancers."", ""seeded_from"": ""PPBF research program 2026-08-07""}",{{SEED_ACCOUNT_ID}},platform_owner
src_ea7b320d27194c14,{{PPBF_ORG_ID}},Impact of informative censoring on the Kaplan-Meier estimate of progression-free survival in phase II clinical trials.,Journal of clinical oncology : official journal of the American Society of Clinical Oncology,peer_reviewed,3,https://pubmed.ncbi.nlm.nih.gov/25113767/,2014-01-01,active,pending_review,unverified,"{""identifier_kind"": ""pmid"", ""identifier"": ""25113767"", ""verification_status"": ""RESOLVED"", ""verified_title"": ""Impact of informative censoring on the Kaplan-Meier estimate of progression-free survival in phase II clinical trials."", ""seeded_from"": ""PPBF research program 2026-08-07""}",{{SEED_ACCOUNT_ID}},platform_owner
src_a81fec850536ea59,{{PPBF_ORG_ID}},Sensitivity analysis when data are missing not-at-random.,"Epidemiology (Cambridge, Mass.)",governing_body,1,https://pubmed.ncbi.nlm.nih.gov/21293212/,2011-01-01,active,pending_review,unverified,"{""identifier_kind"": ""pmid"", ""identifier"": ""21293212"", ""verification_status"": ""RESOLVED"", ""verified_title"": ""Sensitivity analysis when data are missing not-at-random."", ""seeded_from"": ""PPBF research program 2026-08-07""}",{{SEED_ACCOUNT_ID}},platform_owner
src_d9ad7d7981efedd4,{{PPBF_ORG_ID}},Sensitivity analysis for missing data in regulatory submissions.,Statistics in medicine,governing_body,1,https://pubmed.ncbi.nlm.nih.gov/26567763/,2016-01-01,active,pending_review,unverified,"{""identifier_kind"": ""pmid"", ""identifier"": ""26567763"", ""verification_status"": ""RESOLVED"", ""verified_title"": ""Sensitivity analysis when data are missing not-at-random."", ""seeded_from"": ""PPBF research program 2026-08-07""}",{{SEED_ACCOUNT_ID}},platform_owner
src_a6b1398d6db024fd,{{PPBF_ORG_ID}},Evaluation of non-response bias in a cohort study of World Trade Center terrorist attack survivors.,BMC research notes,peer_reviewed,3,https://pubmed.ncbi.nlm.nih.gov/25889176/,2015-01-01,active,pending_review,unverified,"{""identifier_kind"": ""pmid"", ""identifier"": ""25889176"", ""verification_status"": ""RESOLVED"", ""verified_title"": ""Evaluation of non-response bias in a cohort study of World Trade Center terrorist attack survivors."", ""seeded_from"": ""PPBF research program 2026-08-07""}",{{SEED_ACCOUNT_ID}},platform_owner
src_399bd94d6a04393a,{{PPBF_ORG_ID}},Benefits of extensive recruitment effort persist during follow-ups and are consistent across age group and survey method. The TRAILS study.,BMC medical research methodology,peer_reviewed,3,https://pubmed.ncbi.nlm.nih.gov/22747967/,2012-01-01,active,pending_review,unverified,"{""identifier_kind"": ""pmid"", ""identifier"": ""22747967"", ""verification_status"": ""RESOLVED"", ""verified_title"": ""Evaluation of non-response bias in a cohort study of World Trade Center terrorist attack survivors."", ""seeded_from"": ""PPBF research program 2026-08-07""}",{{SEED_ACCOUNT_ID}},platform_owner
src_b3dc9a1fdc356724,{{PPBF_ORG_ID}},A simple approach to power and sample size calculations in logistic regression and Cox regression models.,Statistics in medicine,peer_reviewed,3,https://pubmed.ncbi.nlm.nih.gov/15160408/,2004-01-01,active,pending_review,unverified,"{""identifier_kind"": ""pmid"", ""identifier"": ""15160408"", ""verification_status"": ""RESOLVED"", ""verified_title"": ""A simple approach to power and sample size calculations in logistic regression and Cox regression models."", ""seeded_from"": ""PPBF research program 2026-08-07""}",{{SEED_ACCOUNT_ID}},platform_owner
src_dd6c513cddcf5f85,{{PPBF_ORG_ID}},Meta-analysis by random effect modelling in generalized linear models.,Statistics in medicine,peer_reviewed,3,https://pubmed.ncbi.nlm.nih.gov/10474144/,1999-01-01,active,pending_review,unverified,"{""identifier_kind"": ""pmid"", ""identifier"": ""10474144"", ""verification_status"": ""RESOLVED"", ""verified_title"": ""Meta-analysis by random effect modelling in generalized linear models."", ""seeded_from"": ""PPBF research program 2026-08-07""}",{{SEED_ACCOUNT_ID}},platform_owner
src_4cd2670bc4fcaf22,{{PPBF_ORG_ID}},A Proportional Hazards Model for the Subdistribution of a Competing Risk,Journal of the American Statistical Association,peer_reviewed,3,https://doi.org/10.1080/01621459.1999.10474144,1999-01-01,active,pending_review,unverified,"{""identifier_kind"": ""doi"", ""identifier"": ""10.1080/01621459.1999.10474144"", ""verification_status"": ""RESOLVED"", ""verified_title"": ""Meta-analysis by random effect modelling in generalized linear models."", ""seeded_from"": ""PPBF research program 2026-08-07""}",{{SEED_ACCOUNT_ID}},platform_owner
src_aa5417c1490f14fd,{{PPBF_ORG_ID}},Competing Risk Regression Models for Epidemiologic Data,American Journal of Epidemiology,peer_reviewed,3,https://doi.org/10.1093/aje/kwp107,2009-01-01,active,pending_review,unverified,"{""identifier_kind"": ""doi"", ""identifier"": ""10.1093/aje/kwp107"", ""verification_status"": ""RESOLVED"", ""verified_title"": ""Meta-analysis by random effect modelling in generalized linear models."", ""seeded_from"": ""PPBF research program 2026-08-07""}",{{SEED_ACCOUNT_ID}},platform_owner
src_c157745a63ca9b71,{{PPBF_ORG_ID}},Competing risks in epidemiology: possibilities and pitfalls,International Journal of Epidemiology,peer_reviewed,3,https://doi.org/10.1093/ije/dyr213,2012-01-01,active,pending_review,unverified,"{""identifier_kind"": ""doi"", ""identifier"": ""10.1093/ije/dyr213"", ""verification_status"": ""RESOLVED"", ""verified_title"": ""Meta-analysis by random effect modelling in generalized linear models."", ""seeded_from"": ""PPBF research program 2026-08-07""}",{{SEED_ACCOUNT_ID}},platform_owner
src_22a32d36b56d134b,{{PPBF_ORG_ID}},Practical recommendations for reporting<scp>F</scp>ine‐<scp>G</scp>ray model analyses for competing risk data,Statistics in Medicine,peer_reviewed,3,https://doi.org/10.1002/sim.7501,2017-01-01,active,pending_review,unverified,"{""identifier_kind"": ""doi"", ""identifier"": ""10.1002/sim.7501"", ""verification_status"": ""RESOLVED"", ""verified_title"": ""Meta-analysis by random effect modelling in generalized linear models."", ""seeded_from"": ""PPBF research program 2026-08-07""}",{{SEED_ACCOUNT_ID}},platform_owner
src_19e31de9ee71f8b7,{{PPBF_ORG_ID}},Multiple imputation using chained equations: Issues and guidance for practice,Statistics in Medicine,peer_reviewed,3,https://doi.org/10.1002/sim.4067,2010-01-01,active,pending_review,unverified,"{""identifier_kind"": ""doi"", ""identifier"": ""10.1002/sim.4067"", ""verification_status"": ""RESOLVED"", ""verified_title"": ""Multiple imputation using chained equations: Issues and guidance for practice"", ""seeded_from"": ""PPBF research program 2026-08-07""}",{{SEED_ACCOUNT_ID}},platform_owner
src_6493f6921e01f80c,{{PPBF_ORG_ID}},When and how should multiple imputation be used for handling missing data in randomised clinical trials – a practical guide with flowcharts,BMC Medical Research Methodology,peer_reviewed,3,https://doi.org/10.1186/s12874-017-0442-1,2017-01-01,active,pending_review,unverified,"{""identifier_kind"": ""doi"", ""identifier"": ""10.1186/s12874-017-0442-1"", ""verification_status"": ""RESOLVED"", ""verified_title"": ""Multiple imputation using chained equations: Issues and guidance for practice"", ""seeded_from"": ""PPBF research program 2026-08-07""}",{{SEED_ACCOUNT_ID}},platform_owner
src_a747f192b645e2f0,{{PPBF_ORG_ID}},The fun integration theory: toward sustaining children and adolescents sport participation.,Journal of physical activity & health,peer_reviewed,3,https://pubmed.ncbi.nlm.nih.gov/24770788/,2015-01-01,active,pending_review,unverified,"{""identifier_kind"": ""pmid"", ""identifier"": ""24770788"", ""verification_status"": ""RESOLVED"", ""verified_title"": ""The fun integration theory: toward sustaining children and adolescents sport participation."", ""seeded_from"": ""PPBF research program 2026-08-07""}",{{SEED_ACCOUNT_ID}},platform_owner
src_0eb2c2164cfc1daf,{{PPBF_ORG_ID}},Enjoyment and Behavioral Intention Predict Organized Youth Sport Participation and Dropout,Journal of Physical Activity and Health,peer_reviewed,3,https://doi.org/10.1123/jpah.2016-0572,2017-01-01,active,pending_review,unverified,"{""identifier_kind"": ""doi"", ""identifier"": ""10.1123/jpah.2016-0572"", ""verification_status"": ""RESOLVED"", ""verified_title"": ""The fun integration theory: toward sustaining children and adolescents sport participation."", ""seeded_from"": ""PPBF research program 2026-08-07""}",{{SEED_ACCOUNT_ID}},platform_owner
src_0bec80564841a8fb,{{PPBF_ORG_ID}},Sport Participation for Academic Success: Evidence From the Longitudinal Study of Australian Children.,Journal of physical activity & health,peer_reviewed,3,https://pubmed.ncbi.nlm.nih.gov/38141604/,2024-01-01,active,pending_review,unverified,"{""identifier_kind"": ""pmid"", ""identifier"": ""38141604"", ""verification_status"": ""RESOLVED"", ""verified_title"": ""Sport Participation for Academic Success: Evidence From the Longitudinal Study of Australian Children."", ""seeded_from"": ""PPBF research program 2026-08-07""}",{{SEED_ACCOUNT_ID}},platform_owner
src_b112731d59916837,{{PPBF_ORG_ID}},Sport Participation and Academic Achievement: A Longitudinal Study.,American journal of health behavior,peer_reviewed,3,https://pubmed.ncbi.nlm.nih.gov/28452695/,2017-01-01,active,pending_review,unverified,"{""identifier_kind"": ""pmid"", ""identifier"": ""28452695"", ""verification_status"": ""RESOLVED"", ""verified_title"": ""Sport Participation for Academic Success: Evidence From the Longitudinal Study of Australian Children."", ""seeded_from"": ""PPBF research program 2026-08-07""}",{{SEED_ACCOUNT_ID}},platform_owner
src_70529e8420745da2,{{PPBF_ORG_ID}},'Domestic water treatment appliances and the fluoride ion'.,British dental journal,peer_reviewed,3,https://pubmed.ncbi.nlm.nih.gov/1910977/,1991-01-01,active,pending_review,unverified,"{""identifier_kind"": ""pmid"", ""identifier"": ""1910977"", ""verification_status"": ""RESOLVED"", ""verified_title"": ""[Effect of the multiple administration of hydrocortisone on the ultrastructure of the lymph nodes of rabbits]."", ""seeded_from"": ""PPBF research program 2026-08-07""}",{{SEED_ACCOUNT_ID}},platform_owner
src_7f3259e5043df5d1,{{PPBF_ORG_ID}},A grounded theory of positive youth development through sport based on results from a qualitative meta-study,International Review of Sport and Exercise Psychology,peer_reviewed,3,https://doi.org/10.1080/1750984x.2016.1180704,2016-01-01,active,pending_review,unverified,"{""identifier_kind"": ""doi"", ""identifier"": ""10.1080/1750984x.2016.1180704"", ""verification_status"": ""RESOLVED"", ""verified_title"": ""[Effect of the multiple administration of hydrocortisone on the ultrastructure of the lymph nodes of rabbits]."", ""seeded_from"": ""PPBF research program 2026-08-07""}",{{SEED_ACCOUNT_ID}},platform_owner
src_d4ff577fbad8d72f,{{PPBF_ORG_ID}},Coaching the development and transfer of life skills: a scoping review of facilitative coaching practices in youth sports,International Review of Sport and Exercise Psychology,peer_reviewed,3,https://doi.org/10.1080/1750984x.2021.1910977,2021-01-01,active,pending_review,unverified,"{""identifier_kind"": ""doi"", ""identifier"": ""10.1080/1750984x.2021.1910977"", ""verification_status"": ""RESOLVED"", ""verified_title"": ""[Effect of the multiple administration of hydrocortisone on the ultrastructure of the lymph nodes of rabbits]."", ""seeded_from"": ""PPBF research program 2026-08-07""}",{{SEED_ACCOUNT_ID}},platform_owner
src_378fe3a4279646a3,{{PPBF_ORG_ID}},"Figures attributed to IHRSA Profiles of Success (2016 edition, 2015 data) and to the Health and Fitness Association 2025 Fitness Industry Benchmarking Report (2024 data), as reported by fitness-industry trade publications.",,media,5,https://www.healthandfitness.org/improve-your-club/why-health-club-retention-requires-a-technology-solution/,,active,pending_review,unverified,"{""identifier_kind"": ""url"", ""identifier"": ""https://www.healthandfitness.org/improve-your-club/why-health-club-retention-requires-a-technology-solution/"", ""verification_status"": ""NON_INDEXED_SOURCE"", ""verified_title"": """", ""seeded_from"": ""PPBF research program 2026-08-07""}",{{SEED_ACCOUNT_ID}},platform_owner
src_7fc11b0a89149068,{{PPBF_ORG_ID}},"An Examination of Parent-Reported Facilitators and Barriers to Organized Physical Activity Engagement for Youth With Neurodevelopmental Disorders, Physical, and Medical Conditions.",Frontiers in psychology,peer_reviewed,2,https://pubmed.ncbi.nlm.nih.gov/33132976/,2020-01-01,active,pending_review,unverified,"{""identifier_kind"": ""pmid"", ""identifier"": ""33132976"", ""verification_status"": ""RESOLVED"", ""verified_title"": ""An Examination of Parent-Reported Facilitators and Barriers to Organized Physical Activity Engagement for Youth With Neurodevelopmental Disorders, Physical, and Medical Conditions."", ""seeded_from"": ""PPBF research program 2026-08-07""}",{{SEED_ACCOUNT_ID}},platform_owner
src_cb338b10f9a37352,{{PPBF_ORG_ID}},Barriers to voluntary participation in sport for children: a systematic review,BMC Pediatrics,peer_reviewed,2,https://doi.org/10.1186/s12887-018-1014-1,2018-01-01,active,pending_review,unverified,"{""identifier_kind"": ""doi"", ""identifier"": ""10.1186/s12887-018-1014-1"", ""verification_status"": ""RESOLVED"", ""verified_title"": ""An Examination of Parent-Reported Facilitators and Barriers to Organized Physical Activity Engagement for Youth With Neurodevelopmental Disorders, Physical, and Medical Conditions."", ""seeded_from"": ""PPBF research program 2026-08-07""}",{{SEED_ACCOUNT_ID}},platform_owner
src_cf2db866f2879668,{{PPBF_ORG_ID}},"Aspen Institute Project Play, State of Play reports (2022 through 2025 editions), compiling National Survey of Children's Health and Sports and Fitness Industry Association data.",,media,5,https://projectplay.org/state-of-play-2025/participation-trends,,active,pending_review,unverified,"{""identifier_kind"": ""url"", ""identifier"": ""https://projectplay.org/state-of-play-2025/participation-trends"", ""verification_status"": ""NON_INDEXED_SOURCE"", ""verified_title"": """", ""seeded_from"": ""PPBF research program 2026-08-07""}",{{SEED_ACCOUNT_ID}},platform_owner
src_2737b75ee9dd2130,{{PPBF_ORG_ID}},Factors Influencing Weight Loss Practices in Italian Boxers: A Cluster Analysis.,International journal of environmental research and public health,peer_reviewed,2,https://pubmed.ncbi.nlm.nih.gov/33255390/,2020-01-01,active,pending_review,unverified,"{""identifier_kind"": ""pmid"", ""identifier"": ""33255390"", ""verification_status"": ""RESOLVED"", ""verified_title"": ""The Practice of Weight Loss in Combat Sports Athletes: A Systematic Review."", ""seeded_from"": ""PPBF research program 2026-08-07""}",{{SEED_ACCOUNT_ID}},platform_owner
src_9318a557e2292092,{{PPBF_ORG_ID}},Disturbing Weight Cutting Behaviors in Young Combat Sports Athletes: A Cause for Concern.,Frontiers in nutrition,peer_reviewed,2,https://pubmed.ncbi.nlm.nih.gov/35223962/,2022-01-01,active,pending_review,unverified,"{""identifier_kind"": ""pmid"", ""identifier"": ""35223962"", ""verification_status"": ""RESOLVED"", ""verified_title"": ""The Practice of Weight Loss in Combat Sports Athletes: A Systematic Review."", ""seeded_from"": ""PPBF research program 2026-08-07""}",{{SEED_ACCOUNT_ID}},platform_owner
src_af64fd05bf223d5c,{{PPBF_ORG_ID}},Performance Improvement and Performance Dysfunction: An Empirical Examination of Distortionary Impacts of the Emergency Room Wait-Time Target in the English National Health Service,Journal of Public Administration Research and Theory,peer_reviewed,3,https://doi.org/10.1093/jopart/mun028,2009-01-01,active,pending_review,unverified,"{""identifier_kind"": ""doi"", ""identifier"": ""10.1093/jopart/mun028"", ""verification_status"": ""RESOLVED"", ""verified_title"": ""Performance Improvement and Performance Dysfunction: An Empirical Examination of Distortionary Impacts of the Emergency Room Wait-Time Target in the English National Health Service"", ""seeded_from"": ""PPBF research program 2026-08-07""}",{{SEED_ACCOUNT_ID}},platform_owner
src_7897d71c0b325fec,{{PPBF_ORG_ID}},"Performance Indicators: Good, Bad, and Ugly",Journal of the Royal Statistical Society Series A: Statistics in Society,peer_reviewed,3,https://doi.org/10.1111/j.1467-985x.2004.00333.x,2004-01-01,active,pending_review,unverified,"{""identifier_kind"": ""doi"", ""identifier"": ""10.1111/j.1467-985x.2004.00333.x"", ""verification_status"": ""RESOLVED"", ""verified_title"": ""Performance Improvement and Performance Dysfunction: An Empirical Examination of Distortionary Impacts of the Emergency Room Wait-Time Target in the English National Health Service"", ""seeded_from"": ""PPBF research program 2026-08-07""}",{{SEED_ACCOUNT_ID}},platform_owner
src_71efc90a9c8269e4,{{PPBF_ORG_ID}},Hitting and Missing Targets by Ambulance Services for Emergency Calls: Effects of Different Systems of Performance Measurement within the UK,Journal of the Royal Statistical Society Series A: Statistics in Society,peer_reviewed,3,https://doi.org/10.1111/j.1467-985x.2008.00557.x,2008-01-01,active,pending_review,unverified,"{""identifier_kind"": ""doi"", ""identifier"": ""10.1111/j.1467-985x.2008.00557.x"", ""verification_status"": ""RESOLVED"", ""verified_title"": ""Performance Improvement and Performance Dysfunction: An Empirical Examination of Distortionary Impacts of the Emergency Room Wait-Time Target in the English National Health Service"", ""seeded_from"": ""PPBF research program 2026-08-07""}",{{SEED_ACCOUNT_ID}},platform_owner
src_9369cf25bd50f049,{{PPBF_ORG_ID}},Performance Measurement Challenges in Nonprofit Human Service Organizations,Nonprofit and Voluntary Sector Quarterly,peer_reviewed,3,https://doi.org/10.1177/0899764013508009,2013-01-01,active,pending_review,unverified,"{""identifier_kind"": ""doi"", ""identifier"": ""10.1177/0899764013508009"", ""verification_status"": ""RESOLVED"", ""verified_title"": ""Performance Measurement Challenges in Nonprofit Human Service Organizations"", ""seeded_from"": ""PPBF research program 2026-08-07""}",{{SEED_ACCOUNT_ID}},platform_owner
src_4e7b16e450d24c9c,{{PPBF_ORG_ID}},Strategic Performance Measurement and Management in Nonprofit Organizations,Nonprofit Management and Leadership,peer_reviewed,3,https://doi.org/10.1002/nml.11308,2001-01-01,active,pending_review,unverified,"{""identifier_kind"": ""doi"", ""identifier"": ""10.1002/nml.11308"", ""verification_status"": ""RESOLVED"", ""verified_title"": ""Performance Measurement Challenges in Nonprofit Human Service Organizations"", ""seeded_from"": ""PPBF research program 2026-08-07""}",{{SEED_ACCOUNT_ID}},platform_owner
src_617353438eedc2ad,{{PPBF_ORG_ID}},The Potential of Outcome Measurement for Strengthening Nonprofits’ Accountability to Beneficiaries,Nonprofit and Voluntary Sector Quarterly,peer_reviewed,3,https://doi.org/10.1177/0899764012454684,2012-01-01,active,pending_review,unverified,"{""identifier_kind"": ""doi"", ""identifier"": ""10.1177/0899764012454684"", ""verification_status"": ""RESOLVED"", ""verified_title"": ""Performance Measurement Challenges in Nonprofit Human Service Organizations"", ""seeded_from"": ""PPBF research program 2026-08-07""}",{{SEED_ACCOUNT_ID}},platform_owner
src_4c5acf4137b80818,{{PPBF_ORG_ID}},Consensus Definition of Sport Specialization in Youth Athletes Using a Delphi Approach.,Journal of athletic training,clinical_guideline,1,https://pubmed.ncbi.nlm.nih.gov/33787895/,2021-01-01,active,pending_review,unverified,"{""identifier_kind"": ""pmid"", ""identifier"": ""33787895"", ""verification_status"": ""RESOLVED"", ""verified_title"": ""International Olympic Committee consensus statement on youth athletic development."", ""seeded_from"": ""PPBF research program 2026-08-07""}",{{SEED_ACCOUNT_ID}},platform_owner
src_5556e0a18073c8a0,{{PPBF_ORG_ID}},Overuse injuries and burnout in youth sports: a position statement from the American Medical Society for Sports Medicine.,Clinical journal of sport medicine : official journal of the Canadian Academy of Sport Medicine,clinical_guideline,1,https://pubmed.ncbi.nlm.nih.gov/24366013/,2014-01-01,active,pending_review,unverified,"{""identifier_kind"": ""pmid"", ""identifier"": ""24366013"", ""verification_status"": ""RESOLVED"", ""verified_title"": ""International Olympic Committee consensus statement on youth athletic development."", ""seeded_from"": ""PPBF research program 2026-08-07""}",{{SEED_ACCOUNT_ID}},platform_owner
src_f210ad3f00f9cf40,{{PPBF_ORG_ID}},"Changes in Sports Participation, Specialization, and Burnout From 7th to 12th Grade: Final Results From a 6-Year Longitudinal Study.",Sports health,peer_reviewed,2,https://pubmed.ncbi.nlm.nih.gov/38284394/,2024-01-01,active,pending_review,unverified,"{""identifier_kind"": ""pmid"", ""identifier"": ""38284394"", ""verification_status"": ""RESOLVED"", ""verified_title"": ""Changes in Sports Participation, Specialization, and Burnout From 7th to 12th Grade: Final Results From a 6-Year Longitudinal Study."", ""seeded_from"": ""PPBF research program 2026-08-07""}",{{SEED_ACCOUNT_ID}},platform_owner
src_73b56880384c036f,{{PPBF_ORG_ID}},No qualifying source located.,,other,5,,,active,pending_review,unverified,"{""identifier_kind"": ""noid"", ""identifier"": ""B4-038"", ""verification_status"": ""NO_IDENTIFIER_BY_DESIGN"", ""verified_title"": """", ""seeded_from"": ""PPBF research program 2026-08-07""}",{{SEED_ACCOUNT_ID}},platform_owner
src_7f30bc0e5f6c95d9,{{PPBF_ORG_ID}},No qualifying source located.,,governing_body,1,,,active,pending_review,unverified,"{""identifier_kind"": ""noid"", ""identifier"": ""B4-039"", ""verification_status"": ""NO_IDENTIFIER_BY_DESIGN"", ""verified_title"": """", ""seeded_from"": ""PPBF research program 2026-08-07""}",{{SEED_ACCOUNT_ID}},platform_owner
src_b0683a90c5676398,{{PPBF_ORG_ID}},No qualifying boxing-specific source located. General physical-literacy assessment tools with published measurement properties exist as an adjacent but distinct construct.,,peer_reviewed,3,,,active,pending_review,unverified,"{""identifier_kind"": ""noid"", ""identifier"": ""B4-040"", ""verification_status"": ""NO_IDENTIFIER_BY_DESIGN"", ""verified_title"": """", ""seeded_from"": ""PPBF research program 2026-08-07""}",{{SEED_ACCOUNT_ID}},platform_owner
src_4a2609efd33f400f,{{PPBF_ORG_ID}},Determinants of Dropout from and Variation in Adherence to an Exercise Intervention: The STRRIDE Randomized Trials.,Translational journal of the American College of Sports Medicine,peer_reviewed,3,https://pubmed.ncbi.nlm.nih.gov/35669034/,2022-01-01,active,pending_review,unverified,"{""identifier_kind"": ""pmid"", ""identifier"": ""35669034"", ""verification_status"": ""RESOLVED"", ""verified_title"": ""Determinants of Dropout from and Variation in Adherence to an Exercise Intervention: The STRRIDE Randomized Trials."", ""seeded_from"": ""PPBF research program 2026-08-07""}",{{SEED_ACCOUNT_ID}},platform_owner
src_f240abbf7c010daa,{{PPBF_ORG_ID}},Efficient design of cluster randomized and multicentre trials with unknown intraclass correlation.,Statistical methods in medical research,peer_reviewed,3,https://pubmed.ncbi.nlm.nih.gov/21937473/,2015-01-01,active,pending_review,unverified,"{""identifier_kind"": ""pmid"", ""identifier"": ""21937473"", ""verification_status"": ""RESOLVED"", ""verified_title"": ""Efficient design of cluster randomized and multicentre trials with unknown intraclass correlation."", ""seeded_from"": ""PPBF research program 2026-08-07""}",{{SEED_ACCOUNT_ID}},platform_owner
src_a61c06a77d05bab1,{{PPBF_ORG_ID}},Design and analysis of three-arm parallel cluster randomized trials with small numbers of clusters.,Statistics in medicine,peer_reviewed,3,https://pubmed.ncbi.nlm.nih.gov/33258219/,2021-01-01,active,pending_review,unverified,"{""identifier_kind"": ""pmid"", ""identifier"": ""33258219"", ""verification_status"": ""RESOLVED"", ""verified_title"": ""Efficient design of cluster randomized and multicentre trials with unknown intraclass correlation."", ""seeded_from"": ""PPBF research program 2026-08-07""}",{{SEED_ACCOUNT_ID}},platform_owner
src_de3102fa6cecc2d3,{{PPBF_ORG_ID}},"Physical Activity Behaviors of Children Who Register for the Universal, State-Wide Active Kids Voucher: Who Did the Voucher Program Reach?",International journal of environmental research and public health,peer_reviewed,3,https://pubmed.ncbi.nlm.nih.gov/32781753/,2020-01-01,active,pending_review,unverified,"{""identifier_kind"": ""pmid"", ""identifier"": ""32781753"", ""verification_status"": ""RESOLVED"", ""verified_title"": ""Physical Activity Behaviors of Children Who Register for the Universal, State-Wide Active Kids Voucher: Who Did the Voucher Program Reach?"", ""seeded_from"": ""PPBF research program 2026-08-07""}",{{SEED_ACCOUNT_ID}},platform_owner
src_589673649e744464,{{PPBF_ORG_ID}},Uptake of a Universal Sports Subsidy Program for School-Aged Children: A Population Data Analysis.,Journal of physical activity & health,peer_reviewed,3,https://pubmed.ncbi.nlm.nih.gov/37734744/,2023-01-01,active,pending_review,unverified,"{""identifier_kind"": ""pmid"", ""identifier"": ""37734744"", ""verification_status"": ""RESOLVED"", ""verified_title"": ""Uptake of a Universal Sports Subsidy Program for School-Aged Children: A Population Data Analysis."", ""seeded_from"": ""PPBF research program 2026-08-07""}",{{SEED_ACCOUNT_ID}},platform_owner
src_f9ab0a44a4a5e943,{{PPBF_ORG_ID}},"'One hundred dollars is a big help, but to continue, it's a challenge': A qualitative study exploring correlates and barriers to Active Kids voucher uptake in western Sydney.",Health promotion journal of Australia : official journal of Australian Association of Health Promotion Professionals,peer_reviewed,3,https://pubmed.ncbi.nlm.nih.gov/33570224/,2022-01-01,active,pending_review,unverified,"{""identifier_kind"": ""pmid"", ""identifier"": ""33570224"", ""verification_status"": ""RESOLVED"", ""verified_title"": ""'One hundred dollars is a big help, but to continue, it's a challenge': A qualitative study exploring correlates and barriers to Active Kids voucher uptake in western Sydney."", ""seeded_from"": ""PPBF research program 2026-08-07""}",{{SEED_ACCOUNT_ID}},platform_owner
src_953d0f98a702de9c,{{PPBF_ORG_ID}},"Population level effects of the active kids program on children and adolescents' physical activity and sport participation in NSW, Australia.",The international journal of behavioral nutrition and physical activity,peer_reviewed,3,https://pubmed.ncbi.nlm.nih.gov/40437604/,2025-01-01,active,pending_review,unverified,"{""identifier_kind"": ""pmid"", ""identifier"": ""40437604"", ""verification_status"": ""RESOLVED"", ""verified_title"": ""Population level effects of the active kids program on children and adolescents' physical activity and sport participation in NSW, Australia."", ""seeded_from"": ""PPBF research program 2026-08-07""}",{{SEED_ACCOUNT_ID}},platform_owner
src_aeecd5974b4bed55,{{PPBF_ORG_ID}},Beyond subsidies: An inclusive approach to address financial barriers and inform policy action on access to municipal physical activity infrastructure among young families with low income.,Community health equity research & policy,peer_reviewed,3,https://pubmed.ncbi.nlm.nih.gov/42487202/,2026-01-01,active,pending_review,unverified,"{""identifier_kind"": ""pmid"", ""identifier"": ""42487202"", ""verification_status"": ""RESOLVED"", ""verified_title"": ""Beyond subsidies: An inclusive approach to address financial barriers and inform policy action on access to municipal physical activity infrastructure among young families with low income."", ""seeded_from"": ""PPBF research program 2026-08-07""}",{{SEED_ACCOUNT_ID}},platform_owner
src_435e2ef3d04087f2,{{PPBF_ORG_ID}},Financial and medical burdens of youth sports specialization: survey of pediatric sports patients.,The Journal of sports medicine and physical fitness,peer_reviewed,3,https://pubmed.ncbi.nlm.nih.gov/33768778/,2022-01-01,active,pending_review,unverified,"{""identifier_kind"": ""pmid"", ""identifier"": ""33768778"", ""verification_status"": ""RESOLVED"", ""verified_title"": ""Financial and medical burdens of youth sports specialization: survey of pediatric sports patients."", ""seeded_from"": ""PPBF research program 2026-08-07""}",{{SEED_ACCOUNT_ID}},platform_owner
src_34b7e68c3ff3e278,{{PPBF_ORG_ID}},Shared use of school facilities with community organizations and afterschool physical activity program participation: a cost-benefit assessment.,The Journal of school health,peer_reviewed,3,https://pubmed.ncbi.nlm.nih.gov/24707924/,2014-01-01,active,pending_review,unverified,"{""identifier_kind"": ""pmid"", ""identifier"": ""24707924"", ""verification_status"": ""RESOLVED"", ""verified_title"": ""Shared use of school facilities with community organizations and afterschool physical activity program participation: a cost-benefit assessment."", ""seeded_from"": ""PPBF research program 2026-08-07""}",{{SEED_ACCOUNT_ID}},platform_owner
src_65351490db7903c8,{{PPBF_ORG_ID}},A Methodology for Measuring the Financial Vulnerability of Charitable Nonprofit Organizations,Nonprofit and Voluntary Sector Quarterly,peer_reviewed,3,https://doi.org/10.1177/089976409102000407,1991-01-01,active,pending_review,unverified,"{""identifier_kind"": ""doi"", ""identifier"": ""10.1177/089976409102000407"", ""verification_status"": ""RESOLVED"", ""verified_title"": ""A Methodology for Measuring the Financial Vulnerability of Charitable Nonprofit Organizations"", ""seeded_from"": ""PPBF research program 2026-08-07""}",{{SEED_ACCOUNT_ID}},platform_owner
src_d38b957718e3dd80,{{PPBF_ORG_ID}},Financial Vulnerability among Arts Organizations: A Test of the Tuckman-Chang Measures,Nonprofit and Voluntary Sector Quarterly,peer_reviewed,3,https://doi.org/10.1177/0899764001302010,2001-01-01,active,pending_review,unverified,"{""identifier_kind"": ""doi"", ""identifier"": ""10.1177/0899764001302010"", ""verification_status"": ""RESOLVED"", ""verified_title"": ""Financial Vulnerability among Arts Organizations: A Test of the Tuckman-Chang Measures"", ""seeded_from"": ""PPBF research program 2026-08-07""}",{{SEED_ACCOUNT_ID}},platform_owner
src_e5f2629cd452bbe3,{{PPBF_ORG_ID}},The long-term hydriding and dehydriding stability of the nanoscale LiNH2+LiH hydrogen storage system.,Nanotechnology,peer_reviewed,2,https://pubmed.ncbi.nlm.nih.gov/19420676/,2009-01-01,active,pending_review,unverified,"{""identifier_kind"": ""pmid"", ""identifier"": ""19420676"", ""verification_status"": ""RESOLVED"", ""verified_title"": ""The long-term hydriding and dehydriding stability of the nanoscale LiNH2+LiH hydrogen storage system."", ""seeded_from"": ""PPBF research program 2026-08-07""}",{{SEED_ACCOUNT_ID}},platform_owner
src_bb46ace3c586be69,{{PPBF_ORG_ID}},The Impact of Revenue Diversification on Nonprofit Financial Health: A Meta-analysis,Nonprofit and Voluntary Sector Quarterly,peer_reviewed,2,https://doi.org/10.1177/0899764018807080,2018-01-01,active,pending_review,unverified,"{""identifier_kind"": ""doi"", ""identifier"": ""10.1177/0899764018807080"", ""verification_status"": ""RESOLVED"", ""verified_title"": ""The long-term hydriding and dehydriding stability of the nanoscale LiNH2+LiH hydrogen storage system."", ""seeded_from"": ""PPBF research program 2026-08-07""}",{{SEED_ACCOUNT_ID}},platform_owner
src_5f2acadd988b7218,{{PPBF_ORG_ID}},Diversification Reconsidered: The Risks and Rewards of Revenue Concentration,Journal of Social Entrepreneurship,peer_reviewed,2,https://doi.org/10.1080/19420676.2011.614630,2011-01-01,active,pending_review,unverified,"{""identifier_kind"": ""doi"", ""identifier"": ""10.1080/19420676.2011.614630"", ""verification_status"": ""RESOLVED"", ""verified_title"": ""The long-term hydriding and dehydriding stability of the nanoscale LiNH2+LiH hydrogen storage system."", ""seeded_from"": ""PPBF research program 2026-08-07""}",{{SEED_ACCOUNT_ID}},platform_owner
src_de8210507258502b,{{PPBF_ORG_ID}},"Financial Resilience, Income Dependence and Organisational Survival in UK Charities",Voluntas: International Journal of Voluntary and Nonprofit Organizations,peer_reviewed,2,https://doi.org/10.1007/s11266-020-00311-9,2021-01-01,active,pending_review,unverified,"{""identifier_kind"": ""doi"", ""identifier"": ""10.1007/s11266-020-00311-9"", ""verification_status"": ""RESOLVED"", ""verified_title"": ""Financial Resilience, Income Dependence and Organisational Survival in UK Charities"", ""seeded_from"": ""PPBF research program 2026-08-07""}",{{SEED_ACCOUNT_ID}},platform_owner
src_91c370e8307c923d,{{PPBF_ORG_ID}},A Bivariate Probit Examination of Financial and Volunteer Problems of Non-Profit Sport Clubs,International Journal of Sport Finance,peer_reviewed,3,https://doi.org/10.1177/155862351400900304,2014-01-01,active,pending_review,unverified,"{""identifier_kind"": ""doi"", ""identifier"": ""10.1177/155862351400900304"", ""verification_status"": ""RESOLVED"", ""verified_title"": ""A Bivariate Probit Examination of Financial and Volunteer Problems of Non-Profit Sport Clubs"", ""seeded_from"": ""PPBF research program 2026-08-07""}",{{SEED_ACCOUNT_ID}},platform_owner
src_42e135ef5ce92a56,{{PPBF_ORG_ID}},How the Economic and Financial Situation of the Community Affects Sport Clubs’ Resources: Evidence from  Multi-Level Models,International Journal of Financial Studies,peer_reviewed,3,https://doi.org/10.3390/ijfs3010031,2015-01-01,active,pending_review,unverified,"{""identifier_kind"": ""doi"", ""identifier"": ""10.3390/ijfs3010031"", ""verification_status"": ""RESOLVED"", ""verified_title"": ""How the Economic and Financial Situation of the Community Affects Sport Clubs’ Resources: Evidence from  Multi-Level Models"", ""seeded_from"": ""PPBF research program 2026-08-07""}",{{SEED_ACCOUNT_ID}},platform_owner
src_b1be1b1fc6a3c759,{{PPBF_ORG_ID}},Organizational Mission and Revenue Diversification among Non-profit Sports Clubs,International Journal of Financial Studies,peer_reviewed,3,https://doi.org/10.3390/ijfs1040119,2013-01-01,active,pending_review,unverified,"{""identifier_kind"": ""doi"", ""identifier"": ""10.3390/ijfs1040119"", ""verification_status"": ""RESOLVED"", ""verified_title"": ""Organizational Mission and Revenue Diversification among Non-profit Sports Clubs"", ""seeded_from"": ""PPBF research program 2026-08-07""}",{{SEED_ACCOUNT_ID}},platform_owner
src_47adf9d7096a0101,{{PPBF_ORG_ID}},Understanding Nonprofit Financial Health,Nonprofit and Voluntary Sector Quarterly,governing_body,1,https://doi.org/10.1177/0899764015601243,2016-01-01,active,pending_review,unverified,"{""identifier_kind"": ""doi"", ""identifier"": ""10.1177/0899764015601243"", ""verification_status"": ""RESOLVED"", ""verified_title"": ""Understanding Nonprofit Financial Health"", ""seeded_from"": ""PPBF research program 2026-08-07""}",{{SEED_ACCOUNT_ID}},platform_owner
src_0d0929979abb0383,{{PPBF_ORG_ID}},Is “Overhead” A Tainted Word? A Survey Experiment Exploring Framing Effects of Nonprofit Overhead on Donor Decision,Nonprofit and Voluntary Sector Quarterly,peer_reviewed,3,https://doi.org/10.1177/0899764020959475,2020-01-01,active,pending_review,unverified,"{""identifier_kind"": ""doi"", ""identifier"": ""10.1177/0899764020959475"", ""verification_status"": ""RESOLVED"", ""verified_title"": ""Is “Overhead” A Tainted Word? A Survey Experiment Exploring Framing Effects of Nonprofit Overhead on Donor Decision"", ""seeded_from"": ""PPBF research program 2026-08-07""}",{{SEED_ACCOUNT_ID}},platform_owner
src_fd768929db5af3f5,{{PPBF_ORG_ID}},Government Support and Charitable Donations: A Meta-Analysis of the Crowding-out Hypothesis,Journal of Public Administration Research and Theory,governing_body,1,https://doi.org/10.1093/jopart/muw044,2016-01-01,active,pending_review,unverified,"{""identifier_kind"": ""doi"", ""identifier"": ""10.1093/jopart/muw044"", ""verification_status"": ""RESOLVED"", ""verified_title"": ""Government Support and Charitable Donations: A Meta-Analysis of the Crowding-out Hypothesis"", ""seeded_from"": ""PPBF research program 2026-08-07""}",{{SEED_ACCOUNT_ID}},platform_owner
src_051a66dfaf9cea24,{{PPBF_ORG_ID}},Why Do Nonprofit Performing Arts Organizations Offer Free Public Access?,Public Administration Review,peer_reviewed,3,https://doi.org/10.1111/puar.12769,2017-01-01,active,pending_review,unverified,"{""identifier_kind"": ""doi"", ""identifier"": ""10.1111/puar.12769"", ""verification_status"": ""RESOLVED"", ""verified_title"": ""Why Do Nonprofit Performing Arts Organizations Offer Free Public Access?"", ""seeded_from"": ""PPBF research program 2026-08-07""}",{{SEED_ACCOUNT_ID}},platform_owner
src_041e582eacaec83c,{{PPBF_ORG_ID}},Revenue Volatility in German Nonprofit Sports Clubs,Nonprofit and Voluntary Sector Quarterly,peer_reviewed,3,https://doi.org/10.1177/0899764013499072,2013-01-01,active,pending_review,unverified,"{""identifier_kind"": ""doi"", ""identifier"": ""10.1177/0899764013499072"", ""verification_status"": ""RESOLVED"", ""verified_title"": ""Revenue Volatility in German Nonprofit Sports Clubs"", ""seeded_from"": ""PPBF research program 2026-08-07""}",{{SEED_ACCOUNT_ID}},platform_owner
src_99b300040a874c92,{{PPBF_ORG_ID}},Nonprofit Pricing: Determinants of Membership Fee Levels in Nonprofit Sports Clubs in Germany,International Journal of Sport Finance,peer_reviewed,3,https://doi.org/10.32731/IJSF.144.112019.06,2019-01-01,active,pending_review,unverified,"{""identifier_kind"": ""doi"", ""identifier"": ""10.32731/IJSF.144.112019.06"", ""verification_status"": ""RESOLVED"", ""verified_title"": ""Nonprofit Pricing: Determinants of Membership Fee Levels in Nonprofit Sports Clubs in Germany"", ""seeded_from"": ""PPBF research program 2026-08-07""}",{{SEED_ACCOUNT_ID}},platform_owner
src_9d75e2eba2be0c06,{{PPBF_ORG_ID}},The Adoption and Use of the Hirschman–Herfindahl Index in Nonprofit Research: Does Revenue Diversification Measurement Matter?,Voluntas: International Journal of Voluntary and Nonprofit Organizations,governing_body,1,https://doi.org/10.1007/s11266-015-9562-6,2016-01-01,active,pending_review,unverified,"{""identifier_kind"": ""doi"", ""identifier"": ""10.1007/s11266-015-9562-6"", ""verification_status"": ""RESOLVED"", ""verified_title"": ""The Adoption and Use of the Hirschman–Herfindahl Index in Nonprofit Research: Does Revenue Diversification Measurement Matter?"", ""seeded_from"": ""PPBF research program 2026-08-07""}",{{SEED_ACCOUNT_ID}},platform_owner
src_d592ad6cd1163b16,{{PPBF_ORG_ID}},Resource Dependence In Non-profit Organizations: Is It Harder To Fundraise If You Diversify Your Revenue Structure?,Voluntas: International Journal of Voluntary and Nonprofit Organizations,peer_reviewed,3,https://doi.org/10.1007/s11266-016-9738-8,2016-01-01,active,pending_review,unverified,"{""identifier_kind"": ""doi"", ""identifier"": ""10.1007/s11266-016-9738-8"", ""verification_status"": ""RESOLVED"", ""verified_title"": ""Resource Dependence In Non-profit Organizations: Is It Harder To Fundraise If You Diversify Your Revenue Structure?"", ""seeded_from"": ""PPBF research program 2026-08-07""}",{{SEED_ACCOUNT_ID}},platform_owner
src_19ed6c1b849aa58c,{{PPBF_ORG_ID}},Nonprofit competition in the grants marketplace,Nonprofit Management and Leadership,peer_reviewed,3,https://doi.org/10.1002/nml.20011,2010-01-01,active,pending_review,unverified,"{""identifier_kind"": ""doi"", ""identifier"": ""10.1002/nml.20011"", ""verification_status"": ""RESOLVED"", ""verified_title"": ""Nonprofit competition in the grants marketplace"", ""seeded_from"": ""PPBF research program 2026-08-07""}",{{SEED_ACCOUNT_ID}},platform_owner
src_e65da3a79cce1b4f,{{PPBF_ORG_ID}},Resiliency tactics during financial crisis: The nonprofit resiliency framework,Nonprofit Management and Leadership,peer_reviewed,3,https://doi.org/10.1002/nml.21478,2021-01-01,active,pending_review,unverified,"{""identifier_kind"": ""doi"", ""identifier"": ""10.1002/nml.21478"", ""verification_status"": ""RESOLVED"", ""verified_title"": ""Resiliency tactics during financial crisis: The nonprofit resiliency framework"", ""seeded_from"": ""PPBF research program 2026-08-07""}",{{SEED_ACCOUNT_ID}},platform_owner
src_0398106a40e9ab55,{{PPBF_ORG_ID}},Aspen Institute Project Play. National Youth Sports Parent Survey — family spending on youth sports rises 46% over five years. 2025.,,other,4,https://projectplay.org/news/2025/2/24/project-play-survey-family-spending-on-youth-sports-rises-46-over-five-years,,active,pending_review,unverified,"{""identifier_kind"": ""url"", ""identifier"": ""https://projectplay.org/news/2025/2/24/project-play-survey-family-spending-on-youth-sports-rises-46-over-five-years"", ""verification_status"": ""NON_INDEXED_SOURCE"", ""verified_title"": """", ""seeded_from"": ""PPBF research program 2026-08-07""}",{{SEED_ACCOUNT_ID}},platform_owner
src_26d678191385d84e,{{PPBF_ORG_ID}},"Aspen Institute Project Play. State of Play 2025 (SFIA participation data, ages 6-17).",,media,5,https://projectplay.org/state-of-play-2025/10-youth-sports-trends-to-watch,,active,pending_review,unverified,"{""identifier_kind"": ""url"", ""identifier"": ""https://projectplay.org/state-of-play-2025/10-youth-sports-trends-to-watch"", ""verification_status"": ""NON_INDEXED_SOURCE"", ""verified_title"": """", ""seeded_from"": ""PPBF research program 2026-08-07""}",{{SEED_ACCOUNT_ID}},platform_owner
src_1fda1e043213a3f9,{{PPBF_ORG_ID}},Sports officials’ intention to continue,Sport Management Review,peer_reviewed,3,https://doi.org/10.1016/j.smr.2013.01.003,2013-01-01,active,pending_review,unverified,"{""identifier_kind"": ""doi"", ""identifier"": ""10.1016/j.smr.2013.01.003"", ""verification_status"": ""RESOLVED"", ""verified_title"": ""Sports officials’ intention to continue"", ""seeded_from"": ""PPBF research program 2026-08-07""}",{{SEED_ACCOUNT_ID}},platform_owner
src_9a882d5b12123f21,{{PPBF_ORG_ID}},Surfactant-free coating of thiols on gold nanoparticles using sonochemistry: a study of competing processes.,Ultrasonics sonochemistry,peer_reviewed,3,https://pubmed.ncbi.nlm.nih.gov/24704067/,2014-01-01,active,pending_review,unverified,"{""identifier_kind"": ""pmid"", ""identifier"": ""24704067"", ""verification_status"": ""RESOLVED"", ""verified_title"": ""Surfactant-free coating of thiols on gold nanoparticles using sonochemistry: a study of competing processes."", ""seeded_from"": ""PPBF research program 2026-08-07""}",{{SEED_ACCOUNT_ID}},platform_owner
src_6e661ddd6c941776,{{PPBF_ORG_ID}},An analysis of traffic injuries in Taiwan in relation to alcohol use and economic loss.,Injury,peer_reviewed,3,https://pubmed.ncbi.nlm.nih.gov/1806493/,1991-01-01,active,pending_review,unverified,"{""identifier_kind"": ""pmid"", ""identifier"": ""1806493"", ""verification_status"": ""RESOLVED"", ""verified_title"": ""Surfactant-free coating of thiols on gold nanoparticles using sonochemistry: a study of competing processes."", ""seeded_from"": ""PPBF research program 2026-08-07""}",{{SEED_ACCOUNT_ID}},platform_owner
src_ff46bfa0db1f065c,{{PPBF_ORG_ID}},"In Troubled Water? European Sports Clubs: Their Problems, Capacities and Opportunities",Journal of Global Sport Management,peer_reviewed,3,https://doi.org/10.1080/24704067.2020.1806493,2020-01-01,active,pending_review,unverified,"{""identifier_kind"": ""doi"", ""identifier"": ""10.1080/24704067.2020.1806493"", ""verification_status"": ""RESOLVED"", ""verified_title"": ""Surfactant-free coating of thiols on gold nanoparticles using sonochemistry: a study of competing processes."", ""seeded_from"": ""PPBF research program 2026-08-07""}",{{SEED_ACCOUNT_ID}},platform_owner
src_50801832303f8a91,{{PPBF_ORG_ID}},Nonprofit Organizations Becoming Business-Like,Nonprofit and Voluntary Sector Quarterly,peer_reviewed,3,https://doi.org/10.1177/0899764014561796,2014-01-01,active,pending_review,unverified,"{""identifier_kind"": ""doi"", ""identifier"": ""10.1177/0899764014561796"", ""verification_status"": ""RESOLVED"", ""verified_title"": ""Nonprofit Organizations Becoming Business-Like"", ""seeded_from"": ""PPBF research program 2026-08-07""}",{{SEED_ACCOUNT_ID}},platform_owner
src_1e550b41df726ca8,{{PPBF_ORG_ID}},Internal Revenue Service. Annual Form 990 filing requirements for tax-exempt organizations; Form 990-N FAQs; Instructions for Form 990-EZ.,,governing_body,1,https://www.irs.gov/charities-non-profits/annual-electronic-notice-form-990-n-for-small-organizations-faqs-who-must-file,,active,pending_review,unverified,"{""identifier_kind"": ""url"", ""identifier"": ""https://www.irs.gov/charities-non-profits/annual-electronic-notice-form-990-n-for-small-organizations-faqs-who-must-file"", ""verification_status"": ""NON_INDEXED_SOURCE"", ""verified_title"": """", ""seeded_from"": ""PPBF research program 2026-08-07""}",{{SEED_ACCOUNT_ID}},platform_owner
src_d08e36dc63809274,{{PPBF_ORG_ID}},Internal Revenue Service. Exempt organizations annual reporting requirements — Form 990 Schedules A and B: public charity support test.,,governing_body,1,https://www.irs.gov/charities-non-profits/exempt-organizations-annual-reporting-requirements-form-990-schedules-a-and-b-public-charity-support-test,,active,pending_review,unverified,"{""identifier_kind"": ""url"", ""identifier"": ""https://www.irs.gov/charities-non-profits/exempt-organizations-annual-reporting-requirements-form-990-schedules-a-and-b-public-charity-support-test"", ""verification_status"": ""NON_INDEXED_SOURCE"", ""verified_title"": """", ""seeded_from"": ""PPBF research program 2026-08-07""}",{{SEED_ACCOUNT_ID}},platform_owner
src_58a09996b0f71556,{{PPBF_ORG_ID}},Internal Revenue Service. Unrelated business income tax.,,governing_body,1,https://www.irs.gov/charities-non-profits/unrelated-business-income-tax,,active,pending_review,unverified,"{""identifier_kind"": ""url"", ""identifier"": ""https://www.irs.gov/charities-non-profits/unrelated-business-income-tax"", ""verification_status"": ""NON_INDEXED_SOURCE"", ""verified_title"": """", ""seeded_from"": ""PPBF research program 2026-08-07""}",{{SEED_ACCOUNT_ID}},platform_owner
src_bc35ce21183720a0,{{PPBF_ORG_ID}},Internal Revenue Service. Advertising or qualified sponsorship payments? ; 26 CFR 1.513-4.,,governing_body,1,https://www.irs.gov/charities-non-profits/advertising-or-qualified-sponsorship-payments,,active,pending_review,unverified,"{""identifier_kind"": ""url"", ""identifier"": ""https://www.irs.gov/charities-non-profits/advertising-or-qualified-sponsorship-payments"", ""verification_status"": ""NON_INDEXED_SOURCE"", ""verified_title"": """", ""seeded_from"": ""PPBF research program 2026-08-07""}",{{SEED_ACCOUNT_ID}},platform_owner
src_8751bfe19038989d,{{PPBF_ORG_ID}},Congressional Research Service. The Prohibitions on Private Inurement & Benefit by Tax-Exempt Organizations and Intermediate Sanctions (R48873). IRS. An Introduction to I.R.C. 4958 (Intermediate Sanctions).,,governing_body,1,https://www.congress.gov/crs-product/R48873,,active,pending_review,unverified,"{""identifier_kind"": ""url"", ""identifier"": ""https://www.congress.gov/crs-product/R48873"", ""verification_status"": ""NON_INDEXED_SOURCE"", ""verified_title"": """", ""seeded_from"": ""PPBF research program 2026-08-07""}",{{SEED_ACCOUNT_ID}},platform_owner
src_f2401c769df479a6,{{PPBF_ORG_ID}},"2 CFR 200.414 — Indirect costs (Uniform Guidance, 2024 revision).",,governing_body,1,https://www.ecfr.gov/current/title-2/subtitle-A/chapter-II/part-200/subpart-E/subject-group-ECFRd93f2a98b1f6455/section-200.414,,active,pending_review,unverified,"{""identifier_kind"": ""url"", ""identifier"": ""https://www.ecfr.gov/current/title-2/subtitle-A/chapter-II/part-200/subpart-E/subject-group-ECFRd93f2a98b1f6455/section-200.414"", ""verification_status"": ""NON_INDEXED_SOURCE"", ""verified_title"": """", ""seeded_from"": ""PPBF research program 2026-08-07""}",{{SEED_ACCOUNT_ID}},platform_owner
src_0a83f2fe49f82422,{{PPBF_ORG_ID}},"2 CFR 200.501 — Audit requirements (Uniform Guidance, 2024 revision).",,governing_body,1,https://www.ecfr.gov/current/title-2/subtitle-A/chapter-II/part-200/subpart-F/subject-group-ECFRfd0932e473d10ba/section-200.501,,active,pending_review,unverified,"{""identifier_kind"": ""url"", ""identifier"": ""https://www.ecfr.gov/current/title-2/subtitle-A/chapter-II/part-200/subpart-F/subject-group-ECFRfd0932e473d10ba/section-200.501"", ""verification_status"": ""NON_INDEXED_SOURCE"", ""verified_title"": """", ""seeded_from"": ""PPBF research program 2026-08-07""}",{{SEED_ACCOUNT_ID}},platform_owner
src_7ab43fdda540293c,{{PPBF_ORG_ID}},"FASB Accounting Standards Update 2016-14, Presentation of Financial Statements of Not-for-Profit Entities. AICPA guidance on ASU 2016-14 functional expense allocations.",,other,4,https://www.aicpa-cima.com/resources/download/asu-2016-14-functional-expense-allocations,,active,pending_review,unverified,"{""identifier_kind"": ""url"", ""identifier"": ""https://www.aicpa-cima.com/resources/download/asu-2016-14-functional-expense-allocations"", ""verification_status"": ""NON_INDEXED_SOURCE"", ""verified_title"": """", ""seeded_from"": ""PPBF research program 2026-08-07""}",{{SEED_ACCOUNT_ID}},platform_owner
src_d92e0fae870be454,{{PPBF_ORG_ID}},National Council of Nonprofits. Operating reserves for nonprofits. Nonprofit Operating Reserves Initiative Workgroup. Nonprofit Operating Reserves — An Introduction.,,other,4,https://www.councilofnonprofits.org/running-nonprofit/administration-and-financial-management/operating-reserves-nonprofits,,active,pending_review,unverified,"{""identifier_kind"": ""url"", ""identifier"": ""https://www.councilofnonprofits.org/running-nonprofit/administration-and-financial-management/operating-reserves-nonprofits"", ""verification_status"": ""NON_INDEXED_SOURCE"", ""verified_title"": """", ""seeded_from"": ""PPBF research program 2026-08-07""}",{{SEED_ACCOUNT_ID}},platform_owner
src_d80d72f25edc35da,{{PPBF_ORG_ID}},"Commonwealth of Pennsylvania Department of State, Bureau of Corporations and Charitable Organizations. Charitable Organizations; Instructions for Form BCO-10. Act of Dec. 22, 2017, P.L. 1227, No. 71.",,governing_body,1,https://www.pa.gov/agencies/dos/programs/charities/information-for-charities/-charitable-organizations,,active,pending_review,unverified,"{""identifier_kind"": ""url"", ""identifier"": ""https://www.pa.gov/agencies/dos/programs/charities/information-for-charities/-charitable-organizations"", ""verification_status"": ""NON_INDEXED_SOURCE"", ""verified_title"": """", ""seeded_from"": ""PPBF research program 2026-08-07""}",{{SEED_ACCOUNT_ID}},platform_owner
src_fbdfe8a856920394,{{PPBF_ORG_ID}},Multiple specialty sports and human-services insurance providers describing abuse/molestation coverage as separate from general liability (e.g. Sadler Sports & Recreation Insurance; Great American Insurance Group specialty human services).,,media,5,https://www.greatamericaninsurancegroup.com/about-us/business-operations/subproduct/specialty-human-services/coverage-we-offer/abuse-molestation-coverage,,active,pending_review,unverified,"{""identifier_kind"": ""url"", ""identifier"": ""https://www.greatamericaninsurancegroup.com/about-us/business-operations/subproduct/specialty-human-services/coverage-we-offer/abuse-molestation-coverage"", ""verification_status"": ""NON_INDEXED_SOURCE"", ""verified_title"": """", ""seeded_from"": ""PPBF research program 2026-08-07""}",{{SEED_ACCOUNT_ID}},platform_owner
src_8c3dd4f3cfe7ba4c,{{PPBF_ORG_ID}},Understanding the impact of COVID-19 on youth sport in Australia and consequences for future participation and retention.,BMC public health,peer_reviewed,3,https://pubmed.ncbi.nlm.nih.gov/33673812/,2021-01-01,active,pending_review,unverified,"{""identifier_kind"": ""pmid"", ""identifier"": ""33673812"", ""verification_status"": ""RESOLVED"", ""verified_title"": ""Understanding the impact of COVID-19 on youth sport in Australia and consequences for future participation and retention."", ""seeded_from"": ""PPBF research program 2026-08-07""}",{{SEED_ACCOUNT_ID}},platform_owner
src_658a9d78e92eacd1,{{PPBF_ORG_ID}},"""It Goes Hand in Hand with Us Trying to Get More Kids to Play"" Stakeholder Experiences in a Sport and Active Recreation Voucher Program.",International journal of environmental research and public health,peer_reviewed,3,https://pubmed.ncbi.nlm.nih.gov/36901093/,2023-01-01,active,pending_review,unverified,"{""identifier_kind"": ""pmid"", ""identifier"": ""36901093"", ""verification_status"": ""RESOLVED"", ""verified_title"": ""\""It Goes Hand in Hand with Us Trying to Get More Kids to Play\"" Stakeholder Experiences in a Sport and Active Recreation Voucher Program."", ""seeded_from"": ""PPBF research program 2026-08-07""}",{{SEED_ACCOUNT_ID}},platform_owner
src_16c15db206aa5c67,{{PPBF_ORG_ID}},"Grants.gov opportunity search API, queried 2026-08-07.",,other,4,https://www.grants.gov/,,active,pending_review,unverified,"{""identifier_kind"": ""url"", ""identifier"": ""https://www.grants.gov/"", ""verification_status"": ""NON_INDEXED_SOURCE"", ""verified_title"": """", ""seeded_from"": ""PPBF research program 2026-08-07""}",{{SEED_ACCOUNT_ID}},platform_owner
src_83963e90deec29da,{{PPBF_ORG_ID}},"PPBF B5 finance model, finance_model.py and finance_scenarios_computed.csv, 2026-08-07.",,other,4,,,active,pending_review,unverified,"{""identifier_kind"": ""noid"", ""identifier"": ""B5-051"", ""verification_status"": ""NON_INDEXED_SOURCE"", ""verified_title"": """", ""seeded_from"": ""PPBF research program 2026-08-07""}",{{SEED_ACCOUNT_ID}},platform_owner
src_4ef2f0b5437259a4,{{PPBF_ORG_ID}},"PPBF B5 finance model, fig_breakeven.png panel (b), 2026-08-07.",,other,4,,,active,pending_review,unverified,"{""identifier_kind"": ""noid"", ""identifier"": ""B5-052"", ""verification_status"": ""NON_INDEXED_SOURCE"", ""verified_title"": """", ""seeded_from"": ""PPBF research program 2026-08-07""}",{{SEED_ACCOUNT_ID}},platform_owner
src_cb3b531047479e5d,{{PPBF_ORG_ID}},"PPBF B5 finance model, finance_scenarios_computed.csv, 2026-08-07.",,other,4,,,active,pending_review,unverified,"{""identifier_kind"": ""noid"", ""identifier"": ""B5-053"", ""verification_status"": ""NON_INDEXED_SOURCE"", ""verified_title"": """", ""seeded_from"": ""PPBF research program 2026-08-07""}",{{SEED_ACCOUNT_ID}},platform_owner
src_49f6fec2b9d4a492,{{PPBF_ORG_ID}},"PPBF B5 finance model, fig_sensitivity_tornado.png and finance_sensitivity_computed.csv, 2026-08-07.",,other,4,,,active,pending_review,unverified,"{""identifier_kind"": ""noid"", ""identifier"": ""B5-054"", ""verification_status"": ""NON_INDEXED_SOURCE"", ""verified_title"": """", ""seeded_from"": ""PPBF research program 2026-08-07""}",{{SEED_ACCOUNT_ID}},platform_owner
src_b2ffc9d7d6e9e681,{{PPBF_ORG_ID}},"PPBF B5 finance model, equipment_useful_life_years parameter, 2026-08-07.",,other,4,,,active,pending_review,unverified,"{""identifier_kind"": ""noid"", ""identifier"": ""B5-057"", ""verification_status"": ""NON_INDEXED_SOURCE"", ""verified_title"": """", ""seeded_from"": ""PPBF research program 2026-08-07""}",{{SEED_ACCOUNT_ID}},platform_owner
src_b308b20e5b19ac82,{{PPBF_ORG_ID}},"PPBF B5 finance model, fig_sensitivity_tornado.png, 2026-08-07.",,other,4,,,active,pending_review,unverified,"{""identifier_kind"": ""noid"", ""identifier"": ""B5-059"", ""verification_status"": ""NON_INDEXED_SOURCE"", ""verified_title"": """", ""seeded_from"": ""PPBF research program 2026-08-07""}",{{SEED_ACCOUNT_ID}},platform_owner
src_a59b4035ad4c9fe6,{{PPBF_ORG_ID}},"PPBF/SHADOW Repository Context Pack, section 2 (Existing Postgres tables), supplied in this project.",,internal_policy,3,,,active,pending_review,unverified,"{""identifier_kind"": ""noid"", ""identifier"": ""B5-060"", ""verification_status"": ""NON_INDEXED_SOURCE"", ""verified_title"": """", ""seeded_from"": ""PPBF research program 2026-08-07""}",{{SEED_ACCOUNT_ID}},platform_owner
src_321fc41f39a68351,{{PPBF_ORG_ID}},U.S. Center for SafeSport (2025). Minor Athlete Abuse Prevention Policies (MAAPP).,,governing_body,1,https://maapp.uscenterforsafesport.org/,,active,pending_review,unverified,"{""identifier_kind"": ""url"", ""identifier"": ""https://maapp.uscenterforsafesport.org/"", ""verification_status"": ""NON_INDEXED_SOURCE"", ""verified_title"": """", ""seeded_from"": ""PPBF research program 2026-08-07""}",{{SEED_ACCOUNT_ID}},platform_owner
src_06c5901f12a8f7df,{{PPBF_ORG_ID}},England Boxing (2025). New Club Setup Guide / Club Membership Policy.,,governing_body,1,https://www.englandboxing.org/wp-content/uploads/2025/07/NewClubSetupGuide.pdf,,active,pending_review,unverified,"{""identifier_kind"": ""url"", ""identifier"": ""https://www.englandboxing.org/wp-content/uploads/2025/07/NewClubSetupGuide.pdf"", ""verification_status"": ""NON_INDEXED_SOURCE"", ""verified_title"": """", ""seeded_from"": ""PPBF research program 2026-08-07""}",{{SEED_ACCOUNT_ID}},platform_owner
src_7bf263ff361fe0e5,{{PPBF_ORG_ID}},USA Boxing (2026). USA Boxing National Rule Book.,,governing_body,1,https://www.usaboxing.org/usa-boxing-rulebook,,active,pending_review,unverified,"{""identifier_kind"": ""url"", ""identifier"": ""https://www.usaboxing.org/usa-boxing-rulebook"", ""verification_status"": ""NON_INDEXED_SOURCE"", ""verified_title"": """", ""seeded_from"": ""PPBF research program 2026-08-07""}",{{SEED_ACCOUNT_ID}},platform_owner
src_f55e6856e7f5363c,{{PPBF_ORG_ID}},Para sport translation of the IOC consensus on recording and reporting of data for injury and illness in sport.,British journal of sports medicine,clinical_guideline,1,https://pubmed.ncbi.nlm.nih.gov/33853834/,2021-01-01,active,pending_review,unverified,"{""identifier_kind"": ""pmid"", ""identifier"": ""33853834"", ""verification_status"": ""RESOLVED"", ""verified_title"": ""Para sport translation of the IOC consensus on recording and reporting of data for injury and illness in sport."", ""seeded_from"": ""PPBF research program 2026-08-07""}",{{SEED_ACCOUNT_ID}},platform_owner
src_ee7531cd623a9a08,{{PPBF_ORG_ID}},Female athlete health domains: a supplement to the International Olympic Committee consensus statement on methods for recording and reporting epidemiological data on injury and illness in sport.,British journal of sports medicine,clinical_guideline,1,https://pubmed.ncbi.nlm.nih.gov/37349084/,2023-01-01,active,pending_review,unverified,"{""identifier_kind"": ""pmid"", ""identifier"": ""37349084"", ""verification_status"": ""RESOLVED"", ""verified_title"": ""Female athlete health domains: a supplement to the International Olympic Committee consensus statement on methods for recording and reporting epidemiological data on injury and illness in sport."", ""seeded_from"": ""PPBF research program 2026-08-07""}",{{SEED_ACCOUNT_ID}},platform_owner
src_2b686e07ced4885e,{{PPBF_ORG_ID}},Australian Institute of Sport and Australian Medical Association position statement on concussion in sport.,The Medical journal of Australia,other,4,https://pubmed.ncbi.nlm.nih.gov/28076736/,2017-01-01,active,pending_review,unverified,"{""identifier_kind"": ""pmid"", ""identifier"": ""28076736"", ""verification_status"": ""RESOLVED"", ""verified_title"": ""Australian Institute of Sport and Australian Medical Association position statement on concussion in sport."", ""seeded_from"": ""PPBF research program 2026-08-07""}",{{SEED_ACCOUNT_ID}},platform_owner
src_c0a8252f6c30c1db,{{PPBF_ORG_ID}},How much is too much? (Part 1) International Olympic Committee consensus statement on load in sport and risk of injury.,British journal of sports medicine,clinical_guideline,1,https://pubmed.ncbi.nlm.nih.gov/27535989/,2016-01-01,active,pending_review,unverified,"{""identifier_kind"": ""pmid"", ""identifier"": ""27535989"", ""verification_status"": ""RESOLVED"", ""verified_title"": ""How much is too much? (Part 1) International Olympic Committee consensus statement on load in sport and risk of injury."", ""seeded_from"": ""PPBF research program 2026-08-07""}",{{SEED_ACCOUNT_ID}},platform_owner
src_5f792aad39cb3b21,{{PPBF_ORG_ID}},How much is too much? (Part 2) International Olympic Committee consensus statement on load in sport and risk of illness.,British journal of sports medicine,clinical_guideline,1,https://pubmed.ncbi.nlm.nih.gov/27535991/,2016-01-01,active,pending_review,unverified,"{""identifier_kind"": ""pmid"", ""identifier"": ""27535991"", ""verification_status"": ""RESOLVED"", ""verified_title"": ""How much is too much? (Part 2) International Olympic Committee consensus statement on load in sport and risk of illness."", ""seeded_from"": ""PPBF research program 2026-08-07""}",{{SEED_ACCOUNT_ID}},platform_owner
src_ed4a6756d063ec51,{{PPBF_ORG_ID}},A meta-analysis of the criterion-related validity of Session-RPE scales in adolescent athletes.,"BMC sports science, medicine & rehabilitation",peer_reviewed,2,https://pubmed.ncbi.nlm.nih.gov/37573328/,2023-01-01,active,pending_review,unverified,"{""identifier_kind"": ""pmid"", ""identifier"": ""37573328"", ""verification_status"": ""RESOLVED"", ""verified_title"": ""A meta-analysis of the criterion-related validity of Session-RPE scales in adolescent athletes."", ""seeded_from"": ""PPBF research program 2026-08-07""}",{{SEED_ACCOUNT_ID}},platform_owner
src_125f714c6a650109,{{PPBF_ORG_ID}},Criterion-related validity of perceived exertion scales in healthy children: a systematic review and meta-analysis.,Archivos argentinos de pediatria,peer_reviewed,2,https://pubmed.ncbi.nlm.nih.gov/27079389/,2016-01-01,active,pending_review,unverified,"{""identifier_kind"": ""pmid"", ""identifier"": ""27079389"", ""verification_status"": ""RESOLVED"", ""verified_title"": ""Criterion-related validity of perceived exertion scales in healthy children: a systematic review and meta-analysis."", ""seeded_from"": ""PPBF research program 2026-08-07""}",{{SEED_ACCOUNT_ID}},platform_owner
src_0d96cf0e3d582c26,{{PPBF_ORG_ID}},Biological maturation of youth athletes: assessment and implications.,British journal of sports medicine,peer_reviewed,3,https://pubmed.ncbi.nlm.nih.gov/26084525/,2015-01-01,active,pending_review,unverified,"{""identifier_kind"": ""pmid"", ""identifier"": ""26084525"", ""verification_status"": ""RESOLVED"", ""verified_title"": ""Biological maturation of youth athletes: assessment and implications."", ""seeded_from"": ""PPBF research program 2026-08-07""}",{{SEED_ACCOUNT_ID}},platform_owner
src_f279189265596526,{{PPBF_ORG_ID}},Data Informing Governing Body Resistance-Training Guidelines Exhibit Sex Bias: An Audit-Based Review.,"Sports medicine (Auckland, N.Z.)",governing_body,1,https://pubmed.ncbi.nlm.nih.gov/37382828/,2023-01-01,active,pending_review,unverified,"{""identifier_kind"": ""pmid"", ""identifier"": ""37382828"", ""verification_status"": ""RESOLVED"", ""verified_title"": ""Data Informing Governing Body Resistance-Training Guidelines Exhibit Sex Bias: An Audit-Based Review."", ""seeded_from"": ""PPBF research program 2026-08-07""}",{{SEED_ACCOUNT_ID}},platform_owner
src_4b674b4a34be2585,{{PPBF_ORG_ID}},"Weight loss practices, perceptions, and eating disorder symptoms among Chinese male adolescent combat sports athletes.",Frontiers in nutrition,peer_reviewed,3,https://pubmed.ncbi.nlm.nih.gov/41659799/,2025-01-01,active,pending_review,unverified,"{""identifier_kind"": ""pmid"", ""identifier"": ""41659799"", ""verification_status"": ""RESOLVED"", ""verified_title"": ""Weight loss practices, perceptions, and eating disorder symptoms among Chinese male adolescent combat sports athletes."", ""seeded_from"": ""PPBF research program 2026-08-07""}",{{SEED_ACCOUNT_ID}},platform_owner
src_de67a0e668d4c55b,{{PPBF_ORG_ID}},[Unilateral development of moyamoya vessels after contralateral cervical internal carotid artery occlusion. Case report].,Neurologia medico-chirurgica,peer_reviewed,3,https://pubmed.ncbi.nlm.nih.gov/1726260/,1991-01-01,active,pending_review,unverified,"{""identifier_kind"": ""pmid"", ""identifier"": ""1726260"", ""verification_status"": ""RESOLVED"", ""verified_title"": ""Weight loss practices, perceptions, and eating disorder symptoms among Chinese male adolescent combat sports athletes."", ""seeded_from"": ""PPBF research program 2026-08-07""}",{{SEED_ACCOUNT_ID}},platform_owner
src_76ffa2c1277d3bd9,{{PPBF_ORG_ID}},"Effects of pre-competitional rapid weight loss on nutrition, vitamin status and oxidative stress in elite boxers.",Journal of sports sciences,peer_reviewed,3,https://pubmed.ncbi.nlm.nih.gov/25259507/,2015-01-01,active,pending_review,unverified,"{""identifier_kind"": ""pmid"", ""identifier"": ""25259507"", ""verification_status"": ""RESOLVED"", ""verified_title"": ""Effects of pre-competitional rapid weight loss on nutrition, vitamin status and oxidative stress in elite boxers."", ""seeded_from"": ""PPBF research program 2026-08-07""}",{{SEED_ACCOUNT_ID}},platform_owner
src_71c8e541f78c97df,{{PPBF_ORG_ID}},Effectiveness of text message reminders on paediatric appointment adherence: a systematic review and meta-analysis.,European journal of pediatrics,clinical_guideline,1,https://pubmed.ncbi.nlm.nih.gov/39279016/,2024-01-01,active,pending_review,unverified,"{""identifier_kind"": ""pmid"", ""identifier"": ""39279016"", ""verification_status"": ""RESOLVED"", ""verified_title"": ""Effectiveness of text message reminders on paediatric appointment adherence: a systematic review and meta-analysis."", ""seeded_from"": ""PPBF research program 2026-08-07""}",{{SEED_ACCOUNT_ID}},platform_owner
src_ee29614efd99c98f,{{PPBF_ORG_ID}},Improving attendance at post-emergency department follow-up via automated text message appointment reminders: a randomized controlled trial.,Academic emergency medicine : official journal of the Society for Academic Emergency Medicine,peer_reviewed,3,https://pubmed.ncbi.nlm.nih.gov/25388481/,2015-01-01,active,pending_review,unverified,"{""identifier_kind"": ""pmid"", ""identifier"": ""25388481"", ""verification_status"": ""RESOLVED"", ""verified_title"": ""Improving attendance at post-emergency department follow-up via automated text message appointment reminders: a randomized controlled trial."", ""seeded_from"": ""PPBF research program 2026-08-07""}",{{SEED_ACCOUNT_ID}},platform_owner
src_2ca0c41917ba4c66,{{PPBF_ORG_ID}},Behavioural economic interventions to reduce health care appointment non-attendance: a systematic review and meta-analysis.,BMC health services research,peer_reviewed,2,https://pubmed.ncbi.nlm.nih.gov/37872612/,2023-01-01,active,pending_review,unverified,"{""identifier_kind"": ""pmid"", ""identifier"": ""37872612"", ""verification_status"": ""RESOLVED"", ""verified_title"": ""Behavioural economic interventions to reduce health care appointment non-attendance: a systematic review and meta-analysis."", ""seeded_from"": ""PPBF research program 2026-08-07""}",{{SEED_ACCOUNT_ID}},platform_owner
src_664dfe9b5d414e28,{{PPBF_ORG_ID}},Predictive model-based interventions to reduce outpatient no-shows: a rapid systematic review.,Journal of the American Medical Informatics Association : JAMIA,peer_reviewed,2,https://pubmed.ncbi.nlm.nih.gov/36508503/,2023-01-01,active,pending_review,unverified,"{""identifier_kind"": ""pmid"", ""identifier"": ""36508503"", ""verification_status"": ""RESOLVED"", ""verified_title"": ""Predictive model-based interventions to reduce outpatient no-shows: a rapid systematic review."", ""seeded_from"": ""PPBF research program 2026-08-07""}",{{SEED_ACCOUNT_ID}},platform_owner
src_957643e227cc73ac,{{PPBF_ORG_ID}},What Keeps Kids Coming Back? Retention in a Sport-Based Positive Youth Development Program.,Frontiers in sports and active living,peer_reviewed,3,https://pubmed.ncbi.nlm.nih.gov/35935063/,2022-01-01,active,pending_review,unverified,"{""identifier_kind"": ""pmid"", ""identifier"": ""35935063"", ""verification_status"": ""RESOLVED"", ""verified_title"": ""What Keeps Kids Coming Back? Retention in a Sport-Based Positive Youth Development Program."", ""seeded_from"": ""PPBF research program 2026-08-07""}",{{SEED_ACCOUNT_ID}},platform_owner
src_9ad792558d22ca81,{{PPBF_ORG_ID}},Why do students drop out of regular sport in late adolescent? The experience of a systematic review.,Frontiers in public health,peer_reviewed,2,https://pubmed.ncbi.nlm.nih.gov/39737456/,2024-01-01,active,pending_review,unverified,"{""identifier_kind"": ""pmid"", ""identifier"": ""39737456"", ""verification_status"": ""RESOLVED"", ""verified_title"": ""Why do students drop out of regular sport in late adolescent? The experience of a systematic review."", ""seeded_from"": ""PPBF research program 2026-08-07""}",{{SEED_ACCOUNT_ID}},platform_owner
src_2ee85068f64e6ee2,{{PPBF_ORG_ID}},The prognostic role of left ventricular hypertrophy in patients with or without coronary artery disease.,Annals of internal medicine,peer_reviewed,2,https://pubmed.ncbi.nlm.nih.gov/1416558/,1992-01-01,active,pending_review,unverified,"{""identifier_kind"": ""pmid"", ""identifier"": ""1416558"", ""verification_status"": ""RESOLVED"", ""verified_title"": ""Why do students drop out of regular sport in late adolescent? The experience of a systematic review."", ""seeded_from"": ""PPBF research program 2026-08-07""}",{{SEED_ACCOUNT_ID}},platform_owner
src_bf3dbdf9120ded2d,{{PPBF_ORG_ID}},Barriers to and facilitators of sports participation for people with physical disabilities: a systematic review.,Scandinavian journal of medicine & science in sports,peer_reviewed,2,https://pubmed.ncbi.nlm.nih.gov/24730752/,2014-01-01,active,pending_review,unverified,"{""identifier_kind"": ""pmid"", ""identifier"": ""24730752"", ""verification_status"": ""RESOLVED"", ""verified_title"": ""Barriers to and facilitators of sports participation for people with physical disabilities: a systematic review."", ""seeded_from"": ""PPBF research program 2026-08-07""}",{{SEED_ACCOUNT_ID}},platform_owner
src_2d502b18ef5eefbd,{{PPBF_ORG_ID}},"Promoting the Participation of Children and Adolescents With Disabilities in Sports, Recreation, and Physical Activity.",Pediatrics,other,4,https://pubmed.ncbi.nlm.nih.gov/34851421/,2021-01-01,active,pending_review,unverified,"{""identifier_kind"": ""pmid"", ""identifier"": ""34851421"", ""verification_status"": ""RESOLVED"", ""verified_title"": ""Promoting the Participation of Children and Adolescents With Disabilities in Sports, Recreation, and Physical Activity."", ""seeded_from"": ""PPBF research program 2026-08-07""}",{{SEED_ACCOUNT_ID}},platform_owner
src_8185f31dbfda4d01,{{PPBF_ORG_ID}},"Barriers and facilitators to physical activity participation for children with physical disability: comparing and contrasting the views of children, young people, and their clinicians.",Disability and rehabilitation,peer_reviewed,3,https://pubmed.ncbi.nlm.nih.gov/29382235/,2019-01-01,active,pending_review,unverified,"{""identifier_kind"": ""pmid"", ""identifier"": ""29382235"", ""verification_status"": ""RESOLVED"", ""verified_title"": ""Barriers and facilitators to physical activity participation for children with physical disability: comparing and contrasting the views of children, young people, and their clinicians."", ""seeded_from"": ""PPBF research program 2026-08-07""}",{{SEED_ACCOUNT_ID}},platform_owner
src_65b11bbdccacc1e5,{{PPBF_ORG_ID}},Ontogeny of N-methyl-D-aspartate-induced current in cultured hippocampal neurons.,The Journal of pharmacology and experimental therapeutics,peer_reviewed,3,https://pubmed.ncbi.nlm.nih.gov/1432702/,1992-01-01,active,pending_review,unverified,"{""identifier_kind"": ""pmid"", ""identifier"": ""1432702"", ""verification_status"": ""RESOLVED"", ""verified_title"": ""Barriers and facilitators to physical activity participation for children with physical disability: comparing and contrasting the views of children, young people, and their clinicians."", ""seeded_from"": ""PPBF research program 2026-08-07""}",{{SEED_ACCOUNT_ID}},platform_owner
src_e64694ba005a05d5,{{PPBF_ORG_ID}},Systematic review of patient safety incident reporting practices in maternity care.,BMJ open quality,peer_reviewed,2,https://pubmed.ncbi.nlm.nih.gov/41052815/,2025-01-01,active,pending_review,unverified,"{""identifier_kind"": ""pmid"", ""identifier"": ""41052815"", ""verification_status"": ""RESOLVED"", ""verified_title"": ""Systematic review of patient safety incident reporting practices in maternity care."", ""seeded_from"": ""PPBF research program 2026-08-07""}",{{SEED_ACCOUNT_ID}},platform_owner
src_7d7796ff88d33efd,{{PPBF_ORG_ID}},Incidents reporting: barriers and strategies to promote safety culture.,Revista da Escola de Enfermagem da U S P,peer_reviewed,3,https://pubmed.ncbi.nlm.nih.gov/30304197/,2018-01-01,active,pending_review,unverified,"{""identifier_kind"": ""pmid"", ""identifier"": ""30304197"", ""verification_status"": ""RESOLVED"", ""verified_title"": ""Incidents reporting: barriers and strategies to promote safety culture."", ""seeded_from"": ""PPBF research program 2026-08-07""}",{{SEED_ACCOUNT_ID}},platform_owner
src_bee6f0ad409e057f,{{PPBF_ORG_ID}},Attitudes and perceived barriers influencing incident reporting by nurses and their correlation with reported incidents: A systematic review.,JBI library of systematic reviews,peer_reviewed,2,https://pubmed.ncbi.nlm.nih.gov/27820206/,2012-01-01,active,pending_review,unverified,"{""identifier_kind"": ""pmid"", ""identifier"": ""27820206"", ""verification_status"": ""RESOLVED"", ""verified_title"": ""Attitudes and perceived barriers influencing incident reporting by nurses and their correlation with reported incidents: A systematic review."", ""seeded_from"": ""PPBF research program 2026-08-07""}",{{SEED_ACCOUNT_ID}},platform_owner
src_e295336db3d022ff,{{PPBF_ORG_ID}},A Systematic Review of Interventions Used to Enhance Implementation of and Compliance With the World Health Organization Surgical Safety Checklist in Adult Surgery.,AORN journal,peer_reviewed,2,https://pubmed.ncbi.nlm.nih.gov/34314014/,2021-01-01,active,pending_review,unverified,"{""identifier_kind"": ""pmid"", ""identifier"": ""34314014"", ""verification_status"": ""RESOLVED"", ""verified_title"": ""A Systematic Review of Interventions Used to Enhance Implementation of and Compliance With the World Health Organization Surgical Safety Checklist in Adult Surgery."", ""seeded_from"": ""PPBF research program 2026-08-07""}",{{SEED_ACCOUNT_ID}},platform_owner
src_2f856f5df6636875,{{PPBF_ORG_ID}},Beyond compliance: examining the completeness and determinants of WHO surgical safety checklist - a systematic review and meta-analysis.,BMC health services research,peer_reviewed,3,https://pubmed.ncbi.nlm.nih.gov/40186199/,2025-01-01,active,pending_review,unverified,"{""identifier_kind"": ""pmid"", ""identifier"": ""40186199"", ""verification_status"": ""RESOLVED"", ""verified_title"": ""Beyond compliance: examining the completeness and determinants of WHO surgical safety checklist - a systematic review and meta-analysis."", ""seeded_from"": ""PPBF research program 2026-08-07""}",{{SEED_ACCOUNT_ID}},platform_owner
src_4b598b092141d02c,{{PPBF_ORG_ID}},Recommendations for Best Disinfectant Practices to Reduce the Spread of Infection via Wrestling Mats.,Journal of athletic training,peer_reviewed,3,https://pubmed.ncbi.nlm.nih.gov/28092165/,2017-01-01,active,pending_review,unverified,"{""identifier_kind"": ""pmid"", ""identifier"": ""28092165"", ""verification_status"": ""RESOLVED"", ""verified_title"": ""Recommendations for Best Disinfectant Practices to Reduce the Spread of Infection via Wrestling Mats."", ""seeded_from"": ""PPBF research program 2026-08-07""}",{{SEED_ACCOUNT_ID}},platform_owner
src_250310fb2e2dafc8,{{PPBF_ORG_ID}},"Notes from the field: outbreak of skin lesions among high school wrestlers--Arizona, 2014.",MMWR. Morbidity and mortality weekly report,other,4,https://pubmed.ncbi.nlm.nih.gov/26020140/,2015-01-01,active,pending_review,unverified,"{""identifier_kind"": ""pmid"", ""identifier"": ""26020140"", ""verification_status"": ""RESOLVED"", ""verified_title"": ""Notes from the field: outbreak of skin lesions among high school wrestlers--Arizona, 2014."", ""seeded_from"": ""PPBF research program 2026-08-07""}",{{SEED_ACCOUNT_ID}},platform_owner
src_6779cff5c266eed3,{{PPBF_ORG_ID}},Interventions to improve hand hygiene compliance in patient care.,The Cochrane database of systematic reviews,peer_reviewed,2,https://pubmed.ncbi.nlm.nih.gov/28862335/,2017-01-01,active,pending_review,unverified,"{""identifier_kind"": ""pmid"", ""identifier"": ""28862335"", ""verification_status"": ""RESOLVED"", ""verified_title"": ""Interventions to improve hand hygiene compliance in patient care."", ""seeded_from"": ""PPBF research program 2026-08-07""}",{{SEED_ACCOUNT_ID}},platform_owner
src_7e95a5d634009c4a,{{PPBF_ORG_ID}},Building a BRIDGE for the integration of heterogeneous data from functional genomics into a platform for systems biology.,Journal of biotechnology,peer_reviewed,2,https://pubmed.ncbi.nlm.nih.gov/14651858/,2003-01-01,active,pending_review,unverified,"{""identifier_kind"": ""pmid"", ""identifier"": ""14651858"", ""verification_status"": ""RESOLVED"", ""verified_title"": ""Interventions to improve hand hygiene compliance in patient care."", ""seeded_from"": ""PPBF research program 2026-08-07""}",{{SEED_ACCOUNT_ID}},platform_owner
src_06d964e037109b59,{{PPBF_ORG_ID}},Assessment of indoor air quality in health clubs: insights into (ultra)fine and coarse particles and gaseous pollutants.,Frontiers in public health,peer_reviewed,3,https://pubmed.ncbi.nlm.nih.gov/38089025/,2023-01-01,active,pending_review,unverified,"{""identifier_kind"": ""pmid"", ""identifier"": ""38089025"", ""verification_status"": ""RESOLVED"", ""verified_title"": ""Assessment of indoor air quality in health clubs: insights into (ultra)fine and coarse particles and gaseous pollutants."", ""seeded_from"": ""PPBF research program 2026-08-07""}",{{SEED_ACCOUNT_ID}},platform_owner
src_9a7499739532127d,{{PPBF_ORG_ID}},"Modulation of neutrophil activation by okadaic acid, a protein phosphatase inhibitor.",The American journal of physiology,peer_reviewed,3,https://pubmed.ncbi.nlm.nih.gov/1310215/,1992-01-01,active,pending_review,unverified,"{""identifier_kind"": ""pmid"", ""identifier"": ""1310215"", ""verification_status"": ""RESOLVED"", ""verified_title"": ""Assessment of indoor air quality in health clubs: insights into (ultra)fine and coarse particles and gaseous pollutants."", ""seeded_from"": ""PPBF research program 2026-08-07""}",{{SEED_ACCOUNT_ID}},platform_owner
src_7418753d6232f38b,{{PPBF_ORG_ID}},Human exposure to air contaminants in sports environments.,Indoor air,peer_reviewed,3,https://pubmed.ncbi.nlm.nih.gov/32657456/,2020-01-01,active,pending_review,unverified,"{""identifier_kind"": ""pmid"", ""identifier"": ""32657456"", ""verification_status"": ""RESOLVED"", ""verified_title"": ""Human exposure to air contaminants in sports environments."", ""seeded_from"": ""PPBF research program 2026-08-07""}",{{SEED_ACCOUNT_ID}},platform_owner
src_c7baf6b17289a906,{{PPBF_ORG_ID}},Exertional Heat Illness Preparedness Strategies: Environmental Monitoring Policies in United States High Schools.,"Medicina (Kaunas, Lithuania)",peer_reviewed,3,https://pubmed.ncbi.nlm.nih.gov/32977387/,2020-01-01,active,pending_review,unverified,"{""identifier_kind"": ""pmid"", ""identifier"": ""32977387"", ""verification_status"": ""RESOLVED"", ""verified_title"": ""Exertional Heat Illness Preparedness Strategies: Environmental Monitoring Policies in United States High Schools."", ""seeded_from"": ""PPBF research program 2026-08-07""}",{{SEED_ACCOUNT_ID}},platform_owner
src_3da968212f78289a,{{PPBF_ORG_ID}},The Effect of a Statewide Policy on High School Emergency Action Plans.,"Sports (Basel, Switzerland)",peer_reviewed,3,https://pubmed.ncbi.nlm.nih.gov/36287774/,2022-01-01,active,pending_review,unverified,"{""identifier_kind"": ""pmid"", ""identifier"": ""36287774"", ""verification_status"": ""RESOLVED"", ""verified_title"": ""The Effect of a Statewide Policy on High School Emergency Action Plans."", ""seeded_from"": ""PPBF research program 2026-08-07""}",{{SEED_ACCOUNT_ID}},platform_owner
src_62da4dc132f02fdb,{{PPBF_ORG_ID}},Automated external defibrillator accessibility is crucial for bystander defibrillation and survival: A registry-based study.,Resuscitation,peer_reviewed,3,https://pubmed.ncbi.nlm.nih.gov/30682401/,2019-01-01,active,pending_review,unverified,"{""identifier_kind"": ""pmid"", ""identifier"": ""30682401"", ""verification_status"": ""RESOLVED"", ""verified_title"": ""Automated external defibrillator accessibility is crucial for bystander defibrillation and survival: A registry-based study."", ""seeded_from"": ""PPBF research program 2026-08-07""}",{{SEED_ACCOUNT_ID}},platform_owner
src_c061467aad797441,{{PPBF_ORG_ID}},The Preparticipation Physical Evaluation.,American family physician,peer_reviewed,3,https://pubmed.ncbi.nlm.nih.gov/33929170/,2021-01-01,active,pending_review,unverified,"{""identifier_kind"": ""pmid"", ""identifier"": ""33929170"", ""verification_status"": ""RESOLVED"", ""verified_title"": ""The Preparticipation Physical Evaluation."", ""seeded_from"": ""PPBF research program 2026-08-07""}",{{SEED_ACCOUNT_ID}},platform_owner
src_210f6bc8f0d70118,{{PPBF_ORG_ID}},"Automation bias: a systematic review of frequency, effect mediators, and mitigators.",Journal of the American Medical Informatics Association : JAMIA,media,2,https://pubmed.ncbi.nlm.nih.gov/21685142/,2012-01-01,active,pending_review,unverified,"{""identifier_kind"": ""pmid"", ""identifier"": ""21685142"", ""verification_status"": ""RESOLVED"", ""verified_title"": ""Automation bias: a systematic review of frequency, effect mediators, and mitigators."", ""seeded_from"": ""PPBF research program 2026-08-07""}",{{SEED_ACCOUNT_ID}},platform_owner
src_06db9d5313a2cebc,{{PPBF_ORG_ID}},Automation Bias and Assistive AI: Risk of Harm From AI-Driven Clinical Decision Support.,JAMA,peer_reviewed,3,https://pubmed.ncbi.nlm.nih.gov/38112824/,2023-01-01,active,pending_review,unverified,"{""identifier_kind"": ""pmid"", ""identifier"": ""38112824"", ""verification_status"": ""RESOLVED"", ""verified_title"": ""Automation Bias and Assistive AI: Risk of Harm From AI-Driven Clinical Decision Support."", ""seeded_from"": ""PPBF research program 2026-08-07""}",{{SEED_ACCOUNT_ID}},platform_owner
src_2f96ce721fb7ca13,{{PPBF_ORG_ID}},Alert fatigue measurement in clinical decision support: a systematic review.,Journal of the American Medical Informatics Association : JAMIA,peer_reviewed,2,https://pubmed.ncbi.nlm.nih.gov/42148822/,2026-01-01,active,pending_review,unverified,"{""identifier_kind"": ""pmid"", ""identifier"": ""42148822"", ""verification_status"": ""RESOLVED"", ""verified_title"": ""Alert fatigue measurement in clinical decision support: a systematic review."", ""seeded_from"": ""PPBF research program 2026-08-07""}",{{SEED_ACCOUNT_ID}},platform_owner
src_d3debc86fdd5cdbd,{{PPBF_ORG_ID}},Alert Override Patterns With a Medication Clinical Decision Support System in an Academic Emergency Department: Retrospective Descriptive Study.,JMIR medical informatics,peer_reviewed,3,https://pubmed.ncbi.nlm.nih.gov/33146626/,2020-01-01,active,pending_review,unverified,"{""identifier_kind"": ""pmid"", ""identifier"": ""33146626"", ""verification_status"": ""RESOLVED"", ""verified_title"": ""Alert Override Patterns With a Medication Clinical Decision Support System in an Academic Emergency Department: Retrospective Descriptive Study."", ""seeded_from"": ""PPBF research program 2026-08-07""}",{{SEED_ACCOUNT_ID}},platform_owner
src_d1765ba8950f52e3,{{PPBF_ORG_ID}},Clinical decision support alert appropriateness: a review and proposal for improvement.,Ochsner journal,peer_reviewed,3,https://pubmed.ncbi.nlm.nih.gov/24940129/,2014-01-01,active,pending_review,unverified,"{""identifier_kind"": ""pmid"", ""identifier"": ""24940129"", ""verification_status"": ""RESOLVED"", ""verified_title"": ""Clinical decision support alert appropriateness: a review and proposal for improvement."", ""seeded_from"": ""PPBF research program 2026-08-07""}",{{SEED_ACCOUNT_ID}},platform_owner
src_3d0273b574f0a460,{{PPBF_ORG_ID}},TRIPOD+AI statement: updated guidance for reporting clinical prediction models that use regression or machine learning methods.,BMJ (Clinical research ed.),clinical_guideline,1,https://pubmed.ncbi.nlm.nih.gov/38626948/,2024-01-01,active,pending_review,unverified,"{""identifier_kind"": ""pmid"", ""identifier"": ""38626948"", ""verification_status"": ""RESOLVED"", ""verified_title"": ""TRIPOD+AI statement: updated guidance for reporting clinical prediction models that use regression or machine learning methods."", ""seeded_from"": ""PPBF research program 2026-08-07""}",{{SEED_ACCOUNT_ID}},platform_owner
src_f86c07bf2fb8885e,{{PPBF_ORG_ID}},Transparent reporting of a multivariable prediction model for individual prognosis or diagnosis (TRIPOD): the TRIPOD statement.,BMJ (Clinical research ed.),clinical_guideline,1,https://pubmed.ncbi.nlm.nih.gov/25569120/,2015-01-01,active,pending_review,unverified,"{""identifier_kind"": ""pmid"", ""identifier"": ""25569120"", ""verification_status"": ""RESOLVED"", ""verified_title"": ""Transparent reporting of a multivariable prediction model for individual prognosis or diagnosis (TRIPOD): the TRIPOD statement."", ""seeded_from"": ""PPBF research program 2026-08-07""}",{{SEED_ACCOUNT_ID}},platform_owner
src_be487f49784a5c6f,{{PPBF_ORG_ID}},Just How Confident Can We Be in Predicting Sports Injuries? A Systematic Review of the Methodological Conduct and Performance of Existing Musculoskeletal Injury Prediction Models in Sport.,"Sports medicine (Auckland, N.Z.)",peer_reviewed,2,https://pubmed.ncbi.nlm.nih.gov/35689749/,2022-01-01,active,pending_review,unverified,"{""identifier_kind"": ""pmid"", ""identifier"": ""35689749"", ""verification_status"": ""RESOLVED"", ""verified_title"": ""Just How Confident Can We Be in Predicting Sports Injuries? A Systematic Review of the Methodological Conduct and Performance of Existing Musculoskeletal Injury Prediction Models in Sport."", ""seeded_from"": ""PPBF research program 2026-08-07""}",{{SEED_ACCOUNT_ID}},platform_owner
src_9c6555ed672f04f1,{{PPBF_ORG_ID}},Machine learning methods in sport injury prediction and prevention: a systematic review.,Journal of experimental orthopaedics,peer_reviewed,2,https://pubmed.ncbi.nlm.nih.gov/33855647/,2021-01-01,active,pending_review,unverified,"{""identifier_kind"": ""pmid"", ""identifier"": ""33855647"", ""verification_status"": ""RESOLVED"", ""verified_title"": ""Machine learning methods in sport injury prediction and prevention: a systematic review."", ""seeded_from"": ""PPBF research program 2026-08-07""}",{{SEED_ACCOUNT_ID}},platform_owner
src_24906e3334b821ac,{{PPBF_ORG_ID}},"Addressing Fairness, Bias, and Appropriate Use of Artificial Intelligence and Machine Learning in Global Health.",Frontiers in artificial intelligence,peer_reviewed,3,https://pubmed.ncbi.nlm.nih.gov/33981989/,2020-01-01,active,pending_review,unverified,"{""identifier_kind"": ""pmid"", ""identifier"": ""33981989"", ""verification_status"": ""RESOLVED"", ""verified_title"": ""Addressing Fairness, Bias, and Appropriate Use of Artificial Intelligence and Machine Learning in Global Health."", ""seeded_from"": ""PPBF research program 2026-08-07""}",{{SEED_ACCOUNT_ID}},platform_owner
src_a893f2a3705b2dbc,{{PPBF_ORG_ID}},"Explainable Artificial Intelligence (XAI): Concepts, taxonomies, opportunities and challenges toward responsible AI",Information Fusion,peer_reviewed,3,https://doi.org/10.1016/j.inffus.2019.12.012,2020-01-01,active,pending_review,unverified,"{""identifier_kind"": ""doi"", ""identifier"": ""10.1016/j.inffus.2019.12.012"", ""verification_status"": ""RESOLVED"", ""verified_title"": ""Explainable Artificial Intelligence (XAI): Concepts, taxonomies, opportunities and challenges toward responsible AI"", ""seeded_from"": ""PPBF research program 2026-08-07""}",{{SEED_ACCOUNT_ID}},platform_owner
src_1b60854f4975f463,{{PPBF_ORG_ID}},Specific measures for data-intensive health research without consent: a systematic review of soft law instruments and academic literature.,European journal of human genetics : EJHG,peer_reviewed,2,https://pubmed.ncbi.nlm.nih.gov/37848609/,2024-01-01,active,pending_review,unverified,"{""identifier_kind"": ""pmid"", ""identifier"": ""37848609"", ""verification_status"": ""RESOLVED"", ""verified_title"": ""Specific measures for data-intensive health research without consent: a systematic review of soft law instruments and academic literature."", ""seeded_from"": ""PPBF research program 2026-08-07""}",{{SEED_ACCOUNT_ID}},platform_owner
src_785997f0e06b8390,{{PPBF_ORG_ID}},"Data altruism and the ""consent"" question: a study into the ""consent"" models used under the GDPR and how the data altruism mechanism can act as a potential solution for the research community in the reuse of health data.",Frontiers in medicine,peer_reviewed,3,https://pubmed.ncbi.nlm.nih.gov/40070923/,2024-01-01,active,pending_review,unverified,"{""identifier_kind"": ""pmid"", ""identifier"": ""40070923"", ""verification_status"": ""RESOLVED"", ""verified_title"": ""Data altruism and the \""consent\"" question: a study into the \""consent\"" models used under the GDPR and how the data altruism mechanism can act as a potential solution for the research community in the reuse of health data."", ""seeded_from"": ""PPBF research program 2026-08-07""}",{{SEED_ACCOUNT_ID}},platform_owner
src_94ae7e54205529de,{{PPBF_ORG_ID}},Oxidation of cyclopenta[cd]pyrene by human and mouse liver microsomes and selected cytochrome P450 enzymes.,Chemical research in toxicology,peer_reviewed,3,https://pubmed.ncbi.nlm.nih.gov/1489925/,1992-01-01,active,pending_review,unverified,"{""identifier_kind"": ""pmid"", ""identifier"": ""1489925"", ""verification_status"": ""RESOLVED"", ""verified_title"": ""Data altruism and the \""consent\"" question: a study into the \""consent\"" models used under the GDPR and how the data altruism mechanism can act as a potential solution for the research community in the reuse of health data."", ""seeded_from"": ""PPBF research program 2026-08-07""}",{{SEED_ACCOUNT_ID}},platform_owner
src_ee415f4ba484abe8,{{PPBF_ORG_ID}},The influence of aerobic capacity on the loads and intensities of mixed martial arts sparring bouts.,Journal of sports sciences,peer_reviewed,3,https://pubmed.ncbi.nlm.nih.gov/39551930/,2024-01-01,active,pending_review,unverified,"{""identifier_kind"": ""pmid"", ""identifier"": ""39551930"", ""verification_status"": ""RESOLVED"", ""verified_title"": ""The influence of aerobic capacity on the loads and intensities of mixed martial arts sparring bouts."", ""seeded_from"": ""PPBF research program 2026-08-07""}",{{SEED_ACCOUNT_ID}},platform_owner
src_67964d4ce0413cbb,{{PPBF_ORG_ID}},Leu-M1-positive small cell carcinoma.,Human pathology,peer_reviewed,3,https://pubmed.ncbi.nlm.nih.gov/2419239/,1986-01-01,active,pending_review,unverified,"{""identifier_kind"": ""pmid"", ""identifier"": ""2419239"", ""verification_status"": ""RESOLVED"", ""verified_title"": ""The influence of aerobic capacity on the loads and intensities of mixed martial arts sparring bouts."", ""seeded_from"": ""PPBF research program 2026-08-07""}",{{SEED_ACCOUNT_ID}},platform_owner
src_24981a7c7357b1cd,{{PPBF_ORG_ID}},INSUFFICIENT EVIDENCE — no citation may be given,,other,5,,,active,pending_review,unverified,"{""identifier_kind"": ""noid"", ""identifier"": ""B6-150"", ""verification_status"": ""NO_IDENTIFIER_BY_DESIGN"", ""verified_title"": """", ""seeded_from"": ""PPBF research program 2026-08-07""}",{{SEED_ACCOUNT_ID}},platform_owner
src_23a6ef1df68aa8c1,{{PPBF_ORG_ID}},INSUFFICIENT EVIDENCE — no citation may be given,,other,5,,,active,pending_review,unverified,"{""identifier_kind"": ""noid"", ""identifier"": ""B6-151"", ""verification_status"": ""NO_IDENTIFIER_BY_DESIGN"", ""verified_title"": """", ""seeded_from"": ""PPBF research program 2026-08-07""}",{{SEED_ACCOUNT_ID}},platform_owner
src_3ff83f3df958321b,{{PPBF_ORG_ID}},INSUFFICIENT EVIDENCE — no citation may be given,,other,5,,,active,pending_review,unverified,"{""identifier_kind"": ""noid"", ""identifier"": ""B6-152"", ""verification_status"": ""NO_IDENTIFIER_BY_DESIGN"", ""verified_title"": """", ""seeded_from"": ""PPBF research program 2026-08-07""}",{{SEED_ACCOUNT_ID}},platform_owner
src_099fafa9ce799078,{{PPBF_ORG_ID}},INSUFFICIENT EVIDENCE — no citation may be given,,other,5,,,active,pending_review,unverified,"{""identifier_kind"": ""noid"", ""identifier"": ""B6-153"", ""verification_status"": ""NO_IDENTIFIER_BY_DESIGN"", ""verified_title"": """", ""seeded_from"": ""PPBF research program 2026-08-07""}",{{SEED_ACCOUNT_ID}},platform_owner
src_db1b37bc6ed28eaa,{{PPBF_ORG_ID}},INSUFFICIENT EVIDENCE — no citation may be given,,other,5,,,active,pending_review,unverified,"{""identifier_kind"": ""noid"", ""identifier"": ""B6-154"", ""verification_status"": ""NO_IDENTIFIER_BY_DESIGN"", ""verified_title"": """", ""seeded_from"": ""PPBF research program 2026-08-07""}",{{SEED_ACCOUNT_ID}},platform_owner
src_f7ebbb5787153a87,{{PPBF_ORG_ID}},INSUFFICIENT EVIDENCE — no citation may be given,,other,5,,,active,pending_review,unverified,"{""identifier_kind"": ""noid"", ""identifier"": ""B6-155"", ""verification_status"": ""NO_IDENTIFIER_BY_DESIGN"", ""verified_title"": """", ""seeded_from"": ""PPBF research program 2026-08-07""}",{{SEED_ACCOUNT_ID}},platform_owner
src_b73016c2aaee0a47,{{PPBF_ORG_ID}},INSUFFICIENT EVIDENCE — no citation may be given,,other,5,,,active,pending_review,unverified,"{""identifier_kind"": ""noid"", ""identifier"": ""B6-156"", ""verification_status"": ""NO_IDENTIFIER_BY_DESIGN"", ""verified_title"": """", ""seeded_from"": ""PPBF research program 2026-08-07""}",{{SEED_ACCOUNT_ID}},platform_owner
src_5d5df5986471d9d2,{{PPBF_ORG_ID}},INSUFFICIENT EVIDENCE — no citation may be given,,other,5,,,active,pending_review,unverified,"{""identifier_kind"": ""noid"", ""identifier"": ""B6-157"", ""verification_status"": ""NO_IDENTIFIER_BY_DESIGN"", ""verified_title"": """", ""seeded_from"": ""PPBF research program 2026-08-07""}",{{SEED_ACCOUNT_ID}},platform_owner
src_0a66b949c696acba,{{PPBF_ORG_ID}},INSUFFICIENT EVIDENCE — no citation may be given,,other,5,,,active,pending_review,unverified,"{""identifier_kind"": ""noid"", ""identifier"": ""B6-158"", ""verification_status"": ""NO_IDENTIFIER_BY_DESIGN"", ""verified_title"": """", ""seeded_from"": ""PPBF research program 2026-08-07""}",{{SEED_ACCOUNT_ID}},platform_owner
src_8fd6de7b764688a5,{{PPBF_ORG_ID}},INSUFFICIENT EVIDENCE — no citation may be given,,other,5,,,active,pending_review,unverified,"{""identifier_kind"": ""noid"", ""identifier"": ""B6-159"", ""verification_status"": ""NO_IDENTIFIER_BY_DESIGN"", ""verified_title"": """", ""seeded_from"": ""PPBF research program 2026-08-07""}",{{SEED_ACCOUNT_ID}},platform_owner
src_6563c68e39047128,{{PPBF_ORG_ID}},PPBF Boxing Learning and Gym Operations Research Program (synthesis),PPBF,internal_policy,3,,2026-08-07,active,pending_review,unverified,"{""identifier_kind"": ""internal"", ""identifier"": ""ppbf-research-program-2026-08-07"", ""verification_status"": ""RESOLVED"", ""verified_title"": """", ""seeded_from"": ""PPBF research program 2026-08-07""}",{{SEED_ACCOUNT_ID}},platform_owner
