organization_id,drill_id,lineage_id,version,supersedes_drill_id,superseded_at,name,discipline,category,skill_id,target_behavior,purpose,standard_setup,execution,what_good_looks_like,what_bad_looks_like,common_errors,corrections,transfer,contact_level,equipment_needed,requires_coach_authorization,content_class,source_ref,active,created_by_account_id,created_by_role,difficulty,grounding_claim_ids,field_provenance
{{PPBF_ORG_ID}},drl_7f812fecacfee4,drl_7f812fecacfee4,1,,,Touch to Reposition,boxing,technical,SK-FW-04,"Train clean entry, visible scoring, and immediate departure from the bad position. This is the core behavioral drill for teaching athletes not to stay in the exchange after success.","Train clean entry, visible scoring, and immediate departure from the bad position. This is the core behavioral drill for teaching athletes not to stay in the exchange after success.","Use open floor space or ring space. One feeder or partner presents a stable target or controlled live picture. Athlete starts in stance with enough room to enter, score, and leave on angle or line.","Athlete establishes stance and visual control before the rep begins.

Athlete enters under control behind feet and straight scoring logic.

Athlete lands the agreed scoring action or touch sequence.

Athlete immediately repositions to a better spot rather than admiring the work.

Athlete resets stance and eyes before the next rep.","Feet arrive before hands on entry, weight balanced, eyes already on target.
The scoring touch lands clean and visible from outside the opponent's direct line [A2-063].
The lead foot pivots off the centerline the instant contact is made, weight already transferring.
Stance and eye line are reset before the next call, with no pause standing in the pocket.","Athlete stands square after the touch lands, watching the result.
Entry travels straight down the centerline instead of stepping off it.
Hands land before the base is set, feet trailing the punch.
Eyes reset late, after the feet have already moved, instead of before the next rep begins.","Staying too long after scoring.

Entering with hands before the base is under control.

Leaving straight back with poor balance when an angle is available.

Treating the drill like speed work instead of precision work.","Coach calls ""off"" the instant the touch lands, before the athlete has time to admire it.
Coach physically blocks the straight retreat lane so the only open path is the lateral step.
Coach runs the entry footwork alone, no hands, until foot-before-hand order is automatic.
Coach freezes the rep on contact and places the athlete's feet by hand into the correct angle.","Repetition of clean stance, entry, and touch under structured drilling produces measurable gains in stance and straight-punch execution within weeks [A2-068].
In live rounds this builds the habit of hit-and-move rather than hit-and-stay, and a visible off-line touch is scored where a square, admired one may be missed [A2-063].",light_technical,,False,COACHING CRAFT - PPBF source manual v3,Punxsy_Drill_Library_Source_v3.docx,True,{{SEED_ACCOUNT_ID}},platform_owner,intermediate,A2-063|A2-068,PPBF source manual v3
{{PPBF_ORG_ID}},drl_2d0193a7c52e58,drl_2d0193a7c52e58,1,,,Three and Out,boxing,technical,SK-COMBO-03,"Train exchange restraint, visible finish, and structural discipline. This drill teaches that the athlete does not need unlimited punches to own the exchange.","Train exchange restraint, visible finish, and structural discipline. This drill teaches that the athlete does not need unlimited punches to own the exchange.","Use pads, partner gloves, or controlled live partner work. Set a hard cap of three punches. The last punch is the structural finish and must be followed immediately by reposition.","Athlete enters with a declared scoring sequence.

Athlete throws no more than three punches.

The third shot finishes the scoring phase visibly.

Athlete exits immediately after the third punch.

Athlete resets before the next entry.","Athlete throws exactly three punches per entry, no more, before exiting range.
The third punch lands with full extension and visible weight transfer, closing the phase [A6-055].
Hands return to guard and feet reset before the next entry begins.
Punch selection varies entry to entry rather than repeating the same triple-punch pattern [A8-052].","A fourth punch is thrown after the declared finish, extending past the drill's structure.
The third punch is flicked or arm-only, with no visible commitment to close the exchange.
Athlete remains planted in range after punch three instead of exiting.
The same three-punch sequence is repeated on every entry regardless of angle or opening.","Greed after success.

Poor awareness of sequence count.

Losing stance during the second or third punch.

Throwing the sequence too fast to control the finish.","Coach calls ""out"" the instant a fourth punch starts and stops the rep immediately.
Coach has the athlete rerun the entry and calls for full extension and weight commitment specifically on punch three.
Coach steps into the athlete's forward path after punch three to force the exit step.
Coach names a new three-punch sequence before each entry so the athlete cannot default to a repeated pattern.","Live exchanges lengthen in reaction time and lose punch force the longer they run [A3-032]; this drill builds the habit of committing to a clean finish early instead of drifting into extra output.
Outside the gym, the same discipline applies: state your point, make it clearly, and stop rather than overextending past the moment it lands.",light_technical,,False,COACHING CRAFT - PPBF source manual v3,Punxsy_Drill_Library_Source_v3.docx,True,{{SEED_ACCOUNT_ID}},platform_owner,intermediate,A3-032|A6-055|A8-052,PPBF source manual v3
{{PPBF_ORG_ID}},drl_08c95a746f83e9,drl_08c95a746f83e9,1,,,Structured Pursuit,boxing,technical,SK-OUT-01,"Train controlled pressure without chasing. This is a movement and decision drill, not a sprint drill.","Train controlled pressure without chasing. This is a movement and decision drill, not a sprint drill.","One partner or feeder gives ground under controlled conditions. Space should allow the athlete to cut, step, and own ground without having to rush. Use floor markers if needed.","Athlete advances behind stance, not behind emotional urgency.

Athlete uses step patterns and straight scoring threats to control space.

Athlete cuts and meets movement rather than simply following it.

Athlete scores only when the feet and picture are correct.

Athlete leaves the exchange correctly after scoring.","Feet arrive before the hands do; the jab or straight lands only after the back foot has replaced under the hip.
The pursuing athlete cuts the ring at an angle, meeting the retreating athlete's line rather than trailing it.
Scores come as single straight punches thrown from a set base, not from a moving base [A2-015].
After the punch lands, the scoring athlete replaces distance and resets stance before re-engaging.","Feet cross or drag while advancing, so the punch is thrown while still moving forward.
Shoulders square up to the retreating partner instead of staying staggered behind the lead hand.
The athlete keeps advancing straight down the centerline instead of angling to cut off the ring.
After scoring, the athlete stays planted in range instead of exiting off-line.","Mistaking motion for pressure.

Trying to win the rep by speed instead of position.

Allowing frustration to shorten decision time.

Throwing while off the base.","Stop the drill the moment the feet cross or the base collapses, and walk the step pattern in isolation before live pursuit resumes.
Call ""angle"" out loud on repetitions where the athlete follows a straight line, and have the pair repeat the exchange at a controlled pursuit speed until the cut-off angle appears on its own.
Restrict scoring credit to punches thrown from a stopped, replaced base — no credit for punches thrown mid-step — so the athlete self-corrects timing rather than being told about it.
Pair a structured walk-through-then-drill progression rather than open pursuit from the first rep; a structured teaching sequence produces cleaner technical pickup than unstructured repetition [B1-020], and short blocks of structured drilling have shown measurable stance and straight-punch improvement in a matter of weeks [A2-068].","This is what keeps a boxer's range intact under real forward pressure in sparring — advancing on a plan instead of on adrenaline.
Outside the gym, it is the same discipline: closing on a goal deliberately, checking your footing at each step, rather than rushing the last few feet and losing your position.",light_technical,,False,COACHING CRAFT - PPBF source manual v3,Punxsy_Drill_Library_Source_v3.docx,True,{{SEED_ACCOUNT_ID}},platform_owner,advanced,A2-015|A2-068|B1-020,PPBF source manual v3
{{PPBF_ORG_ID}},drl_7af719b3b85e94,drl_7af719b3b85e94,1,,,Post Contact Reset,boxing,technical,SK-STANCE-02,Train immediate recovery of structure after either giving or receiving contact. The athlete learns that contact is not a cue for emotional continuation.,Train immediate recovery of structure after either giving or receiving contact. The athlete learns that contact is not a cue for emotional continuation.,"Use controlled partner touch, controlled sparring pictures, or pad interruptions. The coach should be able to trigger the reset repeatedly without needing full-intensity contact.","Athlete experiences the contact trigger.

Athlete does not answer emotionally.

Athlete resets stance, eyes, and breathing quickly.

Athlete resumes from structure, not from panic or momentum.","Feet return to base width and correct angle within one beat of the contact.
Eyes stay locked on the opponent, not on the glove or the point of impact.
One sharp exhale follows contact, then breathing settles into its normal rhythm.
Hands return to guard and weight centers before the next exchange begins.","Athlete freezes upright with weight flat on both heels after contact.
Athlete chases, swings back, or retaliates before stance is reformed.
Athlete drops hands, turns the head away, or breaks eye contact with the opponent.
Athlete holds the breath or breathes rapidly and shallow through the mouth only.","Emotional retaliation.

Loss of visual control.

Breath holding.

Confusing speed with recovery.","Coach calls ""reset"" as a fixed verbal cue the instant contact occurs.
Coach freezes the pair and checks foot placement, hand position, and eye line before allowing continuation.
Coach isolates the single contact-then-reset sequence, repeating it standing still before adding footwork or exchange back in.
Coach has the athlete exhale audibly on command until the sharp exhale becomes automatic after contact.","This reset habit is what lets a boxer keep working behind increased ring movement and defensive movement, the pattern that now defines elite exchanges [A3-021][A2-064][A6-037].
Outside the gym, the same skill is catching a jolt, a setback, or a provocation without answering it emotionally, and resuming from a settled position instead of momentum or panic.",light_technical,,False,COACHING CRAFT - PPBF source manual v3,Punxsy_Drill_Library_Source_v3.docx,True,{{SEED_ACCOUNT_ID}},platform_owner,beginner,A2-064|A3-021|A6-037,PPBF source manual v3
{{PPBF_ORG_ID}},drl_0c72ef57315f70,drl_0c72ef57315f70,1,,,Chaos Recognition,boxing,technical,SK-TAC-04,Train the athlete to identify when the exchange is no longer worth staying in. The drill teaches leaving disorder instead of trying to solve it from inside the mess.,Train the athlete to identify when the exchange is no longer worth staying in. The drill teaches leaving disorder instead of trying to solve it from inside the mess.,"Use controlled live partner work with deliberate disruptions: off-beat punches, crowding, awkward spacing, or broken rhythm. The coach must keep it educational, not random.","Athlete enters a live or semi-live exchange picture.

Partner creates controlled disorder.

Athlete identifies the breakdown point.

Athlete exits, repositions, and resets rather than trying to out-chaos the moment.","Athlete breaks contact and steps off the centerline before the second flurry lands.
Feet reset to fighting stance before hands reset to guard.
Athlete re-enters on a fresh angle, not the line the disorder occurred on.
Exchange picture resets clean, like the start of a new round rather than a continuation of the last one.","Athlete stays inside range trying to trade shot for shot.
Athlete covers and absorbs instead of leaving.
Athlete backs straight up along the same line, still in range.
Athlete drops the guard the moment they disengage.","Late recognition.

Pride-driven staying.

Poor visual awareness under crowding.

Lack of agreement about what counts as disorder.","Coach calls ""out"" the instant the exit should have happened and freezes the drill on that frame.
Coach walks the exit step by step at reduced speed before adding contact back in.
Coach narrows the disorder window so the exit decision has to come earlier and cleaner.
If the partner's disorder tips into unintended head contact, coach stops the drill immediately and follows the standard head-contact suspension protocol before any restart [B4-017].","This is the same decision a boxer makes between rounds: the sport already builds in a hard reset rather than a continuation, which is why the one-minute interval exists [A6-022].
Outside the ring it is the same skill: recognizing when to leave a bad exchange or bad situation instead of trying to win it from inside.",light_technical,,False,COACHING CRAFT - PPBF source manual v3,Punxsy_Drill_Library_Source_v3.docx,True,{{SEED_ACCOUNT_ID}},platform_owner,advanced,A6-022|B4-017,PPBF source manual v3
{{PPBF_ORG_ID}},drl_9de5719225a39c,drl_9de5719225a39c,1,,,Base Find and Freeze,boxing,technical,SK-STANCE-01,Establish a repeatable boxing base,Establish a repeatable boxing base,none,"Step into stance from a walk on a call; hold 3s while the coach checks foot line, knee softness and weight distribution. Reset and repeat from a different walking direction.","Feet land staggered on the first step of the call, lead foot pointed at the target, rear foot turned out.
Knees show a soft bend, hips level, no lockout.
Weight sits centered between both feet, athlete can rock forward and back without losing balance.
Freeze holds still for the full count, no foot adjustment after landing.","Feet land square and even, no stagger between lead and rear.
Knees locked straight, weight dropped back onto the heels.
Weight pooled on one foot, shoulders or hips leaning off center.
Feet shuffle or reset after landing to find balance instead of arriving set.",,"Call the foot line out loud and point to where the lead foot should sit, have the athlete look down and check it themselves.
Tap the knee or hip to cue give, have the athlete bounce twice in place to feel the soft bend before freezing again.
Place a hand on the shoulder and press gently forward and back to test the base, name which foot is overloaded.
Send the athlete back to the walk start and call the freeze again from a new direction so the foot line has to be found fresh, not remembered.","A base that holds without drifting is what lets footwork and ring movement work later, and movement volume becomes more important as the rule set has shifted toward it [A8-004].
Novice boxers lose work rate and structure late in a bout [A8-052], so a base that stays set under fatigue, not just on a fresh call, is the same skill this drill is building early.",none,none,False,"COACHING CRAFT - authored, informed by evidence, not individually validated",PPBF research program 2026-08-07,True,{{SEED_ACCOUNT_ID}},platform_owner,beginner,A8-004|A8-052,LITERATURE-GROUNDED DRAFT — generated from cited registry claims; REQUIRES FLOOR VALIDATION
{{PPBF_ORG_ID}},drl_0485b7a8023ef4,drl_0485b7a8023ef4,1,,,Base Under Light Push,boxing,technical,SK-STANCE-01,Base stability against external force,Base stability against external force,none,"Partner applies a slow two-hand push to the shoulders from varied directions; athlete absorbs without stepping. Push is slow and announced — this is a stability check, not a contest.","Feet stay planted through the full push, no step taken in any direction.
Knees stay soft and flex slightly on contact, absorbing force downward through the base.
Hips shift slightly opposite the push direction while shoulders stay square to the partner.
Athlete resets to original stance width and weight distribution immediately after the push releases.","Athlete steps backward or sideways to catch balance.
Knees lock straight, so the push travels straight into the upper body and rocks the spine.
Athlete leans forward into the push instead of receiving it through the base.
Feet drift narrow or cross during the push, reducing the base under load.",,"Coach slows the push further and announces direction out loud before contact.
Coach places a hand or foot marker at the athlete's current stance width and has them return to it after each push.
Coach cues ""bend the knees"" and taps the athlete's knee before the push lands.
Coach widens the drill stance manually, hands on hips, and repeats the same push until the base holds.","This is the same base that has to hold when a real punch lands unexpectedly during exchanges, where hip and stance work is constant rather than occasional [A8-003].
Novices who drill stance this way show measurable stance improvement that holds up weeks later, not just in the same session [A2-068].",light_technical,none,False,"COACHING CRAFT - authored, informed by evidence, not individually validated",PPBF research program 2026-08-07,True,{{SEED_ACCOUNT_ID}},platform_owner,beginner,A2-068|A8-003,LITERATURE-GROUNDED DRAFT — generated from cited registry claims; REQUIRES FLOOR VALIDATION
{{PPBF_ORG_ID}},drl_c256be2f4f5fab,drl_c256be2f4f5fab,1,,,Line Walk to Base,boxing,technical,SK-STANCE-01,Base geometry under movement,Base geometry under movement,floor tape,"Walk a taped line, and on the call turn out into stance with feet either side of it. The tape gives an external reference for foot width and lead-foot angle.","Feet land on opposite sides of the tape the instant the call sounds.
Lead foot angles slightly inward toward the target, rear foot turned outward.
Weight settles evenly between both feet, knees soft, no lean forward or back.
Walking pace stays smooth and unbroken right up to the call.","Both feet land on the same side of the line.
A foot steps directly on the tape instead of straddling it.
Lead foot points straight ahead or turns outward instead of angling in.
Athlete stutters, hops, or stalls the walk before turning out.",,"Coach stands at the call point and taps the ground where each foot should land.
Slow the walking cadence so the turn-out lands on a clean count instead of a rush.
Lay a second strip of tape as a landing target for the rear foot.
Run the straddle without the call first, then add the call once the foot spacing is consistent.","This straddle is the base every punch and defensive shift launches from, and footwork has taken on more weight in the sport as rule changes pushed boxers toward more ring movement and less standing exchange [A3-021][A8-004].
Outside the gym, the same habit - stop, feet apart, weight centered - is the ready position for any quick change of direction, on a field, a sidewalk, or a bus that starts moving.",none,floor tape,False,"COACHING CRAFT - authored, informed by evidence, not individually validated",PPBF research program 2026-08-07,True,{{SEED_ACCOUNT_ID}},platform_owner,beginner,A3-021|A8-004,LITERATURE-GROUNDED DRAFT — generated from cited registry claims; REQUIRES FLOOR VALIDATION
{{PPBF_ORG_ID}},drl_43da0d1ce221fe,drl_43da0d1ce221fe,1,,,Recovery Step Reset,boxing,technical,SK-STANCE-02,Return to base after displacement,Return to base after displacement,none,"Coach calls a direction; athlete takes one committed step and recovers to base in a single movement. Score the recovery, not the step.","Feet land at shoulder width, base restored before the step foot fully settles.
Hands stay at guard height through the entire step-and-recover sequence.
Step and recovery happen as one motion, not step-then-adjust.
Eyes stay on the coach, not on the athlete's own feet.","Overstepping past a recoverable distance, weight left on the front foot.
Crossing the feet or clipping the lead foot behind the rear foot.
Hands drop or drift down during the step, guard opens on recovery.
Two distinct movements visible — a step, then a separate scramble back to base.",,"Call the same direction again immediately, no explanation, let the rep correct itself.
Shorten the called step distance until the single-motion pattern returns.
Tap the athlete's hands back to guard height without stopping the drill.
Freeze the athlete mid-recovery and physically square their feet to base.","This is the footwork underneath every exchange — displace, reset, stay available to punch or defend again. Rule changes in elite amateur boxing have pushed the sport toward more ring movement and more foot movement generally [A8-004], and a boxer who can't recover base after every step is late for whatever comes next, in the ring or moving through a crowd.",none,none,False,"COACHING CRAFT - authored, informed by evidence, not individually validated",PPBF research program 2026-08-07,True,{{SEED_ACCOUNT_ID}},platform_owner,beginner,A8-004,LITERATURE-GROUNDED DRAFT — generated from cited registry claims; REQUIRES FLOOR VALIDATION
{{PPBF_ORG_ID}},drl_e3a1b88c8d90a6,drl_e3a1b88c8d90a6,1,,,Off-Balance Recovery,boxing,technical,SK-STANCE-02,Recovery from a compromised position,Recovery from a compromised position,none,Partner gives a light directional nudge at random; athlete recovers base without crossing feet. Nudge intensity stays low and constant.,"Feet reset to shoulder width without crossing or stepping wide.
Hands stay up at guard height through the entire recovery, not just after it [A2-060].
Weight settles back over the base foot before the next nudge arrives.
Head stays level, eyes on partner, no forward lean-in to catch balance.","Feet cross during the recovery step.
Guard drops while the athlete focuses on footwork [A2-060].
Athlete overcorrects and steps well past a stable base, landing off-balance the other direction.
Recovery happens late, after the nudge has already displaced the hips, not during it.",,"Stop the drill and reset feet by hand to the correct width when crossing occurs.
Call ""hands"" the instant the guard drops, independent of footwork quality.
Cue a shorter step and lower nudge intensity if overcorrection continues.
Slow the nudge cadence so the athlete recovers during the push, not after it.","This base-recovery pattern is what shows up as the increased foot movement and defensive movement seen in modern ring performance [A3-021][A2-064].
Outside the gym, it is the same instinct that keeps someone upright on a crowded sidewalk or a moving train without a wild step to catch themselves.",light_technical,none,False,"COACHING CRAFT - authored, informed by evidence, not individually validated",PPBF research program 2026-08-07,True,{{SEED_ACCOUNT_ID}},platform_owner,intermediate,A2-060|A2-064|A3-021,LITERATURE-GROUNDED DRAFT — generated from cited registry claims; REQUIRES FLOOR VALIDATION
{{PPBF_ORG_ID}},drl_b761c27849920e,drl_b761c27849920e,1,,,Seated and Supported Base,boxing,technical,SK-STANCE-03,Base definition for the adaptive lane,Base definition for the adaptive lane,chair or support,"Base is defined with the athlete rather than prescribed: establish the most stable repeatable position available, whether seated, supported, or standing with an aid. Coach records the athlete's own base description for reuse.","Athlete settles into one position and holds it for the full drill without adjusting.
Base holds when weight shifts onto the lead or rear side.
Position matches the description the coach wrote down at the start.
Athlete returns to the same spot after moving the arms or trunk.","Base changes between repetitions without being reset first.
Athlete leans past the edge of the support or grips the chair or frame for balance instead of resting on it as a base.
No written description of the base exists anywhere.
Base is copied from a standing athlete's stance rather than built from this athlete's own position.",,"Coach stops the drill and has the athlete rebuild the position from stillness before continuing.
Coach writes the base down in plain terms - seated, supported, or standing with aid - and reads it back to the athlete for confirmation.
Coach repositions the chair, frame, or floor contact points until the base repeats without sliding.
Coach checks what is observed against the written description, not against a generic standing stance.","A base the athlete can rebuild on command is what holds punch phases together once contact work is added [A6-055].
The written base description becomes the fixed reference point for every later session, recorded and checked rather than assumed [B2-008].",none,chair or support,False,"COACHING CRAFT - authored, informed by evidence, not individually validated",PPBF research program 2026-08-07,True,{{SEED_ACCOUNT_ID}},platform_owner,beginner,A6-055|B2-008,LITERATURE-GROUNDED DRAFT — generated from cited registry claims; REQUIRES FLOOR VALIDATION
{{PPBF_ORG_ID}},drl_7908566cc70d14,drl_7908566cc70d14,1,,,Supported Base Under Reach,boxing,technical,SK-STANCE-03,Base retention through reaching,Base retention through reaching,chair or support,"From the athlete's defined base, reach to targets at varying heights and return. The drill tests whether the base survives the reach, at whatever range the athlete owns.","Base stays planted through the full reach, no foot slide, no hop.
Hips and shoulders stay square to the target line as the arm extends.
Weight returns to the same base position after every reach.
Reach and return happen at the athlete's own working range without losing a support point.","Base collapses or shifts at the top of the reach.
Trunk leans to close distance instead of the arm extending.
Support point - foot, chair edge, wheel, cane - lifts or slides under load.
Return to base is skipped or rushed, athlete stays extended past the reach.",,"Shorten the target distance until the base holds through the entire reach.
Call ""reach - and home"" out loud on every rep to rebuild the return phase.
Set a hand or a marker at the support point so any drift is visible the instant it happens.
Slow the tempo and split the drill into two counted phases: reach, then return.","A base that survives a reach is a base that survives a punch thrown at range - same structural test, different intent.
Structured base work of this kind has shown measurable improvement and retention over time [A2-068], so this drill is built to be repeated across sessions, not run once and checked off.",none,chair or support,False,"COACHING CRAFT - authored, informed by evidence, not individually validated",PPBF research program 2026-08-07,True,{{SEED_ACCOUNT_ID}},platform_owner,beginner,A2-068,LITERATURE-GROUNDED DRAFT — generated from cited registry claims; REQUIRES FLOOR VALIDATION
{{PPBF_ORG_ID}},drl_105923e88c4fff,drl_105923e88c4fff,1,,,Weight Shift Metronome,boxing,technical,SK-WT-01,Rhythmic front-to-back weight transfer,Rhythmic front-to-back weight transfer,none,Shift weight lead-to-rear on a steady count without lifting either foot. Adds a rhythm reference before any punch is attached.,"Weight rolls smoothly from lead foot to rear foot and back on the count, both feet staying flat on the floor.
Hips and shoulders shift together with the weight, not ahead of it or lagging behind it.
Head stays level and stacked over the base through each shift, no bobbing up or down.
Pressure builds into the forefoot on the loaded side in step with the shift, matching the pattern seen when punch acceleration and forefoot loading rise together [A2-008].","Foot lifts, heel pops up, or foot rolls onto its edge during the shift.
Weight shift and upper body rotation land at different times instead of arriving together.
Athlete bounces vertically in place instead of shifting horizontally.
Shift is uneven across the count, quick one direction and dragging the other.",,"Coach places a hand on the athlete's hip and calls the count aloud, timing hand pressure to the beat.
Coach freezes the athlete mid-shift and checks both feet are flat before resuming.
Coach strips the count down to hips-only movement until the transfer smooths out, then adds the full shift back in.
Coach stands in front of the athlete and mirrors the shift with his own body so the athlete matches tempo to a visible model.","This is the same weight transfer that drives punch force once punches are attached, and impact force in boxers correlates with this kind of lower-body drive and its muscle activation pattern [A2-015].
Outside the gym, the same rhythmic control under a shifting load applies to lifting, changing direction, and any task where force is generated through the feet.",none,none,False,"COACHING CRAFT - authored, informed by evidence, not individually validated",PPBF research program 2026-08-07,True,{{SEED_ACCOUNT_ID}},platform_owner,beginner,A2-008|A2-015,LITERATURE-GROUNDED DRAFT — generated from cited registry claims; REQUIRES FLOOR VALIDATION
{{PPBF_ORG_ID}},drl_8590c60fd782a8,drl_8590c60fd782a8,1,,,Transfer Into Empty Space,boxing,technical,SK-WT-01,Transfer sequencing without a target,Transfer sequencing without a target,none,"Execute the transfer that would drive a rear-hand punch, but stop the hand at the shoulder. Isolates the legs from the arm so the sequence is felt rather than masked.","Rear foot pivots and hip rotates before the shoulder turns.
Weight shifts from the rear leg to the lead leg as the shoulder comes through.
Hand rises to shoulder height and stops - no extension, no fist rotation.
The sequence reads foot, hip, torso, shoulder, stop, in that order [A6-055].","Shoulder or hand moves before the rear foot pivots.
Hand travels past shoulder height into extension.
Weight stays parked on the rear leg through the whole motion.
Torso rotates while the rear foot stays flat, disconnecting the hip from the upper body.",,"Stop the rep the moment the hand outruns the hip.
Have the athlete run the pivot with hands on hips, no arm, until foot-hip-torso order is clean.
Place a hand on the athlete's rear hip to mark the pivot and set tempo.
Slow the whole motion down and count it aloud: foot, hip, shoulder, stop.","This is the sequencing that produces force once a target is added - impact depends on momentum passed through the arm from the hips and legs, not arm strength alone [A2-003][A2-015].
That transfer habit has to hold up under fatigue, since both reaction time and punch force shift as sparring load builds [A8-029].",none,none,False,"COACHING CRAFT - authored, informed by evidence, not individually validated",PPBF research program 2026-08-07,True,{{SEED_ACCOUNT_ID}},platform_owner,beginner,A2-003|A2-015|A6-055|A8-029,LITERATURE-GROUNDED DRAFT — generated from cited registry claims; REQUIRES FLOOR VALIDATION
{{PPBF_ORG_ID}},drl_f98704fda3b068,drl_f98704fda3b068,1,,,Loaded Transfer Hold,boxing,technical,SK-WT-01,Transfer under a stability demand,Transfer under a stability demand,light resistance band,"Band anchored at hip height; complete the weight transfer against the band and hold the end position 2s. Band tension is light — this is a positional drill, not strength work.","Weight shifts fully onto the front foot as the punch extends, with hip rotation visibly leading the shoulder and the shoulder leading the fist [A6-055].
The band stays under light, even tension throughout — no slack, no jerk.
The end position holds still for the full 2 seconds: no foot shuffle, no rebalancing step, no arm dropping.
Transfer and hold look like one continuous motion, not ""punch, then freeze.""","Weight stays on the back foot while only the arm reaches forward.
Shoulder or fist arrives before the hip has rotated — sequence is reversed.
Band pulls the athlete off their line, and they step or lean to catch balance during the hold.
Punch collapses at end range — elbow drops or torso folds instead of holding tall.",,"Stand behind the athlete and place a hand on the hip to cue ""hip starts it"" before the fist moves.
Slow the rep down — have them pause at mid-transfer and name where their weight is.
Shorten the band's working range so the stability demand matches what they can currently hold clean.
Reset foot position between reps if the hold keeps drifting off-line; don't let a bad base repeat.","This sequencing — hip before shoulder before fist, weight arriving fully forward — is the same loading pattern behind the highest recorded punch impact forces in boxers [A2-015].
Holding the end position under resistance builds the base needed to stay on balance when contact or a bad angle tries to pull it away.",none,light resistance band,False,"COACHING CRAFT - authored, informed by evidence, not individually validated",PPBF research program 2026-08-07,True,{{SEED_ACCOUNT_ID}},platform_owner,intermediate,A2-015|A6-055,LITERATURE-GROUNDED DRAFT — generated from cited registry claims; REQUIRES FLOOR VALIDATION
{{PPBF_ORG_ID}},drl_7e09f9990ea721,drl_7e09f9990ea721,1,,,Guard Set and Hold,boxing,technical,SK-GUARD-01,Establish a consistent guard,Establish a consistent guard,none,"Set guard from hands-down on a call and hold while the coach checks elbow position, hand height and shoulder line. Reset between reps.","Hands sit at cheekbone height before the call, elbows tucked in front of the ribs, chin tucked behind the front shoulder.
Guard forms in one motion on the call, no separate movement of lead and rear hand.
Shoulders stay square to the coach, weight even on both feet.
Hands hold their height and elbow line without drift while the coach checks the position.","Hands float above the head or drop below the cheekbone during the hold.
Elbows wing out away from the ribs, opening the body line.
Chin lifts or turns away from the front shoulder.
Rear hand rebuilds slower than lead hand, or one side collapses first under fatigue.",,"Call ""set"" again and rebuild the guard from hands-down rather than nudging the existing position.
Tap the elbow that has flared and give it a fixed touch point to return to.
Place a hand under the chin as a physical reference until the tuck holds on its own.
Slow the call-and-hold tempo so both hands arrive and lock at the same time.","A guard that holds its shape under a static check is the guard that stays up when fatigue and pressure start pulling it apart in sparring, and guard-drop time under fatigue has been recorded as a marker separating winners from losers in competition [A2-060].
The same discipline of returning to a fixed, checked position applies to posture and readiness in any task performed under repeated physical load outside the gym.",none,none,False,"COACHING CRAFT - authored, informed by evidence, not individually validated",PPBF research program 2026-08-07,True,{{SEED_ACCOUNT_ID}},platform_owner,beginner,A2-060,LITERATURE-GROUNDED DRAFT — generated from cited registry claims; REQUIRES FLOOR VALIDATION
{{PPBF_ORG_ID}},drl_d418eb017730d7,drl_d418eb017730d7,1,,,Guard Through Fatigue,conditioning,conditioning,SK-GUARD-01,Guard retention as fatigue accumulates,Guard retention as fatigue accumulates,timer,"Hold guard through repeated short work bouts. The coach records the point at which hand height first drops — that timestamp is the useful output, not the total duration.","Hands sit at cheekbone height and stay there across every bout, not just the first one.
Elbows stay tucked to the ribs, chin stays down, centerline stays covered.
The athlete returns to guard in the same motion as the last movement, no gap between output and reset.","Hand height drops as bout count rises — the same fatigue that drives sharp increases in blood lactate and cortisol during boxing-specific work shows up first in the hands [A5-006].
Elbows wing outward and the centerline opens.
Guard return lags behind footwork or output, arriving a beat late instead of automatic.
Chin lifts as shoulders tire and hands settle lower.",,"Mark the exact bout and timestamp where hand height first drops — write it down, that number is the drill's output, not the total time held.
Cue the hands back to position with a touch or a single word without stopping the clock.
If hands sag early in the session, cut work intensity before you cut the guard-height standard — the standard does not move.
Log repeat drop points across sessions so the athlete starts to feel the drop coming before the coach has to call it.","The recorded timestamp becomes the athlete's known fatigue point — the moment in a real round where holding guard requires conscious effort instead of habit.
Guard retention under fatigue is what keeps lead-hand work and block-and-counter available late in a bout, the same tools that separate winners from losers at novice level [A1-060]; losing it late is when the head becomes open, and the head is the single most common injury location in amateur boxing [B2-018].",none,timer,False,"COACHING CRAFT - authored, informed by evidence, not individually validated",PPBF research program 2026-08-07,True,{{SEED_ACCOUNT_ID}},platform_owner,intermediate,A1-060|A5-006|B2-018,LITERATURE-GROUNDED DRAFT — generated from cited registry claims; REQUIRES FLOOR VALIDATION
{{PPBF_ORG_ID}},drl_01fa10cd503857,drl_01fa10cd503857,1,,,Chin Behind Shoulder,boxing,technical,SK-GUARD-02,Chin position relative to the guard,Chin position relative to the guard,mirror,Set guard facing a mirror; rotate to bring the chin behind the lead shoulder and hold. The mirror gives the external reference rather than the coach's voice.,"Chin sits tucked behind the lead shoulder, not dropped onto the chest.
Shoulder rises to meet the jawline as the torso rotates.
Eyes stay fixed on the mirror through the full hold.
Guard stays intact, elbows stay in, no gap opens between shoulder and chin.","Chin drifts forward past the shoulder line.
Head drops straight down instead of rotating behind the shoulder.
Shoulder stays low and never rises to close the gap.
Athlete breaks eye contact with the mirror mid-rep.",,"Coach taps the shoulder to cue it upward on the next rep.
Coach adjusts the mirror angle so the chin-shoulder gap is visible to the athlete, not just described.
Coach stops the rep and resets the guard before the athlete repeats the rotation.
Coach shortens the range of rotation until the chin reaches the shoulder consistently, then opens it back up.","This position is what keeps the chin off the centerline when the lead hand starts landing against you, and novice bouts are won on volume of exactly those lead-hand and head punches [A1-060]. Under sparring fatigue reaction time to the rear straight slows [A8-029], so the chin-behind-shoulder habit has to be grooved here, before load, not fixed on the fly.",none,mirror,False,"COACHING CRAFT - authored, informed by evidence, not individually validated",PPBF research program 2026-08-07,True,{{SEED_ACCOUNT_ID}},platform_owner,beginner,A1-060|A8-029,LITERATURE-GROUNDED DRAFT — generated from cited registry claims; REQUIRES FLOOR VALIDATION
{{PPBF_ORG_ID}},drl_f44b6b2f12ba97,drl_f44b6b2f12ba97,1,,,Guard Recovery After Extension,boxing,technical,SK-GUARD-02,Return to guard after the hand leaves,Return to guard after the hand leaves,none,"Extend the lead hand to a target and return to guard on a fixed count. The measured thing is return time, not extension speed.","Lead hand returns to the cheekbone before the fixed count ends.
Chin drops behind the shoulder line as the hand comes back.
Elbow tucks in front of the ribs, not floating wide.
Head resets on the same line it left from, no lean-back.","Hand drops to hip or waist level instead of returning to guard.
Chin lifts up and forward, exposing the jawline.
Return lands late, after the count, or the timing drifts rep to rep.
Shoulder rolls open, leaving that side of the chin unguarded.",,"Call the count out loud and freeze the athlete on the beat they missed.
Tap the exposed chin or the open shoulder to mark the gap for them.
Slow the extension down and drill the return in isolation until it's the fixed point of the rep.
Put a mirror or a fixed visual target in front of them so drift in the return path shows up immediately.","A lead hand that doesn't come home on time is a lead hand that gets countered — in novice bouts, winners land more lead-hand punches and more block-and-counter combinations than losers [A1-060].
Reaction time slows as fatigue accumulates [A8-029], so the fixed-count return has to be automatic before it's asked to hold up under live pressure.",none,none,False,"COACHING CRAFT - authored, informed by evidence, not individually validated",PPBF research program 2026-08-07,True,{{SEED_ACCOUNT_ID}},platform_owner,intermediate,A1-060|A8-029,LITERATURE-GROUNDED DRAFT — generated from cited registry claims; REQUIRES FLOOR VALIDATION
{{PPBF_ORG_ID}},drl_b37c52526817b7,drl_b37c52526817b7,1,,,Step-Drag Ladder,boxing,footwork,SK-FW-01,Forward and back step-drag mechanics,Forward and back step-drag mechanics,floor markers,"Step-drag forward and back between two floor markers, preserving base width throughout. Markers make the distance external and repeatable.","Feet move together, lead foot steps first and rear foot drags to match distance.
Base width stays constant before, during, and after each step.
Weight stays centered over both feet at the finish of each step-drag.
Head height stays level through the movement, no bob on the step.","Feet cross or click together, narrowing the base.
Rear foot drags too far or too little, changing base width step to step.
Athlete hops instead of stepping, both feet leaving the floor at once.
Upper body leans forward or back to start the movement instead of the feet leading.",,"Coach places the two markers at a fixed distance and has the athlete step to the marker, not past it.
Coach calls ""step... drag"" as two separate beats until the rhythm separates from a hop.
Coach checks base width with a hand-width or foot-width check at the stop of each rep.
Coach has the athlete pause at each marker to show a stable stance before moving again.","This step-drag base is the same base the athlete must keep when trading distance with a moving opponent, so a narrow or crossed base learned here shows up as poor balance in exchanges later.
Same footwork applies outside the gym anytime the athlete needs to close or open distance under load without losing balance.",none,floor markers,False,"COACHING CRAFT - authored, informed by evidence, not individually validated",PPBF research program 2026-08-07,True,{{SEED_ACCOUNT_ID}},platform_owner,beginner,,COACHING-CRAFT DRAFT — no directly relevant research retrieved; REQUIRES FLOOR VALIDATION
{{PPBF_ORG_ID}},drl_4347e2c1a20806,drl_4347e2c1a20806,1,,,Step-Drag on Call,boxing,footwork,SK-FW-01,Step-drag under an unpredictable cue,Step-drag under an unpredictable cue,none,Coach calls forward or back at irregular intervals. Introduces a decision without adding an opponent.,"Weight shifts onto the lead foot before the rear foot drags into place.
Step and drag land as one motion, no hop, no double bounce.
Stance width stays the same after the move as before it.
The direction change begins only after the call, not before.","Feet cross during the change of direction.
Rear foot drags ahead of the step, reversing the sequence.
Athlete jumps the call and moves before the word is finished.
Stance drifts narrower or wider over repeated reps.",,"Coach slows the calling tempo until the step-drag sequence is clean again.
Coach repeats one direction several times before mixing calls again.
Coach marks foot placement on the floor with tape or chalk.
Coach pairs the voice call with a hand signal to catch athletes who move early.","This same step-drag, triggered by a cue rather than a fixed count, is what carries a boxer's feet correctly under a jab or a slip once an opponent is added.
Moving on an irregular signal instead of a memorized pattern is the same skill needed anytime a quick decision has to be made under time pressure, in or out of the gym.",none,none,False,"COACHING CRAFT - authored, informed by evidence, not individually validated",PPBF research program 2026-08-07,True,{{SEED_ACCOUNT_ID}},platform_owner,beginner,,COACHING-CRAFT DRAFT — no directly relevant research retrieved; REQUIRES FLOOR VALIDATION
{{PPBF_ORG_ID}},drl_d79b33ee316e09,drl_d79b33ee316e09,1,,,Lateral Box,boxing,footwork,SK-FW-02,Lateral movement in both directions,Lateral movement in both directions,floor tape,"Move around a taped square, one side per call, without crossing feet. Direction changes are called, not planned.","Feet stay shoulder-width apart and step-slide-step without ever crossing.
Weight settles evenly through both feet after each step, not spiked onto one side.[A2-016]
Athlete reacts to the call within a single step, not two.
The taped square stays intact - no foot lands outside the line.","Feet cross on the direction change.
Head or shoulders lean before the feet move.
Weight loads heavier onto the right foot on right calls, or the left rearfoot on left calls.[A2-016]
Athlete pre-steps before the call is given, guessing the direction.",,"Stop the drill, reset to shoulder width, repeat the same call.
Tap the leading foot to cue step-slide-step and block the cross.
Call directions in a broken, irregular pattern to kill the guessing.
Watch the foot strike against the tape, not the athlete's face, to catch late reactions.","The called, unplanned direction change trains the same reaction pathway that slows under sparring fatigue.[A8-029]
Even weight distribution built here works against the one-sided loading pattern seen in boxers over years of training.[A2-016]",none,floor tape,False,"COACHING CRAFT - authored, informed by evidence, not individually validated",PPBF research program 2026-08-07,True,{{SEED_ACCOUNT_ID}},platform_owner,beginner,A2-016|A8-029,LITERATURE-GROUNDED DRAFT — generated from cited registry claims; REQUIRES FLOOR VALIDATION
{{PPBF_ORG_ID}},drl_1d6e36f12d7c87,drl_1d6e36f12d7c87,1,,,Mirror Lateral,boxing,footwork,SK-FW-02,Lateral movement against a moving reference,Lateral movement against a moving reference,none,"Face a partner and mirror their lateral movement at conversational range. No hands. Partner leads for a set period, then roles swap.","Both fighters stay square to each other at a fixed conversational distance throughout the drill.
The follower's foot lands within a beat of the leader's foot, not before or after.
Feet stay shoulder-width apart and never cross during a lateral step.
Eyes stay on the partner's chest and shoulder line, not dropped to the feet or fixed on the hands [A8-059].","Follower crosses one foot over the other on a lateral step.
Follower lags a full step behind the leader's direction change.
Distance between the pair drifts wider or tighter as the drill continues.
Head drops to track the leader's feet instead of the trunk.",,"Coach calls out ""left"" or ""right"" on top of the leader's movement to force a faster read.
Coach stands at the pair's flank and closes distance by hand signal whenever the gap opens or collapses.
Coach slows the leader's tempo until the follower's feet stop crossing.
Coach says ""eyes up, watch the chest"" any time the follower's head tilts down.","This step discipline is what lets a fighter cut an angle off a moving opponent in sparring without crossing their feet or losing the read.
Outside the gym, it is the same skill as staying square and in position while tracking a moving target with the eyes rather than the hands.",light_technical,none,False,"COACHING CRAFT - authored, informed by evidence, not individually validated",PPBF research program 2026-08-07,True,{{SEED_ACCOUNT_ID}},platform_owner,intermediate,A8-059,LITERATURE-GROUNDED DRAFT — generated from cited registry claims; REQUIRES FLOOR VALIDATION
{{PPBF_ORG_ID}},drl_087353a71f3b4e,drl_087353a71f3b4e,1,,,Pivot to Marker,boxing,footwork,SK-FW-03,Pivoting on the lead foot,Pivoting on the lead foot,floor markers,Pivot to face a numbered marker on the call. The marker is the external target; the pivot magnitude comes from the geometry rather than a degree instruction.,"Feet pivot as a unit, hips and shoulders rotating together toward the marker.
Lead foot pivots on the ball of the foot, heel lifted, weight staying centered over the base.
Eyes find the marker before the feet finish turning.
Guard stays up and rear foot resets stance width without a step.","Hips lag behind the feet, so the spine twists instead of the base rotating.
Athlete steps toward the marker rather than pivoting in place.
Lead-foot pivot arc and rear-foot pivot arc differ in size on the same call without the athlete correcting for it [A2-006].
Heel plants flat mid-turn and the pivot stalls short of the marker.",,"Call the same marker again and freeze the athlete mid-turn to check hip-shoulder alignment.
Tap the lead heel or knee to cue weight forward onto the ball of the foot.
Drop to half speed and drill lead-foot pivots alone, then rear-foot pivots alone, before mixing calls.
Stand at the marker and require the chest to square to the coach, not just the feet.","The pivot becomes the exit off an opponent's line rather than a stationary move.
Turning cleanly to a fixed external point on a single call carries into ring-cutting and any situation that demands reorienting fast under pressure.",none,floor markers,False,"COACHING CRAFT - authored, informed by evidence, not individually validated",PPBF research program 2026-08-07,True,{{SEED_ACCOUNT_ID}},platform_owner,beginner,A2-006,LITERATURE-GROUNDED DRAFT — generated from cited registry claims; REQUIRES FLOOR VALIDATION
{{PPBF_ORG_ID}},drl_c339eeabf109d4,drl_c339eeabf109d4,1,,,Pivot Out of Pressure,boxing,footwork,SK-FW-03,Pivot as an escape from a closing line,Pivot as an escape from a closing line,none,"Partner walks forward at a steady pace; athlete pivots off the line as they arrive. Partner pressure is constant and slow — the drill trains the timing, not the resistance.","Pivot foot turns and lands at the exact moment partner's lead foot plants, not before it.
Hips and shoulders rotate as one unit, weight settling square on the pivot foot.
Head clears the centerline before the feet finish turning.
Athlete ends facing partner's open side with hands still at guard height.","Pivot starts early, so partner has time to square back up and the angle disappears.
Feet cross or step wide instead of rolling on the ball of the foot, balance breaks.
Shoulders turn before the hips, feet still pointed at the incoming line.
Guard hand drops during the turn.",,"Slow the partner's walk and count the step out loud so the pivot fires on that cue instead of a guess.
Pull the athlete out to shadow-pivot alone, checking weight stays on the ball of the foot through the turn.
Touch the guard hand the moment it drops mid-pivot.
Freeze the pair mid-step and check hip, shoulder, and foot are square to each other before releasing.","Live exchanges get faster and reaction slows as they wear on [A3-032], so this pivot has to be grooved enough to fire without a clean read on the attack.
Outside the gym, the same habit applies: step off the line under pressure instead of squaring up and absorbing it.",light_technical,none,False,"COACHING CRAFT - authored, informed by evidence, not individually validated",PPBF research program 2026-08-07,True,{{SEED_ACCOUNT_ID}},platform_owner,intermediate,A3-032,LITERATURE-GROUNDED DRAFT — generated from cited registry claims; REQUIRES FLOOR VALIDATION
{{PPBF_ORG_ID}},drl_e0428b3066b8c2,drl_e0428b3066b8c2,1,,,Angle Cut on the Advance,boxing,footwork,SK-FW-04,Combining pivot and step to change line,Combining pivot and step to change line,none,Partner advances in a straight line; athlete cuts an angle to end outside the partner's lead foot. Repeat both directions.,"Lead foot plants outside partner's lead foot on the step, not even with it.
Pivot and step land together as one motion, not step-then-turn.
Shoulders and hands stay facing the partner through the whole angle change.
Both directions produce the same foot spacing and finish position.","Athlete steps straight backward on the partner's line instead of off it.
Feet cross during the pivot, weight caught between them.
Angle cut finishes even with or behind the partner's lead foot, still squared to the advance.
Cut starts late relative to the partner's first step — the read lags behind the movement [A2-067].",,"Stop the drill at the finish position and check foot placement against a mark on the floor.
Slow the partner's advance to a walk until the pivot-step timing is clean.
Tape or chalk a line marking where the outside foot must land.
Have the athlete call ""step"" out loud the instant the partner commits forward, to pull the read earlier.","This is the footwork that lets a boxer take space away from pressure instead of trading ground on a straight retreat, which matters more as reaction time slows later in a bout [A3-032].
Off the line of a straight advance, off the line of a straight demand — same principle, same choice not to meet force head-on.",light_technical,none,False,"COACHING CRAFT - authored, informed by evidence, not individually validated",PPBF research program 2026-08-07,True,{{SEED_ACCOUNT_ID}},platform_owner,intermediate,A2-067|A3-032,LITERATURE-GROUNDED DRAFT — generated from cited registry claims; REQUIRES FLOOR VALIDATION
{{PPBF_ORG_ID}},drl_cae76c934d4067,drl_cae76c934d4067,1,,,Two-Marker Angle Chain,boxing,footwork,SK-FW-04,Consecutive angle changes,Consecutive angle changes,floor markers,"Cut to marker one, reset, cut to marker two. Markers are called in sequence so the athlete cannot pre-plan the pair.","Lead foot points at the marker before the weight commits.
Step and pivot happen as one motion, not step-then-turn.
Guard stays at cheekbone height through the reset between cuts.
Second cut launches from a squared, balanced base, not a lean.","Feet cross on the cut instead of stepping and replacing.
Athlete squares up to face the marker instead of angling off the line.
Athlete drifts toward the second marker before it's called.
Head tilts down to check foot position during the reset.",,"Call the second marker only after the first cut is fully reset, to strip out anticipation.
Stop the rep and hand-place the feet when crossing shows up.
Freeze the athlete at the end of the first cut and check guard height before calling the next marker.
Narrow the stance verbally as a cue whenever squaring-up recurs.","This is the same pattern that lets a boxer exit an exchange on an angle instead of backing straight up the line.
Drilling angle changes under a call that can't be pre-planned builds the kind of ring experience that has separated successful boxers from unsuccessful ones at the elite level [A6-050].",none,floor markers,False,"COACHING CRAFT - authored, informed by evidence, not individually validated",PPBF research program 2026-08-07,True,{{SEED_ACCOUNT_ID}},platform_owner,advanced,A6-050,LITERATURE-GROUNDED DRAFT — generated from cited registry claims; REQUIRES FLOOR VALIDATION
{{PPBF_ORG_ID}},drl_d54f831b93ec55,drl_d54f831b93ec55,1,,,Corner Escape,boxing,footwork,SK-FW-05,Escaping a corner or the ropes,Escaping a corner or the ropes,ring or taped corner,Athlete starts in the corner; partner approaches at a controlled pace. Athlete exits using pivot and angle rather than a straight backward retreat.,"Lead foot pivots outward as the partner steps in, weight loading onto the pivot foot before the escape step begins.
Head clears the centerline first, feet follow a half-beat later.
Athlete exits at an angle, back never travels straight toward the ropes.
Athlete re-centers with open ring space behind them, ropes no longer within reach.","Athlete retreats straight back, absorbing the corner instead of turning out of it.
Feet cross during the pivot, weight caught between stances.
Feet turn before the head does, so the escape line is chosen too late.
Athlete pivots out of one rope line directly into another corner or rope.",,"Freeze the drill the instant the back foot touches rope, reset from a rope-adjacent start position.
Walk the pivot at half speed, hand on the athlete's lead shoulder to mark the turn axis.
Call ""head first"" as a verbal cue whenever feet move before the head does.
Set a mid-ring target the athlete must face after the exit, and keep the escape lane clear so the rope clearance is real, not staged [B2-009].","The same pivot-and-angle habit is what keeps a fighter working off the ropes instead of trapped against them in live rounds.
Checking what's behind you before you move is the same instinct that keeps you from backing into a wall outside the gym.",light_technical,ring or taped corner,False,"COACHING CRAFT - authored, informed by evidence, not individually validated",PPBF research program 2026-08-07,True,{{SEED_ACCOUNT_ID}},platform_owner,intermediate,B2-009,LITERATURE-GROUNDED DRAFT — generated from cited registry claims; REQUIRES FLOOR VALIDATION
{{PPBF_ORG_ID}},drl_87f94622479ae5,drl_87f94622479ae5,1,,,Rope Line Recovery,boxing,footwork,SK-FW-05,Recovering centre after being backed up,Recovering centre after being backed up,ring,"From the ropes under light conditioned pressure, regain the centre of the floor. Contact level is conditioned and requires coach authorization.","Back foot plants first and pivots the hips off the rope line before the front foot moves.
Exit angle is diagonal, never straight back into the boxer's own space.
Hands stay at guard height through the entire pivot and re-set.
Boxer arrives with both feet under him in the center third of the floor, eyes still on the opponent.","Boxer backs straight into the ropes or corner instead of angling off.
Feet cross during the pivot, killing balance on the exit step.
Hands drop or drift wide while the head is turned to find an exit line.
Boxer reaches center but stops moving and stands square, inviting the next push-back.",,"Coach calls the direction of the pivot out loud before the boxer moves, then fades the cue over repetitions.
Coach steps into the straight-back retreat lane with a pad so the only opening is the diagonal.
Coach stops the drill the instant hands drop and has the boxer rebuild guard before continuing.
Coach walks the pivot at half speed with no pressure until the foot sequence is clean, then reintroduces conditioned pressure — this drill's contact work only proceeds under direct coach authorization and supervision, consistent with England Boxing's requirement that all sparring and contact drilling be run by a licensed supervising coach [A6-030][B6-005].","This is the footwork a boxer reaches for anytime he's pinned against the ropes in live rounds and needs to get back to open water.
Outside the gym it's the same habit: when pushed into a corner, angle off and reset rather than backing straight up.",conditioned,ring,True,"COACHING CRAFT - authored, informed by evidence, not individually validated",PPBF research program 2026-08-07,True,{{SEED_ACCOUNT_ID}},platform_owner,advanced,A6-030|B6-005,LITERATURE-GROUNDED DRAFT — generated from cited registry claims; REQUIRES FLOOR VALIDATION
{{PPBF_ORG_ID}},drl_e87143cad096a4,drl_e87143cad096a4,1,,,In and Out on the Line,boxing,footwork,SK-FW-06,Entry and exit at range,Entry and exit at range,floor tape,Cross a taped line and return within a fixed count. Trains committing to entry and leaving on the same rhythm.,"Lead foot crosses the taped line before the punch lands.
Punch reaches full extension as the foot plants, not before or after [A1-063].
Rear foot clears the line on the return within the called count.
Hands stay up and weight sits centered on both feet at the finish, not on the heels.","Boxer reaches with the punch while the foot stays behind the line.
Boxer punches while already shifting weight backward on the exit.
Return trips the count, arriving late or in two steps instead of one.
Boxer crosses and recrosses the line with no punch thrown at all.",,"Coach calls the count out loud and matches it to a hand clap so the boxer hears the rhythm, not just sees it.
Coach stands at the exit mark and stops the boxer with a hand if the foot lands past it.
Coach has the boxer walk the pattern once with no punch, foot only, then adds the hand.
Coach taps the boxer's lead shoulder as the cue to leave, removing the boxer's own judgment call on timing.","This is range management for sparring: closing distance, delivering, and clearing before the counter arrives.
The same commit-and-leave rhythm shows up anywhere a person has to close on a decision and get out clean before conditions change.",none,floor tape,False,"COACHING CRAFT - authored, informed by evidence, not individually validated",PPBF research program 2026-08-07,True,{{SEED_ACCOUNT_ID}},platform_owner,intermediate,A1-063,LITERATURE-GROUNDED DRAFT — generated from cited registry claims; REQUIRES FLOOR VALIDATION
{{PPBF_ORG_ID}},drl_ff1c5f67a3635b,drl_ff1c5f67a3635b,1,,,Entry Behind the Hand,boxing,footwork,SK-FW-06,Entering behind a lead-hand action,Entering behind a lead-hand action,focus mitt,"Enter behind an extended lead hand, touch the mitt, exit on the same beat. The exit is scored as heavily as the entry.","Lead hand extends first and the front foot lands on the same beat as the touch, matching the coordinated hand-foot phasing seen in lead punch mechanics [A1-063].
Mitt contact is light, wrist stays firm, no set or plant before or after the touch.
Exit step matches the entry step in length and speed, same rhythm both directions.
Head stays online and shoulders stop rotating before they pass square to the target.","Hand reaches ahead of the feet, entry becomes a lean instead of a step.
Exit is slower than entry, athlete plants after the touch instead of continuing to move.
Hips square fully on contact instead of staying loaded for the retreat.
Rear hand drops or drifts down during the entry.",,"Slow the drill to half speed and call ""touch-out"" on the exit until it matches the entry tempo.
Tap the lead shoulder when it squares up and reset the guard before the next rep.
Have the athlete shadow the footwork with no punch until foot and hand arrive together.
Stand behind the mitt and cue ""same speed back"" out loud on every rep.","This entry-exit rhythm is the same rhythm needed to close distance and get out before the counter lands in sparring.
Punch force output is sensitive to lower-body and trunk fatigue [A2-012], so the footwork discipline built here is what keeps the entry sharp once conditioning fades late in a fight.",light_technical,focus mitt,False,"COACHING CRAFT - authored, informed by evidence, not individually validated",PPBF research program 2026-08-07,True,{{SEED_ACCOUNT_ID}},platform_owner,intermediate,A1-063|A2-012,LITERATURE-GROUNDED DRAFT — generated from cited registry claims; REQUIRES FLOOR VALIDATION
{{PPBF_ORG_ID}},drl_47e30881c7b416,drl_47e30881c7b416,1,,,Footwork Under Accumulated Fatigue,conditioning,conditioning,SK-FW-07,Footwork quality as fatigue rises,Footwork quality as fatigue rises,timer,Repeat a known footwork pattern across successive work bouts. Coach records the round at which base width or foot line first degrades. The degradation point is the output.,"Base width stays identical from round one to the last round - same stance width, same spacing on entries and exits.
Foot line matches the called pattern exactly, lead and rear foot landing on the same angle every rep regardless of round number.
Weight transfer stays quiet and controlled, no reaching or lunging to close distance late in the drill.
Recovery step after each movement sequence lands in the same spot every time.","Base narrows or widens as rounds accumulate.
Dominant-side foot pattern breaks down before the non-dominant side does [A8-030].
Shoulders climb and hands drop as the shoulder loads to punch, reflecting the increased shoulder elevation and abduction load seen under fatigue [A8-030].
Response to the coach's call lags - the foot lands a beat after the cue instead of with it.",,"Stop the round the instant base width or foot line breaks - do not let the athlete finish the bout on a collapsed base.
Drop the pace to half speed and rebuild the width visually before returning to full speed.
Call the pattern out loud rather than relying on visual signal alone once lag appears [B4-015].
Record the degradation round yourself rather than deferring to a second observer, since agreement on these calls between observers of different experience is inconsistent [A8-076].","The base that survives here is the base that survives late-round exchanges - a fighter who loses foot line in a clean drill will lose it faster under return fire.
Knowing your own degradation point becomes a pacing signal: it tells the corner when to hold ground rather than press forward.",none,timer,False,"COACHING CRAFT - authored, informed by evidence, not individually validated",PPBF research program 2026-08-07,True,{{SEED_ACCOUNT_ID}},platform_owner,advanced,A8-030|A8-076|B4-015,LITERATURE-GROUNDED DRAFT — generated from cited registry claims; REQUIRES FLOOR VALIDATION
{{PPBF_ORG_ID}},drl_160ff16df2a668,drl_160ff16df2a668,1,,,Jab to Held Target,boxing,technical,SK-JAB-01,Basic jab mechanics to a static target,Basic jab mechanics to a static target,focus mitt,"Jab to a held mitt at own range, returning to guard each rep. Mitt is static so the target does not add a timing demand yet.","Lead hand snaps straight out to the mitt and returns to guard before the rear hand moves.
Feet stay planted, rear hand stays at the cheek, chin stays down through the punch.
Elbow stays tucked on extension rather than flaring out.
Same tempo rep after rep, no rushing to beat a signal.","Jab loops in from the outside instead of traveling straight to the target.
Rear hand drops or drifts away from the face during extension.
Chin lifts or head leans forward on contact.
Athlete lunges with the whole body instead of stepping into range first.",,"Stop the rep, reset the stance, and have the athlete throw the jab in isolation with the feet still.
Place a hand lightly on the rear glove to cue it staying at the cheek.
Give one correction at a time before the next rep rather than stacking several fixes at once [A1-039].
Walk the mitt to the athlete's true range instead of asking the athlete to reach for it.","A jab thrown the same way every time becomes the punch an athlete can trust once the target starts moving.
This single jab is the piece that later opens the combinations seen in real bouts [A8-052].",light_technical,focus mitt,False,"COACHING CRAFT - authored, informed by evidence, not individually validated",PPBF research program 2026-08-07,True,{{SEED_ACCOUNT_ID}},platform_owner,beginner,A1-039|A8-052,LITERATURE-GROUNDED DRAFT — generated from cited registry claims; REQUIRES FLOOR VALIDATION
{{PPBF_ORG_ID}},drl_a8fcfc8f0a4c63,drl_a8fcfc8f0a4c63,1,,,Jab Return Under Count,boxing,technical,SK-JAB-01,Retraction speed of the jab,Retraction speed of the jab,none,"Jab and return to guard within a called count. The scored element is the return, since the extension is rarely the failure point.","Jab extends and the hand is already back at guard before the count ends.
Return path matches the extension path exactly, elbow tucking straight back to the ribs.
Chin stays down and eyes stay on target through the whole return, not just the punch.
Guard is set and still by the time the next count is called.","Hand drops to shoulder height and hangs there before returning to guard.
Return path swings wide, elbow flaring away from the body on the way back.
Eyes drop to watch the returning hand instead of staying on the target.
Guard arrives late, after the count has already been called.",,"Call the count aloud and grade the return, not the extension, since the extension is rarely where this age group fails.
Hold a hand or mitt at guard height as a fixed stopping point the fist has to find on the way back.
Stop the drill the moment a return is late, and drill the return path alone, with no jab attached, until it is clean.
Tighten the count interval only once the return lands on time on every single rep, never before.","A jab that snaps back on time is what keeps the guard closed once the other hand starts working back, which is the actual reason for training the return and not just the punch.
This is also the habit that follows these boxers into skills bout competition once they reach eligible age [A2-088], where guard control is exactly the kind of thing that shows up in behavioural analysis at higher levels, including guard-drop time [A2-060].",none,none,False,"COACHING CRAFT - authored, informed by evidence, not individually validated",PPBF research program 2026-08-07,True,{{SEED_ACCOUNT_ID}},platform_owner,beginner,A2-060|A2-088,LITERATURE-GROUNDED DRAFT — generated from cited registry claims; REQUIRES FLOOR VALIDATION
{{PPBF_ORG_ID}},drl_9994cbb4a19315,drl_9994cbb4a19315,1,,,Jab While Moving,boxing,technical,SK-JAB-02,Jab combined with footwork,Jab combined with footwork,focus mitt,Step-drag forward and jab on arrival; step back and jab on arrival. The punch lands as the foot lands.,"Foot and jab arrive at the same instant, no gap between plant and impact.
Front foot drags forward, rear foot resets before the next punch fires.
Weight stays forward on the ball of the lead foot on contact, not stalled on the heel [A8-069].
Jab retracts on the same beat as the next step, hand never resting out front.","Punch lands before the foot lands, or after it - the two events split apart.
Boxer leans the head and shoulders forward to reach instead of stepping to close range.
Back foot drags late, leaving the stance stretched out and narrow.
Jab arm straightens and hangs out there while the feet catch up.",,"Slow the drill to half speed and call ""foot-hand"" out loud until the two land together.
Have the boxer step first with no punch, freeze, check base, then add the jab back in.
Tap the back shoulder if the head is leading past the front knee - reset the stance and repeat.
Shorten the step so the drag can finish before the hand fires.","This is the entry and exit for every jab thrown at range in sparring - step ends, hand lands, hand returns, stance resets before the next exchange.
Fighters who move well under the current rules are landing on a moving base rather than standing and reaching, and it starts here [A8-004] [A3-021].",light_technical,focus mitt,False,"COACHING CRAFT - authored, informed by evidence, not individually validated",PPBF research program 2026-08-07,True,{{SEED_ACCOUNT_ID}},platform_owner,intermediate,A3-021|A8-004|A8-069,LITERATURE-GROUNDED DRAFT — generated from cited registry claims; REQUIRES FLOOR VALIDATION
{{PPBF_ORG_ID}},drl_9b6c91030876ae,drl_9b6c91030876ae,1,,,Jab Off Both Feet,boxing,technical,SK-JAB-02,Jab independent of the step direction,Jab independent of the step direction,focus mitt,Coach calls a direction and the athlete jabs having stepped that way. Removes the habit of jabbing only when moving forward.,"Jab lands at the same instant the foot lands, no matter which direction the coach calls.
Lead foot plants and the jab fires off it in the same beat, not one after the other.
Weight moves through the front leg on contact, whether that leg was stepping forward, back, or lateral.
Head stays over the base and doesn't drift forward on backward or side steps.","Athlete steps first, then throws the jab as a second action - step and hit split into two beats.
Jab is crisp on the forward step and slows or drops power on backward and lateral steps.
Feet square up and settle before the punch is thrown, so the step gives away the punch.
Upper body reaches for range instead of the step closing it, especially moving backward.",,"Call directions in random order so the athlete can't anticipate or default to the forward step.
Slow the drill down and have the athlete freeze on foot contact to check the jab is already there, not coming after.
Stand behind the athlete and push lightly on the shoulder to check the step still produces power without stiffening. Lower-body strength and power carry punch force here, and that's true in every direction, not just forward [A2-013].
Flag any step where the jab visibly loses snap - lower-body output drops off quickly once the legs are worked, and backward/lateral steps are the first to show it [A2-011].","This is what lets a boxer jab while retreating or circling under pressure, instead of only when advancing on a stationary target.
Outside the ring, it's the same skill of acting decisively while resetting position - not waiting to be set before responding.",light_technical,focus mitt,False,"COACHING CRAFT - authored, informed by evidence, not individually validated",PPBF research program 2026-08-07,True,{{SEED_ACCOUNT_ID}},platform_owner,intermediate,A2-011|A2-013,LITERATURE-GROUNDED DRAFT — generated from cited registry claims; REQUIRES FLOOR VALIDATION
{{PPBF_ORG_ID}},drl_15847de4920418,drl_15847de4920418,1,,,Jab Variation Set,boxing,technical,SK-JAB-03,Varying the jab by level and intent,Varying the jab by level and intent,focus mitt,"Cycle through jab variations on call — to the body, doubled, as a range-finder. Variation is called, not chosen, so the athlete must hold all of them ready.","Jab snaps out and returns to guard before the next call is given.
Lead foot stays under the jab; stance width does not change between variations.
Body jab drops from bent knees, not from the waist, and the head stays behind the glove.
On the doubled jab, both punches travel the same line — the second one does not drift wide or low.","Athlete anticipates the call and begins loading the punch before it is spoken.
Chin lifts and rises on the body jab.
Rear hand drifts off the cheek while the lead hand is working.
Feet stay flat and planted through several consecutive calls.",,"Coach randomizes call order and cadence so timing cannot be memorized.
Coach calls ""body"" and holds a low target, rejecting any rep where the head comes up.
Coach taps the rear glove when it drifts, sending it back to guard before continuing.
Coach inserts a step or pivot requirement between calls to break the plant.","An athlete who can produce the right jab on someone else's timing, not their own, is ready for the pace of live exchanges, where actions and reactions come at close to one per second [A8-003].
This range-and-movement version of the jab matches where the sport has moved — competition now rewards footwork and positioning over single committed power punches [A2-064].",light_technical,focus mitt,False,"COACHING CRAFT - authored, informed by evidence, not individually validated",PPBF research program 2026-08-07,True,{{SEED_ACCOUNT_ID}},platform_owner,advanced,A2-064|A8-003,LITERATURE-GROUNDED DRAFT — generated from cited registry claims; REQUIRES FLOOR VALIDATION
{{PPBF_ORG_ID}},drl_45d9662ee44c36,drl_45d9662ee44c36,1,,,Cross From the Transfer,boxing,technical,SK-CROSS-01,Rear-hand mechanics off the weight shift,Rear-hand mechanics off the weight shift,focus mitt,"Throw the cross having first completed the weight transfer drill. Sequencing is explicit: legs, then rotation, then hand.","Rear foot pivots and drives into the floor before the hand moves.
Hips and shoulders rotate in sequence, trailing the foot pivot.
Rear hand extends last, arriving as rotation finishes, arm working as one unit from upper arm through forearm to fist [A2-003][A1-064].
Weight settles forward through the lead leg as the punch reaches full extension.","Hand and foot fire together, no sequence, arm-only punch.
Rotation stalls before the hand is thrown, cross becomes a lean.
Weight stays back on the rear leg through the whole punch.
Head drifts out ahead of the hips at the moment of contact.",,"Slow the drill to three counts, foot, hip, hand, calling each count out loud.
Hold the athlete at the end of the weight transfer and check hip position before releasing the hand.
Have the athlete rest a hand on their own hip to feel the rotation before adding the punch back in.
Any time the sequence collapses into one movement, send the athlete back to the transfer drill alone before re-adding the cross.","This legs-then-rotation-then-hand order is what produces the heavier impact seen in boxing's straight punch compared with other striking disciplines [A2-015].
It is also the first thing that degrades under fatigue and pressure [A8-029], so the pattern built here is what the athlete falls back on late in a fight or under stress outside the gym.",light_technical,focus mitt,False,"COACHING CRAFT - authored, informed by evidence, not individually validated",PPBF research program 2026-08-07,True,{{SEED_ACCOUNT_ID}},platform_owner,beginner,A1-064|A2-003|A2-015|A8-029,LITERATURE-GROUNDED DRAFT — generated from cited registry claims; REQUIRES FLOOR VALIDATION
{{PPBF_ORG_ID}},drl_3df01682e604dd,drl_3df01682e604dd,1,,,Cross Return to Guard,boxing,technical,SK-CROSS-01,Recovery after the rear hand,Recovery after the rear hand,focus mitt,"Cross and return, with the coach checking that the lead hand did not drop during the throw. The check is on the non-punching hand.","Cross fires straight from chin, rotating rear hip and shoulder into the line.
Lead hand stays fixed at cheekbone for the entire throw, not just at start and finish.
Punching arm retracts along the same path it extended, elbow leading the hand back.
Guard is fully reformed — both hands at the face — before the coach calls the next command.","Lead hand drifts down or drops away from the face during the cross, most visible at full extension [A2-003].
Cross recovers slower than it was thrown, hand hanging out after impact instead of snapping back.
Fighter watches their own punch land, head trailing forward instead of resetting behind the lead shoulder.
Recovery becomes rushed and sloppy after repeated reps, rear hand returning short of guard height.",,"Coach stands on the lead-hand side and calls out every time it drops, independent of how the cross itself looked.
Hold a target or open palm at the fighter's cheekbone height and have them keep the lead glove touching it through the throw.
Slow the drill down — cross, hold extension, check the lead hand position, then recover — before returning to full speed.
If recovery lags after the rear hand fires, cue ""hand back before foot sets"" so the arm's return leads the reset rather than following it.","A lead hand that stays home on every rear-hand throw is what keeps a fighter covered when the cross is countered or slips.
This same discipline — non-throwing hand stays in position — carries into any exchange where one side of the body is committed and the other has to hold the line.",light_technical,focus mitt,False,"COACHING CRAFT - authored, informed by evidence, not individually validated",PPBF research program 2026-08-07,True,{{SEED_ACCOUNT_ID}},platform_owner,intermediate,A2-003,LITERATURE-GROUNDED DRAFT — generated from cited registry claims; REQUIRES FLOOR VALIDATION
{{PPBF_ORG_ID}},drl_0af42a73a6878f,drl_0af42a73a6878f,1,,,Hook Arc on the Bag,boxing,technical,SK-HOOK-01,Lead hook path and elbow height,Lead hook path and elbow height,heavy bag,"Throw the lead hook to the bag with the coach checking elbow height relative to the fist. Low volume, position-focused.","Elbow stays level with fist through the entire arc, never dropping or lifting.
Hip and lead shoulder rotate first, fist arrives last, following the same load-then-strike sequence common to boxing punches [A1-063].
Fist lands with knuckles vertical and wrist straight in line with the forearm.
Elbow and fist travel together as one unit, no separation in timing.","Elbow drops below fist line, turning the hook into a looping slap.
Elbow flares above shoulder height, angling the punch down into the bag.
Wrist breaks or rolls at the moment of contact.
Arm throws the punch before the hip and shoulder rotate, arm working in isolation.",,"Hold a hand or pad at elbow height and have the boxer maintain contact with it through the whole arc.
Slow the punch to half speed and freeze at the point of contact to check elbow-to-fist alignment.
Cue ""hip turns first"" and have the boxer start the motion from the foot, not the shoulder.
Stop the boxer at contact and check wrist position: knuckles vertical, wrist straight in line with the forearm bones, the alignment that carries load through the index and middle knuckles [A6-003].","Elbow height and wrist alignment are what break down first once punches get thrown under fatigue and pressure, the same way straight-punch mechanics measurably changed across a sparring load [A8-029]; grooving the position here is what has to hold later.
The hip-before-arm sequence is the same principle behind generating force with the body instead of the limb, on the bag or anywhere else power has to come from the ground up.",light_technical,heavy bag,False,"COACHING CRAFT - authored, informed by evidence, not individually validated",PPBF research program 2026-08-07,True,{{SEED_ACCOUNT_ID}},platform_owner,beginner,A1-063|A6-003|A8-029,LITERATURE-GROUNDED DRAFT — generated from cited registry claims; REQUIRES FLOOR VALIDATION
{{PPBF_ORG_ID}},drl_1ad44e91b32842,drl_1ad44e91b32842,1,,,Hook From the Pivot,boxing,technical,SK-HOOK-01,Hook driven by the lower body,Hook driven by the lower body,heavy bag,"Pivot the lead foot and let the hook follow the rotation. If the hook arrives before the pivot, reset.","Lead foot pivots on the ball before the fist moves.
Hip and shoulder rotate in the same beat as the pivot.
Hook arrives as the tail end of the turn, not as a separate motion.
Rear foot stays planted and knee stays soft through the rotation.","Hook thrown from the arm while the lead foot stays flat.
Pivot and punch land as two separate beats instead of one.
Upper body twists out ahead of the hips.
Rear leg fatigues into the drill and hip drive quietly disappears, flattening the hook [A2-011][A2-012].",,"Stop the athlete the instant the punch beats the pivot and reset to feet only, no fist, until the foot turn is clean.
Tap the lead knee or hip to cue where the rotation should start.
Slow the whole sequence down and call ""foot, hip, hand"" as three words for one motion.
Watch the rear leg late in the round; if drive drops off, shorten the work rather than let the arm compensate [A2-011].","This is the hook you can actually find in exchanges, because it comes from the base, not a leftover arm swing, and it holds up when landed hooks matter most in the later rounds [A2-058].
Off the pads, it is the same lesson: power and control come from what the legs set up, not from forcing the finish.",light_technical,heavy bag,False,"COACHING CRAFT - authored, informed by evidence, not individually validated",PPBF research program 2026-08-07,True,{{SEED_ACCOUNT_ID}},platform_owner,intermediate,A2-011|A2-012|A2-058,LITERATURE-GROUNDED DRAFT — generated from cited registry claims; REQUIRES FLOOR VALIDATION
{{PPBF_ORG_ID}},drl_da603edd55075d,drl_da603edd55075d,1,,,Rear Hook Placement,boxing,technical,SK-HOOK-02,Rear hook mechanics and range,Rear hook mechanics and range,focus mitt,Rear hook to a mitt held at close range. Range is the constraint — the drill fails if the athlete has to reach.,"Elbow stays tucked to the ribs through the swing, mitt struck without the shoulder leaning forward.
Rear foot pivots and hip turns before the fist arrives, weight settled under the athlete at contact.
Punch lands flush at close range with the arm still bent, no stretch through the shoulder or spine.
Contact carries real force even at this short range when the mechanics are correct [A2-005].","Athlete steps back or squares up before throwing, opening the range the drill is meant to close.
Arm straightens or reaches forward to bridge distance to the mitt.
Hip and foot arrive after the fist has already started moving — an arm-only punch.
Head tips forward or drifts off the centerline on contact.",,"Coach moves the mitt closer, to a distance where reaching is physically impossible without turning.
Coach calls ""turn"" before ""punch,"" out loud, until the sequence hip-then-fist repeats on its own.
Coach freezes the mitt and has the athlete step into range first, then throw, separating footwork from the punch.
Coach gives one correction at a time and lets the athlete repeat before adding a second [A1-039].","A hook that lands without reaching is the punch that still works when a fight closes into clinch range or infighting.
Rear hooks landed more often for winners in the later rounds of close bouts [A2-058] — range discipline built here is what makes that punch available when it counts.",light_technical,focus mitt,False,"COACHING CRAFT - authored, informed by evidence, not individually validated",PPBF research program 2026-08-07,True,{{SEED_ACCOUNT_ID}},platform_owner,advanced,A1-039|A2-005|A2-058,LITERATURE-GROUNDED DRAFT — generated from cited registry claims; REQUIRES FLOOR VALIDATION
{{PPBF_ORG_ID}},drl_484dc64b436811,drl_484dc64b436811,1,,,Uppercut in the Pocket,boxing,technical,SK-UPPER-01,Uppercut mechanics at close range,Uppercut mechanics at close range,focus mitt,Uppercut to a downward-facing mitt with the elbow staying under the fist. Close range only; the drill has no long-range version.,"Elbow tracks directly under the fist through the entire arc, never flaring out to the side.
Fist finishes with knuckles vertical, wrist locked flat on contact with the mitt.
Knee bend loads before the punch, then leg extension drives it upward.
Punch stays short and stays in the pocket - no step back to create range.","Elbow swings wide, turning the uppercut into a looping hook thrown on a vertical path.
Wrist rolls back on impact, first two knuckles collapse under the load [A6-003].
Athlete steps backward before throwing, losing pocket range and becoming a long-range puncher.
Shoulder dips or telegraphs before the punch leaves.",,"Hold the mitt low and close so the fist must travel through a narrow tunnel - this forces the elbow to stay tucked.
Check wrist and knuckle alignment by hand before live reps until it holds without correction.
Anchor the feet - disallow the backward step, rebuild any needed distance from stance, not retreat.
Slow the rep and cue stillness through the chin and shoulder, loading the punch through hips and knees instead.","This is the shot that scores when an opponent leans into range - worth preserving deliberately, since uppercot use has dropped under current amateur scoring rules [A2-064].
Mechanics drilled at low intensity are what survive when sparring fatigue sets in and reaction time lengthens [A8-029] - clean pocket work now is what holds up under pressure later.",light_technical,focus mitt,False,"COACHING CRAFT - authored, informed by evidence, not individually validated",PPBF research program 2026-08-07,True,{{SEED_ACCOUNT_ID}},platform_owner,intermediate,A2-064|A6-003|A8-029,LITERATURE-GROUNDED DRAFT — generated from cited registry claims; REQUIRES FLOOR VALIDATION
{{PPBF_ORG_ID}},drl_5c075cf813c4d8,drl_5c075cf813c4d8,1,,,Body Shot Level Change,boxing,technical,SK-BODY-01,Changing level to reach the body,Changing level to reach the body,heavy bag,"Bend at the knees to reach body height rather than at the waist, then punch. The coach checks the head position at the moment of contact.","Knees bend and hips drop straight down while the spine stays vertical - no forward fold at the waist.
Head stays up and eyes track the opponent through the descent, the punch, and the return.
The punch moves through load, extension, contact, and return in that order, with no phase skipped [A6-055].
Weight settles into the front foot as the punch lands [A8-069].","Waist folds forward instead of knees bending.
Head drops and chin tucks toward the floor.
Eyes leave the opponent's eyes and drop to the target on the body.
Athlete rises back to full height before the punch is thrown.",,"Coach holds a hand at chin height and has the athlete bend under it without lowering the head.
Coach calls ""eyes up"" the instant the head drops and resets the rep.
Coach drops the drill to shadow speed until the knee bend is consistent, then reintroduces contact.
If heads clash during the level change, coach stops the drill immediately and routes through the concussion protocol before resuming [B4-017].","The knee-bend level change is the same mechanism used to slip a punch or close distance in live sparring, and that head discipline has to hold even as fatigue lengthens reaction time and changes punch force [A8-029].
Lowering the body without losing sight of what's in front of you carries directly into any task outside the gym that requires changing position while staying aware.",light_technical,heavy bag,False,"COACHING CRAFT - authored, informed by evidence, not individually validated",PPBF research program 2026-08-07,True,{{SEED_ACCOUNT_ID}},platform_owner,intermediate,A6-055|A8-029|A8-069|B4-017,LITERATURE-GROUNDED DRAFT — generated from cited registry claims; REQUIRES FLOOR VALIDATION
{{PPBF_ORG_ID}},drl_5c3353db6cc6ab,drl_5c3353db6cc6ab,1,,,Two-Punch Fixed,boxing,technical,SK-COMBO-01,Linking two punches,Linking two punches,focus mitt,"Throw a fixed two-punch sequence to mitts, returning to guard after the pair rather than after each punch.","Both punches launch as one connected motion, hands returning to guard only after the second lands.
Each punch shows a clean extension and retraction phase before the next one starts [A6-055].
Weight shifts forward on the first punch and settles back on the second.
Mitts are struck in the same order and placement every repetition.","Guard drops after the first punch, with hands hanging low before the second is thrown.
Athlete resets to guard between the two punches instead of after the pair.
Second punch lands noticeably weaker or slower than the first.
Punches thrown as two separate strikes with a visible pause between them.",,"Call ""one-two, guard"" as a single verbal cue that ties the pair together.
Hold the mitts still and require both strikes to land before allowing hands to drop.
Walk the athlete through the sequence at half speed, freezing at the gap to show where the break occurs.
Tap the guard position after the second punch to mark where the reset belongs.","Combinations, not single punches, are what separates higher-level exchanges from single-shot exchanges [A8-052].
Finishing a linked sequence before resetting is a habit that carries into any paired task outside the gym.",light_technical,focus mitt,False,"COACHING CRAFT - authored, informed by evidence, not individually validated",PPBF research program 2026-08-07,True,{{SEED_ACCOUNT_ID}},platform_owner,beginner,A6-055|A8-052,LITERATURE-GROUNDED DRAFT — generated from cited registry claims; REQUIRES FLOOR VALIDATION
{{PPBF_ORG_ID}},drl_3e2e2cb0a54792,drl_3e2e2cb0a54792,1,,,Two-Punch Called,boxing,technical,SK-COMBO-01,Two-punch sequences chosen on cue,Two-punch sequences chosen on cue,focus mitt,"Coach calls one of several two-punch pairs at random. Random calling introduces the interference the retention evidence supports, so pairs are not blocked.","Athlete throws the exact two-punch pair called, no extra punches added.
First punch lands with full weight transfer, second punch follows without a reset step in between.
Punch impact on the called pair matches shadow-boxing power rather than a soft check, consistent with what randomised-signal punch tasks show boxers can produce under a cue [A2-015].
Guard returns to position after the pair, eyes stay on the coach for the next call.","Athlete throws a different pair than the one called, defaulting to a rehearsed favorite combination.
A pause or hitch appears between punch one and punch two instead of one continuous action.
Guard drops after the second punch and stays low waiting for the next call.
Athlete starts moving before the call finishes, guessing the pair rather than reacting to it.",,"Coach repeats the same call immediately until the correct two punches land in the right order.
Coach slows the calling rate and isolates the pair that broke down, then folds it back into random order.
Coach names the punch phases out loud, load, extension, return, to rebuild a stalled sequence piece by piece [A6-055].
Coach taps the glove or elbow the instant the guard drops, resetting hand position before the next call.","Random calling puts the athlete in the same position a live opponent's shifting attack posture creates, choosing a response rather than running a stored pattern, which is how expert boxers process attack cues differently from beginners [A8-057].
Selecting the right two-punch answer under an unpredictable cue, at speed, is the same decision skill needed when the situation outside the ring will not announce itself in advance.",light_technical,focus mitt,False,"COACHING CRAFT - authored, informed by evidence, not individually validated",PPBF research program 2026-08-07,True,{{SEED_ACCOUNT_ID}},platform_owner,intermediate,A2-015|A6-055|A8-057,LITERATURE-GROUNDED DRAFT — generated from cited registry claims; REQUIRES FLOOR VALIDATION
{{PPBF_ORG_ID}},drl_3554c55ab8b584,drl_3554c55ab8b584,1,,,Three-Punch Chain,boxing,technical,SK-COMBO-02,Extending a combination,Extending a combination,focus mitt,"Three-punch sequences with the third punch called mid-sequence, so the ending cannot be pre-planned.","Three punches land in an unbroken rhythm, no pause between the second and third strike.
The third punch changes when the coach calls it mid-sequence, yet footwork and guard stay the same as the pre-called version.
After the third punch the boxer exits on an angle, hands returning to guard before the next call [A8-052].
Weight shifts fully into each punch in sequence, upper arm and forearm leading before the fist arrives [A2-003].","Boxer flinches or hesitates when the third punch call changes mid-combination.
Third punch arrives with dropped hand or lowered guard, exit step missing entirely.
Combination slows down at the exact moment of the call, breaking the activity rhythm [A8-052].
Fist leads the punch instead of upper arm and forearm sequencing through first [A2-003].",,"Coach calls the third punch earlier or later in the sequence to force adaptation without a fixed pattern.
Coach stops the drill and resets guard position by hand before restarting the combination.
Coach walks the boxer through the exit step alone, separated from the punches, then rejoins it to the combination.
Coach has the boxer shadow the punch slow, checking upper arm and forearm lead before adding speed back [A2-003].","This builds the habit of finishing a combination and moving, not standing to admire the third punch, which matters most against a live opponent who punches back [A8-049].
Outside the gym it trains the same skill of adjusting a planned sequence mid-action without losing composure or form.",light_technical,focus mitt,False,"COACHING CRAFT - authored, informed by evidence, not individually validated",PPBF research program 2026-08-07,True,{{SEED_ACCOUNT_ID}},platform_owner,intermediate,A2-003|A8-049|A8-052,LITERATURE-GROUNDED DRAFT — generated from cited registry claims; REQUIRES FLOOR VALIDATION
{{PPBF_ORG_ID}},drl_4700995bab7b07,drl_4700995bab7b07,1,,,Combination With Exit,boxing,technical,SK-COMBO-03,Leaving after the combination,Leaving after the combination,focus mitt,Every combination ends with a movement off the line. A combination that ends standing still is scored as incomplete.,"The last punch of the combination and the first step of the exit happen almost together, not as two separate actions.
The boxer moves off the original line at an angle, not straight back.
Hands stay up through the exit step and into the reset stance.
Foot movement increases as the boxer clears range, consistent with the shift toward more ring movement and defensive footwork seen in modern amateur boxing [A8-004][A3-021].","Boxer throws the full combination and stops square on the same spot.
Retreat is straight back along the same line the punches were thrown from.
Hands drop as soon as the last punch lands, before any exit step is taken.
Exit step arrives late, after the opponent has already reset or countered.",,"Call ""out"" the instant the last punch lands and stop the rep if no movement follows.
Have the boxer repeat the same combination three times, changing the exit angle each time.
Walk the exit step alone, without punches, until the footwork is automatic.
Shorten the combination and drill the exit at working pace before adding it back to full speed.","This is what keeps a boxer safe in live exchanges once the punches stop landing and the other fighter starts countering.
The same principle applies outside the gym: finish the action, then move, don't stand and admire what you just did.",light_technical,focus mitt,False,"COACHING CRAFT - authored, informed by evidence, not individually validated",PPBF research program 2026-08-07,True,{{SEED_ACCOUNT_ID}},platform_owner,advanced,A3-021|A8-004,LITERATURE-GROUNDED DRAFT — generated from cited registry claims; REQUIRES FLOOR VALIDATION
{{PPBF_ORG_ID}},drl_2713ad55cfcbf0,drl_2713ad55cfcbf0,1,,,Catch and Return,boxing,defense,SK-DEF-01,Catching the straight punch,Catching the straight punch,none,Partner throws slow straight punches to a called side; athlete catches and returns to guard. Punch speed is fixed and slow.,"Catching hand meets the punch at the moment of full extension, palm open toward the incoming glove [A8-007].
Elbow stays tucked near the ribs through the catch, not reaching out to find the glove.
Catching hand returns to guard position immediately, before the next call.
Eyes track the partner's chest and shoulder line throughout, not the glove itself.","Athlete reaches forward to intercept the punch before it extends, meeting it early.
Catching hand drops to the hip or waist after contact instead of returning to guard.
Head or torso leans back to avoid the punch rather than the hand making the catch.
Athlete moves on the called side before the punch actually travels, anticipating rather than reacting.",,"Call ""hold"" at the instant of catch and check elbow position against the ribs before releasing.
Slow the count further and require the athlete to hold the catch for a full two-count before returning to guard.
Stand behind the athlete's guard hand and physically block its drop path if it falls after the catch.
Vary the timing between the call and the punch so the hand reacts to the punch, not the voice.","This catch becomes the athlete's default defensive reaction once punch speed increases toward sparring pace.
Live rounds demand defensive actions repeatedly and in quick succession [A2-061], so this catch must run without deliberate thought by the time contact increases.",light_technical,none,False,"COACHING CRAFT - authored, informed by evidence, not individually validated",PPBF research program 2026-08-07,True,{{SEED_ACCOUNT_ID}},platform_owner,beginner,A2-061|A8-007,LITERATURE-GROUNDED DRAFT — generated from cited registry claims; REQUIRES FLOOR VALIDATION
{{PPBF_ORG_ID}},drl_badeec66ed769d,drl_badeec66ed769d,1,,,Parry Redirect,boxing,defense,SK-DEF-02,Parrying rather than blocking,Parrying rather than blocking,none,Redirect a slow straight punch with a small hand movement. Excess movement is the error being trained out.,"The parrying hand travels only a few inches to meet the glove, not a full arm swing.
Contact deflects the punch off its line rather than absorbing it.
The parrying hand returns to guard before the puncher's arm is fully retracted.
Shoulders and feet stay square; only the hand and forearm move.","The boxer swats or slaps at the glove with a wide, looping motion.
The parry becomes a block - the hand meets the punch head-on and stops it rather than deflecting it.
The guard hand drops or drifts away from the face after the parry instead of resetting.
The boxer leans or steps back to create room instead of redirecting with the hand.",,"Coach shrinks the target: have the boxer parry using only fingertips or the heel of the palm, nothing bigger.
Coach walks the boxer through the motion at quarter speed, freezing the hand at first contact to show how little travel is needed.
Coach calls ""small hands"" or taps the boxer's elbow every time the arm swings wide.
Coach has the boxer parry directly back to guard position, checking hand placement before the next rep.","Small, economical defensive motion holds up better as reaction time lengthens under fatigue in live rounds [A3-032][A8-029].
The same principle - minimum necessary motion to redirect force - applies to deflecting pressure in any confrontation outside the ring, verbal or physical.",light_technical,none,False,"COACHING CRAFT - authored, informed by evidence, not individually validated",PPBF research program 2026-08-07,True,{{SEED_ACCOUNT_ID}},platform_owner,beginner,A3-032|A8-029,LITERATURE-GROUNDED DRAFT — generated from cited registry claims; REQUIRES FLOOR VALIDATION
{{PPBF_ORG_ID}},drl_464b8ff7d556f9,drl_464b8ff7d556f9,1,,,Slip the Line,boxing,defense,SK-DEF-03,Slipping off the punch line,Slipping off the punch line,rope or line,Slip either side of a horizontal rope at head height. The rope gives an external reference for how far is far enough.,"Head travels laterally under the rope, not straight down. Shoulder and ear stay below rope height while the chin clears the line. Weight loads onto the outside leg as the head moves, then returns to center on balance. Boxer alternates sides without pausing or resetting stance between reps.","Head dips straight down (ducking) instead of moving sideways off the rope. Boxer leans from the waist with feet planted, losing base. Same side is used every repetition, producing a readable pattern. Head clips the rope or passes underneath with excess room to spare.",,"Lower the rope until any downward duck makes contact, forcing a true lateral slip. Stand behind the boxer and press a hand on the shoulder to block the straight-down path. Call the side out loud, then call it late, then stop calling it, so the boxer must vary sides rather than repeat one — a fighter who slips the same way each time is the one whose timing gets read and exploited [A2-055]. Tighten stance width if the base collapses on the lean.","This is the movement that keeps a boxer online to counter while a real punch passes, and it only holds value if it stays unpredictable rather than becoming a habit read by an opponent [A2-055]. Outside the gym it's the same principle applied broadly: get off the line of the incoming problem instead of just lowering your guard against it.",light_technical,rope or line,False,"COACHING CRAFT - authored, informed by evidence, not individually validated",PPBF research program 2026-08-07,True,{{SEED_ACCOUNT_ID}},platform_owner,intermediate,A2-055,LITERATURE-GROUNDED DRAFT — generated from cited registry claims; REQUIRES FLOOR VALIDATION
{{PPBF_ORG_ID}},drl_2268ec918e08c5,drl_2268ec918e08c5,1,,,Roll Under,boxing,defense,SK-DEF-04,Rolling under a hooking punch,Rolling under a hooking punch,rope,"Roll under a rope, coming up in a position to punch. Coming up out of range is a failed rep even if the roll was clean.","Head drops below the rope line before the shoulders turn.
Weight shifts onto the rear leg as the head clears the punch's path.
Athlete rises still inside punching range, hands already set.
Roll finishes with the lead shoulder tucked under the chin, not raised toward the ear.","Head comes up outside range — a clean roll wasted by bad positioning after.
Shoulder rolls but the head stays level, ducking from the neck only.
Lead shoulder climbs toward the ear instead of rolling under, a pattern that shows up more as shoulder abduction and elevation moments increase with fatigue [A8-030].
Roll bottoms out and stalls, no drive back forward into range.",,"Lower the rope so the knees are forced to bend, not just the neck.
Mark a spot on the floor inside range and require the athlete to land on it after every roll.
Slow the rep down and isolate the shoulder-tuck position before adding speed back in.
Call ""up and in"" the instant the head clears, cueing the return to range rather than a stand-up.","Carries directly into slipping and rolling hooks in sparring without drifting out to a safe distance.
Builds the habit of treating defense as a re-entry point, not a stopping point.",light_technical,rope,False,"COACHING CRAFT - authored, informed by evidence, not individually validated",PPBF research program 2026-08-07,True,{{SEED_ACCOUNT_ID}},platform_owner,intermediate,A8-030,LITERATURE-GROUNDED DRAFT — generated from cited registry claims; REQUIRES FLOOR VALIDATION
{{PPBF_ORG_ID}},drl_f9e5a58017fd10,drl_f9e5a58017fd10,1,,,Block and Cover,boxing,defense,SK-DEF-05,Covering against a flurry,Covering against a flurry,gloves,Partner throws a controlled flurry at reduced power; athlete covers and stays balanced. Requires coach authorization; power is capped by instruction.,"Elbows tuck to the ribs, gloves stay at cheekbone height through the whole flurry.
Chin drops behind the lead shoulder, weight stays centered over both feet.
Athlete leans back only enough to take punches out of range, then snaps the guard back into place.
Guard holds firm through the full exchange without collapsing — sustaining that output over repeated flurries draws on the same anaerobic capacity elite boxers train for [A7-068].","One arm sweeps wide to cover instead of both hands staying tight, leaving the ribs open.
Feet cross or athlete backs straight up in a line, losing base.
Guard hands drift down after the first few punches land.
Eyes close and the head snaps back with no knee bend and no lean angle.",,"Coach calls ""hands up"" the instant the guard drops, resets the pair before the next exchange starts.
Coach slows the partner back to single punches and rebuilds the pull-and-lean-back rhythm from there.
Coach manually squares the athlete's feet and cues ""sit back into it"" for the lean angle.
Coach is the one who raises the power level, never the partner — that authorization step sits with the coach's certified oversight role [A3-017].","This is the cover an athlete falls back on when a live opponent's hands speed up without warning.
Reaction time and choice reaction time both slow under competition fatigue [B4-015], so the cover pattern has to be drilled until it runs without conscious thought — that's what holds up when the thinking slows down.",conditioned,gloves,True,"COACHING CRAFT - authored, informed by evidence, not individually validated",PPBF research program 2026-08-07,True,{{SEED_ACCOUNT_ID}},platform_owner,intermediate,A3-017|A7-068|B4-015,LITERATURE-GROUNDED DRAFT — generated from cited registry claims; REQUIRES FLOOR VALIDATION
{{PPBF_ORG_ID}},drl_87d9424cc9f2a3,drl_87d9424cc9f2a3,1,,,Distance Defence,boxing,defense,SK-DEF-06,Using range as the primary defence,Using range as the primary defence,none,Partner reaches to touch the athlete's shoulder; athlete avoids by moving back only as far as necessary. Over-retreating is the error being trained out.,"Athlete's rear foot and hip shift back just far enough that the partner's fingertips fall short by an inch or two.
Weight resettles evenly over both feet the instant the reach is avoided, no pause before the next action.
Hands stay at guard height and eyes stay on the partner's shoulder line through the whole movement.
The retreat distance is visibly the same size as the reach - no extra step tacked on.","Athlete takes two or three steps back when the reach only required one.
Athlete bends or leans from the waist instead of moving the feet.
Athlete drops the hands or turns the head away while retreating.
Athlete stands flat-footed until the reach is already close, then lunges backward to escape it.",,"Coach places a cone or line at the minimum safe distance and has the athlete retreat only to that mark.
Coach calls ""feet"" the instant a lean substitutes for a step, and restarts the rep.
Coach reduces the partner's reach speed until the athlete's retreat distance stays consistent, then rebuilds speed.
Coach counts steps out loud during the rep so the athlete hears when a second step is unnecessary.","In live exchanges this economy of retreat keeps the athlete close enough to counter immediately instead of resetting range from scratch.
Because the ability to judge distance and timing degrades under fatigue [A2-067], the minimal, repeatable retreat trained here is what holds up late in a bout or a stressful exchange outside the gym.",light_technical,none,False,"COACHING CRAFT - authored, informed by evidence, not individually validated",PPBF research program 2026-08-07,True,{{SEED_ACCOUNT_ID}},platform_owner,beginner,A2-067,LITERATURE-GROUNDED DRAFT — generated from cited registry claims; REQUIRES FLOOR VALIDATION
{{PPBF_ORG_ID}},drl_f0b1aab1457617,drl_f0b1aab1457617,1,,,Defence Into Counter,boxing,defense,SK-DEF-07,Linking defence to an immediate return,Linking defence to an immediate return,focus mitt,Any successful defensive action must be followed by a return within a fixed count. Requires coach authorization.,"Defender slips, rolls, or parries the lead shot and returns fire before the feet reset [A8-005].
Return lands within the fixed count called by the coach, not on a delayed rhythm.
Weight stays centered through the defensive action so the counter launches off both feet.
Second defensive action appears if the first counter draws a reply - defence, counter, defence again.","Boxer defends and stands still admiring the defensive action, no counter follows.
Counter comes off balance, weight still traveling away from the opponent.
Single counterpunch thrown and hands drop, no second defensive layer ready [A8-005].
Defender flinches or blocks without any offensive intent behind it - parry with no return [A8-005].",,"Coach stops the round and calls out the missed count, restarts the sequence from the defensive action.
Coach walks the boxer through slip-return-reset at half speed until the count is automatic.
Coach shadows the second defence live, feeding a soft follow-up shot to force the layered response.
Coach withholds authorization to escalate contact until the return is consistent at the current count.","Live sparring rewards the boxer who turns defence into offence in one motion, not two separate thoughts [A8-005].
Outside the gym, this is the habit of responding to a setback with immediate constructive action rather than pausing to absorb it.",conditioned,focus mitt,True,"COACHING CRAFT - authored, informed by evidence, not individually validated",PPBF research program 2026-08-07,True,{{SEED_ACCOUNT_ID}},platform_owner,advanced,A8-005,LITERATURE-GROUNDED DRAFT — generated from cited registry claims; REQUIRES FLOOR VALIDATION
{{PPBF_ORG_ID}},drl_480bb9dea67e50,drl_480bb9dea67e50,1,,,Defensive Layering,boxing,defense,SK-DEF-08,Combining defensive options,Combining defensive options,gloves,Partner attacks with varied punches; athlete must use a different defensive response each time. Requires coach authorization.,"Athlete answers each incoming punch with a different tool: slip, roll, parry, pivot, or step-off, never repeating the same response twice in a row.
Head moves off the centerline before or as the punch lands, not after.
Return to a stable guard position between each exchange, hands up, chin down, weight balanced.
Defensive movement and footwork stay linked to hip and body positioning, not just upper-body reaction [A2-061][A8-003].","Athlete defaults to one preferred defense (usually the guard or pull-back) regardless of punch type.
Feet stay planted while only the upper body reacts, leaving the athlete square to follow-up punches.
Defensive movement arrives late, after the punch has already landed or nearly landed.
Recovery after a defensive action is slow, leaving a flat-footed pause before the guard resets.",,"Stop the round and name the punch just thrown and the defense that should have answered it, then restart from that exact exchange.
Restrict the partner to a single punch type until the athlete shows the full range of defenses against it, then expand.
Slow the feed to isolate footwork from head movement, requiring a step or pivot before allowing any upper-body defense.
Shorten the exchange and demand a guard reset before the next punch is thrown, rewarding recovery speed over defensive variety.","Sustained defensive alertness under repeated, varied attack is what separates rounds two and three from round one in live bouts; activity and accuracy in later exchanges depend on defense that hasn't degraded [A2-061].
Outside the gym, this is the same skill as staying composed and responsive under repeated, unpredictable pressure rather than falling back on one habitual reaction.",conditioned,gloves,True,"COACHING CRAFT - authored, informed by evidence, not individually validated",PPBF research program 2026-08-07,True,{{SEED_ACCOUNT_ID}},platform_owner,advanced,A2-061|A8-003,LITERATURE-GROUNDED DRAFT — generated from cited registry claims; REQUIRES FLOOR VALIDATION
{{PPBF_ORG_ID}},drl_61b0f5ffcdff04,drl_61b0f5ffcdff04,1,,,Own Range Calibration,boxing,technical,SK-DIST-01,Establishing individual punching range,Establishing individual punching range,focus mitt,"Find the distance at which the lead hand lands at full extension without reaching. Mark it on the floor. Range is individual, so the mark differs per athlete.","Lead hand reaches full extension exactly at the mark, elbow straight, shoulder rotated through.
Rear foot stays planted and weight stays centered through the punch.
The same mark is reproduced rep after rep without creeping closer or farther.
Athlete returns to guard immediately after extension, mark undisturbed underfoot.","Lunging or stepping forward to close distance, mark drifting toward the target.
Arm falls short of full extension, elbow still bent at contact.
Rear foot lifts, slides, or drags during the punch.
Mark location changes between repetitions, no fixed distance established.",,"Coach lays a physical marker on the floor at the true extension point and resets the athlete to it before every rep.
Coach watches the elbow at the moment of contact and calls ""short"" or ""lunge"" on the spot.
Coach cues ""plant"" on the rear foot before the hand fires.
Coach moves the mark to match the athlete's actual extension distance rather than letting the athlete chase a fixed target.","This mark becomes the reference distance for lead-hand punches in sparring and bouts, where lead-hand volume separates winners from losers [A2-059][A1-060].
Expect this distance to feel less certain as rounds accumulate, since reaction time and punch mechanics shift under sparring load [A8-029].",light_technical,focus mitt,False,"COACHING CRAFT - authored, informed by evidence, not individually validated",PPBF research program 2026-08-07,True,{{SEED_ACCOUNT_ID}},platform_owner,beginner,A1-060|A2-059|A8-029,LITERATURE-GROUNDED DRAFT — generated from cited registry claims; REQUIRES FLOOR VALIDATION
{{PPBF_ORG_ID}},drl_ec1217050c15b0,drl_ec1217050c15b0,1,,,Range Break and Rebuild,boxing,technical,SK-DIST-02,Managing entry and exit range,Managing entry and exit range,none,"Close to touching range, then rebuild to own range, on a called rhythm.","Lead foot closes distance first, rear foot follows without crossing.
Athlete reaches touching range and pauses on the called beat.
Rebuild step is a straight retreat or pivot, not a stumble backward.
Hands stay up through the entire close and rebuild cycle.","Athlete lunges with the upper body and leaves the feet behind.
Rebuild turns into a blind backward run with no guard.
Feet cross on entry, killing balance at the exact moment of contact.
Head stays still and square while closing, offering a fixed target.",,"Call the rhythm louder and slower until footwork matches the beat.
Stop the drill and reset feet shoulder width before the next rep.
Have the athlete shadow the entry and exit with no partner until the crossing step disappears.
Tap the head with a glove on lunges to mark the exposure in real time.","This is the same foot-first entry and exit an athlete needs against any mismatch in size or reach.
Outside the gym, it is the same principle of closing on your own terms and leaving before you're committed.",light_technical,none,False,"COACHING CRAFT - authored, informed by evidence, not individually validated",PPBF research program 2026-08-07,True,{{SEED_ACCOUNT_ID}},platform_owner,intermediate,,COACHING-CRAFT DRAFT — no directly relevant research retrieved; REQUIRES FLOOR VALIDATION
{{PPBF_ORG_ID}},drl_8c5a8a78b41320,drl_8c5a8a78b41320,1,,,Range Against a Longer Reach,boxing,tactical,SK-DIST-03,Managing a reach disadvantage,Managing a reach disadvantage,none,Partner with longer reach maintains range; athlete works to close it. Requires coach authorization and a deliberate pairing decision.,"Athlete steps in on an angle and closes the gap in one continuous motion, then exits before the longer-armed partner can reset the measure.
Head moves off the centerline as the athlete enters, not after contact.
Longer-reach partner holds a stable lead-hand distance and resets it cleanly between exchanges rather than chasing.
Drill starts only after the coach has confirmed both athletes are current, cleared, and deliberately matched for this pairing [B3-045].","Athlete walks straight in and absorbs the jab in order to close range.
Athlete plants both feet flat on entry and cannot exit the pocket.
Athlete drops the guard to make up ground instead of adjusting footwork.
Recognition of range and reaction to the jab visibly slow as the round wears on [B4-015].",,"Coach stops the work, resets both athletes to starting distance, and walks the entry angle at half speed before live work resumes.
Coach names the exact error the instant it happens - ""flat feet,"" ""hands down"" - rather than critiquing after the exchange ends.
Coach cuts the live segment short the moment reaction time visibly drops rather than letting the athlete grind through it [B4-015].
Coach pulls either athlete and reassigns the pairing if the mismatch is producing repeated clean head contact, given the severity governing bodies attach to head-blow outcomes [A5-150].","Closing distance on a longer opponent without eating a clean shot on the way in carries straight into sparring and competition against taller opponents.
Reading your own fatigue as it degrades distance judgment, rather than pushing through it, applies to any contest - in or out of the ring - where you are working from a physical disadvantage [A7-068].",conditioned,none,True,"COACHING CRAFT - authored, informed by evidence, not individually validated",PPBF research program 2026-08-07,True,{{SEED_ACCOUNT_ID}},platform_owner,advanced,A5-150|A7-068|B3-045|B4-015,LITERATURE-GROUNDED DRAFT — generated from cited registry claims; REQUIRES FLOOR VALIDATION
{{PPBF_ORG_ID}},drl_c16cda24f9fce2,drl_c16cda24f9fce2,1,,,Broken Rhythm,boxing,tactical,SK-RHY-01,Varying tempo deliberately,Varying tempo deliberately,focus mitt,"Alternate fast and delayed sequences on the coach's call. Rhythm change is the skill, not speed.","Fast combination snaps off on the call, then the next sequence sits half a beat longer before releasing.
Feet and hands change tempo together, not hands alone.
Boxer resets guard fully between sequences regardless of which tempo just ran.
The delay looks deliberate, not stalled - weight stays live, not parked.","Every sequence lands at the same tempo regardless of the call - the coach's signal is being ignored.
Hands slow down but feet keep the same rhythm, so the change is only partial.
The delayed sequence turns into a freeze - weight settles dead and the guard drops.
Boxer speeds up the delayed call to catch up, erasing the gap that was supposed to be there.",,"Stop the round and call the two tempos back to back, isolated, until the contrast is clean before adding combinations.
Put a hand on the boxer's lead shoulder during the delay to check weight is still live, not parked.
Cut combination length and drill the rhythm break on a single shot pair until the gap is real and repeatable.
Call tempo changes on a variable, non-repeating pattern so the boxer reacts to the call rather than counting a sequence [B2-034].","This is what lets a boxer draw a lead out of an opponent or sit on a shot the opponent expects immediately - the pause itself becomes the setup.
Deliberately varying tempo in training, rather than always working at one pace, is what makes the skill hold up later under different conditions than it was drilled in [A2-100].",light_technical,focus mitt,False,"COACHING CRAFT - authored, informed by evidence, not individually validated",PPBF research program 2026-08-07,True,{{SEED_ACCOUNT_ID}},platform_owner,advanced,A2-100|B2-034,LITERATURE-GROUNDED DRAFT — generated from cited registry claims; REQUIRES FLOOR VALIDATION
{{PPBF_ORG_ID}},drl_22a255209c1c9b,drl_22a255209c1c9b,1,,,Punch From the New Angle,boxing,tactical,SK-ANG-01,Punching after creating an angle,Punching after creating an angle,focus mitt,"Cut an angle, then punch from the position gained. A punch thrown before the angle is complete does not count.","Feet move first, plant on the new line, and only then does the hand fire [A8-004].
Weight drives through the rear leg into the punch rather than sitting in the shoulder [A3-030].
The punch lands on a line the opponent had not covered.
Angle and punch happen as one continuous action, not two separate beats.","Punch fired mid-step, before the foot plants on the new line.
Boxer cuts the angle, then squares back up before throwing.
Punch thrown from the arm alone, with no rear-leg drive behind it [A3-030].
Same angle cut on every repetition, so the pattern becomes predictable [A2-052].",,"Stop the rep and have the boxer walk the step alone, with no punch, until the foot plant is clean.
Call ""foot"" as the checkpoint — the hand may not move until the foot has landed.
Freeze the boxer at the end of the step to check hip and shoulder alignment before allowing the punch.
Change the called angle every few reps so the boxer cannot rely on repetition [A2-052].","This sequencing — position before punch — is what separates a real angle change from a shuffle in live sparring [A8-004].
Breaking a repeatable pattern here builds the same awareness a boxer needs to keep opponents from reading their own habits [A2-052].",light_technical,focus mitt,False,"COACHING CRAFT - authored, informed by evidence, not individually validated",PPBF research program 2026-08-07,True,{{SEED_ACCOUNT_ID}},platform_owner,advanced,A2-052|A3-030|A8-004,LITERATURE-GROUNDED DRAFT — generated from cited registry claims; REQUIRES FLOOR VALIDATION
{{PPBF_ORG_ID}},drl_c8fa1590a8649a,drl_c8fa1590a8649a,1,,,Feint and Read,boxing,tactical,SK-FEINT-01,Producing a reaction with a feint,Producing a reaction with a feint,none,"Feint and observe the partner's response without punching. The output is the observation, reported aloud.","Feinting hand or shoulder starts the same initiation phase as a real punch, then halts before the strike phase begins [A8-007].
Partner's weight shifts onto the back foot, guard lifts, or eyes drop within a beat of the feint.
No real punch follows immediately - there is a visible pause between the feint and any further action.
Feinter names the specific reaction out loud right after it happens: which hand moved, which foot loaded, where the eyes went.","The feint runs past initiation into the strike phase and becomes an actual punch [A8-007].
The reported reaction is vague - ""he moved"" - instead of naming a body part and a direction.
Feinter throws or feints again before waiting to see what the partner did.
Feinter reports a reaction that did not actually occur, guessed instead of observed.",,"Stop the drill the instant the feint extends past the initiation phase and reset to the start position [A8-007].
Ask directly: ""what did his hand do, what did his foot do, where did his eyes go"" until the answer is specific.
Insert a hard pause after the feint - freeze, call the reaction, only then release.
Run the same feint three times in a row so the athlete separates feint mechanics from punch mechanics before adding variation.","This trains the read as its own skill, separate from output - useful because feedback about performance does not reliably move a trained boxer the way it might a novice, so the boxer has to trust their own observation of the real reaction rather than a reported one [A1-065].
That same discipline - naming what actually happened instead of what was expected - carries into any exchange, in or out of the ring, where reading the other person correctly matters more than reacting fast.",light_technical,none,False,"COACHING CRAFT - authored, informed by evidence, not individually validated",PPBF research program 2026-08-07,True,{{SEED_ACCOUNT_ID}},platform_owner,advanced,A1-065|A8-007,LITERATURE-GROUNDED DRAFT — generated from cited registry claims; REQUIRES FLOOR VALIDATION
{{PPBF_ORG_ID}},drl_e9d88bb256a70c,drl_e9d88bb256a70c,1,,,Counter the Jab,boxing,tactical,SK-CTR-01,Countering a straight lead,Countering a straight lead,gloves,Partner throws a jab on a known cue; athlete counters. Requires coach authorization.,"Block and counter arrive as one motion, no visible pause between them.
Counter lands on the same beat the block absorbs the jab, not a half-second later [A2-059].
Weight shifts forward into the counter; guard hand resets to position immediately after.
Eyes stay on the partner's chest and shoulder line throughout, not on the incoming glove.","Block and counter thrown as two separate actions with a visible gap between them.
Athlete blocks, then retreats instead of countering.
Guard drops after the block, exposing the chin before the counter fires.
Counter thrown without checking distance or partner's position first.",,"Coach slows the jab cue and has the athlete rehearse block-counter as one continuous motion on air before adding a partner.
Coach calls ""one motion"" on each rep until the gap between block and counter closes.
Coach walks the pairing back to shadow work any time the counter separates from the block.
Coach confirms the pairing and cue are authorized before live contact resumes; sign-off on this drill rests with a certified coach [A3-017].","The habit of answering an incoming strike on the same beat rather than after it is what separates winning exchanges from losing ones in the ring [A2-059].
That same instinct - absorb and answer immediately instead of retreating - carries into any live exchange, in or out of the gym.",conditioned,gloves,True,"COACHING CRAFT - authored, informed by evidence, not individually validated",PPBF research program 2026-08-07,True,{{SEED_ACCOUNT_ID}},platform_owner,advanced,A2-059|A3-017,LITERATURE-GROUNDED DRAFT — generated from cited registry claims; REQUIRES FLOOR VALIDATION
{{PPBF_ORG_ID}},drl_c30d15370004ba,drl_c30d15370004ba,1,,,Counter From Defence,boxing,tactical,SK-CTR-02,Countering off a defensive action,Countering off a defensive action,gloves,Counter immediately following any successful defensive movement. Requires coach authorization.,"Counter lands within the same beat as the slip or roll, not after a reset. Weight shifts through the hips before the hand moves, driven by the same rotation that powered the defense [A2-057]. Hands return to guard the instant the counter lands. Defensive movement and counter read as one continuous action, not two separate ones.","Athlete stands upright after slipping and pauses before countering. Counter thrown from the arm only, hips stay square and still. Athlete counters before the defensive movement is complete, catching a punch mid-slip. Guard drops after the counter lands, hands stay down.",,"Slow the feed to isolated reps: one defensive movement, hold position, then call the counter. Put a hand on the athlete's hip to force the rotation before the punch is thrown. Have the athlete freeze at the bottom of the slip and check weight distribution before releasing the hand. Stop the drill immediately on any head contact and pull the athlete out for assessment before allowing continuation [B3-016].","This is the reflex that turns defense from a pause into a threat in live rounds. Outside the gym it is the same habit: absorb the disruption and respond from it immediately, without stopping to reset first.",conditioned,gloves,True,"COACHING CRAFT - authored, informed by evidence, not individually validated",PPBF research program 2026-08-07,True,{{SEED_ACCOUNT_ID}},platform_owner,advanced,A2-057|B3-016,LITERATURE-GROUNDED DRAFT — generated from cited registry claims; REQUIRES FLOOR VALIDATION
{{PPBF_ORG_ID}},drl_9e0e66daf70fed,drl_9e0e66daf70fed,1,,,Inside Position,boxing,tactical,SK-IN-01,Holding position at close range,Holding position at close range,gloves,Work at close range maintaining balance and guard. Requires coach authorization.,"Chin tucks behind the lead shoulder, forehead resting on opponent's shoulder or chest, eyes stay up and scanning.
Elbows stay tight to the ribs, forearms blocking the centerline.
Feet stay under the hips and weight stays balanced on both legs, no leaning of body weight onto the opponent.
Hands stay high and inside the opponent's arms, ready to fire short punches without the guard dropping.","Head pulls back and rises, exposing the chin.
Elbows flare away from the body, opening the ribs and chin to hooks and uppercuts.
Athlete rests body weight on the opponent instead of standing on an independent base.
Hands drop to push, grab, or clinch instead of holding guard position.",,"Coach freezes the pair mid-exchange and resets the chin down against the opponent's shoulder by hand.
Coach taps the flared elbow and calls ""elbows in"" until the position holds without a reminder.
Coach steps in, breaks the lean, and repositions the athlete's feet and weight under their own hips.
Coach interrupts any push, grab, or dropped hand, resets to guard, and restarts the drill from contact. Coach confirms authorization for conditioned contact work before the pairing begins, consistent with contact-level requirements set at the club level [B6-005].","Holding organized position at close range under pressure is the same skill a boxer needs when a bigger or more aggressive opponent closes distance in live sparring or competition.
Staying settled and structured at close range rather than panicking or bracing carries directly into any high-pressure situation outside the gym where backing away is not an option.",conditioned,gloves,True,"COACHING CRAFT - authored, informed by evidence, not individually validated",PPBF research program 2026-08-07,True,{{SEED_ACCOUNT_ID}},platform_owner,advanced,B6-005,LITERATURE-GROUNDED DRAFT — generated from cited registry claims; REQUIRES FLOOR VALIDATION
{{PPBF_ORG_ID}},drl_403a46cda65935,drl_403a46cda65935,1,,,Inside Exit,boxing,tactical,SK-IN-02,Leaving close range safely,Leaving close range safely,gloves,Exit from close range using an angle rather than a straight retreat. Requires coach authorization.,"Exit begins with a pivot off the rear foot, not a step straight back.
Hands stay up through the whole disengagement, guard never drops to create distance.
Angle changes the boxer's position relative to the opponent's centerline before separation is complete.
Coach calls or signals the break, and both boxers stop punching on that signal before resetting distance.","Straight backward retreat with no pivot, weight staying square to the opponent.
Head stays on the centerline through the exit instead of moving off-line with the feet.
Guard drops during the break, hands coming down before separation is confirmed.
Boxer turns the back or looks away from the opponent while exiting.",,"Stop the drill immediately, reset both boxers in contact, and walk the pivot step at slow speed before adding hands.
Have the boxer keep eyes and lead hand on the opponent through the entire exit, cue ""see him leave"" as a checkpoint.
If a head clashes or an accidental blow lands during a failed break, treat it under the standard head-contact protocol and suspend that boxer's participation accordingly rather than restarting the round [B4-017].
Run this drill only when a coach is dedicated to watching it, not also working pads or supervising other pairs [B2-047].","The pivot-exit becomes the boxer's default answer to being crowded in live sparring, replacing the instinct to just step back.
Outside the gym, it's the same lesson applied to leaving any close confrontation: move off the line, don't just back away from it.",conditioned,gloves,True,"COACHING CRAFT - authored, informed by evidence, not individually validated",PPBF research program 2026-08-07,True,{{SEED_ACCOUNT_ID}},platform_owner,advanced,B2-047|B4-017,LITERATURE-GROUNDED DRAFT — generated from cited registry claims; REQUIRES FLOOR VALIDATION
{{PPBF_ORG_ID}},drl_0ffe13585e6bdc,drl_0ffe13585e6bdc,1,,,Outside Control,boxing,tactical,SK-OUT-01,Managing the fight at long range,Managing the fight at long range,gloves,Maintain long range against a partner instructed to close. Requires coach authorization.,"Boxer keeps lead foot outside partner's lead foot and guard held high through each entry.
Distance re-established immediately after every exchange, hands returning to guard before the feet reset.
Jab or half-step used to interrupt the approach before partner closes to mid-range.
Boxer circles off the back foot at an angle rather than retreating straight back.","Retreating in a straight line until trapped against the ropes.
Hands lower after the jab, guard open on the reset step.
Squaring up and trading at close range instead of resetting distance.
Feet crossing on the back step, balance lost mid-retreat.",,"Coach calls the straight-line retreat the moment it happens and resets the boxer to angle off at 45 degrees.
Coach has the boxer walk the footwork pattern alone, without a partner, until the pivot is automatic.
Coach stops the round the instant the guard drops on the reset step and rebuilds the sequence jab-then-guard from a stationary start.
Coach confirms this conditioned contact work is running under direct, authorized supervision before letting partner pressure continue, consistent with the certification structure required to run full-contact sessions [B6-005].","The same footwork and jab timing that hold range here are what keep a fighter out of trouble in live sparring against a pressure fighter.
Outside the gym, it is the habit of managing an escalating situation from a distance instead of meeting it head-on.",conditioned,gloves,True,"COACHING CRAFT - authored, informed by evidence, not individually validated",PPBF research program 2026-08-07,True,{{SEED_ACCOUNT_ID}},platform_owner,advanced,B6-005,LITERATURE-GROUNDED DRAFT — generated from cited registry claims; REQUIRES FLOOR VALIDATION
{{PPBF_ORG_ID}},drl_b755caac79e37e,drl_b755caac79e37e,1,,,Technique Hold Under Volume,boxing,bagwork,SK-BAG-01,Preserving technique as bag volume rises,Preserving technique as bag volume rises,heavy bag,Work the bag in short bouts; coach records the point at which technique degrades rather than counting punches. The degradation point is the output.,"Hands return to guard after every punch, not just the first ten.
Chin stays tucked and feet stay set as bag rhythm increases.
Punches land clean and land where thrown rather than glancing or missing [A8-002].
Breathing stays controlled through combinations instead of turning into gasping between shots.","Hands drop to hip level after punching instead of returning to guard.
Punches shorten into arm-only pushes with no hip or foot drive.
Output stays high but more punches miss or graze the bag instead of landing clean [A8-002].
Chin lifts and eyes drop to the bag surface as the round wears on.",,"Coach calls the bout dead the moment technique breaks, not when the boxer slows down.
Coach names the exact fault out loud - ""hands down,"" ""chin up"" - rather than restarting generically.
Coach resets the boxer to a stationary guard position before the next bout begins.
Coach checks hand wraps and glove fit between bouts, since the hand is the body part most often hurt in both training and competition [A6-001].","This trains the boxer to notice their own breakdown point before a coach or opponent finds it for them.
Fights and sparring reward the boxer who keeps landing clean over the one who just keeps throwing [A8-002].",light_technical,heavy bag,False,"COACHING CRAFT - authored, informed by evidence, not individually validated",PPBF research program 2026-08-07,True,{{SEED_ACCOUNT_ID}},platform_owner,intermediate,A6-001|A8-002,LITERATURE-GROUNDED DRAFT — generated from cited registry claims; REQUIRES FLOOR VALIDATION
{{PPBF_ORG_ID}},drl_3c2aad1eb8baa9,drl_3c2aad1eb8baa9,1,,,Bag Work With Stated Purpose,boxing,bagwork,SK-BAG-02,Aligning bag work to an intention,Aligning bag work to an intention,heavy bag,Athlete states the purpose before starting and reports afterwards whether it was met. Unstated bag work does not count as a rep.,"Athlete states the purpose out loud before the first punch — a specific technical or tactical aim, not a general goal.
Combinations thrown match that stated purpose; a body-shot round shows body shots, not a mixed bag of everything.
Fist and wrist stay aligned through contact, especially on the strikes the stated purpose calls for [A2-070].
At the end athlete gives a direct yes-or-no on whether the purpose was met, with one concrete reason attached.","Athlete steps to the bag and starts hitting with no purpose stated at all.
Stated purpose is vague — ""get better,"" ""work hard"" — with no technical or tactical content.
Combinations drift away from the stated purpose partway through and nobody flags it.
Post-round report is skipped, or reduced to a feeling (""felt good"") disconnected from the stated aim.",,"Coach stops the athlete before contact and asks ""what is the purpose of this round"" — no answer, no round.
Coach rejects vague purposes on the spot and asks for a one-sentence, specific replacement before the clock starts.
Coach calls out drift the moment it appears and makes the athlete choose: return to the original purpose or state a new one out loud.
Coach withholds credit for the rep until the post-round report is given — unstated bag work does not count as a rep.","This is the same habit needed in sparring and bouts — entering an exchange with a stated tactical aim rather than just reacting to what's in front of you.
Outside the gym it's the discipline of naming what a task is for before starting and being able to say afterward whether it worked, which is also part of why athletes stay engaged with training in the first place [B4-027].",light_technical,heavy bag,False,"COACHING CRAFT - authored, informed by evidence, not individually validated",PPBF research program 2026-08-07,True,{{SEED_ACCOUNT_ID}},platform_owner,beginner,A2-070|B4-027,LITERATURE-GROUNDED DRAFT — generated from cited registry claims; REQUIRES FLOOR VALIDATION
{{PPBF_ORG_ID}},drl_111f0a8ae15fc3,drl_111f0a8ae15fc3,1,,,Pad Round With Called Sequences,boxing,padwork,SK-PAD-01,Responding to called combinations,Responding to called combinations,focus mitts,"Coach calls sequences at irregular intervals. Pad work is a coaching interaction, not a conditioning block — call density stays low enough that technique is observable.","The athlete's hands stay up and loose between calls, not cocked in advance for a combo they've guessed. Punches launch only after the call is finished, never before it. Each combination runs through its full phase sequence — load, strike, retract — before the guard resets [A6-055]. Response time stays even whether the gap since the last call was short or long.","The athlete throws before the coach finishes calling the sequence. The athlete substitutes a favorite combo for the one actually called. Hands drop and stay down after the punch instead of returning to guard. The athlete chains calls back to back, skipping the retract phase to get ahead of the coach's rhythm.",,"Coach holds the pads still and silent until the guard is reset before calling again. Coach drops to a single punch call, not a combination, to kill the anticipation habit. Coach stretches the gap between calls until the hands stay up without being told. Coach isolates the exact punch being rushed or dropped rather than repeating the whole sequence — pad time is scarce and every call has to be spent on the actual fault [B2-048].",Answering the call instead of running a memorized pattern is the same skill as answering what an opponent actually throws instead of what was planned for. Outside the gym it is the same habit: responding to what is actually in front of you rather than to what you expected to be there.,light_technical,focus mitts,False,"COACHING CRAFT - authored, informed by evidence, not individually validated",PPBF research program 2026-08-07,True,{{SEED_ACCOUNT_ID}},platform_owner,intermediate,A6-055|B2-048,LITERATURE-GROUNDED DRAFT — generated from cited registry claims; REQUIRES FLOOR VALIDATION
{{PPBF_ORG_ID}},drl_e7587c167c1ebd,drl_e7587c167c1ebd,1,,,Shadow With an Imagined Opponent,boxing,shadow,SK-SHADOW-01,Shadow boxing against a specific problem,Shadow boxing against a specific problem,mirror optional,"Shadow box responding to a named opponent problem stated by the coach beforehand. Undirected shadow boxing is a different, lower-value activity.","Coach names the opponent problem out loud before the round starts.
Boxer's shot selection and footwork visibly answer that specific problem, not a generic combination.
Boxer resets head and feet after each exchange as though re-establishing range on a real opponent.
The pattern of movement stays consistent with the stated problem for the whole round.","Boxer throws combinations that have no relation to the stated problem.
Feet stay planted in one spot with no lateral movement to simulate the opponent's angle.
Round starts with no problem named, so the boxer is doing undirected shadow boxing instead of the drill.
Eyes track the mirror or the boxer's own hands instead of an imagined opponent's position.",,"Stop the round, restate the problem in one plain sentence, restart from a neutral stance.
Call the opponent's action out loud mid-round (""he's circling left, cut the angle"") to re-anchor the boxer.
Walk the boxer through the correct footwork once at half speed, then step back and observe again.
If the boxer is answering too many things at once, strip the problem down to one element only.","This is the rehearsal step that lets a boxer walk into sparring with a plan already built, instead of improvising cold.
The habit of naming the problem before acting carries into any live exchange, in the ring or outside it, where reacting on purpose beats reacting on instinct.",none,mirror optional,False,"COACHING CRAFT - authored, informed by evidence, not individually validated",PPBF research program 2026-08-07,True,{{SEED_ACCOUNT_ID}},platform_owner,beginner,,COACHING-CRAFT DRAFT — no directly relevant research retrieved; REQUIRES FLOOR VALIDATION
{{PPBF_ORG_ID}},drl_acf2fe66e284ff,drl_acf2fe66e284ff,1,,,Partner Drill Contract,boxing,partner,SK-PARTNER-01,Running a partner drill safely,Running a partner drill safely,none,"Before starting, partners state aloud who leads, what the intensity cap is, and the stop signal. The contract is the drill; the movement is secondary.","Both partners state leader, intensity cap, and stop signal aloud before any punch is thrown.
Leader and follower roles hold steady for the whole round; no unannounced swap.
A stop signal produces an immediate halt from both partners, no follow-up punch thrown.
Intensity stays visibly under the stated cap - loose shoulders, controlled contact, no snap.","Partners start moving before the contract is spoken.
One partner raises intensity without a new spoken agreement.
Stop signal is given but the other partner works one more exchange before stopping.
Leader role is contested or unclear once the drill is underway.",,"Coach stops the pair on the spot and resets both to standing still, hands down.
Coach has both partners restate the contract out loud before any resumption.
Coach assigns the leader directly if the pair cannot settle it in a few seconds - the same authority England Boxing gives a supervisor to halt a skills bout that isn't running as intended [A2-088].
Coach drops the intensity cap one level and requires a visible nod from both before restarting.","Stating terms before contact becomes the default habit carried into sparring, competition, and any physical negotiation outside the gym.
Treating the stop signal as absolute builds the trust that closely matched live work depends on, the same principle behind matching skills-bout opponents by age and weight [A2-088].",light_technical,none,False,"COACHING CRAFT - authored, informed by evidence, not individually validated",PPBF research program 2026-08-07,True,{{SEED_ACCOUNT_ID}},platform_owner,beginner,A2-088,LITERATURE-GROUNDED DRAFT — generated from cited registry claims; REQUIRES FLOOR VALIDATION
{{PPBF_ORG_ID}},drl_3c9cf54f121e59,drl_3c9cf54f121e59,1,,,Constraint Swap,boxing,technical,SK-DRILL-01,Adapting when the task constraint changes,Adapting when the task constraint changes,varies,"Run a known drill, then change one constraint — range, hand availability, footwork restriction — and run it again. The adaptation is the target, not the original drill.","Athlete runs the original drill clean before the constraint lands.
On the swap, footwork and hand selection change within the first two exchanges, not gradually.
Movement increases to cover what was taken away — more lateral steps, more ring generalship when range gets cut, more head movement when a hand is removed [A2-064].
Guard and stance hold through the transition, no reset or pause between the two drills.","Athlete keeps running the original pattern after the constraint has changed.
Visible pause or verbal check before adjusting — decision lag you can see.
Restricted hand creeps back into use, or the cut range gets crossed once pressure rises.
Output just collapses instead of shifting — punch volume drops with no rise in movement or feints to cover the gap [A8-004].",,"Stop the moment the old pattern reappears, name the constraint out loud, restart immediately.
Shrink the space or add a visual cue if the athlete can't find the adjustment on their own.
If the swap keeps getting missed as the round goes, cut the work segment short rather than let fatigue mask itself as poor adaptation — reaction time lengthens well before the athlete reports feeling slow [A8-029].
Walk the transition once at half speed, then send it back to full speed.","Fights change shape mid-round without warning — a hand goes dead, the ring shrinks, the opponent takes your range away. This drill is the rehearsal for that exact moment.
Outside the gym it's the same skill under a different name: the plan changes, you adjust the response, and you keep your frame while you do it.",light_technical,varies,False,"COACHING CRAFT - authored, informed by evidence, not individually validated",PPBF research program 2026-08-07,True,{{SEED_ACCOUNT_ID}},platform_owner,advanced,A2-064|A8-004|A8-029,LITERATURE-GROUNDED DRAFT — generated from cited registry claims; REQUIRES FLOOR VALIDATION
{{PPBF_ORG_ID}},drl_31f81811de1b2f,drl_31f81811de1b2f,1,,,Conditioned Sparring — Single Task,boxing,sparring,SK-SPAR-01,Sparring with one permitted action,Sparring with one permitted action,full protective equipment,"One athlete works a single named action while the partner is restricted to defence. Requires coach authorization, protective equipment per the applicable sanctioning body, and direct supervision. No volume is prescribed by this system.","Attacker throws only the named action and nothing else, repetition after repetition.
Defender uses guard, slip, or pivot only, no return punches, no counters.
Attacker's off hand stays up and set between reps.
Both boxers reset to stance and hands-up before the next rep starts.","Attacker adds a second punch or combination not named for the drill.
Defender fires back instead of defending only.
Pace or power creeps up past a controlled, no-contact standard.
Coach is not standing at the pairing, watching the exchange directly.",,"Stop the pair on the first mixed-in punch or returned shot, name the single action again out loud, restart from stance.
Walk the pair through the action at half speed before letting them go back to drill pace.
Pull a pair that keeps breaking the restriction out of sparring and put them on solo shadow work instead.
If a boxer takes a blow to the head or the session gets stopped for that reason, end sparring for that boxer and route through the concussion return protocol before any resumption [B4-017]; confirm registration and medical clearance are current before that boxer sparring resumes at all [B1-043].","One clean, accurate shot beats a wide, busy attack — this is what separates winners from losers in the amateur scoring data, not punch volume [A8-002].
Doing exactly one thing correctly under supervision, and stopping the moment the boundary breaks, is the same discipline that holds up under pressure outside the ring.",controlled_sparring,full protective equipment,True,"COACHING CRAFT - authored, informed by evidence, not individually validated",PPBF research program 2026-08-07,True,{{SEED_ACCOUNT_ID}},platform_owner,intermediate,A8-002|B1-043|B4-017,LITERATURE-GROUNDED DRAFT — generated from cited registry claims; REQUIRES FLOOR VALIDATION
{{PPBF_ORG_ID}},drl_d305c9e9ba7ddd,drl_d305c9e9ba7ddd,1,,,Conditioned Sparring — Role Swap,boxing,sparring,SK-SPAR-02,Alternating attacking and defending roles,Alternating attacking and defending roles,full protective equipment,"Roles swap on the coach's call. Requires coach authorization, protective equipment, and direct supervision. No volume is prescribed by this system.","Both boxers are registered with medical clearance documented before stepping in [A5-149].
The licensed coach is present and controlling the exchange, not just observing [A6-084].
Roles swap immediately and cleanly on the coach's call, with no extra punches thrown after the call.
Contact stays at touch level throughout — punches land and retract, they do not drive through.","Contact escalates past touch into weight-behind-it punching.
An athlete keeps working after taking a blow to the head instead of stopping on the call.
Roles blur — the designated defender starts throwing, the attacker starts blocking and countering.
Punch selection drifts outside what was prescribed for the drill.",,"Coach calls time immediately and resets both athletes to start position.
Coach applies the concussion protocol and removes the athlete from sparring if head blows are suspected, holding them out per the return-to-spar pathway rather than letting them continue [B4-017].
Coach re-states the constraint out loud before restarting — who attacks, who defends, which punches are live.
Coach shortens the exchange and rebuilds contact control before allowing the drill to run again.","This builds the habit of reading a role change instantly and adjusting output without hesitation, which carries directly into live sparring and competition rounds.
It also builds the habit of stopping the moment a call is made, which carries into any setting where a person must disengage from a physical confrontation on command.",controlled_sparring,full protective equipment,True,"COACHING CRAFT - authored, informed by evidence, not individually validated",PPBF research program 2026-08-07,True,{{SEED_ACCOUNT_ID}},platform_owner,intermediate,A5-149|A6-084|B4-017,LITERATURE-GROUNDED DRAFT — generated from cited registry claims; REQUIRES FLOOR VALIDATION
{{PPBF_ORG_ID}},drl_93b8eac77911a2,drl_93b8eac77911a2,1,,,Open Sparring,boxing,sparring,SK-SPAR-03,Unrestricted controlled sparring,Unrestricted controlled sparring,full protective equipment,"Requires coach authorization, medical and eligibility status confirmed by qualified humans, protective equipment per the applicable sanctioning body, and direct supervision throughout. No volume, frequency or round count is prescribed by this system — no validated safe dose exists.","Both boxers' registration and current medical clearance are confirmed and on file before gloves touch [A5-149].
Coach stands ringside in direct, uninterrupted supervision for the full session.
Protective equipment matches the applicable sanctioning body's requirements before the first exchange.
Boxers break cleanly and stop instantly on the coach's call, with no additional punches thrown after ""stop.""","Sparring starts without documented medical clearance or with an unregistered boxer [A5-149].
A boxer takes sustained head contact and the session continues instead of stopping.
Coach attention is split — coaching another pair, on a phone, or out of position to see the exchange.
A boxer under a medical suspension is put back in to spar before the suspension period is served [B3-047][B4-017].",,"Coach stops the session on sight of any head-blow stoppage criteria and does not resume without ringside medical input [B4-017].
Coach checks registration and Annual Medical documentation before any pairing steps in, every time, with no exceptions [A5-149].
Coach removes a suspended boxer from all sparring for the full suspension period regardless of how they say they feel [B3-047].
Coach repositions immediately to maintain full sightline on both boxers before allowing sparring to continue.","Reading an opponent's timing and adjusting range under pressure is the direct rehearsal for live bout performance.
The discipline of stopping on command and respecting a suspension carries into any high-consequence activity where the person in charge calls the stop, not the person in the action — a habit worth having given the documented long-term risks of repeated head contact in boxing [B5-046].",open_sparring,full protective equipment,True,"COACHING CRAFT - authored, informed by evidence, not individually validated",PPBF research program 2026-08-07,True,{{SEED_ACCOUNT_ID}},platform_owner,advanced,A5-149|B3-047|B4-017|B5-046,LITERATURE-GROUNDED DRAFT — generated from cited registry claims; REQUIRES FLOOR VALIDATION
{{PPBF_ORG_ID}},drl_367b662564784e,drl_367b662564784e,1,,,Sparring Debrief,boxing,film,SK-SPAR-04,Structured reflection after sparring,Structured reflection after sparring,notebook or app,"Immediately after sparring, athlete and coach separately note one thing that worked and one that did not, then compare. The comparison is the drill.","Athlete and coach each state one thing that worked and one that did not, in that order, before either hears the other's version.
Statements name a specific action — a round number, a punch, a position — not a general impression.
The two lists are compared out loud within minutes of the sparring ending, gear still on.
Where the two lists disagree, both parties say so and point to the exchange in question.","Athlete waits to hear the coach's note before giving their own.
The note is vague — ""I did alright,"" ""my jab was off"" — with no round or exchange attached.
The debrief turns into a full replay of the sparring session instead of two points.
The comparison gets pushed to the next day instead of happening right after the bout.",,"Coach has both parties write their one-good/one-bad note down before either speaks, so the second person can't just echo the first.
Coach writes the note down rather than trusting recall alone — reaction time and working memory both show measurable change within two hours of a bout, so a written note taken on the spot is worth more than a memory pulled up later [B4-015].
When an answer is vague, coach asks ""what round, what happened"" and does not accept a second vague answer.
When the athlete drifts into replaying the whole sparring session, coach stops them and repeats: one thing that worked, one that did not.","The athlete carries one specific correction into the next sparring session instead of a general mood about how it went.
The habit of separating what happened from how it felt is useful in any review of performance, in or out of the gym.",none,notebook or app,False,"COACHING CRAFT - authored, informed by evidence, not individually validated",PPBF research program 2026-08-07,True,{{SEED_ACCOUNT_ID}},platform_owner,intermediate,B4-015,LITERATURE-GROUNDED DRAFT — generated from cited registry claims; REQUIRES FLOOR VALIDATION
{{PPBF_ORG_ID}},drl_e1f757f0c3e703,drl_e1f757f0c3e703,1,,,Stop Signal Rehearsal,boxing,partner,SK-SAFE-01,Rehearsing the stop signal,Rehearsing the stop signal,none,"Partners rehearse the stop signal cold, before any contact work, until the response is immediate. Rehearsed before every contact session regardless of athlete experience.","Both partners run the signal cold, before any gloves touch, and the response comes on the first call, not the second.
Signal given — hand up or word called — receiver's hands drop and both athletes step back inside the same second.
Eye contact is made and the receiver waits for a spoken ""ready"" before either partner resumes.
Called twice in a row, the response stays just as fast the second time.","Receiver keeps punching, moving, or finishing a combination after the signal is given.
Signal-giver hesitates, mumbles the call, or skips it out of embarrassment.
Pair races through the rehearsal once and treats it as done rather than testing it to failure.
Athlete nods or gestures instead of using the trained signal.",,"Stop the drill outright and reset both athletes to neutral before any contact work is allowed to start or continue.
Call the signal yourself, time the response, and work pair by pair — supervision, not floor space, is what limits how many pairs you can watch in this kind of technical drilling [B2-046].
Have the athlete who hesitated call the signal five times cold, alone, before putting them back with a partner.
Rotate partners so each athlete has stopped for someone unfamiliar, not just their usual training partner.","This rehearsal installs the stop reflex before sparring reflexes take over — a beginner's untrained response to an incoming punch already trends toward covering rather than answering back [A2-054], so the stop has to be drilled in ahead of that.
The same immediacy is what a supervisor relies on when empowered to halt a bout that isn't going right [A2-088].
The habit of calling a stop early, before pushing through, carries the same way outside the gym: say something before it escalates, not after.",light_technical,none,False,"COACHING CRAFT - authored, informed by evidence, not individually validated",PPBF research program 2026-08-07,True,{{SEED_ACCOUNT_ID}},platform_owner,beginner,A2-054|A2-088|B2-046,LITERATURE-GROUNDED DRAFT — generated from cited registry claims; REQUIRES FLOOR VALIDATION
{{PPBF_ORG_ID}},drl_cb54d49d71c270,drl_cb54d49d71c270,1,,,Intensity Cap Check,boxing,partner,SK-SAFE-02,Holding an agreed intensity ceiling,Holding an agreed intensity ceiling,none,"Partners agree an intensity level, work briefly, then each rate the actual intensity. Mismatched ratings mean the cap is not shared and the pairing needs coach attention.","Both partners state the same intensity number out loud to each other and to the coach before starting.
The work stays brief, hands and feet stay technical, shots land with control rather than power.
The moment work stops, each partner rates the actual intensity independently, before either speaks to the other.
The two ratings match or sit one number apart.","One partner calls the exchange ""70 percent"" while the other calls the same exchange ""90 percent.""
Intensity climbs round to round without either partner naming the change, work getting sharper as the drill continues [A3-024].
A partner gives their rating only after hearing the other's number, not before.
A partner nods at the agreed cap but cannot repeat it back in their own words.",,"Stop the pairing the instant ratings diverge and have each partner reproduce the intensity they meant, side by side, for comparison.
Have each partner call their number facing away from the other, before any discussion, every single time.
Before work starts, make each partner restate the agreed cap in their own words rather than just agreeing to it [A8-035].
Shorten the work interval so the check happens more often, catching drift before it builds across rounds [A3-024].
Treat the partners' own ratings as the primary signal here — even instrumented sensors miss a large share of impacts and cannot substitute for this check [A5-081].","The habit of naming a cap, checking it, and stopping on mismatch is what holds a boundary once heart rate and fatigue climb in live sparring [A3-024].
Outside the gym, this is the same skill as agreeing a limit with someone and confirming out loud, before and after, that you both meant the same thing.",light_technical,none,False,"COACHING CRAFT - authored, informed by evidence, not individually validated",PPBF research program 2026-08-07,True,{{SEED_ACCOUNT_ID}},platform_owner,beginner,A3-024|A5-081|A8-035,LITERATURE-GROUNDED DRAFT — generated from cited registry claims; REQUIRES FLOOR VALIDATION
{{PPBF_ORG_ID}},drl_a1b0aa882e6719,drl_a1b0aa882e6719,1,,,Between-Round Reset,boxing,technical,SK-RET-01,Recovering between work bouts,Recovering between work bouts,stool or chair,"Practise the between-round sequence: breathing, one instruction, and returning to base. The instruction count is capped at one deliberately.","Athlete returns to the stool or corner and takes several full breaths before any instruction is given.
Coach delivers exactly one instruction, stated once, in plain language.
Athlete repeats or nods the instruction back, then sets hands and stance before the ten-second warning.
The full sequence fits inside the one-minute interval with time left before the bell [A6-081][A6-022].","Coach stacks two or three corrections instead of one.
Athlete is still breathing hard through the mouth when the bell sounds, no visible settling of breath.
Athlete stands or shifts weight onto the back foot instead of resetting to base stance.
Coach and athlete go back and forth talking instead of one instruction landing and stopping.",,"Coach stops after the first instruction and physically holds up one finger as the cap.
Coach calls ""breathe"" and pauses three seconds before saying anything else.
Coach places hands on athlete's shoulders or taps the guard position to force the return to base stance.
Coach shortens the instruction to a single cue word if the athlete cannot execute a full sentence in time.","This is the same reset an athlete needs between exchanges in live rounds, when fatigue drives punch force down and technical output apart between winners and losers [A2-011][A2-058].
Outside the gym, it is the same skill: one breath, one instruction, back to a ready position, before reacting to the next thing.",none,stool or chair,False,"COACHING CRAFT - authored, informed by evidence, not individually validated",PPBF research program 2026-08-07,True,{{SEED_ACCOUNT_ID}},platform_owner,beginner,A2-011|A2-058|A6-022|A6-081,LITERATURE-GROUNDED DRAFT — generated from cited registry claims; REQUIRES FLOOR VALIDATION
{{PPBF_ORG_ID}},drl_dbde0fe502575d,drl_dbde0fe502575d,1,,,Instruction Under Fatigue,boxing,technical,SK-RET-02,Taking corner instruction when tired,Taking corner instruction when tired,timer,"After a work bout, receive a single instruction and execute it in the next bout. Tests instruction retention under fatigue, not the instruction itself.","Coach gives one instruction between bouts, athlete applies it on the first exchange of the next bout.
The correction shows up immediately, not after several exchanges of feeling it out.
The correction holds through the bout as breathing labors, not just in the opening seconds [A2-011].
Athlete does not ask for the instruction to be repeated.","Athlete says ""got it"" or nods, then throws the same shape as before the instruction.
Correction appears once in the first exchange, then disappears as fatigue sets in [A2-011].
Athlete pauses for a beat before responding, instruction is being processed rather than acted on [B4-015].
Athlete asks the coach to repeat the instruction mid-bout.",,"Cut the instruction down to one word or one image, not a sentence, before the next bout starts.
Demonstrate the correction on the pads in the seconds before the bout starts rather than describing it.
Watch only the first exchange of the next bout - if the correction isn't there, stop the bout and reset with the identical cue.
Drop the pace of the next work bout so the instruction can be executed clean before fatigue is reintroduced.","This is the exact demand of a corner instruction between rounds - one cue, delivered once, executed cold on the first exchange of the next round.
Outside the gym it is the same skill: taking direction while tired and acting on it immediately, not once you've recovered enough to think it over.",none,timer,False,"COACHING CRAFT - authored, informed by evidence, not individually validated",PPBF research program 2026-08-07,True,{{SEED_ACCOUNT_ID}},platform_owner,advanced,A2-011|B4-015,LITERATURE-GROUNDED DRAFT — generated from cited registry claims; REQUIRES FLOOR VALIDATION
{{PPBF_ORG_ID}},drl_2d85a3b7a132a7,drl_2d85a3b7a132a7,1,,,Film Study — Single Question,boxing,film,SK-FILM-01,Watching film with one defined question,Watching film with one defined question,video,"Athlete watches a clip with one question stated in advance and answers it. Open-ended watching is a different, weaker activity.","Athlete hears the question stated before the clip starts, then watches.
Answer names one specific moment or position in the clip, not a general impression.
Athlete can point to the exact exchange on replay and show what the question was asking about.
Session ends after that one question is answered — no drift into unrelated observations.","Clip is watched first, question comes after — this is open-ended watching, a weaker activity than the drill calls for.
Answer is an evaluation (""I looked bad"") rather than a named position or timing error.
Athlete watches the whole bout or round instead of the isolated clip tied to the question.
Question changes mid-review to match whatever was noticed, rather than being answered or left unanswered as asked.",,"Coach states the single question out loud and writes it down before pressing play.
Coach pauses at the relevant exchange and asks the athlete to point to the frame, not describe a feeling.
Coach rejects a vague answer and replays the clip, asking ""show me where.""
If the footage includes a minor, coach confirms written parental consent is on file and that the clip is stored and disposed of per club policy before it is reviewed or kept [A8-040].","The same habit — one question, one answer, then stop — applies to reviewing a sparring round or a scored bout.
Outside the gym, it trains reviewing any performance by naming one thing to check before watching, instead of watching first and judging after.",none,video,False,"COACHING CRAFT - authored, informed by evidence, not individually validated",PPBF research program 2026-08-07,True,{{SEED_ACCOUNT_ID}},platform_owner,intermediate,A8-040,LITERATURE-GROUNDED DRAFT — generated from cited registry claims; REQUIRES FLOOR VALIDATION
{{PPBF_ORG_ID}},drl_1f5bf3a2ca967b,drl_1f5bf3a2ca967b,1,,,Self-Film Comparison,boxing,film,SK-FILM-02,Comparing own footage against intention,Comparing own footage against intention,video,"Athlete states what they intended, then watches their own footage and notes the difference. The gap is the output.","Athlete states the intended action out loud, specific target and specific sequence, before the clip plays.
Athlete watches the footage in silence, no talking during playback.
Eyes on screen track the same cues that mattered live - opponent's hands, hips, head position [A8-059].
Coach hears one plain sentence naming the gap, not a list of justifications.","Athlete narrates over the footage instead of stating intent beforehand.
Athlete replays only the highlight moments and skips the exchanges where the stated intent failed.
Gaze on screen fixes on the opponent's head and slides off the hands and plexus, the same drift recorded when peripheral vision is loaded [A8-059].
Athlete describes what the opponent did on screen instead of what they themselves intended and did.",,"Coach pauses the clip, rewinds ten seconds, and has the athlete restate intent before pressing play again.
Coach covers the outcome portion of the frame and has the athlete call the opponent's next action before it happens.
Coach points to one screen region - hands, plexus, head - and has the athlete describe only that region before moving on [A8-059].
Coach writes the stated intent and the observed action on paper side by side, one line each, before any discussion starts.","The same state-intent-then-check sequence runs in sparring debriefs and in any skill where the plan and the execution can split apart.
Naming the gap during footage of defensive resets and ring movement builds the same read used to track live opponent patterns [A6-037].",none,video,False,"COACHING CRAFT - authored, informed by evidence, not individually validated",PPBF research program 2026-08-07,True,{{SEED_ACCOUNT_ID}},platform_owner,advanced,A6-037|A8-059,LITERATURE-GROUNDED DRAFT — generated from cited registry claims; REQUIRES FLOOR VALIDATION
{{PPBF_ORG_ID}},drl_1315b52f037c2a,drl_1315b52f037c2a,1,,,Self-Assessment Against Criterion,boxing,film,SK-SELF-01,Rating own performance against a stated criterion,Rating own performance against a stated criterion,rubric extract,"Athlete rates their own execution against a written observable criterion before hearing the coach's rating, then both are compared.","Athlete reads the written criterion aloud before the clip plays.
Athlete states a rating against that criterion and names the exact exchange that justifies it, before the coach gives their own rating.
Athlete's wording matches the terms on the criterion sheet, not general praise or blame.
Both ratings get written down separately, then set side by side and compared out loud.","Athlete glances at the coach's face or waits for a nod before committing to a number.
Athlete rates the whole round or the whole sparring session instead of the single stated criterion.
Athlete's rating shifts once the coach's rating is heard, with no clip cited for the change.
Athlete argues that the coach is wrong instead of pointing to where the two ratings disagree.",,"Coach keeps their own rating covered or unspoken until the athlete has written theirs down first.
Coach hands the athlete the criterion card and has them read it back before the footage runs.
Coach freezes the clip at the moment named in the criterion and asks for the rating again, tied to that frame.
Coach names the specific frame behind their own rating rather than just stating a number, since agreement between different observers on the same footage is known to run lower than agreement within a single observer's own repeated viewings [A6-056].","Rating your own execution against a named standard before hearing the verdict carries straight into sparring and into corner instructions between rounds.
Letting the athlete control this part of the feedback sequence is the same mechanism that has helped skill learning in other self-controlled video feedback settings [A2-044].",none,rubric extract,False,"COACHING CRAFT - authored, informed by evidence, not individually validated",PPBF research program 2026-08-07,True,{{SEED_ACCOUNT_ID}},platform_owner,intermediate,A2-044|A6-056,LITERATURE-GROUNDED DRAFT — generated from cited registry claims; REQUIRES FLOOR VALIDATION
{{PPBF_ORG_ID}},drl_e3362ef055ceff,drl_e3362ef055ceff,1,,,Pre-Session Intention,boxing,technical,SK-REV-01,Setting an intention before training,Setting an intention before training,notebook or app,Athlete writes one intention before the session and reviews it afterwards.,"Athlete writes one sentence on paper before gloves go on.
The coach can read the line without needing it explained.
After the session, the athlete writes a second line underneath assessing whether the intention was met.
Both lines stay on the same card, visible together.","Intention is vague — ""have a good session,"" ""work hard.""
Line gets written after warm-up starts, not before it.
Review is skipped, or done the next day from memory instead of right after training.
Review just repeats the intention instead of judging it against what happened.",,"Coach stops the athlete before they step on the floor and asks to see the written line first.
Coach hands over a card with one blank line so the intention has to be specific and short.
Coach places the card at the edge of the ring or on the bag so the review happens the moment the session ends, not later.
Coach reads the review back and asks the athlete to point to the exact intention it answers.","The same one-line-in, one-line-out format is the format used to log a bout or sparring day afterward — including a line on whether any head contact was taken, since concussion is reported as the single most common injury in boxer cohorts [B4-009]. Given that training carries far lower injury incidence than competition [B4-006][A5-065][A8-017], this daily habit builds the review discipline the athlete will need when competition exposure — and the stakes of an accurate post-bout account — go up.
Outside the gym, stating one aim before a task and checking it against the result afterward is the same habit applied to anything with a clear start and finish.",none,notebook or app,False,"COACHING CRAFT - authored, informed by evidence, not individually validated",PPBF research program 2026-08-07,True,{{SEED_ACCOUNT_ID}},platform_owner,beginner,A5-065|A8-017|B4-006|B4-009,LITERATURE-GROUNDED DRAFT — generated from cited registry claims; REQUIRES FLOOR VALIDATION
{{PPBF_ORG_ID}},drl_70d70c8e6af657,drl_70d70c8e6af657,1,,,Imagery Rehearsal,boxing,technical,SK-REV-02,Mental rehearsal of a technique,Mental rehearsal of a technique,none,"Rehearse a specific technique mentally before physical execution. Rehearsal is of one named technique, not general visualisation.","Coach names the technique aloud once; athlete repeats it back in his own words before closing his eyes.
Athlete stands still, hands set as if in guard, no footwork, no shadow punches, for the length of the rehearsal.
Athlete opens his eyes and states the technique name again, and it matches the coach's original call.
Rehearsal ends with one clean execution of that same named technique at working pace, nothing else added.","Athlete nods or says ""got it"" without repeating the technique name, so the coach cannot confirm what was actually rehearsed.
Athlete drifts into general shadow-boxing or shifts weight and feet during the rehearsal instead of standing still.
The technique the athlete executes afterward does not match the technique the coach named at the start.
Coach and athlete move straight into bag work or sparring without the athlete restating the technique first.",,"Stop the drill, restate the technique name yourself, and require the athlete to say it back correctly before rehearsal restarts.
If the athlete's feet or hands move during rehearsal, reset him to stillness and strip the rehearsal down to one technique only, no combinations.
Check the athlete's spoken description against your own before allowing execution — coach and athlete accounts of the same action do not automatically agree, even between experienced observers [A8-076].
Shorten the rehearsal and rebuild it only once the athlete can name the technique correctly on two consecutive attempts.","Naming the shot before throwing it becomes the habit that carries into shadow rounds, bag work, and eventually the calls made in sparring.
Outside the gym this is the same discipline as stating a decision before acting on it — name the intention, then execute it.",none,none,False,"COACHING CRAFT - authored, informed by evidence, not individually validated",PPBF research program 2026-08-07,True,{{SEED_ACCOUNT_ID}},platform_owner,intermediate,A8-076,LITERATURE-GROUNDED DRAFT — generated from cited registry claims; REQUIRES FLOOR VALIDATION
{{PPBF_ORG_ID}},drl_81c1dc6ae59852,drl_81c1dc6ae59852,1,,,Read the Stance,boxing,tactical,SK-TAC-01,Identifying opponent stance and implications,Identifying opponent stance and implications,video or partner,Identify orthodox or southpaw and state one consequence for lead-foot position before any movement.,"Boxer calls ""orthodox"" or ""southpaw"" out loud before any foot moves.
Boxer states the lead-foot consequence in one sentence — inside or outside foot position, which lead hand crosses which lead hand.
Feet stay planted through the call, then step to the correct angle only after the words are out.
Call and step happen in the same order every repetition.","Boxer steps or shifts weight before finishing the verbal call.
Boxer names the stance but gives no foot-position consequence, or gives one that doesn't match the stance called.
Boxer misreads southpaw as orthodox or vice versa.
Boxer answers with a generic line (""watch the power hand"") instead of a specific lead-foot statement.",,"Stop the drill the instant feet move before the call is complete; reset to the starting distance.
Point at the opponent's lead foot and ask ""inside or outside of this?"" until the boxer answers correctly without hesitation.
Walk the boxer through the two setups side by side — same-stance and mixed-stance — so the foot-position rule is stated for each before any stepping is allowed.
Slow the pairing to a freeze-frame cadence: stance called, consequence stated, coach says ""step,"" boxer steps.","This is the read that has to run before the first exchange in sparring, since angle and outside-foot control are decided by stance match before a punch is thrown.
Because mixed-stance pairings are rarer than same-stance ones for most boxers [A2-091], the explicit call-out compensates for the lower rep count southpaw match-ups get in daily sparring.
Outside of boxing, the habit transfers as ""identify the terrain before you commit a step"" — read the setup, say what it means, then move.",none,video or partner,False,"COACHING CRAFT - authored, informed by evidence, not individually validated",PPBF research program 2026-08-07,True,{{SEED_ACCOUNT_ID}},platform_owner,intermediate,A2-091,LITERATURE-GROUNDED DRAFT — generated from cited registry claims; REQUIRES FLOOR VALIDATION
{{PPBF_ORG_ID}},drl_006134ad264754,drl_006134ad264754,1,,,Lead Foot Battle,boxing,tactical,SK-TAC-02,Managing lead-foot position against opposite stance,Managing lead-foot position against opposite stance,none,"Against an opposite-stance partner, work to keep the lead foot outside theirs. No punching.","Lead foot lands outside the partner's lead foot on every reset, opening the angle toward their back hip.
Weight returns to stance cleanly, no crossing of the feet during the reposition.
The foot adjusts on the partner's step, not after their hips have already turned.
Stance stagger stays intact through the exchange; shoulders stay offset, not squared.","Lead foot drifts inside the partner's lead foot, giving up the outside angle.
Feet cross during the repositioning step.
The response to the partner's step arrives late, after the hips have already turned.
Athlete squares up, stance stagger disappears.",,"Coach calls ""outside"" the moment the angle is lost, freezes both athletes, and resets from that exact foot position.
Coach slows the rep to half speed and repeats the same step until the crossing stops showing up.
Coach has the partner step first and restricts the athlete to a lead-foot pivot only, isolating the correction from everything else.
Coach closes the working space when squaring recurs, forcing a smaller, quicker outside step.","Holding this angle deep into a bout is a conditioning problem as much as a technical one; aerobic capacity is what lets the footwork stay disciplined instead of breaking down under fatigue [A5-002][A3-022].
Winners in novice bouts throw more lead-hand punches in round one than losers [A2-059]; lead-foot position is what makes that lead hand land, so the habit built here shows up first in early-round scoring.",light_technical,none,False,"COACHING CRAFT - authored, informed by evidence, not individually validated",PPBF research program 2026-08-07,True,{{SEED_ACCOUNT_ID}},platform_owner,advanced,A2-059|A3-022|A5-002,LITERATURE-GROUNDED DRAFT — generated from cited registry claims; REQUIRES FLOOR VALIDATION
{{PPBF_ORG_ID}},drl_225e5d543beb1f,drl_225e5d543beb1f,1,,,Plan and Adjust,boxing,tactical,SK-TAC-03,Changing plan when it is not working,Changing plan when it is not working,gloves,"Athlete states a plan, works a bout, then states what they changed and why. Requires coach authorization.","Athlete states the plan in one sentence before the round starts — stance, target, footwork.
When the opponent switches stance, the athlete's lead foot and guard hand swap within the next two exchanges.
Coach gives a visible go/no-go signal before the athlete resumes after any pause to adjust.
After the bout, athlete points to the exact exchange where the plan stopped working and names what replaced it.","Athlete keeps running the original plan for rounds after the stance switch has changed the angles.
Lead foot and jab hand stay fixed even though the opponent's lead hand has changed.
Athlete describes the outcome (""I got caught"") instead of naming what in the plan needs to change.
Athlete changes the plan mid-round without waiting for coach authorization.",,"Coach stops the round and has the athlete call out the opponent's current stance before anything else.
Coach walks the athlete through the footwork swap standing still, then restarts from that position.
Coach withholds authorization to continue until the athlete states the revised plan in one sentence.
Coach flags the point in the bout where the athlete's reads got slow, since reaction speed and decision measures in boxers decline across bout load within a tournament [B4-015].","Naming what changed and switching the response before frustration builds carries directly into live sparring and into competition against an unfamiliar stance.
The habit of stating a plan, testing it, and revising it out loud is the same habit that solves problems outside the gym.",conditioned,gloves,True,"COACHING CRAFT - authored, informed by evidence, not individually validated",PPBF research program 2026-08-07,True,{{SEED_ACCOUNT_ID}},platform_owner,advanced,B4-015,LITERATURE-GROUNDED DRAFT — generated from cited registry claims; REQUIRES FLOOR VALIDATION
{{PPBF_ORG_ID}},drl_b2fcf989112703,drl_b2fcf989112703,1,,,Opponent Problem Solving,boxing,tactical,SK-TAC-04,Solving an imposed tactical problem,Solving an imposed tactical problem,gloves,Coach assigns the partner a specific behaviour; athlete must identify and address it. Requires coach authorization.,"Athlete's shot selection changes visibly between rounds in direct response to the assigned behavior.
Range, angle, and rhythm shift round to round instead of repeating the same entry against the same cue [A2-061].
Punch accuracy against the specific behavior improves as the rounds continue rather than staying flat [A2-061].
Defensive movement rises specifically against the imposed behavior, not as a general increase in busyness.","Athlete throws the same combination that already failed, unchanged, in a later round.
Athlete only reacts to the behavior after being caught by it repeatedly, not before.
Athlete drops the tactical assignment mid-round and reverts to a default, comfortable pattern.
Athlete makes random adjustments instead of ones tied to the specific cue the coach assigned.",,"Coach stops the round immediately and states the exact behavior the athlete failed to solve.
Coach isolates one cue-response pairing on the pads or in shadow work before sending the pair back in.
Coach, holding current certification and authorization to run this drill, resets the partner to the assigned behavior and restarts the round [B3-045][A3-017].
Coach positions within direct sightline of every exchange so the adjustment can be scored live, not reconstructed after [B2-008].","Carries straight into live sparring and bouts, where the opponent changes shape and the boxer has no timeout to think it over.
Carries into any pressure situation outside the gym where the first answer fails and a second, better-read answer is required on the spot.",conditioned,gloves,True,"COACHING CRAFT - authored, informed by evidence, not individually validated",PPBF research program 2026-08-07,True,{{SEED_ACCOUNT_ID}},platform_owner,advanced,A2-061|A3-017|B2-008|B3-045,LITERATURE-GROUNDED DRAFT — generated from cited registry claims; REQUIRES FLOOR VALIDATION
{{PPBF_ORG_ID}},drl_39ed71de8c14cd,drl_39ed71de8c14cd,1,,,Wrap Under Supervision,boxing,technical,SK-HAND-01,Wrapping the hands correctly,Wrapping the hands correctly,hand wraps,Athlete wraps their own hands and a coach checks coverage and tightness before any bag or contact work. Wrap length and specification follow the applicable sanctioning body — there is no universal standard.,"Athlete lays gauze and tape flat across the back of the hand with no twists or bunching.
Knuckles, thumb, and wrist are covered per the wrap specification named for that commission or gym. [A6-066]
Fist closes fully and fingers spread open with the wrap already in place, before gloves go on.
Coach checks tightness with a finger slid under the wrap at the wrist and gives a visible nod or thumbs-up before any bag contact.","Wrap crosses the wrist bone directly instead of routing around it.
Tape touches bare skin instead of gauze, or tape substitutes for gauze across the knuckles.
Wrap is left loose over the knuckle line, or cinched so tight the fingers change color or the athlete cannot make a full fist.
Athlete moves to bag work before the coach has checked the wrap.",,"Stop the athlete before gloving up and unwrap the section that is wrong.
Rewrap the wrist and knuckle area yourself once, narrating each pass, then hand control back to the athlete for the next hand.
Recheck fist closure and finger color after any tightness adjustment.
Hold the athlete at wrap-check stage — no bag, no mitts, no partner work — until coverage and tightness both pass. This matters because the hand is the single most frequently injured site in boxing, in training and in competition alike. [A2-070][A6-001][A6-009]","Checking equipment before contact, and stopping when something is off, is the same habit that governs mouthguard checks, glove checks, and partner-readiness checks later in training.
Outside the gym it is the same discipline as checking gear before any task where a hand or tool failure only shows up after the fact.",none,hand wraps,False,"COACHING CRAFT - authored, informed by evidence, not individually validated",PPBF research program 2026-08-07,True,{{SEED_ACCOUNT_ID}},platform_owner,beginner,A2-070|A6-001|A6-009|A6-066,LITERATURE-GROUNDED DRAFT — generated from cited registry claims; REQUIRES FLOOR VALIDATION
{{PPBF_ORG_ID}},drl_dbb0347500e7eb,drl_dbb0347500e7eb,1,,,General Movement Warm-Up,conditioning,warmup,,Raising temperature and movement readiness,Raising temperature and movement readiness,none,Progressive whole-body movement building from walking to boxing-specific footwork over several minutes.,"Boxer starts at a walk and the pace visibly climbs in stages, not in one jump.
Arm swings, hip rotation, and ankle bounce all show full range before any fast footwork appears.
By the final minutes the feet are already in boxing stance, weight shifting side to side in short steps.
Breathing stays controlled through the whole progression; no one is doubled over at the end.","Boxer goes straight from standing to sprint-paced shuttles, skipping the walking and jogging stages.
Static stretches held for long counts appear before any pulse-raising movement.
Footwork copied from the coach looks flat-footed and square, with no stance narrowing as pace builds.
Group pace is uneven — some boxers coasting, others already sweating heavily before the drill's midpoint.",,"Coach calls the group back to walking pace and restarts the progression from the top.
Coach removes any held static stretch from the front of the warm-up and moves it to the end if used at all.
Coach walks the floor calling ""on your toes"" and demonstrates the stance narrowing personally, boxer by boxer.
Coach splits fast starters from slow starters and sets a shared count so the whole group changes gear together.","The staged build from walking to boxing footwork is the same shape a boxer's body goes through before rounds and sparring later in a session, matching how a full boxing session is structured around a warm-up phase before drill and conditioning work begins [B1-062].
Outside the gym, this is the same habit of raising pace gradually before any hard physical task — moving stiff joints and slow feet before asking them for speed.",none,none,False,"COACHING CRAFT - authored, informed by evidence, not individually validated",PPBF research program 2026-08-07,True,{{SEED_ACCOUNT_ID}},platform_owner,beginner,B1-062,LITERATURE-GROUNDED DRAFT — generated from cited registry claims; REQUIRES FLOOR VALIDATION
{{PPBF_ORG_ID}},drl_f54d4fe102fb09,drl_f54d4fe102fb09,1,,,Shoulder Preparation,conditioning,warmup,,Preparing the shoulder for punching volume,Preparing the shoulder for punching volume,light band,"Controlled shoulder range work through the positions punching demands, before any bag or pad work.","Shoulders trace the full punching arc — jab line, hook rotation, uppercut drive — before any bag or pad contact begins.
Movement stays slow and controlled, never thrown or bounced.
Range builds progressively, from small circles into full extension.
Left and right shoulders move through matching range and matching reps.","Rolls stop at a comfortable half-range and never reach full punching extension.
Motion is jerked or swung rather than driven under control.
One shoulder gets visibly less range than the other.
Athlete substitutes long static holds for the dynamic set, leaving the shoulder loose but not moved through the punching lines [A5-033].",,"Coach halts the set and resets to half-speed reps until the motion is smooth and controlled.
Coach performs the range alongside the athlete so both sides can be matched visually.
Coach adds an end-range pause on the weaker side until it mirrors the stronger side.
Coach removes static stretching from this slot and keeps the set purely dynamic and punch-specific [A5-033].","Full shoulder range here becomes jab and hook extension under load once punching volume climbs in sparring and rounds [A3-019].
A shoulder that has already cycled through the punching arc is the one that holds its form when work gets fast and repetitive.",none,light band,False,"COACHING CRAFT - authored, informed by evidence, not individually validated",PPBF research program 2026-08-07,True,{{SEED_ACCOUNT_ID}},platform_owner,beginner,A3-019|A5-033,LITERATURE-GROUNDED DRAFT — generated from cited registry claims; REQUIRES FLOOR VALIDATION
{{PPBF_ORG_ID}},drl_0eaa11e875ffef,drl_0eaa11e875ffef,1,,,Hip and Ankle Preparation,conditioning,warmup,,Preparing the lower body for stance and pivots,Preparing the lower body for stance and pivots,none,Ankle and hip range work targeting the positions the boxing stance and pivot require.,"Ankle reaches full dorsiflexion with heel staying grounded until the pivot calls for it.
Hip rotates through the joint, not the low back, with the pelvis and shoulders turning together.
Weight shifts smoothly from rear foot to lead foot without a hitch or double-step.
Knee tracks in line with the toes through the full range of the movement.","Ankle stays flat and stiff, boxer pivots off a locked joint instead of rolling through it.
Knee caves inward as hip rotates, changing the line of the stance.
Rotation comes from twisting the low back while the hips stay square.
Reps rushed through a shortened range, missing the end position entirely.",,"Slow the rep down and hold the end range for a full count before releasing.
Hands-on cue at the knee to reset tracking over the toes.
Reduce the range being asked for, rebuild it in small steps before adding more.
Demonstrate the pivot again side-on so the boxer sees hip and shoulder turning as one unit.","This range and control is what lets the stance hold and the pivot fire cleanly once punches and footwork are added.
The same hip-and-ankle control shows up anywhere a person needs to change direction quickly without losing balance.",none,none,False,"COACHING CRAFT - authored, informed by evidence, not individually validated",PPBF research program 2026-08-07,True,{{SEED_ACCOUNT_ID}},platform_owner,beginner,,COACHING-CRAFT DRAFT — no directly relevant research retrieved; REQUIRES FLOOR VALIDATION
{{PPBF_ORG_ID}},drl_25e4934a3ab2ab,drl_25e4934a3ab2ab,1,,,Neck Preparation,conditioning,warmup,,Controlled neck range and activation,Controlled neck range and activation,none,"Gentle controlled neck movement through range. This is preparation for training demand — it is not presented as concussion protection, for which the evidence does not support such a claim.","Head moves slowly through flexion, extension, and both lateral tilts with the chin leading each turn.
Shoulders stay level and still while the neck does the work.
Breathing stays even and unbroken through the full set.
Range increases gradually across repetitions rather than staying fixed or shrinking.","Head snaps or bounces at the end of range instead of arriving there under control.
Shoulders rise or rotate to help generate the movement.
Boxer holds breath or braces the jaw during the motion.
Range shortens over the set, stopping short of full flexion or extension.",,"Cue ""slow it down"" and have the boxer restart at half speed.
Place a hand on the boxer's shoulder to hold it down and give a fixed reference point.
Tell the boxer to breathe out through each turn, audibly if needed.
Cut the range back to what can be done under control, then rebuild it rep by rep.","Neck strength and controlled range work of this kind has shown general training effect in both untrained and trained populations [A5-106], and this drill is the entry point for that kind of loading, not a concussion safeguard — the research on neck strength and concussion risk shows no consistent protective link [A5-098]. What carries forward is a boxer who can hold head position steady under fatigue late in a round, which matters for defense and for everyday posture control outside the gym.",none,none,False,"COACHING CRAFT - authored, informed by evidence, not individually validated",PPBF research program 2026-08-07,True,{{SEED_ACCOUNT_ID}},platform_owner,beginner,A5-098|A5-106,LITERATURE-GROUNDED DRAFT — generated from cited registry claims; REQUIRES FLOOR VALIDATION
{{PPBF_ORG_ID}},drl_b101573cb451e4,drl_b101573cb451e4,1,,,Cervical Endurance Hold,conditioning,strength,,Neck muscular endurance,Neck muscular endurance,none,Isometric holds in multiple directions. Trains neck endurance for training tolerance; no claim is made regarding head-injury risk.,"Chin stays tucked and spine stays neutral through the entire hold.
Head holds a fixed position against resistance in each direction — flexion, extension, both lateral sides — without drift.
Breathing stays steady and rhythmic, no breath-holding.
Transition from one direction to the next is smooth, with no wobble or reset needed. Isometric holds of this kind are a standard, effective method for building neck muscular endurance [A5-106].","Chin pokes forward or juts out to compensate for fatigue.
Shoulders shrug upward to assist the neck instead of the neck bearing the load alone.
Head visibly shakes or oscillates rather than holding a fixed point.
One direction (commonly lateral) is noticeably weaker, with the hold breaking down early only on that side.",,"Cue ""chin down, ears over shoulders"" and physically tap the point of correct alignment.
Drop the resistance or hand pressure and rebuild the hold from a clean starting position.
Call out a breathing count so the athlete exhales through the hold instead of bracing and holding breath.
Isolate the weak direction and repeat it alone before returning to the full rotation.","A neck that holds position under load stays that way when the head is jostled in a clinch or exchange, keeping the chin tucked by habit rather than by conscious effort.
This is a strength and endurance carryover only — it is not a claim that the drill lowers head-injury risk, and boxing's injury pattern still shows the head and neck concentrated in competition rather than training [B3-022].",none,none,False,"COACHING CRAFT - authored, informed by evidence, not individually validated",PPBF research program 2026-08-07,True,{{SEED_ACCOUNT_ID}},platform_owner,intermediate,A5-106|B3-022,LITERATURE-GROUNDED DRAFT — generated from cited registry claims; REQUIRES FLOOR VALIDATION
{{PPBF_ORG_ID}},drl_61ef34ab64a92c,drl_61ef34ab64a92c,1,,,Thoracic Rotation,conditioning,mobility,,Rotational range through the mid-back,Rotational range through the mid-back,none,"Controlled rotation through the thoracic spine, which the punching action requires.","Hips and feet stay fixed while the shoulders and rib cage rotate.
Rotation initiates from the mid-back, not the low back or neck.
Head trails the turn instead of leading it.
The trunk returns to center under control, with no bounce at end range.","Pelvis or lower back rotates along with the shoulders.
Head snaps ahead of the spine to fake extra range.
Shoulders climb toward the ears during the turn.
Athlete bounces or jerks at the end of the range to force more rotation.",,"Hands on the athlete's hips, cue ""hips stay, ribs turn.""
Run the drill seated to remove hip and leg compensation.
Shrink the range and rebuild it from a smaller, cleaner arc.
Cue shoulders down and away from the ears before each rep.
Expect the rate of improvement to differ by age and training background rather than follow one timeline for everyone [A5-033].","This separation of hips from shoulders is the same mechanism that lets punching output travel through the trunk into the fist without dragging the low back along for the ride.
Outside the gym, it's the range that lets someone turn to check a blind spot or twist to reach behind a car seat without strain.",none,none,False,"COACHING CRAFT - authored, informed by evidence, not individually validated",PPBF research program 2026-08-07,True,{{SEED_ACCOUNT_ID}},platform_owner,beginner,A5-033,LITERATURE-GROUNDED DRAFT — generated from cited registry claims; REQUIRES FLOOR VALIDATION
{{PPBF_ORG_ID}},drl_325b6ba2613eb0,drl_325b6ba2613eb0,1,,,Cool-Down Walk and Breathe,conditioning,cooldown,,Returning to baseline after training,Returning to baseline after training,none,Low-intensity movement with extended exhalation until breathing settles.,"Shoulders drop and stride shortens within the first minute of movement.
Exhale runs visibly longer than the inhale on every breath cycle.
Breathing rate slows and becomes even before the athlete stops moving.
Athlete stays upright and walking, not static and not seated.","Athlete stops walking and stands frozen in place.
Breathing stays short and shallow with no extended exhale.
Athlete bends forward at the waist, hands on knees, head down.
Collapse, gasping, or abnormal eye movement that does not resolve with rest [B3-010].",,"Cue ""keep walking, slow it down"" and stay beside the athlete pacing them.
Count the exhale out loud - ""in two, out four"" - until the athlete matches it unprompted.
Watch breathing against pace, not the clock, and slow the walk further if breathing hasn't settled.
If collapse, gasping, or abnormal eye findings appear, stop the drill immediately, treat as a medical emergency, and call for AED and emergency response without delay [B3-010].","This is the same recovery breathing the athlete needs between rounds and after a hard exchange in sparring.
Bringing the body down from high arousal on command carries directly into managing stress outside the gym.",none,none,False,"COACHING CRAFT - authored, informed by evidence, not individually validated",PPBF research program 2026-08-07,True,{{SEED_ACCOUNT_ID}},platform_owner,beginner,B3-010,LITERATURE-GROUNDED DRAFT — generated from cited registry claims; REQUIRES FLOOR VALIDATION
{{PPBF_ORG_ID}},drl_786d761c9321c0,drl_786d761c9321c0,1,,,Post-Session Mobility,conditioning,cooldown,,Maintaining range after training load,Maintaining range after training load,mat,"Unloaded range work through the shoulders, hips and thoracic spine after the session.","Athlete carries each joint - shoulder, hip, thoracic spine - through its full range with no external load added.
Movement travels smooth and continuous, no pause-and-yank at the end position.
Breath stays steady and audible on every rep, matched to the movement's tempo.
Order runs shoulders, then hips, then thoracic spine, same sequence every session.","Bouncing or pulsing at the end of range instead of passing through it under control.
Breath held or ragged during the movement.
Thoracic spine work dropped or rushed to finish the session early.
A band, partner, or added weight introduced into what should be bodyweight-only range work.",,"Coach calls the breathing pace out loud - ""in, out"" - until the rhythm resets.
Coach places a hand at the end-range point and asks for a still hold there instead of a bounce.
Coach names the skipped joint out loud and sends the athlete back to that station before moving on.
Coach removes the added load or partner resistance and restarts the rep as bodyweight only.","The hip range rebuilt here is the same range that produces the roughly 56 vertical hip movements per minute seen in elite bout activity [A3-019].
Doing this unloaded range work after a session that has already driven up muscle and metabolic stress markers [A5-006] keeps that range available going into the next session, not a claim that it prevents anything.",none,mat,False,"COACHING CRAFT - authored, informed by evidence, not individually validated",PPBF research program 2026-08-07,True,{{SEED_ACCOUNT_ID}},platform_owner,beginner,A3-019|A5-006,LITERATURE-GROUNDED DRAFT — generated from cited registry claims; REQUIRES FLOOR VALIDATION
{{PPBF_ORG_ID}},drl_ee5abe0d5aa056,drl_ee5abe0d5aa056,1,,,Interval Work — Round Structure,conditioning,conditioning,,Conditioning matched to round structure,Conditioning matched to round structure,timer,Work and rest intervals matched to the athlete's competition or training round structure. Interval length follows the applicable sanctioning body's round format for that age and class.,"Round length and rest period match the athlete's sanctioned format exactly, one minute rest between rounds [A5-147][A6-022].
Output stays high through the closing seconds of the round, not just the opening minute.
Corner or timer calls ""time"" and the athlete stops output immediately and moves to the rest interval.
Activity-to-rest ratio holds steady across rounds instead of collapsing round to round [A5-004].","Athlete front-loads round one and fades sharply by round two or three, output dropping late in each round [A5-004].
Rest interval runs long or short against the sanctioned one-minute standard [A5-147][A6-022].
Athlete paces to a generic clock instead of the round format for their actual age and class [A5-147][A6-022].
Movement and punch output stop several seconds before the bell instead of at the bell.",,"Coach runs the actual round and rest length on a visible timer, no estimating by feel.
Coach calls out remaining time at fixed intervals so the athlete learns to hold pace to the bell.
Coach checks the athlete's age and class against the sanctioning body's format before setting the round length, not a generic interval [A5-147][A6-022].
Coach flags any late-round drop in output on the spot and has the athlete repeat the round at the same target pace.","Holding output to the actual bell, not to a felt sense of time, is what separates a rehearsed pace from a fight pace.
Pacing across a full round instead of spending everything early carries directly into how the athlete manages effort in competition and in any task with a fixed time limit.",none,timer,False,"COACHING CRAFT - authored, informed by evidence, not individually validated",PPBF research program 2026-08-07,True,{{SEED_ACCOUNT_ID}},platform_owner,intermediate,A5-004|A5-147|A6-022,LITERATURE-GROUNDED DRAFT — generated from cited registry claims; REQUIRES FLOOR VALIDATION
{{PPBF_ORG_ID}},drl_81b9474a9fc367,drl_81b9474a9fc367,1,,,Continuous Aerobic Base,conditioning,conditioning,,Aerobic base development,Aerobic base development,none,"Sustained low-intensity continuous work. Boxing bout energetics evidence is drawn from small adult male samples, so this is applied as general preparation rather than as a boxing-calibrated prescription.","Breathing stays steady and controlled through the full duration, no gasping.
Pace holds constant from first minute to last - no early surge, no late fade.
Shoulders stay down, jaw loose, stride or footwork rhythm even throughout.
Athlete can speak in short phrases without gulping for air.","Starts fast, slows sharply in the second half.
Breathing turns ragged and audible early in the session.
Stops or walks repeatedly instead of sustaining continuous movement.
Shoulders ride up toward the ears as fatigue sets in.",,"Call the pace out loud or set a metronome/pad rhythm and hold the group to it.
Walk alongside the athlete and cue ""nose breathing, relax the jaw"" until the pattern settles.
Drop the intensity a notch the moment gasping appears rather than letting them grind through it.
Shorten the work segment, rebuild the duration once the pace holds clean.","Aerobic capacity is what lets a boxer sustain activity rate and recover work capacity between rounds - bout energetics work shows the aerobic system supplies the large majority of energy across a fight and underwrites phosphagen recovery in the break [A5-002][A3-022][A5-001].
Outside the gym this is the same base that lets someone keep working, walking, or carrying a task through to the end without needing to stop and recover.",none,none,False,"COACHING CRAFT - authored, informed by evidence, not individually validated",PPBF research program 2026-08-07,True,{{SEED_ACCOUNT_ID}},platform_owner,beginner,A3-022|A5-001|A5-002,LITERATURE-GROUNDED DRAFT — generated from cited registry claims; REQUIRES FLOOR VALIDATION
{{PPBF_ORG_ID}},drl_3a682d5a98e954,drl_3a682d5a98e954,1,,,Repeat Effort Capacity,conditioning,conditioning,,Ability to repeat high efforts,Ability to repeat high efforts,timer,Repeated short high-effort bouts with incomplete recovery. Coach records the effort at which output first falls.,"Each high-effort bout starts at or near the same output as the one before it.
Punch form, stance, and guard stay intact even as pace climbs.
Coach can point to the exact bout number where output first drops [A5-020].
Recovery intervals are short and incomplete, not full rest.","Output drops after the first or second bout instead of holding across several.
Hands drop, punches shorten, or footwork stalls as fatigue sets in.
Boxer self-paces early, holding back effort to survive later bouts.
Recovery windows are spent standing idle instead of resetting stance and guard.",,"Coach calls out loud the exact bout where the drop happened and records it.
Coach shortens the recovery interval or lengthens the effort bout to re-locate the threshold.
Coach flags pacing the moment it appears and demands full output on the next bout, not a gradual build.
Coach cues stance and guard reset verbally during every recovery window until it happens without the cue.","This is the capacity that lets a boxer keep landing hard in round three the way they did in round one [A5-001][A5-002].
Outside the gym, it is the same skill needed for any task that demands repeated maximal bursts with short recovery between them.",none,timer,False,"COACHING CRAFT - authored, informed by evidence, not individually validated",PPBF research program 2026-08-07,True,{{SEED_ACCOUNT_ID}},platform_owner,advanced,A5-001|A5-002|A5-020,LITERATURE-GROUNDED DRAFT — generated from cited registry claims; REQUIRES FLOOR VALIDATION
{{PPBF_ORG_ID}},drl_40acc6820f5df6,drl_40acc6820f5df6,1,,,Skipping — Continuous,conditioning,conditioning,,Coordination and calf endurance,Coordination and calf endurance,skipping rope,Continuous skipping at a sustainable rhythm.,"Rope turns from the wrists, not the shoulders.
Feet stay under the hips with a low, quiet bounce.
Landing is on the balls of the feet, heels lightly kissing down between skips.
Breathing stays even and rhythm holds steady from first skip to last.","Double bounce between rope passes.
Shoulders rolling the rope instead of the wrists.
Heels slamming flat on every landing.
Rhythm collapsing into stop-start bursts.",,"Have the athlete slow the rope speed and shrink the jump height until the wrist turn returns.
Tap the athlete's shoulders down and cue ""wrists only"" while they skip.
Cue ""quiet feet"" and have them skip on a mat or softer surface to hear the landing.
Drop to a walk-in-place rhythm with no rope, rebuild timing, then reintroduce the rope.","Quiet, controlled footwork here is the same footwork that keeps an athlete balanced moving in and out of range on the bag or with a partner.
Holding a steady rhythm under fatigue here builds the pacing sense needed to last through longer rounds later.",none,skipping rope,False,"COACHING CRAFT - authored, informed by evidence, not individually validated",PPBF research program 2026-08-07,True,{{SEED_ACCOUNT_ID}},platform_owner,beginner,,COACHING-CRAFT DRAFT — no directly relevant research retrieved; REQUIRES FLOOR VALIDATION
{{PPBF_ORG_ID}},drl_b67ee94d958d32,drl_b67ee94d958d32,1,,,Skipping — Varied,conditioning,conditioning,,Coordination under changing patterns,Coordination under changing patterns,skipping rope,Skipping with pattern changes called at irregular intervals.,"Feet stay light, heels never touch down between skips.
Rope rhythm stays constant through every pattern change.
Athlete shifts foot pattern on the call without missing a beat.
Elbows stay tucked, wrist turn drives the rope, not the shoulder.","Rope speed slows down right before a called change.
Athlete looks at feet instead of facing forward.
Double-hop appears to buy time before the new pattern lands.
Shoulders start turning the rope after a missed step.",,"Call the next pattern earlier so the change lands on rhythm, not after it.
Stand where the athlete cannot look down without you seeing it.
Have the athlete call their own pattern changes out loud for a set to force anticipation.
Slow the whole drill down a step, rebuild the wrist-turn habit, then add pace back.","Calling changes without warning trains the same recovery you need when an opponent changes rhythm mid-exchange.
Staying light and unhurried under a surprise switch is the same poise needed when a fight plan stops working mid-round.",none,skipping rope,False,"COACHING CRAFT - authored, informed by evidence, not individually validated",PPBF research program 2026-08-07,True,{{SEED_ACCOUNT_ID}},platform_owner,intermediate,,COACHING-CRAFT DRAFT — no directly relevant research retrieved; REQUIRES FLOOR VALIDATION
{{PPBF_ORG_ID}},drl_7b05e2c6d49010,drl_7b05e2c6d49010,1,,,Bodyweight Lower Push,conditioning,strength,,Lower-body strength without equipment,Lower-body strength without equipment,none,Squat pattern at bodyweight with the coach checking knee tracking and depth control.,"Feet flat, weight even across the whole foot through the entire rep.
Knees track in line with the toes on both the way down and the way up.
Hips and knees reach the same depth on every repetition, not just the first one.
Torso stays upright with a neutral spine, no forward collapse at the bottom.","Knees cave inward on the descent or the ascent.
Depth shortens as reps accumulate.
Heels lift off the floor.
Lower back rounds at the bottom of the squat.",,"Stop the athlete and reset foot position before continuing.
Cue ""knees out"" and have the athlete pause at the bottom to feel the correct line.
Regress to a shallower range until depth can be held consistently, then rebuild it.
Place a hand or target behind the athlete to fix a repeatable depth cue.","Lower-body strength built here is part of what separates elite amateurs on punch impact force, since maximal lower-body strength is associated with harder punching in this population [A3-030]. Lower-limb strength and power are described as central to boxing performance generally [A5-007], so a clean squat pattern is foundation work, not filler.",none,none,False,"COACHING CRAFT - authored, informed by evidence, not individually validated",PPBF research program 2026-08-07,True,{{SEED_ACCOUNT_ID}},platform_owner,beginner,A3-030|A5-007,LITERATURE-GROUNDED DRAFT — generated from cited registry claims; REQUIRES FLOOR VALIDATION
{{PPBF_ORG_ID}},drl_edb69a2d822df7,drl_edb69a2d822df7,1,,,Bodyweight Upper Push,conditioning,strength,,Upper-body pushing strength,Upper-body pushing strength,none,Press-up pattern with a scaled variation available for every athlete.,"Straight line from shoulders through hips to ankles (or knees, in the scaled version) held for the entire rep.
Chest reaches the same depth every repetition before the press begins.
Elbows track at roughly a 45-degree angle from the torso, not flared out to the sides.
Full elbow lockout at the top, same down-up tempo rep after rep.","Hips sag toward the floor or pike upward, breaking the straight line.
Head drops first and leads the movement instead of the chest.
Range of motion shortens - the chest stops short of a consistent depth.
Elbows flare out near 90 degrees and shoulders creep up toward the ears.",,"Drop the athlete to the scaled variation - knees down or hands elevated on a bench - until the line holds.
Put a hand at the athlete's hip height and cue them to press it back level.
Count a two-second descent out loud to stop the range from shortening.
Tap the elbow and ask for a narrower angle on the next rep.","This builds the general upper-body pushing strength that underlies guard endurance and clinch work, though upper-body maximal strength on its own is not what separates punch power between boxers [A3-030]. The controlled pressing pattern trained here is one piece of the wider strength and power base linked to punch force production [A2-013].",none,none,False,"COACHING CRAFT - authored, informed by evidence, not individually validated",PPBF research program 2026-08-07,True,{{SEED_ACCOUNT_ID}},platform_owner,beginner,A2-013|A3-030,LITERATURE-GROUNDED DRAFT — generated from cited registry claims; REQUIRES FLOOR VALIDATION
{{PPBF_ORG_ID}},drl_f84ea554b6aae6,drl_f84ea554b6aae6,1,,,Horizontal Pull,conditioning,strength,,Pulling strength to balance pushing volume,Pulling strength to balance pushing volume,bar or bands,"Rowing pattern, included specifically to balance the pushing volume boxing training accumulates.","Shoulder blades draw down and together before the elbows bend.
Elbows track close to the ribs on the way back, not out to the sides.
Torso stays upright and still, no rock or swing to assist the pull.
Handle or bar finishes level with the lower ribs on every rep, same path each time.","Shoulders hike up toward the ears instead of blades sliding down and back.
Torso swings or rocks to add momentum to the pull.
Range shortens, the handle stops short of the ribs.
Elbows flare wide instead of staying tucked to the body.",,"Cue ""blades down and back, then pull.""
Drop the load until the torso holds still for every rep.
Brace the athlete against a bench, wall, or chest pad to kill the swing.
Slow the tempo, two-count on the pull, two-count on the return, until the path is clean.","Boxing accumulates pushing volume through punch output, and most boxing programs rarely balance it with dedicated pulling or maximal-strength work [A3-101]. A trained pulling pattern shows up in a boxer's ability to retract the guard, control ties in close, and hold posture through a long day outside the gym.",none,bar or bands,False,"COACHING CRAFT - authored, informed by evidence, not individually validated",PPBF research program 2026-08-07,True,{{SEED_ACCOUNT_ID}},platform_owner,beginner,A3-101,LITERATURE-GROUNDED DRAFT — generated from cited registry claims; REQUIRES FLOOR VALIDATION
{{PPBF_ORG_ID}},drl_8549299fc8d8c7,drl_8549299fc8d8c7,1,,,Hinge Pattern,conditioning,strength,,Posterior chain strength,Posterior chain strength,none or light load,"Hip hinge with a neutral spine, loaded only once the unloaded pattern is consistent.","Hips push back first, knees stay soft, spine holds one neutral line from head to tailbone.
Bar or hands track close along the thighs on the way down and up.
Shoulders and hips rise together on the drive up, no lag between them.
Athlete returns to full standing hip extension at the top, not a lean-back.","Spine rounds or overextends in the lumbar region during the descent.
Knees drive forward and dominate the movement, turning the hinge into a squat.
Bar or hands drift away from the body, so the load path bows outward.
Hips shoot up first on the drive, shoulders lag behind.",,"Cue ""hips back into the wall behind you"" and place an actual wall or bench there for feedback.
Have the athlete hold a dowel along their spine, three points of contact, to expose rounding immediately.
Drop the load and rebuild the pattern empty-handed until the bar path stays vertical and close.
Cue ""push the floor away"" on the drive to force hips and shoulders to rise on the same line.","The hinge is the base for the clinch, for picking an opponent's weight off balance, and for any lift or carry outside the gym.
A spine that holds its line under load here is the same spine that holds up under a shove, a takedown attempt, or a heavy bag in the arms.",none,none or light load,False,"COACHING CRAFT - authored, informed by evidence, not individually validated",PPBF research program 2026-08-07,True,{{SEED_ACCOUNT_ID}},platform_owner,intermediate,,COACHING-CRAFT DRAFT — no directly relevant research retrieved; REQUIRES FLOOR VALIDATION
{{PPBF_ORG_ID}},drl_ed59c17ae9a3b1,drl_ed59c17ae9a3b1,1,,,Single-Leg Stability,conditioning,strength,,Unilateral stability for stance and pivots,Unilateral stability for stance and pivots,none,"Single-leg stance and controlled movement, addressing the asymmetry the boxing stance creates.","Athlete stands on one leg with hips level and the standing knee tracking directly over the foot.
The pivot happens on the ball of the standing foot while the trunk stays stacked above it.
The free leg swings, lifts, or reaches through its full range without the standing hip dropping or hiking.
Weight stays distributed across the whole standing foot, not shifted onto the heel or toes.","Standing hip drops or hikes as the free leg moves.
Standing knee collapses inward toward the midline.
Athlete rocks onto the heel or rises onto the toes instead of loading the full foot.
Clear difference in stability between left-leg stance and right-leg stance, consistent with the left-right load asymmetry documented in boxers [A2-016].",,"Coach places a hand at the athlete's hip as a level reference and has them hold position against it.
Coach slows the tempo and has the athlete pause at end range before the pattern breaks down.
Coach widens the base or gives light hand support on a rope or wall, then removes it once control returns.
Coach adds extra work on the weaker side rather than splitting volume evenly, since boxers show a standing foot-load asymmetry [A2-016] and unilateral training shifts adaptation to the side that's trained [A5-028].","This base control is what holds up the pivot off the lead or rear leg during an exchange and the recovery of stance after a slip.
The same single-leg control applies to stepping on uneven, crowded, or unstable ground outside the gym.",none,none,False,"COACHING CRAFT - authored, informed by evidence, not individually validated",PPBF research program 2026-08-07,True,{{SEED_ACCOUNT_ID}},platform_owner,intermediate,A2-016|A5-028,LITERATURE-GROUNDED DRAFT — generated from cited registry claims; REQUIRES FLOOR VALIDATION
{{PPBF_ORG_ID}},drl_129b59c4f4dd76,drl_129b59c4f4dd76,1,,,Rotational Medicine Ball Throw,conditioning,power,,Rotational power production,Rotational power production,medicine ball,Rotational throw against a wall. Coach checks that the sequence starts at the ground rather than the arms.,"Hips rotate before shoulders, and shoulders rotate before the arms - the ball leaves the hands last in the chain.
Rear foot pivots and drives into the floor as the throw begins, weight moving up through the legs before the torso turns.
Ball travels in a flat rotational arc into the wall, arms only extending at the very end of the motion.
Athlete resets into a loaded stance between reps, feet already placed for the next turn.","Arms initiate the throw while the hips and legs stay passive.
Feet stay flat and square through the whole rep, no pivot on the rear foot.
Torso turns but the shoulders stay locked to the arms, producing an all-upper-body toss.
Athlete bends forward at the waist to add force instead of turning off the ground.",,"Coach puts a hand on the athlete's hip and calls the pivot out loud so the ground-driven turn happens first, before the arms move.
Coach breaks the throw into separate ground-hip-shoulder-arm segments and has the athlete pause at each link before continuing, using the same phase vocabulary boxing technique is already broken down into for coaching cues [A6-055].
Coach stands behind the athlete and watches the rear foot on every rep, stopping the set if the heel stays planted.
Coach drops the ball weight until the correct order is visible, then rebuilds load once the sequence holds.","This is the same ground-up sequence that produces power in a hook or a cross, isolated here without a target to distract from the order of the chain.
Outside the gym it is the same pattern used any time force has to come off a stable base into a turning motion - swinging a tool, throwing, twisting to lift something.",none,medicine ball,False,"COACHING CRAFT - authored, informed by evidence, not individually validated",PPBF research program 2026-08-07,True,{{SEED_ACCOUNT_ID}},platform_owner,advanced,A6-055,LITERATURE-GROUNDED DRAFT — generated from cited registry claims; REQUIRES FLOOR VALIDATION
{{PPBF_ORG_ID}},drl_472ef7f81f3356,drl_472ef7f81f3356,1,,,Countermovement Jump,conditioning,power,,Lower-body power and readiness monitoring,Lower-body power and readiness monitoring,none,"Maximal vertical jump. Also usable as a readiness measure when recorded consistently, though a boxing-specific threshold has not been established.","Rapid downward dip immediately reversed into an upward drive, no pause at the bottom.
Arms swing back through the dip and snap forward and up through takeoff.
Full extension of ankles, knees, and hips at the instant of takeoff.
Soft landing with knees bent, absorbing the impact without collapsing.","Pause or hold at the bottom of the dip before driving upward.
Knees collapse inward on landing.
Arm swing disconnected from leg drive, firing early or lagging behind.
Jump height swings widely from session to session with no readable trend.",,"Cue ""load and go"" and count the dip-to-drive tempo out loud to kill the pause.
Stand in front of the athlete to watch the knee line on landing and cue ""knees over toes.""
Drill the arm swing and the leg drive as separate reps, then reintegrate them on your count.
Lock the measurement device, surface, footwear, and time of day so session-to-session numbers are actually comparable.","The stretch-reflex timing built here is the same timing that turns hip and leg drive into punch power.
Tracked over weeks, jump height can flag a drop in readiness before the boxer feels it elsewhere, though a boxing-specific threshold for what counts as a meaningful drop has not been established [A5-006][A3-029].
Don't expect punch-specific conditioning to move this number much on its own — small pre-post changes in jump height are typical even after heavy boxing-specific loading [A3-098].",none,none,False,"COACHING CRAFT - authored, informed by evidence, not individually validated",PPBF research program 2026-08-07,True,{{SEED_ACCOUNT_ID}},platform_owner,intermediate,A3-029|A3-098|A5-006,LITERATURE-GROUNDED DRAFT — generated from cited registry claims; REQUIRES FLOOR VALIDATION
{{PPBF_ORG_ID}},drl_f472a511f53d54,drl_f472a511f53d54,1,,,Anti-Rotation Hold,conditioning,strength,,Resisting rotation through the trunk,Resisting rotation through the trunk,band,Hold against a lateral band pull without rotating. Trains the trunk to resist rather than produce rotation.,"Feet stay planted, hips and shoulders stay square to the anchor point throughout the hold.
Band tension pulls the torso sideways and the torso does not follow it.
Breathing stays steady and rhythmic, no bracing-and-holding-breath pattern.
Hands and arms stay still relative to the trunk — the block moves as one piece.","Shoulders open toward or away from the band pull.
Hips rotate before the shoulders do, so the trunk unwinds from the bottom up.
Athlete leans instead of resisting — trades rotation for lateral collapse.
Breath gets held, then dumped, causing the trunk to lose tension mid-hold.",,"Reduce band tension or step closer to the anchor until square posture returns.
Cue ""lock the belt buckle to the target"" and physically tap the hip that drifts.
Slow the exposure — have the athlete step into tension rather than receive it suddenly.
Reset stance width and re-cue exhale-through-the-hold before resuming.","This is the same trunk stiffness a boxer needs when eating a check hook or a body shot without getting spun off the centerline [A5-018].
Outside the gym it is the brace that keeps a lifter's spine still under an offset load.",none,band,False,"COACHING CRAFT - authored, informed by evidence, not individually validated",PPBF research program 2026-08-07,True,{{SEED_ACCOUNT_ID}},platform_owner,intermediate,A5-018,LITERATURE-GROUNDED DRAFT — generated from cited registry claims; REQUIRES FLOOR VALIDATION
{{PPBF_ORG_ID}},drl_d0af795c388a24,drl_d0af795c388a24,1,,,Loaded Carry,conditioning,strength,,Trunk and grip endurance under load,Trunk and grip endurance under load,weights,Carry a load over distance with the trunk braced and the shoulders level.,"Shoulders stay level and hips stay square for the whole distance.
Ribcage stays stacked over the pelvis, no lean toward the load.
Breathing stays steady, no breath-holding to fight the grip.
Pace stays even from the first step to the last.","Shoulder drops or hikes on the loaded side.
Trunk side-bends or rotates toward the load.
Grip opens and re-sets mid-carry instead of holding unbroken.
Stride shortens and rushes in the final stretch of the distance.",,"Stop the carry and reset stance the moment a shoulder drops.
Cue ""stack ribs over hips"" and walk alongside to watch for lean.
Cut the load or the distance back until the grip holds unbroken end to end.
Set a cadence out loud at the start and hold the athlete to it.","Grip and trunk should give out before raw strength does here, since fatigue erodes endurance long before it touches maximal strength [A4-030], and that ordering is what you want to see under a load carry. This same strength-endurance quality, distinct from pure strength or anaerobic power [A5-056], is what keeps guard up and posture square late in a fight, and what keeps a back from rounding under any load carried outside the gym.",none,weights,False,"COACHING CRAFT - authored, informed by evidence, not individually validated",PPBF research program 2026-08-07,True,{{SEED_ACCOUNT_ID}},platform_owner,intermediate,A4-030|A5-056,LITERATURE-GROUNDED DRAFT — generated from cited registry claims; REQUIRES FLOOR VALIDATION
{{PPBF_ORG_ID}},drl_af8541eacc70e5,drl_af8541eacc70e5,1,,,Seated Combination Work,boxing,technical,,Punch combinations from a seated base,Punch combinations from a seated base,"chair, focus mitts",Combinations delivered from the athlete's seated base. Range and target height are set to the athlete rather than to a standard.,"Hands return fully to guard after each strike, and the seat stays planted through contact.
The combination runs as one continuous sequence, strike into strike, with no pause between shots.
Wind-up, extension, and retraction are each visible as separate phases even from the seated base [A6-055].
Target height and reach match the athlete's own seated range rather than a standing measurement.","Athlete rises off the seat or leans the torso forward to manufacture extra reach.
Rear hand drops after the lead strike and the guard stays open.
Strikes are thrown as one blurred motion with no visible return between them.
A called triple-punch combination collapses into one or two strikes under pad pressure [A8-052].",,"Coach places a hand on the shoulder or calls ""seat down"" to cue immediate re-seating.
Coach closes the pad distance until the athlete can strike without leaning or rising.
Coach slows the pad presentation and holds until a full return-to-guard is visible after every strike.
Coach breaks the triple combination into single strikes, drills the missing one alone, then rebuilds the full sequence.","This seated discipline carries directly into clinch range and corner exchanges, where reach and stance are just as restricted.
More broadly, it trains the athlete to deliver a complete, ordered response from a fixed base rather than reaching for range that isn't there.",light_technical,"chair, focus mitts",False,"COACHING CRAFT - authored, informed by evidence, not individually validated",PPBF research program 2026-08-07,True,{{SEED_ACCOUNT_ID}},platform_owner,beginner,A6-055|A8-052,LITERATURE-GROUNDED DRAFT — generated from cited registry claims; REQUIRES FLOOR VALIDATION
{{PPBF_ORG_ID}},drl_47df49e2316ef0,drl_47df49e2316ef0,1,,,Single-Arm Adaptation,boxing,technical,,Boxing patterns adapted to one working arm,Boxing patterns adapted to one working arm,focus mitt,"Technical patterns adapted for a single working arm, with guard and defensive responsibilities redistributed accordingly.","Lead arm holds guard and throws every strike; rear hand never leaves the temple or rib line.
Head and feet move on every exchange, creating angles the missing arm can no longer create [A8-004].
Combinations shorten to lead-hand variations thrown off footwork, not off a planted stance.
Chin stays tucked behind the lead shoulder through the full sequence, not just at the start.","Rear hand drops while the athlete moves, leaving the head exposed.
Shoulders square up to compensate for the missing arm, flattening the guard.
Lead hand overreaches, dropping guard shape to mimic a rear-hand punch.
Feet stay planted, so the whole adaptation is asked of the arm instead of the body [A8-004][A3-021].",,"Stop the sequence, reset both hands to guard, restart from stance.
Touch the exposed temple or rib so the athlete feels the gap directly.
Cut the combination down to two punches until the guard holds through the whole exchange.
Call the footwork out loud — ""step,"" ""pivot"" — so the lower body does the compensating, not the shoulders.","This is the same problem as fighting with a cut arm, a dead limb, or a mid-fight tactical adjustment — one tool disappears and everything else has to cover for it.
Beginners default to purely defensive responses when a tool is taken away [A2-054]; this drill turns that default into a deliberate skill — moving and angling to make up for lost offense, the way elite fighters lean harder on footwork and defense under pressure [A8-004][A2-064].",light_technical,focus mitt,False,"COACHING CRAFT - authored, informed by evidence, not individually validated",PPBF research program 2026-08-07,True,{{SEED_ACCOUNT_ID}},platform_owner,beginner,A2-054|A2-064|A3-021|A8-004,LITERATURE-GROUNDED DRAFT — generated from cited registry claims; REQUIRES FLOOR VALIDATION
{{PPBF_ORG_ID}},drl_c11293701ebdec,drl_c11293701ebdec,1,,,Support-Assisted Footwork,boxing,footwork,,Footwork with a stability aid,Footwork with a stability aid,support rail or frame,Footwork patterns performed with a stability aid. The pattern is the target; the aid is not a lesser version of the drill.,"Feet run the same step sequence whether the hand is on the aid or not.
Weight stays centered over the base foot through each step, no lean into the support.
Contact with the aid is light — fingertips or open palm, not a grip.
Steps land on a steady rhythm, no pause to check balance before moving.","Athlete leans body weight into the aid instead of resting a hand on it.
Feet stall or shorten between steps to recover balance.
Pattern changes shape when the aid is taken away — wider base, slower steps, skipped steps.
Grip on the support tightens as the round goes on.",,"Move the aid out until only light fingertip contact is possible.
Slow the pattern down and call each step aloud until the sequence repeats cleanly.
Pull the aid away for short stretches and have the athlete run the identical pattern unsupported.
Put a loose towel or light stick in the support hand so any hard grip becomes visible immediately.","The pattern drilled here with support is the same pattern used without it in live work — the aid changes the risk, not the footwork.
Clean, repeatable footwork sequences showed up more often in winners of fast-finishing championship fights than in losers [A8-053], which is the kind of pattern habit this drill is building.",none,support rail or frame,False,"COACHING CRAFT - authored, informed by evidence, not individually validated",PPBF research program 2026-08-07,True,{{SEED_ACCOUNT_ID}},platform_owner,beginner,A8-053,LITERATURE-GROUNDED DRAFT — generated from cited registry claims; REQUIRES FLOOR VALIDATION
{{PPBF_ORG_ID}},drl_06673587c434a7,drl_06673587c434a7,1,,,Sensory-Adapted Cue Drill,boxing,technical,,Technical work with adapted cueing,Technical work with adapted cueing,varies,"Coach delivers cues through the athlete's available channel — visual, tactile, or verbal. Cue modality is agreed with the athlete beforehand.","Athlete responds within one beat of the cue, no visible search or hesitation.
Coach delivers the cue through the single pre-agreed channel only.
Athlete's technical response matches what the cue called for, not a stock combination run on autopilot.","Coach stacks two or three channels into one delivery - visual, verbal, and tactile at once - instead of keeping instruction load low [A1-039].
Athlete freezes, looks to teammates, or delays response - the cue isn't landing on the agreed channel.
Coach re-cues immediately and repeatedly rather than letting the athlete work the first cue [A2-040].
Athlete's response doesn't match the cue given - guessing, not reading.",,"Coach strips the delivery back to one channel and one instruction, and stops there [A1-039].
Coach widens the gap between cues and lets the athlete's first response stand before intervening again [A2-040].
Coach re-confirms the channel agreement with the athlete rather than switching mid-drill.
In group sessions, coach limits how many athletes receive adapted cueing at once - supervision capacity is the binding constraint, not room size [B2-046].","Reading a single clear cue under light contact is the same skill as reading an opponent's tell in live sparring.
Working off one clean signal at a time, without a coach hovering to re-prompt, builds the self-directed reading a boxer needs once the pads and coach step away.",light_technical,varies,False,"COACHING CRAFT - authored, informed by evidence, not individually validated",PPBF research program 2026-08-07,True,{{SEED_ACCOUNT_ID}},platform_owner,beginner,A1-039|A2-040|B2-046,LITERATURE-GROUNDED DRAFT — generated from cited registry claims; REQUIRES FLOOR VALIDATION
{{PPBF_ORG_ID}},drl_681a54fa579bb1,drl_681a54fa579bb1,1,,,Non-Contact Boxing Circuit,conditioning,conditioning,,Boxing-style conditioning without contact,Boxing-style conditioning without contact,"bag, rope, timer","Circuit of bag, rope and bodyweight stations for participants not pursuing contact. A complete lane in its own right, not a preparatory stage.","Participants rotate through bag, rope and bodyweight stations with no gap between transitions.
The session moves through a fixed order — warm-up, drills, strength/endurance work, cool-down — with clearly marked high-intensity intervals inside it [B1-062].
Rope turns stay continuous, feet springing off the floor, no double-bounce.
Bag strikes extend fully and return to guard before the next combination begins.","Participants cluster at one station while another sits empty.
Rope turning slows or stops mid-interval; feet go flat instead of springing.
Bag combinations thrown from the shoulders only, hips and feet not turning with the punch.
Rest periods run long because no one calls time.",,"Coach calls the rotation aloud and balances station numbers before the next round starts.
Coach demonstrates rope timing at half speed, then rebuilds it to full tempo with the participant.
Coach stops the bag worker, resets stance, rebuilds the combination from the feet upward.
Coach calls interval start and stop audibly and moves the group on that cue, not on individual pace.","The rotation habit, rhythm and interval discipline built here carry directly into any boxing-conditioning setting that does not require contact exposure.
Structured non-contact boxing circuits run as their own programme have shown strong retention and attendance in community and clinical settings, supporting this as a complete lane rather than a warm-up for sparring [B1-063][B1-059].",none,"bag, rope, timer",False,"COACHING CRAFT - authored, informed by evidence, not individually validated",PPBF research program 2026-08-07,True,{{SEED_ACCOUNT_ID}},platform_owner,beginner,B1-059|B1-062|B1-063,LITERATURE-GROUNDED DRAFT — generated from cited registry claims; REQUIRES FLOOR VALIDATION
{{PPBF_ORG_ID}},drl_146f4afdc88839,drl_146f4afdc88839,1,,,Technique-Only Fitness Session,boxing,technical,,Technical practice for non-competitive participants,Technical practice for non-competitive participants,"mirror, bag","Technical work for its own sake, with no progression expectation toward contact.","Feet reset to stance after every combination, no flat-footed throws.
Guard hand returns to cheek before the next strike starts.
Pad or air targets are struck with full extension and immediate retraction, no follow-through into a body.
Breathing stays audible and rhythmic through combinations, no breath-holding on power shots.","Weight loads onto the back leg and stays there, no hip transfer.
Guard drops after the first strike and never comes back up.
Combinations speed up into full-force throws against a partner, drifting toward contact.
Wrist buckles or rotates off-line on straight punches [B2-015].",,"Stop the round, walk the boxer through the single strike at half speed, rebuild the combination one punch at a time.
Call ""hands"" the moment the guard drops, wait for it to reset before restarting the drill.
Switch the pair back to air shadowboxing or a stationary pad, remove the moving partner target.
Point to the wrist line on contact, have the boxer punch a static pad slowly until the fist lands flat.","Clean footwork and guard discipline built here is what a coach checks for before contact is ever introduced, live work asks for the same reset-and-return pattern under pressure.
The pacing and combination work used in non-contact boxing sessions has carried into community and clinical settings, where it has been applied to build fitness, balance and functional gait outside of any competitive context [B1-062][B1-059].",none,"mirror, bag",False,"COACHING CRAFT - authored, informed by evidence, not individually validated",PPBF research program 2026-08-07,True,{{SEED_ACCOUNT_ID}},platform_owner,beginner,B1-059|B1-062|B2-015,LITERATURE-GROUNDED DRAFT — generated from cited registry claims; REQUIRES FLOOR VALIDATION
