organization_id,scale_id,drill_id,scale_level,is_starting_point,demand_description,constraint_applied,contact_level,coach_watch_point,authoring_state
{{PPBF_ORG_ID}},scl_3b51cb27a8e669,drl_7f812fecacfee4,A,False,"Regress by using static targets, pre-called entries, or one-shot scoring only.",,light_technical,Is the athlete repeating the target behaviour without the coach adding words.,authored
{{PPBF_ORG_ID}},scl_a7a295a8054254,drl_7f812fecacfee4,B,True,"The drill as designed: standard system level, the intended real demand, no decoration.",,light_technical,Can the athlete still respond to one cue.,authored
{{PPBF_ORG_ID}},scl_9d8216a7e55747,drl_7f812fecacfee4,C,False,"Progress by adding partner movement, delayed cues, or live target changes.",,light_technical,"Does the harder version still display the same lesson, or has it changed the problem entirely.",authored
{{PPBF_ORG_ID}},scl_fbfbe6b9156ff9,drl_2d0193a7c52e58,A,False,Regress by pre-calling the combination and removing live variability.,,light_technical,Is the athlete repeating the target behaviour without the coach adding words.,authored
{{PPBF_ORG_ID}},scl_b0c215ef932326,drl_2d0193a7c52e58,B,True,"The drill as designed: standard system level, the intended real demand, no decoration.",,light_technical,Can the athlete still respond to one cue.,authored
{{PPBF_ORG_ID}},scl_fba880ff10e648,drl_2d0193a7c52e58,C,False,Progress by making the entry live while keeping the punch cap fixed.,,light_technical,"Does the harder version still display the same lesson, or has it changed the problem entirely.",authored
{{PPBF_ORG_ID}},scl_5cecca3a21a364,drl_08c95a746f83e9,A,False,"Regress by using steady, predictable retreat patterns.",,light_technical,Is the athlete repeating the target behaviour without the coach adding words.,authored
{{PPBF_ORG_ID}},scl_2dc4e24c9d2b57,drl_08c95a746f83e9,B,True,"The drill as designed: standard system level, the intended real demand, no decoration.",,light_technical,Can the athlete still respond to one cue.,authored
{{PPBF_ORG_ID}},scl_0a63b81ddca637,drl_08c95a746f83e9,C,False,Progress by increasing partner unpredictability.,,light_technical,"Does the harder version still display the same lesson, or has it changed the problem entirely.",authored
{{PPBF_ORG_ID}},scl_0a61692ef0b291,drl_7af719b3b85e94,A,False,Regress by using lighter contact and longer pause windows.,,light_technical,Is the athlete repeating the target behaviour without the coach adding words.,authored
{{PPBF_ORG_ID}},scl_912b14a3e93b85,drl_7af719b3b85e94,B,True,"The drill as designed: standard system level, the intended real demand, no decoration.",,light_technical,Can the athlete still respond to one cue.,authored
{{PPBF_ORG_ID}},scl_f82f24ef108e28,drl_7af719b3b85e94,C,False,Progress by adding partner pressure after contact.,,light_technical,"Does the harder version still display the same lesson, or has it changed the problem entirely.",authored
{{PPBF_ORG_ID}},scl_8f236936fa796b,drl_0c72ef57315f70,A,False,Regress by using one type of disruption at a time.,,light_technical,Is the athlete repeating the target behaviour without the coach adding words.,authored
{{PPBF_ORG_ID}},scl_87672c1b33c25a,drl_0c72ef57315f70,B,True,"The drill as designed: standard system level, the intended real demand, no decoration.",,light_technical,Can the athlete still respond to one cue.,authored
{{PPBF_ORG_ID}},scl_41f0a0e61f1405,drl_0c72ef57315f70,C,False,Progress by making the disorder less predictable.,,light_technical,"Does the harder version still display the same lesson, or has it changed the problem entirely.",authored
{{PPBF_ORG_ID}},scl_0838013e1866bd,drl_9de5719225a39c,A,False,"Lay a taped line or footprint markers on the floor showing the target foot placement. Athlete walks toward it from one fixed direction only (straight ahead), steps onto the markers on the call, and holds while the coach checks the same foot line/knee/weight points against the visual guide. Removing the multi-directional entry and giving a visual target makes correct base immediately obvious and repeatable.",,none,Is the athlete repeating the target behaviour without the coach adding words.,literature_grounded_draft
{{PPBF_ORG_ID}},scl_5880950c070643,drl_9de5719225a39c,B,True,"The drill as designed: standard system level, the intended real demand, no decoration.",,none,Can the athlete still respond to one cue.,authored
{{PPBF_ORG_ID}},scl_8588c795dd9469,drl_9de5719225a39c,C,False,"Drop the markers; coach calls out random entry directions (forward, backward, diagonal) mid-walk, and mixes in a decoy call name that should NOT trigger a stance, forcing the athlete to discriminate the real cue before committing. On the genuine call, the athlete must still land the identical base and hold it while the coach checks foot line, knee softness and weight distribution — the disruption is in recognizing and timing the cue, not in the base itself.",,none,"Does the harder version still display the same lesson, or has it changed the problem entirely.",literature_grounded_draft
{{PPBF_ORG_ID}},scl_e684390a3198c7,drl_0485b7a8023ef4,A,False,"Partner places both hands on the athlete's shoulders and holds contact, pushing from the front only, with the direction and timing called out loud (""pushing now"") before each push. Athlete starts in a pre-set, correct stance rather than moving into one, isolating the absorb-without-stepping response from any guessing about where force will come from.",,light_technical,Is the athlete repeating the target behaviour without the coach adding words.,literature_grounded_draft
{{PPBF_ORG_ID}},scl_6e709eba768728,drl_0485b7a8023ef4,B,True,"The drill as designed: standard system level, the intended real demand, no decoration.",,light_technical,Can the athlete still respond to one cue.,authored
{{PPBF_ORG_ID}},scl_f458604aaf5041,drl_0485b7a8023ef4,C,False,"Push direction is no longer announced and can come from front, side, or rear in any order, so the athlete must read contact and reset base on the fly rather than anticipate it. Pushes now arrive while the athlete is mid-motion (shifting weight, throwing a light jab, or checking a pad) instead of from a static ready position, forcing the same no-step absorption decision under a live distraction. Contact stays slow and light-technical throughout — the added stress is uncertainty and timing, not force or speed.",,light_technical,"Does the harder version still display the same lesson, or has it changed the problem entirely.",literature_grounded_draft
{{PPBF_ORG_ID}},scl_ddaa6d8317bf20,drl_c256be2f4f5fab,A,False,"Same taped line, but foot-strike spots are pre-marked with chalk dots either side of the tape at the exact target width/angle, and the turn call comes on a fixed, counted step (e.g., always the 4th step) so timing is never a variable. The athlete's only job is matching feet to the dots — geometry is shown, not searched for.",,none,Is the athlete repeating the target behaviour without the coach adding words.,literature_grounded_draft
{{PPBF_ORG_ID}},scl_6b66a21c9b1dcf,drl_c256be2f4f5fab,B,True,"The drill as designed: standard system level, the intended real demand, no decoration.",,none,Can the athlete still respond to one cue.,authored
{{PPBF_ORG_ID}},scl_7d6fc212448ea7,drl_c256be2f4f5fab,C,False,"The line now has two unmarked bends in it, and the turn call is given by a partner at a random, uncalled step rather than a fixed count. The athlete must read which segment of the line they're currently walking to judge the correct lead-foot angle before straddling it — same base-geometry check, now under timing and orientation uncertainty instead of a predictable cue.",,none,"Does the harder version still display the same lesson, or has it changed the problem entirely.",literature_grounded_draft
{{PPBF_ORG_ID}},scl_56500a884e14e8,drl_43da0d1ce221fe,A,False,"Coach calls only one fixed direction (e.g. always ""step right"") from directly in front, at a slow, even pace, and pauses after each call so the athlete can check foot placement and weight distribution before the next one. This isolates the recovery-to-base action from any decision-making about which direction to go, so the athlete feels what ""base"" is supposed to look and feel like every single rep.",,none,Is the athlete repeating the target behaviour without the coach adding words.,literature_grounded_draft
{{PPBF_ORG_ID}},scl_e2634820cc9a9b,drl_43da0d1ce221fe,B,True,"The drill as designed: standard system level, the intended real demand, no decoration.",,none,Can the athlete still respond to one cue.,authored
{{PPBF_ORG_ID}},scl_a20e17655694df,drl_43da0d1ce221fe,C,False,"Coach calls a direction, then — before the athlete has fully settled — calls a second, different or contradictory direction, forcing a recovery-to-base out of an already-unsettled position rather than from a clean stance. Vary the delay between calls (some instant, some held a beat longer) and occasionally call from an angle outside the athlete's front-on view, but still score only whether base is re-established each time, not how the step looked.",,none,"Does the harder version still display the same lesson, or has it changed the problem entirely.",literature_grounded_draft
{{PPBF_ORG_ID}},scl_f5c18dabca6b42,drl_e3a1b88c8d90a6,A,False,"Partner announces the nudge direction just before delivering it (""left... now"") and athlete starts from a static, squared stance instead of moving. This removes the anticipation problem so the athlete can isolate and groove the actual recovery step — replant back foot, re-square hips, no crossover — with zero guesswork about where the force is coming from.",,light_technical,Is the athlete repeating the target behaviour without the coach adding words.,literature_grounded_draft
{{PPBF_ORG_ID}},scl_61822648cf75d3,drl_e3a1b88c8d90a6,B,True,"The drill as designed: standard system level, the intended real demand, no decoration.",,light_technical,Can the athlete still respond to one cue.,authored
{{PPBF_ORG_ID}},scl_dcc6bfe729d72c,drl_e3a1b88c8d90a6,C,False,"Nudges still stay light_technical, but now they arrive while the athlete is mid-combination on the mitts, and the partner mixes in occasional feints (a hand fake with no actual push) among the real nudges. The athlete must first decide ""was that real or a fake"" and only then execute the same non-crossing base recovery — adding a discrimination/decision load on top of the disruption, not just more force or speed, so the original recovery mechanics are still the thing being tested.",,light_technical,"Does the harder version still display the same lesson, or has it changed the problem entirely.",literature_grounded_draft
{{PPBF_ORG_ID}},scl_d96a5799123dc9,drl_b761c27849920e,A,False,"Coach pre-picks one fixed setup (e.g., seated in a chair, back against the wall) instead of the athlete surveying options. The athlete's only job is to settle into that single position and say out loud what makes it stable (""feet flat, spine on the wall, hands free""). This isolates the *naming/defining* behaviour from the *searching-for-options* behaviour, so it's repeated cleanly every time.",,none,Is the athlete repeating the target behaviour without the coach adding words.,literature_grounded_draft
{{PPBF_ORG_ID}},scl_25f9345dda2d2a,drl_b761c27849920e,B,True,"The drill as designed: standard system level, the intended real demand, no decoration.",,none,Can the athlete still respond to one cue.,authored
{{PPBF_ORG_ID}},scl_f0e97cb4b8844f,drl_b761c27849920e,C,False,"Mid-drill, the coach removes or shifts the support the athlete just defined as base (pulls the chair back, takes away the wall, moves them to an uneven mat) without warning. The athlete must re-declare, out loud, what their new most-stable position is before continuing — same defining behaviour, but now under a forced re-decision rather than a fresh choice. If the athlete freezes or defaults to guessing instead of re-assessing and stating a new base, the drill has failed regardless of how ""hard"" it looks.",,none,"Does the harder version still display the same lesson, or has it changed the problem entirely.",literature_grounded_draft
{{PPBF_ORG_ID}},scl_8d2de694288941,drl_7908566cc70d14,A,False,"Athlete reaches to a single fixed target (e.g., coach's palm held at chest height, same spot every rep) rather than varying heights/angles. This removes the decision of where to reach so the athlete can fully feel base width, weight distribution, and rear-foot pressure staying intact through the reach and return, before any target variability is introduced.",,none,Is the athlete repeating the target behaviour without the coach adding words.,literature_grounded_draft
{{PPBF_ORG_ID}},scl_225acb1f50ee7b,drl_7908566cc70d14,B,True,"The drill as designed: standard system level, the intended real demand, no decoration.",,none,Can the athlete still respond to one cue.,authored
{{PPBF_ORG_ID}},scl_aac8f6dab52e3b,drl_7908566cc70d14,C,False,"Coach calls or points to targets at random heights/angles with no set pattern, and may delay the call after the athlete has already started loading toward a guessed spot, forcing a mid-reach redirect. This adds decision and disruption while the check stays identical: does the base survive the reach, or does the athlete's stance collapse/step to compensate.",,none,"Does the harder version still display the same lesson, or has it changed the problem entirely.",literature_grounded_draft
{{PPBF_ORG_ID}},scl_59807ab4def7d9,drl_105923e88c4fff,A,False,"Coach counts the tempo aloud at roughly half B's speed and calls a full stop at each end (""lead... hold... rear... hold""), so the athlete feels the weight fully settle over one leg before the next shift. Hands rest on hips to strip out arm/shoulder motion so only the hip-to-foot pressure change is being read and repeated.",,none,Is the athlete repeating the target behaviour without the coach adding words.,literature_grounded_draft
{{PPBF_ORG_ID}},scl_999865df17262b,drl_105923e88c4fff,B,True,"The drill as designed: standard system level, the intended real demand, no decoration.",,none,Can the athlete still respond to one cue.,authored
{{PPBF_ORG_ID}},scl_308f6e423ef128,drl_105923e88c4fff,C,False,"Coach drops the steady count and calls ""shift"" on an irregular, unpredictable rhythm (long gaps, then two quick ones), forcing the athlete to read a live cue instead of anticipating a beat — same lead-to-rear transfer, no foot lift, but now decided in real time. A second layer (coach also calls random numbers the athlete must echo mid-shift) can be added to confirm the weight transfer stays clean even when attention is split, not just when it's the only job.",,none,"Does the harder version still display the same lesson, or has it changed the problem entirely.",literature_grounded_draft
{{PPBF_ORG_ID}},scl_8ebb4798f2469d,drl_8590c60fd782a8,A,False,"Athlete stays in a fixed, squared stance (no stepping, no lateral drift) and splits the motion into two counted beats: ""1"" for hip/rear-foot pivot, ""2"" for the hand rising to the shoulder. Coach or mirror checks that the hip finishes turning before the hand moves, so the sequencing order is impossible to blur.",,none,Is the athlete repeating the target behaviour without the coach adding words.,literature_grounded_draft
{{PPBF_ORG_ID}},scl_cac4dc851c874a,drl_8590c60fd782a8,B,True,"The drill as designed: standard system level, the intended real demand, no decoration.",,none,Can the athlete still respond to one cue.,authored
{{PPBF_ORG_ID}},scl_8eee623e242415,drl_8590c60fd782a8,C,False,"Athlete keeps moving (shifting stance, changing angle, circling) and the coach calls ""transfer"" at random, unpredictable moments and from either side, forcing the athlete to decide mid-motion which rear hand/hip to load and fire. Hand still caps at the shoulder — the added stress is reaction timing and directional decision-making, not letting the strike complete.",,none,"Does the harder version still display the same lesson, or has it changed the problem entirely.",literature_grounded_draft
{{PPBF_ORG_ID}},scl_c7ca5b880a9cb5,drl_f98704fda3b068,A,False,"Remove the band; coach places a static hand at hip height and the athlete transfers weight into that fixed contact point, holding the end position 2s. This strips out variable resistance so the athlete can feel the correct stable end-range position with a predictable, non-shifting load — same transfer mechanics as B, zero tension variability to manage.",,none,Is the athlete repeating the target behaviour without the coach adding words.,literature_grounded_draft
{{PPBF_ORG_ID}},scl_b1a7feb0bbfe0d,drl_f98704fda3b068,B,True,"The drill as designed: standard system level, the intended real demand, no decoration.",,none,Can the athlete still respond to one cue.,authored
{{PPBF_ORG_ID}},scl_90b7f8b20b9134,drl_f98704fda3b068,C,False,"Same band setup at hip height, but the coach randomly varies anchor tension (slack/taut) or calls a direction switch just as the athlete commits to the transfer, forcing a mid-transfer decision on which line to finish through. Athlete must still find and hold the stable 2s end position despite the unpredictable resistance — the decision demand is added, not speed or fatigue, and the hold requirement stays intact so the target behaviour is still checked.",,none,"Does the harder version still display the same lesson, or has it changed the problem entirely.",literature_grounded_draft
{{PPBF_ORG_ID}},scl_197adb36641892,drl_7e09f9990ea721,A,False,"Athlete starts with hands already resting near cheek height (not fully down) and stands facing a mirror or wall mark, so the ""call"" only asks for a small tightening into guard rather than a full drop-to-set transition. This removes the transition-distance and reaction-timing demand while keeping the exact same elbow/hand/shoulder checkpoints — the athlete feels the correct shape immediately and holds it for the coach's check.",,none,Is the athlete repeating the target behaviour without the coach adding words.,literature_grounded_draft
{{PPBF_ORG_ID}},scl_c8449f5de9f789,drl_7e09f9990ea721,B,True,"The drill as designed: standard system level, the intended real demand, no decoration.",,none,Can the athlete still respond to one cue.,authored
{{PPBF_ORG_ID}},scl_32e05d683cf7d6,drl_7e09f9990ea721,C,False,"Same hands-down start, but the coach folds in a distractor immediately before or during the call — a clap, a number, a step-in feint, or calling ""guard"" while the athlete is mid-pivot in footwork — so the athlete must recognize the real cue and still produce the identical guard set (same elbow/hand/shoulder checkpoints) despite the disruption. No speed, power, or contact is added; the only new load is deciding correctly and resetting the shape under interference. If the guard checkpoints degrade or disappear under the distractor, drop back to B rather than adding more disruption.",,none,"Does the harder version still display the same lesson, or has it changed the problem entirely.",literature_grounded_draft
{{PPBF_ORG_ID}},scl_98356585573220,drl_d418eb017730d7,A,False,"Fatigue is induced through non-striking work only (shadow footwork, burpees, or bodyweight circuits) rather than combat-style bouts, so the athlete's attention isn't split between offense and guard. The coach calls ""check"" at unpredictable moments and the athlete freezes to show guard position — isolating the hand-height cue in a low-complexity picture before adding any striking/defensive decision-making.",,none,Is the athlete repeating the target behaviour without the coach adding words.,literature_grounded_draft
{{PPBF_ORG_ID}},scl_6f9e96c4372eec,drl_d418eb017730d7,B,True,"The drill as designed: standard system level, the intended real demand, no decoration.",,none,Can the athlete still respond to one cue.,authored
{{PPBF_ORG_ID}},scl_37b0e2663fdd14,drl_d418eb017730d7,C,False,"Fatigue bouts now include a reactive decision layer: a partner intermittently throws single strikes or feeds a shove/collar-tie disruption, and the athlete must choose to slip, cover, or reset guard in real time rather than just holding a static position. Bouts are ordered unpredictably (short-long-short) and the coach adds a verbal distractor task (call numbers, react to a color) mid-bout — the same timestamp-of-first-hand-drop metric is still recorded, confirming the guard-retention lesson survives added decision load and disorder.",,none,"Does the harder version still display the same lesson, or has it changed the problem entirely.",literature_grounded_draft
{{PPBF_ORG_ID}},scl_99fe2f3fb37063,drl_01fa10cd503857,A,False,"Athlete stands in guard facing the mirror at arm's length, feet static, and simply rotates shoulder-to-chin into position from a neutral start, checking the mirror after each rotation instead of holding under any load. The picture is simplified to one isolated rotation with a stationary reference and immediate visual confirmation, removing any stance-adjustment or weight-transfer demand so the chin-behind-shoulder position is felt cleanly before anything else is added.",,none,Is the athlete repeating the target behaviour without the coach adding words.,literature_grounded_draft
{{PPBF_ORG_ID}},scl_96a504bfbd4041,drl_01fa10cd503857,B,True,"The drill as designed: standard system level, the intended real demand, no decoration.",,none,Can the athlete still respond to one cue.,authored
{{PPBF_ORG_ID}},scl_252c40b6fbb977,drl_01fa10cd503857,C,False,"Athlete keeps the mirror but the coach calls ""left"" or ""right"" at random from behind, unseen, forcing a decision on which shoulder to rotate behind before checking the mirror for confirmation — removing the ""always know which side"" comfort of self-paced practice. Add a step or shuffle immediately before the call so the athlete must find the position while their base is still resettling, and occasionally angle the mirror or their stance slightly off-square so the external reference itself requires a small search rather than a fixed glance. The lesson stays intact only if the chin still lands behind the shoulder despite the delay and disorientation — if the athlete guesses a side and covers with the glove instead of rotating correctly, the drill has slipped into the wrong behaviour and should be pulled back a notch.",,none,"Does the harder version still display the same lesson, or has it changed the problem entirely.",literature_grounded_draft
{{PPBF_ORG_ID}},scl_cf746c28d25757,drl_f44b6b2f12ba97,A,False,"Partner holds a stationary target at one fixed distance and height; athlete extends the lead hand to the same contact point every rep and holds a visible beat in full guard before resetting. No footwork, no second-hand action, no varied targets — the only thing removed is uncertainty about where/when, so the athlete can feel the hand actually land back on the cheekbone before speed is added.",,none,Is the athlete repeating the target behaviour without the coach adding words.,literature_grounded_draft
{{PPBF_ORG_ID}},scl_b7ae390cf1ca61,drl_f44b6b2f12ba97,B,True,"The drill as designed: standard system level, the intended real demand, no decoration.",,none,Can the athlete still respond to one cue.,authored
{{PPBF_ORG_ID}},scl_623153d7e90ff1,drl_f44b6b2f12ba97,C,False,"Partner now varies target height/position rep to rep and occasionally raises their own hand as a return-jab feint right as the athlete's hand is extended, forcing a decision on when to snap back rather than reacting to speed alone. Footwork angle changes are added so guard must be found from an off-center stance, not a straight line back. The behaviour being checked stays identical: if the athlete starts leaving the hand out to block the feint instead of returning to guard first, that's the wrong version and should be walked back.",,none,"Does the harder version still display the same lesson, or has it changed the problem entirely.",literature_grounded_draft
{{PPBF_ORG_ID}},scl_b2249587834f96,drl_b37c52526817b7,A,False,"Use one marker instead of two, set at a single fixed step-drag length, and the coach calls each ""step"" / ""drag"" out loud instead of the athlete pacing themselves. This removes the timing/distance judgment call and isolates the one thing being taught — keeping base width constant on the step and on the drag.",,none,Is the athlete repeating the target behaviour without the coach adding words.,literature_grounded_draft
{{PPBF_ORG_ID}},scl_e6b97940eedc59,drl_b37c52526817b7,B,True,"The drill as designed: standard system level, the intended real demand, no decoration.",,none,Can the athlete still respond to one cue.,authored
{{PPBF_ORG_ID}},scl_8c26a6e01d4f09,drl_b37c52526817b7,C,False,"Same two markers, but the coach calls ""forward"" or ""back"" at random and out of rhythm, forcing the athlete to reverse direction mid-drag instead of following a pre-set pattern. Base width must still hold through the unplanned direction change — if the stance narrows or the feet cross to catch up, the drill has failed even though it ""looks"" harder.",,none,"Does the harder version still display the same lesson, or has it changed the problem entirely.",literature_grounded_draft
{{PPBF_ORG_ID}},scl_83dc67464d07af,drl_4347e2c1a20806,A,False,"Coach calls ""forward"" or ""back"" on a fixed, predictable rhythm (same order, evenly spaced) instead of irregular timing — athlete knows what's coming and can groove the step-drag mechanics (rear foot pushes, lead foot lands first, no crossing) with zero uncertainty. Once the pattern is clean and repeatable, irregular timing gets reintroduced to bridge into B.",,none,Is the athlete repeating the target behaviour without the coach adding words.,literature_grounded_draft
{{PPBF_ORG_ID}},scl_6708ad6a58fdf5,drl_4347e2c1a20806,B,True,"The drill as designed: standard system level, the intended real demand, no decoration.",,none,Can the athlete still respond to one cue.,authored
{{PPBF_ORG_ID}},scl_1ffce82e966199,drl_4347e2c1a20806,C,False,"Coach adds a second, occasionally conflicting cue channel — a hand signal that contradicts the verbal call on some reps — so the athlete must resolve which cue to trust mid-decision before stepping. Direction calls also come from a position the athlete has to locate first (coach circling, calling from an angle rather than square in front), adding a perception delay on top of the choice. The step-drag itself (footwork mechanics, no crossing, weight staying centered) must still appear cleanly on every rep — if the added conflict causes the athlete to bail into a lunge, hop, or crossed-foot scramble instead of a step-drag, the difficulty has erased the lesson and needs to drop back to B.",,none,"Does the harder version still display the same lesson, or has it changed the problem entirely.",literature_grounded_draft
{{PPBF_ORG_ID}},scl_10fac58de56dd4,drl_d79b33ee316e09,A,False,"Tape a large square with a partner standing at one corner calling only ONE direction the whole set (""left"" repeated), so the athlete drills a single lateral step-slide without crossing feet, resetting to a neutral stance between calls. Once that side is clean, flip to the opposite single direction only — no mixed calls yet. This isolates the footwork pattern (push off trail foot, lead foot finds the floor first) before direction-switching is ever added.",,none,Is the athlete repeating the target behaviour without the coach adding words.,literature_grounded_draft
{{PPBF_ORG_ID}},scl_4aa63d343780c5,drl_d79b33ee316e09,B,True,"The drill as designed: standard system level, the intended real demand, no decoration.",,none,Can the athlete still respond to one cue.,authored
{{PPBF_ORG_ID}},scl_ea92b725a9f0ea,drl_d79b33ee316e09,C,False,"Shrink the taped square by half and have the caller mix rapid, non-sequential direction calls (including immediate reversals and a false call that's cancelled mid-word) while the athlete holds hands-up guard and tracks a slow jab feed from the caller between calls. The athlete must still plant on the correct foot and never cross feet even when the call reverses instantly or the jab arrives during a transition — the lesson (clean lateral stepping, no crossed feet) has to survive the added decision load and disruption, not get replaced by scrambling.",,none,"Does the harder version still display the same lesson, or has it changed the problem entirely.",literature_grounded_draft
{{PPBF_ORG_ID}},scl_7ff487cf3743bd,drl_1d6e36f12d7c87,A,False,"Partner leads with a fixed, telegraphed lateral pattern — three steps one direction, pause, three steps back — at a pace the athlete can stay attached to every time. Athlete's success criterion is precise: stance width held, shoulders square to partner, no crossed feet. The reference is still moving and unscripted in *feel*, just stripped of randomness so the matching behaviour lands clean every rep.",,light_technical,Is the athlete repeating the target behaviour without the coach adding words.,literature_grounded_draft
{{PPBF_ORG_ID}},scl_373558b35835f4,drl_1d6e36f12d7c87,B,True,"The drill as designed: standard system level, the intended real demand, no decoration.",,light_technical,Can the athlete still respond to one cue.,authored
{{PPBF_ORG_ID}},scl_bfff6650848af0,drl_1d6e36f12d7c87,C,False,"Partner now mixes direction reversals, false steps, and speed changes with no repeating pattern, while a third person calls out an occasional direction that may contradict the partner's actual movement, forcing the athlete to decide which reference to track before their feet move. No hands added — contact level stays light_technical — the disruption is informational and directional, not physical, so the lateral-matching behaviour is still the thing being tested, just under conflicting input.",,light_technical,"Does the harder version still display the same lesson, or has it changed the problem entirely.",literature_grounded_draft
{{PPBF_ORG_ID}},scl_418f6f448a2264,drl_087353a71f3b4e,A,False,"One marker, placed directly ahead at a fixed close distance, and the coach points to it rather than calling a number — athlete pivots on the lead foot to square up, holds the finish position for a beat so the coach can check hip/foot alignment before the next cue. Removes the numeral-recall/audio-processing layer so the only job left is the pivot mechanic itself.",,none,Is the athlete repeating the target behaviour without the coach adding words.,literature_grounded_draft
{{PPBF_ORG_ID}},scl_1fc4f541a761e1,drl_087353a71f3b4e,B,True,"The drill as designed: standard system level, the intended real demand, no decoration.",,none,Can the athlete still respond to one cue.,authored
{{PPBF_ORG_ID}},scl_96dd83f46a6de0,drl_087353a71f3b4e,C,False,"Four to six markers spread in a wider arc, including some behind the athlete's shoulder line, called in quick two-number sequences (e.g., ""3... 7"") so the athlete must pivot, resettle, and pivot again to a second target before fully recovering from the first — with an occasional false number called and cancelled to force a held stance rather than an early commit. The call still comes verbally and the response must still be a lead-foot pivot to square the marker; nothing here substitutes footwork or lets the athlete turn the whole body from the rear foot to save time.",,none,"Does the harder version still display the same lesson, or has it changed the problem entirely.",literature_grounded_draft
{{PPBF_ORG_ID}},scl_33caad0c4fb271,drl_c339eeabf109d4,A,False,"Partner stands at a fixed distance and closes only one predictable step (not a continuous walk), always on the same side, then stops. Athlete pivots off that single closing step and resets — removing the timing read of continuous approach so the pivot mechanics and exit angle are isolated and repeatable before the athlete has to judge *when* to go.",,light_technical,Is the athlete repeating the target behaviour without the coach adding words.,literature_grounded_draft
{{PPBF_ORG_ID}},scl_3093ecbe60ed64,drl_c339eeabf109d4,B,True,"The drill as designed: standard system level, the intended real demand, no decoration.",,light_technical,Can the athlete still respond to one cue.,authored
{{PPBF_ORG_ID}},scl_53c1d3e703fccf,drl_c339eeabf109d4,C,False,"Partner closes at varying pace and from varying angles (sometimes squared, sometimes angled, occasionally feinting a stop-start), and after the athlete pivots out, immediately re-squares and closes the new line again — forcing the athlete to read the fresh angle and pivot a second time rather than assume safety after one exit. This adds decision-making (which way to pivot, whether the line is actually closed) and repeated pressure without adding speed or force beyond light_technical contact, so the pivot-as-escape behaviour is still what's being tested, just under a harder read.",,light_technical,"Does the harder version still display the same lesson, or has it changed the problem entirely.",literature_grounded_draft
{{PPBF_ORG_ID}},scl_d8e00ec5d82684,drl_e0428b3066b8c2,A,False,"Partner walks forward on the same straight line at a slow, fixed pace (no strikes), stopping the instant the athlete plants outside the lead foot so the pivot-step combination can be checked and re-set before repeating. This removes speed and unpredictability but keeps the exact same two-part action — pivot then step — landing in the same outside-foot spot.",,light_technical,Is the athlete repeating the target behaviour without the coach adding words.,literature_grounded_draft
{{PPBF_ORG_ID}},scl_fc3d334d4fd14e,drl_e0428b3066b8c2,B,True,"The drill as designed: standard system level, the intended real demand, no decoration.",,light_technical,Can the athlete still respond to one cue.,authored
{{PPBF_ORG_ID}},scl_8dda7e0c9590c6,drl_e0428b3066b8c2,C,False,"Partner advances but disguises the line with a shoulder feint or a half-step change of direction just before contact range, sometimes closing straight and sometimes angling to cut off the athlete's usual escape side, forcing the athlete to read the change and still produce a pivot-step combo (not just a step or just a pivot) that ends outside the lead foot. A light jab on the advance can be added so the angle cut must happen while managing incoming contact, but the finish position — outside the lead foot, both directions — must still be visibly present or the rep doesn't count.",,light_technical,"Does the harder version still display the same lesson, or has it changed the problem entirely.",literature_grounded_draft
{{PPBF_ORG_ID}},scl_caf830bb09e746,drl_cae76c934d4067,A,False,"Same two markers, but the sequence is fixed and shown to the athlete before starting (e.g., ""always one-then-two"") instead of called live. This strips the pre-plan-blocking uncertainty so the athlete can groove the actual cut-reset-cut mechanics — footwork, weight transfer, re-establishing guard on the new angle — without also solving which marker comes next.",,none,Is the athlete repeating the target behaviour without the coach adding words.,literature_grounded_draft
{{PPBF_ORG_ID}},scl_b558991e45d6f1,drl_cae76c934d4067,B,True,"The drill as designed: standard system level, the intended real demand, no decoration.",,none,Can the athlete still respond to one cue.,authored
{{PPBF_ORG_ID}},scl_8be6f585305f8a,drl_cae76c934d4067,C,False,"Three markers now in play, called in random order, and after the first cut the coach delays the second call by a beat (holding the athlete in the reset position before committing them again) or occasionally calls a decoy marker that gets cancelled mid-step. The athlete must still produce a clean, balanced angle change on real information rather than anticipating — if the delay or decoy causes them to false-step or drift instead of holding a controlled reset, the drill has failed even if they ""look busy.""",,none,"Does the harder version still display the same lesson, or has it changed the problem entirely.",literature_grounded_draft
{{PPBF_ORG_ID}},scl_2d3825bf910102,drl_d54f831b93ec55,A,False,"Partner enters on one fixed, announced line (straight in, same speed every rep) and stays static once the athlete reaches the pivot point — no cutting off the angle. A chalk line or cone marks the pivot arc so the athlete can see and feel the correct footwork landing outside the punching lane before contact resumes. This isolates the pivot-and-angle exit as a clean, repeatable shape without any read-and-react load.",,light_technical,Is the athlete repeating the target behaviour without the coach adding words.,literature_grounded_draft
{{PPBF_ORG_ID}},scl_4d8f5d64ed3d28,drl_d54f831b93ec55,B,True,"The drill as designed: standard system level, the intended real demand, no decoration.",,light_technical,Can the athlete still respond to one cue.,authored
{{PPBF_ORG_ID}},scl_26c6900d322a9f,drl_d54f831b93ec55,C,False,"Partner now enters from varied angles (including cutting toward the athlete's preferred pivot side) and occasionally feints a step to bait a straight backward retreat instead of the angle exit. Add a second partner outside the ropes who calls or taps a direction just before entry, forcing the athlete to choose and commit to the correct pivot under time pressure. The exit must still be pivot-based — if the athlete reverts to backing straight out to solve the added pressure, the drill has failed, not leveled up.",,light_technical,"Does the harder version still display the same lesson, or has it changed the problem entirely.",literature_grounded_draft
{{PPBF_ORG_ID}},scl_1f63698f6ffa36,drl_87f94622479ae5,A,False,"Athlete starts with back already touching the ropes (no live drive backward) and a partner holds pads stationary at a known, called-out angle. On the cue, athlete pivots off the rope line and resets to a chalked centre-floor marker, with the drive-back removed so only the pivot-and-return mechanic is being grooved. Success = clean angle-out to centre every time from a fixed, predictable start.",,light_technical,Is the athlete repeating the target behaviour without the coach adding words.,literature_grounded_draft
{{PPBF_ORG_ID}},scl_a70f377ead8ee2,drl_87f94622479ae5,B,True,"The drill as designed: standard system level, the intended real demand, no decoration.",,conditioned,Can the athlete still respond to one cue.,authored
{{PPBF_ORG_ID}},scl_6b797ae57a9948,drl_87f94622479ae5,C,False,"Partner drives the athlete to the ropes from an unpredictable angle (not always straight on) and, just as the athlete begins the centre-recovery pivot, cuts the intended return lane by stepping into it, forcing a second read-and-adjust before centre is regained. Contact stays conditioned and coach-authorized — the added stress is angle variation plus a mid-recovery decision, not harder shots. The pivot-off-the-rope-to-centre behaviour must still be visible, not replaced by covering up or bailing sideways along the ropes.",,conditioned,"Does the harder version still display the same lesson, or has it changed the problem entirely.",literature_grounded_draft
{{PPBF_ORG_ID}},scl_2fe425abe32ef1,drl_e87143cad096a4,A,False,"Remove the partner reaction entirely — athlete crosses the tape toward a stationary target (bag or held mitt) and returns on a steady, coach-called count that stays identical rep to rep. This isolates the entry-exit rhythm with zero timing uncertainty, so the athlete feels committing in and leaving on cue before anything can disrupt it.",,none,Is the athlete repeating the target behaviour without the coach adding words.,literature_grounded_draft
{{PPBF_ORG_ID}},scl_ffb8dbe210e048,drl_e87143cad096a4,B,True,"The drill as designed: standard system level, the intended real demand, no decoration.",,none,Can the athlete still respond to one cue.,authored
{{PPBF_ORG_ID}},scl_932a9e9b7cf1cd,drl_e87143cad096a4,C,False,"A partner now stands at the line, varies the count length unpredictably (sometimes cut short, sometimes stretched), and may take one step forward as the athlete enters, encroaching on the exit gap. The athlete must still commit fully across the line and leave on rhythm despite the altered timing and closing distance — the decision of *when* to trust the exit is now live, but the entry-and-exit pattern itself must stay intact, not collapse into trading or retreating early.",,none,"Does the harder version still display the same lesson, or has it changed the problem entirely.",literature_grounded_draft
{{PPBF_ORG_ID}},scl_63f481ae3aac4d,drl_ff1c5f67a3635b,A,False,"Coach holds the lead hand extended and static (no reset, no re-extension timing to read). Athlete steps in on a called ""go,"" enters behind the still hand, touches the mitt, exits on the same beat. Removing the timing/read demand lets the athlete groove the entry-exit rhythm with a fixed, always-available picture.",,light_technical,Is the athlete repeating the target behaviour without the coach adding words.,literature_grounded_draft
{{PPBF_ORG_ID}},scl_a6386e29f43dd3,drl_ff1c5f67a3635b,B,True,"The drill as designed: standard system level, the intended real demand, no decoration.",,light_technical,Can the athlete still respond to one cue.,authored
{{PPBF_ORG_ID}},scl_300a696cce078e,drl_ff1c5f67a3635b,C,False,"Coach varies the extension: sometimes a full extend, sometimes a short feint or half-extend, sometimes a delayed re-extend after a slip, occasionally stepping laterally as it's offered. Athlete must decide, on the fly, when the hand is genuinely ""behind-able"" versus a feint, then still enter behind it, touch, and exit on the same beat — if they enter on the feint or exit late, the lesson (behind-the-hand entry, matched-beat exit) has been lost even if contact landed.",,light_technical,"Does the harder version still display the same lesson, or has it changed the problem entirely.",literature_grounded_draft
{{PPBF_ORG_ID}},scl_756fa5c4189f6b,drl_47e30881c7b416,A,False,"Same footwork pattern, but the coach watches only one checkpoint (base width) instead of both base width and foot line, and bouts are shorter with full recovery between them so fatigue builds slowly and predictably. The athlete gets multiple clean reps at a mild fatigue level before any degradation shows, so they feel what ""correct"" looks and feels like under load before losing it. Success is called the moment the coach can point to unbroken form across several bouts — the degradation point is still tracked, just pushed later and easier to see coming.",,none,Is the athlete repeating the target behaviour without the coach adding words.,literature_grounded_draft
{{PPBF_ORG_ID}},scl_5ceca6bda5117b,drl_47e30881c7b416,B,True,"The drill as designed: standard system level, the intended real demand, no decoration.",,none,Can the athlete still respond to one cue.,authored
{{PPBF_ORG_ID}},scl_1391fb39084fb0,drl_47e30881c7b416,C,False,"Same fatigue-accumulation structure, but the coach adds unpredictable direction or target calls mid-bout so the athlete must choose the correct footwork response while already fatigued, instead of running the pattern on autopilot. This forces a decision under load rather than just repetition under load — the drill now asks ""can you still choose the right step when tired AND surprised,"" which is a harder version of the same question. The output is unchanged: the coach still marks the exact bout where base width or foot line first breaks, now under compounded stress rather than volume alone.",,none,"Does the harder version still display the same lesson, or has it changed the problem entirely.",literature_grounded_draft
{{PPBF_ORG_ID}},scl_66745a4c71aa27,drl_160ff16df2a668,A,False,"Coach holds the mitt already positioned dead-center at the athlete's exact extension range (no reach or adjustment needed), and calls ""jab"" only after the athlete is set in guard. This removes range-finding as a variable so the rep is pure extension-turn-retraction-return-to-guard, nothing else to think about.",,light_technical,Is the athlete repeating the target behaviour without the coach adding words.,literature_grounded_draft
{{PPBF_ORG_ID}},scl_e98b0fefd9b168,drl_160ff16df2a668,B,True,"The drill as designed: standard system level, the intended real demand, no decoration.",,light_technical,Can the athlete still respond to one cue.,authored
{{PPBF_ORG_ID}},scl_bf9a1b8f031fde,drl_160ff16df2a668,C,False,"Coach holds two mitts at different heights/angles (head vs. body, or straight vs. slightly angled) and only reveals which one is ""live"" a half-beat before the athlete must commit, forcing a target-selection decision before the jab fires. Target is still fully static once chosen — the added stress is the pre-strike decision, not movement or speed, so clean jab mechanics and return-to-guard must still show up every rep.",,light_technical,"Does the harder version still display the same lesson, or has it changed the problem entirely.",literature_grounded_draft
{{PPBF_ORG_ID}},scl_0a1da73e5a43d8,drl_a8fcfc8f0a4c63,A,False,"Fix the count to a single predictable cadence (always ""jab–TWO"" on the same beat) and have the athlete jab into a held focus mitt at a set distance, so extension is guaranteed clean and attention narrows entirely onto the return. Coach freezes the count if the hand isn't home by the beat, letting the athlete feel the correct retraction path on repeat before any timing variation is introduced.",,none,Is the athlete repeating the target behaviour without the coach adding words.,literature_grounded_draft
{{PPBF_ORG_ID}},scl_0a819289641d21,drl_a8fcfc8f0a4c63,B,True,"The drill as designed: standard system level, the intended real demand, no decoration.",,none,Can the athlete still respond to one cue.,authored
{{PPBF_ORG_ID}},scl_bfd8327a9d634e,drl_a8fcfc8f0a4c63,C,False,"Coach calls the count on an irregular, unpredictable rhythm — early, late, doubled — so the athlete can't pre-load the return to a memorized beat. A partner hovers a hand near the guard slot and taps/tags any jab that lingers out or comes back low, punishing a slow retraction directly rather than just the missed count, while the scored element stays the same: hand home before the call lands.",,none,"Does the harder version still display the same lesson, or has it changed the problem entirely.",literature_grounded_draft
{{PPBF_ORG_ID}},scl_c03d23624651cd,drl_9994cbb4a19315,A,False,"Drill only the forward step-drag-jab, dropping the backward half entirely so there's one direction to track. Coach holds a stationary focus mitt at a fixed, known distance and calls ""step"" on a steady beat — athlete step-drags and jabs, checking that the fist touches the mitt on the exact frame the lead foot lands. Same light_technical contact, just one clean, repeatable timing picture instead of two.",,light_technical,Is the athlete repeating the target behaviour without the coach adding words.,literature_grounded_draft
{{PPBF_ORG_ID}},scl_b22fadeb8bf1cb,drl_9994cbb4a19315,B,True,"The drill as designed: standard system level, the intended real demand, no decoration.",,light_technical,Can the athlete still respond to one cue.,authored
{{PPBF_ORG_ID}},scl_8206ed1fa0766c,drl_9994cbb4a19315,C,False,"Coach holds the mitt and randomly steps it closer, farther, or laterally right as the athlete begins the step-drag, forcing a mid-step distance adjustment forward or back on no fixed pattern. The jab must still land exactly on foot-strike regardless of which direction the mitt forced — if the athlete flicks the jab early or drags it in after the foot lands to compensate, the drill has failed even if contact is made.",,light_technical,"Does the harder version still display the same lesson, or has it changed the problem entirely.",literature_grounded_draft
{{PPBF_ORG_ID}},scl_d988a1b06eaac8,drl_9b6c91030876ae,A,False,"Coach only calls two opposite directions (step left / step right) instead of the full four-way set, and points with a hand signal alongside the call so the athlete has a single, unambiguous trigger to react to. This isolates the decouple-jab-from-step decision without adding directional complexity, so the correct jab fires cleanly and repeatably.",,light_technical,Is the athlete repeating the target behaviour without the coach adding words.,literature_grounded_draft
{{PPBF_ORG_ID}},scl_18b885ed7fa99b,drl_9b6c91030876ae,B,True,"The drill as designed: standard system level, the intended real demand, no decoration.",,light_technical,Can the athlete still respond to one cue.,authored
{{PPBF_ORG_ID}},scl_3cc7f107029228,drl_9b6c91030876ae,C,False,"Coach strings two direction calls back-to-back with no pause (e.g., ""left-back!"") so the athlete must finish the second step and still snap a clean jab off it, and occasionally calls a direction while lightly crowding the athlete's space to disrupt balance right as the call lands. The jab must still fire true off whatever foot the athlete lands on — if the athlete resets their stance or hesitates before jabbing to recover balance, the target behaviour has broken and the drill has gone wrong, not hard.",,light_technical,"Does the harder version still display the same lesson, or has it changed the problem entirely.",literature_grounded_draft
{{PPBF_ORG_ID}},scl_e7fc119307b71f,drl_15847de4920418,A,False,"Coach calls only two jab variations (body jab vs. range-finder jab — drop doubled jab for now) and calls them on a fixed, predictable rhythm (e.g. every time coach steps in). The athlete's job is purely to change level/intent cleanly between the two on cue, with no third option and no timing uncertainty — same lesson (holding jab variations ready and switching intent), smaller decision set, controlled trigger.",,light_technical,Is the athlete repeating the target behaviour without the coach adding words.,literature_grounded_draft
{{PPBF_ORG_ID}},scl_5484be0e8b78b4,drl_15847de4920418,B,True,"The drill as designed: standard system level, the intended real demand, no decoration.",,light_technical,Can the athlete still respond to one cue.,authored
{{PPBF_ORG_ID}},scl_f05ca8cde40a96,drl_15847de4920418,C,False,"All three variations stay live, but the call comes late — on or just after coach's lead hand starts moving, not before — and coach mixes in a real feint or step that isn't a call at all, forcing the athlete to hold all three ready while filtering signal from noise under time pressure. Contact stays light_technical; the added stress is decision-timing and false-cue disruption, not power or volume, so the same ""hold every jab ready, commit on the real call"" behaviour must still show up under pressure.",,light_technical,"Does the harder version still display the same lesson, or has it changed the problem entirely.",literature_grounded_draft
{{PPBF_ORG_ID}},scl_c37c2dcba3f32b,drl_45d9662ee44c36,A,False,"Strip the drill to the transfer only — no cross yet. Athlete performs weight shift into rotation and holds the finish position while the coach checks hip/foot alignment by eye or hand-on-hip. Only once that freeze-frame is clean does the coach add ""now hand"" as a separate, called-out fourth beat, so legs-rotation-hand stays three distinct, verified steps rather than one blurred motion.",,light_technical,Is the athlete repeating the target behaviour without the coach adding words.,literature_grounded_draft
{{PPBF_ORG_ID}},scl_2b1965b2bb3ace,drl_45d9662ee44c36,B,True,"The drill as designed: standard system level, the intended real demand, no decoration.",,light_technical,Can the athlete still respond to one cue.,authored
{{PPBF_ORG_ID}},scl_2b31f511bd9c46,drl_45d9662ee44c36,C,False,"Coach stands where the athlete can't predict the cue and calls ""cross"" at random intervals while the athlete is mid-footwork-pattern or lightly circling — forcing the transfer-rotation-hand sequence to fire off an unscheduled trigger instead of a rehearsed rhythm. Decision demand comes from occasionally calling a decoy (""hook"" or ""hold"") so the athlete must recognize the correct cue before sequencing; contact stays light-technical touch on pads, never speed or power added.",,light_technical,"Does the harder version still display the same lesson, or has it changed the problem entirely.",literature_grounded_draft
{{PPBF_ORG_ID}},scl_829c5bd542d7fb,drl_3df01682e604dd,A,False,"Athlete throws the cross into a stationary hand target (coach's palm), at half speed, with the coach's other hand resting lightly on the athlete's lead glove/cheekbone throughout the punch and return. The tactile contact gives instant feedback the moment the lead hand drifts, so the athlete feels correct hand position rather than guessing at it. Slow speed removes timing pressure entirely — the only job is cross, feel the lead hand stay home, return.",,light_technical,Is the athlete repeating the target behaviour without the coach adding words.,literature_grounded_draft
{{PPBF_ORG_ID}},scl_adef31fa617cdc,drl_3df01682e604dd,B,True,"The drill as designed: standard system level, the intended real demand, no decoration.",,light_technical,Can the athlete still respond to one cue.,authored
{{PPBF_ORG_ID}},scl_0aed051a52d5c9,drl_3df01682e604dd,C,False,"Same cross-and-return, but the coach calls the cross on a random verbal or visual cue while the athlete is already shuffling/circling, and immediately on return flicks a soft, telegraphed jab at the exact spot the lead hand should be covering. If the lead hand was down, the flick lands; if it held its position, it doesn't — the check becomes self-scoring instead of coach-called. Unpredictable timing and footwork disruption add decision load before the punch, and the incoming flick adds consequence after it, but the lesson stays identical: lead hand discipline through the throw and the recovery.",,light_technical,"Does the harder version still display the same lesson, or has it changed the problem entirely.",literature_grounded_draft
{{PPBF_ORG_ID}},scl_e1f3b89a1bf3cd,drl_0af42a73a6878f,A,False,"Athlete throws the lead hook and freezes on contact, holding the position while the coach places a flat palm against the athlete's elbow to confirm it matches fist height before releasing. Remove all rotation speed and follow-through — one hook, one hold, one check per rep. This isolates the elbow-fist relationship as a static picture the athlete can feel and correct in real time.",,light_technical,Is the athlete repeating the target behaviour without the coach adding words.,literature_grounded_draft
{{PPBF_ORG_ID}},scl_c98d90c66230ed,drl_0af42a73a6878f,B,True,"The drill as designed: standard system level, the intended real demand, no decoration.",,light_technical,Can the athlete still respond to one cue.,authored
{{PPBF_ORG_ID}},scl_883c46a9d11a15,drl_0af42a73a6878f,C,False,"Coach holds the bag off-center and calls the hook's target height (temple/ribs) a half-second before the athlete throws, forcing a last-instant read that changes hook angle without changing elbow-fist alignment. Insert a lead jab or slip immediately before the hook so the athlete must re-set balance and still land with elbow height correct under a broken rhythm. The disruption is in timing and angle-decision, not in adding power or speed — elbow-to-fist relationship is still the thing being graded on each rep.",,light_technical,"Does the harder version still display the same lesson, or has it changed the problem entirely.",literature_grounded_draft
{{PPBF_ORG_ID}},scl_2f92e8a776f0e6,drl_1ad44e91b32842,A,False,"Athlete works stationary in front of a mirror or a still bag, calling out ""pivot... hook"" as two separate beats, pausing half a second between the foot rotation and the punch so the rotation-then-strike order is unmistakable. No partner movement, no angle changes — the only job is confirming the hook never starts before the foot finishes turning, resetting instantly if it does.",,light_technical,Is the athlete repeating the target behaviour without the coach adding words.,literature_grounded_draft
{{PPBF_ORG_ID}},scl_3acd82405bf39c,drl_1ad44e91b32842,B,True,"The drill as designed: standard system level, the intended real demand, no decoration.",,light_technical,Can the athlete still respond to one cue.,authored
{{PPBF_ORG_ID}},scl_9939def44f876a,drl_1ad44e91b32842,C,False,"Partner holds pads and shifts laterally to a new angle just before calling for the hook, forcing the athlete to read which way the lead foot must pivot (inside vs. outside) in the moment, then execute the same pivot-first sequence off that unscripted angle. The decision (which direction to pivot) is now live and timed by the partner, but the rule is unchanged: reset if the hook beats the pivot, regardless of how the angle got set up.",,light_technical,"Does the harder version still display the same lesson, or has it changed the problem entirely.",literature_grounded_draft
{{PPBF_ORG_ID}},scl_9cf90354edc390,drl_da603edd55075d,A,False,"Mitt held stationary at the correct rear-hook range, coach calls ""set"" and athlete squares up, resets feet, and confirms distance before throwing — no footwork adjustment required, just pivot-and-hook from a range that's already correct. This isolates the mechanics (rear-foot pivot, elbow height, no reach) with the decision of ""where's my range"" removed so the behaviour lands clean every rep.",,light_technical,Is the athlete repeating the target behaviour without the coach adding words.,literature_grounded_draft
{{PPBF_ORG_ID}},scl_503fcbbb02897b,drl_da603edd55075d,B,True,"The drill as designed: standard system level, the intended real demand, no decoration.",,light_technical,Can the athlete still respond to one cue.,authored
{{PPBF_ORG_ID}},scl_d265dd4fbf448d,drl_da603edd55075d,C,False,"Coach holds the mitt at a starting range but shifts distance and angle between reps (stepping back, angling off, closing in) so the athlete must read the change and adjust footwork or add a step to arrive at proper hook range before throwing — sometimes off a jab, sometimes cold. The hook only counts if it's still thrown from correct range with full pivot; a hook thrown by reaching or overcommitting the step is a fail, keeping the same lesson under decision pressure.",,light_technical,"Does the harder version still display the same lesson, or has it changed the problem entirely.",literature_grounded_draft
{{PPBF_ORG_ID}},scl_0ddf6960913d05,drl_484dc64b436811,A,False,"Coach holds the downward-facing mitt stationary at a fixed height and distance, feet already set in the pocket (no entries, no exits). Athlete throws single uppercuts only, pausing briefly at the top of each rep so the coach can confirm the elbow stayed stacked under the fist before resetting. This isolates the elbow-under-fist picture with zero footwork or timing variable competing for attention.",,light_technical,Is the athlete repeating the target behaviour without the coach adding words.,literature_grounded_draft
{{PPBF_ORG_ID}},scl_0eda4299b90085,drl_484dc64b436811,B,True,"The drill as designed: standard system level, the intended real demand, no decoration.",,light_technical,Can the athlete still respond to one cue.,authored
{{PPBF_ORG_ID}},scl_6462f9ef2e59b6,drl_484dc64b436811,C,False,"Same pocket range, but the coach now flashes the mitt at one of two unpredictable heights (low-belly vs. chin-level) a beat before the call, forcing the athlete to select the correct uppercut angle on the move rather than groove one path. Immediately before the flash, the coach gives a light shoulder bump or forearm jostle to disrupt base, so the athlete must re-find the pocket and still keep the elbow tucked under the fist through contact. If the bump or the height choice causes the elbow to fly out wide, the rep doesn't count — that's the tell the level is too hard.",,light_technical,"Does the harder version still display the same lesson, or has it changed the problem entirely.",literature_grounded_draft
{{PPBF_ORG_ID}},scl_68bfe1ecef4d0e,drl_5c075cf813c4d8,A,False,"Coach holds a stationary body-height mitt with no head-level target present, so there's no choice to make about where to punch. Athlete drops straight down through the knees to the mitt and holds the shot, coach checks that the head stayed stacked over the hips rather than tipping forward. Removing the head-level option isolates the knee-bend picture until it's grooved.",,light_technical,Is the athlete repeating the target behaviour without the coach adding words.,literature_grounded_draft
{{PPBF_ORG_ID}},scl_268eacfac37880,drl_5c075cf813c4d8,B,True,"The drill as designed: standard system level, the intended real demand, no decoration.",,light_technical,Can the athlete still respond to one cue.,authored
{{PPBF_ORG_ID}},scl_6610c46da7f1fd,drl_5c075cf813c4d8,C,False,"Coach holds the mitt at head height and only drops it to body height on a delayed, disguised cue (a step-in or a feint) while circling, forcing the athlete to read the change and decide whether to level-change or hold. Add a second person feeding a soft return so the athlete must sink and still defend, not just crouch and stall. Coach still checks head position at the moment of contact — if the athlete starts bending at the waist to beat the timing, the drill has broken the target behaviour and needs to come back down a level.",,light_technical,"Does the harder version still display the same lesson, or has it changed the problem entirely.",literature_grounded_draft
{{PPBF_ORG_ID}},scl_241a93c8379494,drl_5c3353db6cc6ab,A,False,"Coach holds both mitts still and stationary at a fixed height, calling the same two-punch combo (e.g. ""jab-cross"") before every pair so the target never moves and the sequence is never a surprise. Athlete throws at a controlled pace with an exaggerated pause on the guard return after the second punch, letting the coach physically cue ""link"" by knocking the mitts together once the pair is done.",,light_technical,Is the athlete repeating the target behaviour without the coach adding words.,literature_grounded_draft
{{PPBF_ORG_ID}},scl_a7e8ef6f4c632c,drl_5c3353db6cc6ab,B,True,"The drill as designed: standard system level, the intended real demand, no decoration.",,light_technical,Can the athlete still respond to one cue.,authored
{{PPBF_ORG_ID}},scl_e5850a643f1e31,drl_5c3353db6cc6ab,C,False,"Coach presents two mitts angled differently and, mid-sequence, briefly withdraws or dips the second mitt before resetting it in place — athlete must hold the first punch's guard position without dropping hands or throwing early, then complete the same fixed pair once the target reappears, still returning to guard only after the second strike. This forces a decision (""commit to the link or bail"") under an unpredictable delay, but the pair-then-guard behaviour must still show up unchanged at the end.",,light_technical,"Does the harder version still display the same lesson, or has it changed the problem entirely.",literature_grounded_draft
{{PPBF_ORG_ID}},scl_26cf9debcb16cd,drl_3e2e2cb0a54792,A,False,"Simplify the picture by shrinking the call pool to only two pairs (e.g., jab-cross and jab-hook), still called in random order — the athlete keeps making a live choice on cue, but the recognition load is small enough that the correct picture-to-punch match lands clean every time. Coach calls with a clear, unhurried cadence so the cue is fully spoken before the athlete commits, protecting accurate selection over speed. Contact stays light_technical.",,light_technical,Is the athlete repeating the target behaviour without the coach adding words.,literature_grounded_draft
{{PPBF_ORG_ID}},scl_29c53a7d63a44c,drl_3e2e2cb0a54792,B,True,"The drill as designed: standard system level, the intended real demand, no decoration.",,light_technical,Can the athlete still respond to one cue.,authored
{{PPBF_ORG_ID}},scl_b1643dbdee54bb,drl_3e2e2cb0a54792,C,False,"Add decision stress by expanding the call pool to five or six pairs and inserting decoy calls — the coach begins one pair's name and switches to a different pair mid-call, so the athlete must hold their decision until the cue actually resolves instead of jumping on the first syllable. Add disruption by having the coach circle or call from an off-angle/blind side while moving, forcing the athlete to solve footwork and range at the same time as the punch-pair choice. The pairs are still assigned randomly and thrown on cue — same target behaviour, just harder to isolate the correct call from the noise around it. Contact stays light_technical.",,light_technical,"Does the harder version still display the same lesson, or has it changed the problem entirely.",literature_grounded_draft
{{PPBF_ORG_ID}},scl_25731263a39c7c,drl_3554c55ab8b584,A,False,"Shrink the call menu to two fixed options (hook or straight) and call it immediately as punch two lands, giving an early, predictable trigger. Pads stay light and stationary so the athlete's whole focus is on smoothly continuing into whichever punch is named, not on stopping at two.",,light_technical,Is the athlete repeating the target behaviour without the coach adding words.,literature_grounded_draft
{{PPBF_ORG_ID}},scl_359c6a930e364a,drl_3554c55ab8b584,B,True,"The drill as designed: standard system level, the intended real demand, no decoration.",,light_technical,Can the athlete still respond to one cue.,authored
{{PPBF_ORG_ID}},scl_d3db73d91721ae,drl_3554c55ab8b584,C,False,"The coach withholds the call until punch three is already committed, then swaps it once — forcing the athlete to abort the loaded punch and extend into a different fourth punch on the fly. A second body circles and jostles footwork during the exchange, so the athlete must still extend off the late call rather than freezing or falling back on a pre-planned ending.",,light_technical,"Does the harder version still display the same lesson, or has it changed the problem entirely.",literature_grounded_draft
{{PPBF_ORG_ID}},scl_fe0e5649899e86,drl_4700995bab7b07,A,False,"Fixed 2-punch combo (jab-cross) on a stationary pad target, and the exit direction is pre-called before the rep — always pivot off to the same side. The lesson is isolated to ""combo always ends in a step,"" with no read required, so the athlete grooves the motor pattern of leaving cleanly every time.",,light_technical,Is the athlete repeating the target behaviour without the coach adding words.,literature_grounded_draft
{{PPBF_ORG_ID}},scl_e8f4349db48f5f,drl_4700995bab7b07,B,True,"The drill as designed: standard system level, the intended real demand, no decoration.",,light_technical,Can the athlete still respond to one cue.,authored
{{PPBF_ORG_ID}},scl_63614cb6381a78,drl_4700995bab7b07,C,False,"After the combination, the pad holder presents one of two targets (left or right mitt) a beat late, forcing the athlete to read and choose the correct exit lane in real time rather than exit on autopilot. Add a second pad holder who steps in from an unpredictable angle right after the combo — if the athlete hesitates or stands square, they eat a light tap, so the decision-to-exit still has to fire correctly under the disruption, not just fast.",,light_technical,"Does the harder version still display the same lesson, or has it changed the problem entirely.",literature_grounded_draft
{{PPBF_ORG_ID}},scl_077659ec51ac83,drl_2713ad55cfcbf0,A,False,"Partner no longer throws — they hold the straight punch extended at guard height as a stationary target while calling the side. Athlete steps into it, catches with the correct hand, and returns to guard, isolating the catch shape and hand-eye placement without timing pressure. Once the shape is clean and repeatable, partner reintroduces the same slow feed from B, still calling the side first.",,light_technical,Is the athlete repeating the target behaviour without the coach adding words.,literature_grounded_draft
{{PPBF_ORG_ID}},scl_cdc92991c31b52,drl_2713ad55cfcbf0,B,True,"The drill as designed: standard system level, the intended real demand, no decoration.",,light_technical,Can the athlete still respond to one cue.,authored
{{PPBF_ORG_ID}},scl_f2cbf7100fcb8b,drl_2713ad55cfcbf0,C,False,"Partner stops calling the side and mixes in a feint or a hook/decoy motion among the straight punches, so the athlete must read the punch itself rather than a verbal cue before deciding which hand catches. Speed stays light and controlled, but timing becomes irregular — partner may pause, shuffle, or delay the feed to break the athlete's rhythm. The catch-and-return-to-guard action must still appear cleanly on every genuine straight punch; if the athlete starts flinching, blocking generically, or swinging instead of catching, the disruption has overridden the lesson and the level is wrong.",,light_technical,"Does the harder version still display the same lesson, or has it changed the problem entirely.",literature_grounded_draft
{{PPBF_ORG_ID}},scl_05be48fb3f6b0a,drl_badeec66ed769d,A,False,"Partner holds the jab out at three-quarter extension (not thrown) so the target sits still. Athlete starts with the parrying hand already half-raised near the guide position and only completes the small redirect on cue, feeling the minimal-travel touch without needing to time an incoming strike. This isolates ""small hand, no chase"" before any timing decision is added.",,light_technical,Is the athlete repeating the target behaviour without the coach adding words.,literature_grounded_draft
{{PPBF_ORG_ID}},scl_e596a8d6abffff,drl_badeec66ed769d,B,True,"The drill as designed: standard system level, the intended real demand, no decoration.",,light_technical,Can the athlete still respond to one cue.,authored
{{PPBF_ORG_ID}},scl_6732193c440402,drl_badeec66ed769d,C,False,"Partner mixes the slow straight punch with a matching feint (same shoulder cue, no punch thrown) and occasionally switches jab/cross without warning, forcing the athlete to decide in the moment whether and which small parry to fire rather than react on rhythm. Contact stays light_technical and the punch stays slow — the added stress is recognition and choice under disruption, not speed or power, so the small redirect (not a swat or block) must still be the visible answer.",,light_technical,"Does the harder version still display the same lesson, or has it changed the problem entirely.",literature_grounded_draft
{{PPBF_ORG_ID}},scl_a2577c6edccff5,drl_464b8ff7d556f9,A,False,"Rope stays fixed and horizontal, but the coach calls ""left"" or ""right"" before each rep instead of the athlete reading a punch — the decision of *which way* is removed so the athlete can groove the depth and shape of the slip under the rope cleanly. Athlete still slips a real head-height line, just on a known cue, so the target behaviour (getting the head fully off the line, not just ducking under) is repeatable and checkable every rep.",,light_technical,Is the athlete repeating the target behaviour without the coach adding words.,literature_grounded_draft
{{PPBF_ORG_ID}},scl_e6f48744a378b0,drl_464b8ff7d556f9,B,True,"The drill as designed: standard system level, the intended real demand, no decoration.",,light_technical,Can the athlete still respond to one cue.,authored
{{PPBF_ORG_ID}},scl_9b45d2141674be,drl_464b8ff7d556f9,C,False,"A partner now holds the rope at an angle and varies its height/tilt rep to rep while feeding a live jab down the same line, so the athlete must read the rope's new angle AND the jab together before choosing a side — collapsing the ""is it far enough"" decision into real time. The rope is still the external reference for slip distance, so if the athlete starts slipping without clearing the line (or bails the drill into pure footwork away from the punch) the lesson has been lost and the level is wrong.",,light_technical,"Does the harder version still display the same lesson, or has it changed the problem entirely.",literature_grounded_draft
{{PPBF_ORG_ID}},scl_556d725e764ef2,drl_2268ec918e08c5,A,False,"Rope stays still and low, held taut by a stationary partner at a fixed, known height. Athlete rolls under at a self-set pace and must plant coming up already in punching range — same pass/fail rule as B, just with the timing and hook-angle variables removed so the ""come up in range"" habit gets grooved without also managing a moving threat.",,light_technical,Is the athlete repeating the target behaviour without the coach adding words.,literature_grounded_draft
{{PPBF_ORG_ID}},scl_290a4c98f799bb,drl_2268ec918e08c5,B,True,"The drill as designed: standard system level, the intended real demand, no decoration.",,light_technical,Can the athlete still respond to one cue.,authored
{{PPBF_ORG_ID}},scl_f7e4ec9c179c3d,drl_2268ec918e08c5,C,False,"Partner holds the rope but now sways/circles while varying the hook height rep to rep (low, ribs, temple-level) and unpredictable in which comes next, so the athlete must read depth on the fly before committing to the roll. Immediately after coming up, the partner feeds a second hook from a different angle with no reset cue, forcing the athlete to judge whether to roll again or is already close enough to punch — landing out of range on either roll still fails the rep, keeping the lesson identical under decision pressure.",,light_technical,"Does the harder version still display the same lesson, or has it changed the problem entirely.",literature_grounded_draft
{{PPBF_ORG_ID}},scl_c9c841a2c7ebab,drl_f9e5a58017fd10,A,False,"Partner throws the same known 3-punch combo (jab-jab-cross), always to the head, always from square stance and the same distance. Athlete pre-sets the cover shape before the flurry starts and holds it through a fixed, predictable count, then resets. Success is repeating the identical shell/weight-centered position cleanly each rep, with no guessing about number or target of punches.",,light_technical,Is the athlete repeating the target behaviour without the coach adding words.,literature_grounded_draft
{{PPBF_ORG_ID}},scl_9efcd940dfd8df,drl_f9e5a58017fd10,B,True,"The drill as designed: standard system level, the intended real demand, no decoration.",,conditioned,Can the athlete still respond to one cue.,authored
{{PPBF_ORG_ID}},scl_68730fd6826d7a,drl_f9e5a58017fd10,C,False,"Partner varies flurry length and mixes head/body targets unpredictably, and inserts one lateral step or angle change mid-flurry so the athlete must recognize the shift and re-square the cover without a reset cue. Athlete also can't anticipate when the flurry ends, so they must decide in-the-moment whether to stay covered or that it's safe to counter. Power stays capped and coach-authorized throughout — the added load is uncertainty and angle disruption, not force.",,conditioned,"Does the harder version still display the same lesson, or has it changed the problem entirely.",literature_grounded_draft
{{PPBF_ORG_ID}},scl_33a566f08ccbed,drl_87d9424cc9f2a3,A,False,"Partner stands with feet fixed (no stepping) and reaches slowly at a single fixed distance/angle — shoulder-height, straight-on, telegraphed. Athlete practices leaning/pushing off back leg just enough to make the hand miss, then resets to the same spot. Predictability removes the guessing that causes over-retreat, so the athlete can feel the minimum-distance answer cleanly.",,light_technical,Is the athlete repeating the target behaviour without the coach adding words.,literature_grounded_draft
{{PPBF_ORG_ID}},scl_d429ec7952fe8c,drl_87d9424cc9f2a3,B,True,"The drill as designed: standard system level, the intended real demand, no decoration.",,light_technical,Can the athlete still respond to one cue.,authored
{{PPBF_ORG_ID}},scl_254b670ba5aab0,drl_87d9424cc9f2a3,C,False,"Partner now steps in behind the reach (turning it into a real entry) and randomly mixes real reaches with feints, varying angle (shoulder/head) and timing including hesitations. Athlete must still answer with the smallest sufficient movement — not bail into a full backpedal — and must additionally recognize the feint and stay in range rather than retreating on a fake. Add a second partner cueing from an angle the athlete can't see at drill start to force a late, minimal read instead of an early, oversized one.",,light_technical,"Does the harder version still display the same lesson, or has it changed the problem entirely.",literature_grounded_draft
{{PPBF_ORG_ID}},scl_b582e8671737bb,drl_f0b1aab1457617,A,False,"Coach feeds one single, telegraphed attack only (e.g., jab), and the athlete drills one fixed defence-counter pair (parry → straight cross) every time. Because the attack and the required response never vary, the athlete can focus purely on the timing link — defence lands, return fires within the count — without decision load. Contact stays conditioned; success is cleanly linking the two actions, not handling uncertainty.",,light_technical,Is the athlete repeating the target behaviour without the coach adding words.,literature_grounded_draft
{{PPBF_ORG_ID}},scl_1a140e7f3d9eaf,drl_f0b1aab1457617,B,True,"The drill as designed: standard system level, the intended real demand, no decoration.",,conditioned,Can the athlete still respond to one cue.,authored
{{PPBF_ORG_ID}},scl_c1c73bc2838912,drl_f0b1aab1457617,C,False,"Coach now mixes attack types unpredictably (jab, hook, level-change) so the athlete must first read which defence just worked before selecting the matching counter, and occasionally throws a second, delayed shot immediately after the first lands to disrupt the athlete's rhythm before they return. The fixed-count requirement stays in force — defence must still produce an immediate counter — but the athlete now has to make that decision under uncertainty and interruption rather than a clean read. If the counter stops appearing because the athlete is overwhelmed by the variation, the disruption is dialed back — the drill has failed, not the athlete.",,conditioned,"Does the harder version still display the same lesson, or has it changed the problem entirely.",literature_grounded_draft
{{PPBF_ORG_ID}},scl_9c1ff18fea8ce7,drl_480bb9dea67e50,A,False,"Partner throws a pre-announced sequence of the same three punches every time (jab–cross–hook), and the athlete pre-selects the matching defense for each (slip the jab, parry the cross, catch the hook) before the attacks start. This removes the read-and-choose demand under uncertainty while still requiring the athlete to physically string three *different* defensive tools together in order — the layering behaviour stays intact, just with the decision pre-made. Contact stays conditioned; only the punch order and defense selection are fixed and known.",,light_technical,Is the athlete repeating the target behaviour without the coach adding words.,literature_grounded_draft
{{PPBF_ORG_ID}},scl_4224e83b57a6b4,drl_480bb9dea67e50,B,True,"The drill as designed: standard system level, the intended real demand, no decoration.",,conditioned,Can the athlete still respond to one cue.,authored
{{PPBF_ORG_ID}},scl_f8bda8e7c13432,drl_480bb9dea67e50,C,False,"Partner attacks freely, can repeat a punch type back-to-back or feint, and is allowed to close angle or step laterally between attacks, forcing the athlete to recognize repetition/false starts and still avoid using the same defensive response twice in a row. A second stressor: the coach calls out a ""banned"" defense mid-exchange (e.g., ""no slipping""), removing the athlete's default option and forcing a live substitution. The rule under test doesn't change — different defense each time, no spamming one tool — the drill just removes predictability so the athlete has to generate that variety under recognition pressure rather than a known pattern.",,conditioned,"Does the harder version still display the same lesson, or has it changed the problem entirely.",literature_grounded_draft
{{PPBF_ORG_ID}},scl_0bd884c745ea56,drl_61b0f5ffcdff04,A,False,"Athlete stands facing a held focus mitt (partner keeps it perfectly still) instead of open space. They extend the lead hand once to the mitt, feel the exact point of full extension without leaning or reaching, then mark that spot on the floor. The fixed, unmoving target removes the search/guesswork and lets the athlete feel ""full extension, no reach"" cleanly before they ever have to find range against something that moves.",,light_technical,Is the athlete repeating the target behaviour without the coach adding words.,literature_grounded_draft
{{PPBF_ORG_ID}},scl_e16e53ad8a1511,drl_61b0f5ffcdff04,B,True,"The drill as designed: standard system level, the intended real demand, no decoration.",,light_technical,Can the athlete still respond to one cue.,authored
{{PPBF_ORG_ID}},scl_93077fe0b71233,drl_61b0f5ffcdff04,C,False,"Partner holds the mitt but shifts distance and angle between attempts (half-step back, quarter-turn, step diagonally) without warning. Before each new extension, the athlete must first decide — is this closer, farther, or the same as my mark? — and re-locate their own range rather than assume it, then re-mark or confirm the spot. The decision to re-calibrate under a changing target is the added stress; if the athlete starts reaching or crowding to compensate, the target behaviour has broken and the drill has failed, not succeeded.",,light_technical,"Does the harder version still display the same lesson, or has it changed the problem entirely.",literature_grounded_draft
{{PPBF_ORG_ID}},scl_5011637f63c51d,drl_ec1217050c15b0,A,False,"Partner stays stationary (no footwork, no pressure) and calls ""touch"" / ""out"" on a fixed, even beat instead of a varied rhythm. Athlete closes straight in to touching range, then rebuilds along one known exit line (straight back) to their own range. This isolates the feel of ""touch range"" vs ""own range"" with the timing and geometry fully predictable.",,light_technical,Is the athlete repeating the target behaviour without the coach adding words.,literature_grounded_draft
{{PPBF_ORG_ID}},scl_ef6b2dc8bc6bcb,drl_ec1217050c15b0,B,True,"The drill as designed: standard system level, the intended real demand, no decoration.",,light_technical,Can the athlete still respond to one cue.,authored
{{PPBF_ORG_ID}},scl_181b0284fad2d7,drl_ec1217050c15b0,C,False,"Partner now mixes real closes with feints — sometimes stepping in to touch range, sometimes faking the advance — so the athlete must read before rebuilding rather than react to a call. Partner also drifts or angles while the athlete rebuilds, forcing the range-finding to happen on a moving reference point instead of a static one. The lesson stays the same (find own range off a live read), decision demand goes up before any speed or contact increase.",,light_technical,"Does the harder version still display the same lesson, or has it changed the problem entirely.",literature_grounded_draft
{{PPBF_ORG_ID}},scl_e1093268eaba1c,drl_8c5a8a78b41320,A,False,"Coach (or a padded reach-pole) holds a single, static long lead at fixed range instead of a live longer-limbed partner. Athlete drills one entry only — slip outside the lead and step to closing range — against a predictable, non-reactive target until the closing footwork lands clean without eating the ""jab.""",,light_technical,Is the athlete repeating the target behaviour without the coach adding words.,literature_grounded_draft
{{PPBF_ORG_ID}},scl_9c2bfa3020592c,drl_8c5a8a78b41320,B,True,"The drill as designed: standard system level, the intended real demand, no decoration.",,conditioned,Can the athlete still respond to one cue.,authored
{{PPBF_ORG_ID}},scl_cac124f2fcdafc,drl_8c5a8a78b41320,C,False,"Same longer-reach partner, but they now vary feint timing and reset/circle to re-establish range after each entry, forcing the athlete to choose between two or three closing angles rather than repeating one. Contact stays conditioned and still requires coach authorization and pairing sign-off; the added stress is decision-under-uncertainty about *when/where* to close, not speed or volume, so the same closing-the-gap behaviour must still be visible each entry.",,conditioned,"Does the harder version still display the same lesson, or has it changed the problem entirely.",literature_grounded_draft
{{PPBF_ORG_ID}},scl_07ab6d9e7d843f,drl_c16cda24f9fce2,A,False,"Athlete works a fixed two-beat pattern on the pads — jab-cross fast, then a deliberate held pause, then jab-cross fast again — with the coach calling only ""fast"" or ""hold"" so the sequence itself never changes. The picture is simplified to a single predictable rhythm switch so the athlete feels the contrast between explosive and delayed tempo without also solving which combo to throw.",,light_technical,Is the athlete repeating the target behaviour without the coach adding words.,literature_grounded_draft
{{PPBF_ORG_ID}},scl_2eebd6a1c8eb39,drl_c16cda24f9fce2,B,True,"The drill as designed: standard system level, the intended real demand, no decoration.",,light_technical,Can the athlete still respond to one cue.,authored
{{PPBF_ORG_ID}},scl_8e29df278cf2da,drl_c16cda24f9fce2,C,False,"Coach calls tempo changes on a live, unpredictable count (including false starts and calling ""hold"" mid-combo to break an already-started fast entry) while the athlete also has to angle-step off the pads between calls, so footwork and positional disruption compete for attention. The rhythm break itself must still land clean and deliberate each time — if the athlete starts blending everything into one panicked speed rather than a visible fast/hold contrast, the lesson has been lost and the drill should drop back a level.",,light_technical,"Does the harder version still display the same lesson, or has it changed the problem entirely.",literature_grounded_draft
{{PPBF_ORG_ID}},scl_299b9d14abaedf,drl_22a255209c1c9b,A,False,"Partner stands stationary and holds a fixed target (mitt or shoulder line) marking where the angle should land. Athlete steps to that marked angle and comes to a full, visible pause there before throwing — coach calls ""angle"" then ""punch"" as two separate cues, so the two actions are felt as distinct rather than blended, and any punch thrown during the step itself doesn't count.",,light_technical,Is the athlete repeating the target behaviour without the coach adding words.,literature_grounded_draft
{{PPBF_ORG_ID}},scl_758eee25dc2522,drl_22a255209c1c9b,B,True,"The drill as designed: standard system level, the intended real demand, no decoration.",,light_technical,Can the athlete still respond to one cue.,authored
{{PPBF_ORG_ID}},scl_628a227976d053,drl_22a255209c1c9b,C,False,"Partner actively re-squares (pivots back to face the athlete) immediately after the angle step, so the athlete must judge in real time whether the angle is still open before committing — a punch landed on a partner who has already squared back up doesn't count, since the lesson is angle-then-punch, not just landing. Partner also varies which way they turn or delays their reaction, forcing the athlete to read the actual angle available rather than throw from a memorized position.",,light_technical,"Does the harder version still display the same lesson, or has it changed the problem entirely.",literature_grounded_draft
{{PPBF_ORG_ID}},scl_6dffe22647e8f9,drl_c8fa1590a8649a,A,False,"Partner commits to one exaggerated, consistent reaction (e.g., always raises guard) triggered by one fixed feint (jab feint only), stationary, no counters. This isolates the feint→reaction link so the athlete can call it out cleanly every time before adding variety. Same cue family: feint, watch, report aloud — just one feint, one answer.",,light_technical,Is the athlete repeating the target behaviour without the coach adding words.,literature_grounded_draft
{{PPBF_ORG_ID}},scl_af465b662d75c5,drl_c8fa1590a8649a,B,True,"The drill as designed: standard system level, the intended real demand, no decoration.",,light_technical,Can the athlete still respond to one cue.,authored
{{PPBF_ORG_ID}},scl_ac94d196846dca,drl_c8fa1590a8649a,C,False,"Partner mixes genuine feints, real counters, and footwork/ring-cutting into the exchange, and sometimes disguises the reaction or gives none at all. The athlete must still feint first, then verbally call the specific reaction (or call ""no reaction"") in real time while moving and defending — decision load goes up (which feint, is the response real, do I call it under pressure) rather than just speed or chaos. If the athlete stops reporting and starts just reacting/punching, the drill has slipped into sparring and lost the target behaviour.",,light_technical,"Does the harder version still display the same lesson, or has it changed the problem entirely.",literature_grounded_draft
{{PPBF_ORG_ID}},scl_091f11b8db82a8,drl_e9d88bb256a70c,A,False,"Partner stands square and holds the jab out a half-beat longer than normal, throwing only from a fixed, known distance with no feint — one predetermined counter (e.g., slip-outside-to-rear-straight) called out before the rep so the athlete isn't choosing, just grooving the timing and the slip. Same conditioned contact, same jab, just no disguise and no decision.",,light_technical,Is the athlete repeating the target behaviour without the coach adding words.,literature_grounded_draft
{{PPBF_ORG_ID}},scl_12ad6e13c9dfd3,drl_e9d88bb256a70c,B,True,"The drill as designed: standard system level, the intended real demand, no decoration.",,conditioned,Can the athlete still respond to one cue.,authored
{{PPBF_ORG_ID}},scl_92c804be41b6a6,drl_e9d88bb256a70c,C,False,"Partner mixes the jab into feints, shoulder twitches, and step-ins from varied angles/distance while circling, so the athlete must read the real jab from false starts and pick the counter live rather than on cue — same conditioned contact and same single lesson (counter the straight lead), just with recognition and choice added under movement and uncertainty. If the athlete starts flinching at everything or eating the jab clean instead of countering it, drop back to A's cued version rather than pushing pace further.",,conditioned,"Does the harder version still display the same lesson, or has it changed the problem entirely.",literature_grounded_draft
{{PPBF_ORG_ID}},scl_414e37080fed57,drl_c30d15370004ba,A,False,"Coach feeds one telegraphed jab only, defender uses one fixed defence (outside parry), and the return counter is pre-set (straight rear hand) — no choice of defence or counter, just grooving the timing gap between block and strike. Coach calls ""counter"" on contact to remove hesitation, then fades the call once the defender fires on their own. Requires coach authorization, conditioned contact only.",,light_technical,Is the athlete repeating the target behaviour without the coach adding words.,literature_grounded_draft
{{PPBF_ORG_ID}},scl_ca635ac7c06bfe,drl_c30d15370004ba,B,True,"The drill as designed: standard system level, the intended real demand, no decoration.",,conditioned,Can the athlete still respond to one cue.,authored
{{PPBF_ORG_ID}},scl_684545ace70f83,drl_c30d15370004ba,C,False,"Coach/partner throws mixed, unannounced attacks (jab, hook, low kick) in random order so the defender must first select the correct defensive tool before countering — decision load added, not just speed. Partner occasionally feints the entry and holds off half a beat before completing it, disrupting the defender's rhythm and forcing them to confirm defence-then-counter rather than counter on the feint. Counter must still land immediately off a genuine defensive success — if the defender starts counterpunching without defending first, reset the rep. Requires coach authorization, conditioned contact only.",,conditioned,"Does the harder version still display the same lesson, or has it changed the problem entirely.",literature_grounded_draft
{{PPBF_ORG_ID}},scl_4e469953d07180,drl_9e0e66daf70fed,A,False,"Partner stays stationary in the clinch and applies steady, one-direction pressure (a straight push into the chest) while the athlete holds guard and base without stepping. The picture is simplified to a single, telegraphed pressure vector so the athlete can feel correct frame and weight distribution before pressure ever varies. Requires coach authorization.",,light_technical,Is the athlete repeating the target behaviour without the coach adding words.,literature_grounded_draft
{{PPBF_ORG_ID}},scl_11d93e984f1e4c,drl_9e0e66daf70fed,B,True,"The drill as designed: standard system level, the intended real demand, no decoration.",,conditioned,Can the athlete still respond to one cue.,authored
{{PPBF_ORG_ID}},scl_8b1ca83fd146b1,drl_9e0e66daf70fed,C,False,"Partner now varies the angle of pressure and randomly inserts push-pull releases and re-entries, forcing the athlete to decide, in the moment, whether to reset frame or shift base to keep inside position — still no strikes, contact stays conditioned. The added stress is unpredictability of angle and timing, not speed or volume, so holding position remains the visible target behaviour. Requires coach authorization.",,conditioned,"Does the harder version still display the same lesson, or has it changed the problem entirely.",literature_grounded_draft
{{PPBF_ORG_ID}},scl_8d17786952e0c1,drl_403a46cda65935,A,False,"Partner closes to close range from one known, fixed side only (e.g., always steps in on the athlete's left) and stays compliant after contact — no follow-up, no re-closing. Athlete's only job is to find and step the outside-foot pivot to the open angle and reset, repeating the same angle every time until the pivot-before-retreat pattern is clean. Coach still authorizes contact, but pace is walk-through and the ""threat"" never chases.",,light_technical,Is the athlete repeating the target behaviour without the coach adding words.,literature_grounded_draft
{{PPBF_ORG_ID}},scl_61056355d517bb,drl_403a46cda65935,B,True,"The drill as designed: standard system level, the intended real demand, no decoration.",,conditioned,Can the athlete still respond to one cue.,authored
{{PPBF_ORG_ID}},scl_8b1b5c6fefe3b5,drl_403a46cda65935,C,False,"Partner now closes from either side unpredictably and, after the athlete pivots off, immediately re-cuts the angle to re-close rather than resetting — forcing the athlete to read which side is open, choose the correct pivot direction, and be ready to angle-exit a second time if chased. Contact stays conditioned and coach-authorized throughout. Success is still judged the same way: any straight backward retreat (instead of a pivot to an angle) is a fail, even if the athlete ""gets away.""",,conditioned,"Does the harder version still display the same lesson, or has it changed the problem entirely.",literature_grounded_draft
{{PPBF_ORG_ID}},scl_bcbcf230a01846,drl_0ffe13585e6bdc,A,False,"Partner closes only in a straight line, at a fixed, telegraphed pace, with no feints or angle changes. Athlete's sole job is to maintain distance using jab and controlled backward/step-off footwork against this single, predictable entry — clean rep of range management with the decision variable removed.",,light_technical,Is the athlete repeating the target behaviour without the coach adding words.,literature_grounded_draft
{{PPBF_ORG_ID}},scl_ae003b1f6fc2c4,drl_0ffe13585e6bdc,B,True,"The drill as designed: standard system level, the intended real demand, no decoration.",,conditioned,Can the athlete still respond to one cue.,authored
{{PPBF_ORG_ID}},scl_c4e8d09d1f7204,drl_0ffe13585e6bdc,C,False,"Partner closes using disguised entries — feints, lateral angle changes, stutter-steps, and broken-rhythm pauses mixed with real advances — so the athlete must first read whether it's a genuine close before choosing jab, pivot, or step-off. Add a preceding short exchange so range must be re-established from a slightly disorganized starting position rather than a clean reset. The lesson stays outside control under uncertainty, not just outside control against a known feed.",,conditioned,"Does the harder version still display the same lesson, or has it changed the problem entirely.",literature_grounded_draft
{{PPBF_ORG_ID}},scl_2967dacf688e5a,drl_b755caac79e37e,A,False,"Athlete throws one fixed combination (e.g. jab-cross-hook) on the bag instead of freely varied combinations, so there's only one technical picture to hold as output climbs. Coach calls ""stop"" the instant that specific combo's form slips (elbow flare, dropped hand, footwork drift) and shows the athlete exactly what changed — same degradation-point-as-output logic, but with one clean, repeatable target instead of many moving pieces.",,light_technical,Is the athlete repeating the target behaviour without the coach adding words.,literature_grounded_draft
{{PPBF_ORG_ID}},scl_1e7f483be18449,drl_b755caac79e37e,B,True,"The drill as designed: standard system level, the intended real demand, no decoration.",,light_technical,Can the athlete still respond to one cue.,authored
{{PPBF_ORG_ID}},scl_eb39d1abfb767c,drl_b755caac79e37e,C,False,"Coach randomly switches the required combination mid-bout and occasionally steps in to jostle the bag or call a slip/counter on the fly, so the athlete must keep choosing correctly under rising volume and disruption rather than grooving one pattern. The output is still the degradation point — but now it's whichever breaks first, technique or decision-making — and the coach must confirm technique genuinely appears before volume/disruption ramps further, or this is the wrong version for that athlete.",,light_technical,"Does the harder version still display the same lesson, or has it changed the problem entirely.",literature_grounded_draft
{{PPBF_ORG_ID}},scl_6a110dda6e3b6c,drl_3c2aad1eb8baa9,A,False,"Athlete picks their stated purpose from a short posted list (e.g. ""check jab range"" or ""reset footwork after each combo"") rather than generating one cold, and states it to the coach before starting. Coach gives one mid-work verbal check-in (""what's your purpose right now?"") so the athlete has a built-in chance to notice drift before reporting at the end. This keeps the full state→work→report structure but removes the harder task of generating and holding an original intention unaided.",,light_technical,Is the athlete repeating the target behaviour without the coach adding words.,literature_grounded_draft
{{PPBF_ORG_ID}},scl_3b6857addb8d6f,drl_3c2aad1eb8baa9,B,True,"The drill as designed: standard system level, the intended real demand, no decoration.",,light_technical,Can the athlete still respond to one cue.,authored
{{PPBF_ORG_ID}},scl_dedf59fb9b7caa,drl_3c2aad1eb8baa9,C,False,"Athlete states their purpose as normal, but partway through the coach or partner introduces a disruption that conflicts with it — calling a different combo, switching to mitts, or adding a footwork constraint that pulls against the stated goal. The athlete must decide in real time whether to adapt the work to protect the original purpose or consciously abandon/replace it, then report afterward not just whether it was met but whether and why it changed. This adds a live decision under disruption while the core behaviour — bag work only counting if it's tied to a stated, checkable intention — stays identical.",,light_technical,"Does the harder version still display the same lesson, or has it changed the problem entirely.",literature_grounded_draft
{{PPBF_ORG_ID}},scl_12fd4ca8ff508a,drl_111f0a8ae15fc3,A,False,"Coach limits the call bank to 2–3 combinations the athlete already knows cold (e.g. jab-cross, jab-cross-hook), calls each one clearly and stationary before presenting pads, and leaves a longer gap after each call so there's no ambiguity about when to start. The picture is simplified to ""hear name, throw known combo"" — the athlete gets clean, repeatable hits on recognizing and firing the called sequence without any guessing about timing or which combo is coming.",,light_technical,Is the athlete repeating the target behaviour without the coach adding words.,literature_grounded_draft
{{PPBF_ORG_ID}},scl_555ce2b09dcb13,drl_111f0a8ae15fc3,B,True,"The drill as designed: standard system level, the intended real demand, no decoration.",,light_technical,Can the athlete still respond to one cue.,authored
{{PPBF_ORG_ID}},scl_c5fe76757862c8,drl_111f0a8ae15fc3,C,False,"Coach expands the call vocabulary and introduces decision stress: calling a new sequence before the current one finishes (forcing a mid-combo switch), issuing two similar-sounding calls back-to-back so the athlete must confirm which one landed, or shifting pad angle/footwork while calling. Call density and rhythm stay irregular and unpredictable, but every call still names a real combination the athlete must identify and execute correctly — if the athlete starts freelancing or the coach stops calling distinct sequences, the target behaviour is gone and it's no longer this drill.",,light_technical,"Does the harder version still display the same lesson, or has it changed the problem entirely.",literature_grounded_draft
{{PPBF_ORG_ID}},scl_8f5dbf7ac9d898,drl_e7587c167c1ebd,A,False,"Coach names one single, simple problem before the round starts (e.g., ""opponent always circles to your left"") and calls out that same cue once every 15-20 seconds during shadow boxing to prompt the specific counter. The picture is simplified to one problem, one correct answer, repeated with a verbal prompt so the athlete feels the target behaviour land cleanly before having to recall it unprompted.",,none,Is the athlete repeating the target behaviour without the coach adding words.,literature_grounded_draft
{{PPBF_ORG_ID}},scl_45ef1bcaef1f72,drl_e7587c167c1ebd,B,True,"The drill as designed: standard system level, the intended real demand, no decoration.",,none,Can the athlete still respond to one cue.,authored
{{PPBF_ORG_ID}},scl_3d4a50a18f8e52,drl_e7587c167c1ebd,C,False,"Coach names two or three opponent problems before the shadow boxing starts (e.g., ""long jab, then southpaw switch, then a stalling clinch-range opponent"") with no reminders once it begins, forcing the athlete to recall and transition between correct responses from memory under time pressure. Optionally the coach calls a fourth, unannounced problem mid-round to disrupt the athlete's plan - the addition must still produce a specific, problem-matched response, not generic flurrying, or the drill has drifted into undirected shadow boxing and lost the lesson.",,none,"Does the harder version still display the same lesson, or has it changed the problem entirely.",literature_grounded_draft
{{PPBF_ORG_ID}},scl_6d11f7c982f599,drl_acf2fe66e284ff,A,False,"Partners use a fixed script card (three blanks: leader's name, intensity number 1-5, stop word) for one single known movement pairing, e.g. jab-cross on pads. They read all three lines aloud verbatim and exchange a nod before the first exchange — no wording to generate, no negotiation, just recite-and-confirm so the habit of stating the contract before contact lands clean.",,light_technical,Is the athlete repeating the target behaviour without the coach adding words.,literature_grounded_draft
{{PPBF_ORG_ID}},scl_382821739d1953,drl_acf2fe66e284ff,B,True,"The drill as designed: standard system level, the intended real demand, no decoration.",,light_technical,Can the athlete still respond to one cue.,authored
{{PPBF_ORG_ID}},scl_93ad2a2ed2d152,drl_acf2fe66e284ff,C,False,"Coach gives an unpredictable clap/whistle mid-drill that forces an immediate partner swap. The new pair must stop all contact and re-state leader, intensity cap, and stop signal from scratch — out loud, fully — before either partner throws again, even though both want to keep the flow going. The disruption and impatience are the stressor; if either pair skips the restated contract to save time, the drill has failed regardless of how good the boxing looks.",,light_technical,"Does the harder version still display the same lesson, or has it changed the problem entirely.",literature_grounded_draft
{{PPBF_ORG_ID}},scl_a6e739f0987794,drl_3c9cf54f121e59,A,False,"Pick one simple known pattern — jab-cross on pads — and run it clean first. Coach then stops, verbally names the single constraint change (""rear hand only now"") before the pad feed resumes, giving the athlete a visible seam between old and new task. Only one constraint swaps, and it's announced rather than discovered, so the athlete consciously feels the adjustment instead of reacting under surprise.",,light_technical,Is the athlete repeating the target behaviour without the coach adding words.,literature_grounded_draft
{{PPBF_ORG_ID}},scl_39396c80a96e2e,drl_3c9cf54f121e59,B,True,"The drill as designed: standard system level, the intended real demand, no decoration.",,light_technical,Can the athlete still respond to one cue.,authored
{{PPBF_ORG_ID}},scl_4b121bddff3cdb,drl_3c9cf54f121e59,C,False,"Feeder swaps the constraint live, mid-combination, with no verbal cue and no pause — e.g. footwork restriction (no lateral step) kicks in on a shot the athlete didn't expect to be their last free one. Once they adapt, feeder swaps again to a second constraint (hand now unavailable too) before they've settled into the first fix, forcing a re-adjustment on top of an adjustment. The pad feed stays light_technical throughout — the disruption is in timing and stacking of constraints, not in contact intensity — and the drill only counts as a pass if the athlete visibly shifts behaviour both times rather than freezing or defaulting to the original pattern.",,light_technical,"Does the harder version still display the same lesson, or has it changed the problem entirely.",literature_grounded_draft
{{PPBF_ORG_ID}},scl_24deb9b954d190,drl_31f81811de1b2f,A,False,"Partner stands in a fixed lead-side stance and feeds a consistent, known entry distance instead of moving or varying angle — the attacker still throws only the single named action, but the ""picture"" is simplified to one static range/target so the action-defend-reset pattern can be felt cleanly. Partner defends but does not attempt to close distance, angle off, or draw the attacker out of position. This isolates entry-fire-exit on the one permitted action before any footwork variability is added.",,light_technical,Is the athlete repeating the target behaviour without the coach adding words.,literature_grounded_draft
{{PPBF_ORG_ID}},scl_7553a23b3d75ef,drl_31f81811de1b2f,B,True,"The drill as designed: standard system level, the intended real demand, no decoration.",,controlled_sparring,Can the athlete still respond to one cue.,authored
{{PPBF_ORG_ID}},scl_cb478261aa1264,drl_31f81811de1b2f,C,False,"Partner keeps the same defence-only restriction but now moves continuously — changing angle, stance, and distance, and occasionally feinting — so the attacker must find a legal entry for the single permitted action against a shifting, disruptive target instead of a fixed one. A random audible or visual cue from the coach dictates *when* the attacker is allowed to fire, adding a decision/timing layer before contact. The permitted-action restriction and defence-only role stay identical to B — only the picture's disorder and decision load increase, not the number of legal actions on either side.",,conditioned,"Does the harder version still display the same lesson, or has it changed the problem entirely.",literature_grounded_draft
{{PPBF_ORG_ID}},scl_47fb85abd0264a,drl_d305c9e9ba7ddd,A,False,"Roles swap on a single, fixed, predictable cue (e.g., coach always says ""switch"" at a clear pause in the exchange), with contact reduced to light/controlled touch and the partner cooperating fully. This isolates the clean mechanical transition — dropping hands from attacker posture into defensive guard (or vice versa) — without any uncertainty about when the swap is coming.",,light_technical,Is the athlete repeating the target behaviour without the coach adding words.,literature_grounded_draft
{{PPBF_ORG_ID}},scl_1ea13caf949a0f,drl_d305c9e9ba7ddd,B,True,"The drill as designed: standard system level, the intended real demand, no decoration.",,controlled_sparring,Can the athlete still respond to one cue.,authored
{{PPBF_ORG_ID}},scl_1e8e57f6f4f27e,drl_d305c9e9ba7ddd,C,False,"Roles still swap only on coach's call, but the coach now mixes in decoy calls (similar-sounding words, a raised hand, a tap on the pads) so the athlete must discriminate the real swap cue from noise before reacting, while continuing the exchange. This adds a genuine decision-under-distraction demand on top of the same call-and-swap structure, so the athlete still has to correctly identify and execute the attack↔defend switch rather than just react faster or harder.",,conditioned,"Does the harder version still display the same lesson, or has it changed the problem entirely.",literature_grounded_draft
{{PPBF_ORG_ID}},scl_dd41c2ff74705c,drl_93b8eac77911a2,A,False,"Simplify the decision picture: restrict tools to jab and lateral footwork only, with one athlete live and the partner feeding at reduced intensity — this makes the target behaviour (staying composed and controlled while actually being hit and hitting back) easy to produce cleanly and repeatedly. All B-level requirements carry over unchanged — coach authorization, confirmed medical/eligibility status, sanctioned protective equipment, and direct supervision — only the engagement complexity is reduced, never the oversight.",,light_technical,Is the athlete repeating the target behaviour without the coach adding words.,literature_grounded_draft
{{PPBF_ORG_ID}},scl_529c4c41ac5bc7,drl_93b8eac77911a2,B,True,"The drill as designed: standard system level, the intended real demand, no decoration.",,open_sparring,Can the athlete still respond to one cue.,authored
{{PPBF_ORG_ID}},scl_8efa15204ca19e,drl_93b8eac77911a2,C,False,"Add decision and disruption stress: swap in a fresh, uninformed partner without warning mid-exchange, and have the coach call sudden tool/target restrictions or an instant ""stop"" command the athlete must obey immediately — this tests whether composure and control (not just output) survive confusion and unplanned change. Same non-negotiables as B apply throughout: authorization, medical clearance, sanctioned protective gear, and direct supervision; the supervising coach alone determines any volume or duration in the moment — none is prescribed here.",,conditioned,"Does the harder version still display the same lesson, or has it changed the problem entirely.",literature_grounded_draft
{{PPBF_ORG_ID}},scl_e91ae8cf340ea9,drl_367b662564784e,A,False,"Immediately after sparring, coach gives the athlete one guided prompt each (""what's one thing that worked?"" / ""what's one thing that didn't?"") instead of both parties writing separately and comparing. Athlete answers out loud in the moment, coach confirms or gently redirects before moving on — the athlete practices producing one clean worked/didn't-work distinction without the added decision layer of reconciling it against someone else's independent read.",,none,Is the athlete repeating the target behaviour without the coach adding words.,literature_grounded_draft
{{PPBF_ORG_ID}},scl_16db315dbcee3d,drl_367b662564784e,B,True,"The drill as designed: standard system level, the intended real demand, no decoration.",,none,Can the athlete still respond to one cue.,authored
{{PPBF_ORG_ID}},scl_ad059a28c03905,drl_367b662564784e,C,False,"Athlete and coach still note separately, but the reveal is delayed until after a cool-down or a second unrelated activity, so the athlete must recall and hold their observation rather than report it fresh. Add a third category the coach may introduce unpredictably — ""one thing you didn't notice"" — forcing the athlete to reconcile their self-assessment against a surprise external observation while the structured worked/didn't-work comparison still has to happen.",,none,"Does the harder version still display the same lesson, or has it changed the problem entirely.",literature_grounded_draft
{{PPBF_ORG_ID}},scl_ff2216e282f85d,drl_e1f757f0c3e703,A,False,"Athletes stand stationary at arm's length with hands down, no gloves or gear. One partner gives only the single agreed stop signal (e.g., open-palm raise + ""stop"") in isolation, repeated with nothing else happening, until the other freezes hands-and-feet instantly on cue. This strips away movement, contact, and any competing signals so the freeze response itself is the only thing being rehearsed.",,light_technical,Is the athlete repeating the target behaviour without the coach adding words.,literature_grounded_draft
{{PPBF_ORG_ID}},scl_dc3dcbd76c02fe,drl_e1f757f0c3e703,B,True,"The drill as designed: standard system level, the intended real demand, no decoration.",,light_technical,Can the athlete still respond to one cue.,authored
{{PPBF_ORG_ID}},scl_24aace75b3326a,drl_e1f757f0c3e703,C,False,"Signal is now given mid-motion during light technical exchange (feet moving, hands working), and the signaler randomizes both the cue form (sometimes the verbal, sometimes the palm, sometimes a tap on the shoulder) and the timing, including giving it right as a combination is landing. The lesson stays intact only if the athlete still produces a full, immediate freeze the instant any version of the signal appears — if the stop gets delayed, partial, or missed because attention is on the exchange, the drill has failed its purpose regardless of how technically sharp the exchange looked.",,light_technical,"Does the harder version still display the same lesson, or has it changed the problem entirely.",literature_grounded_draft
{{PPBF_ORG_ID}},scl_91c6974e319f13,drl_cb54d49d71c270,A,False,"Cap is set on a 2-point scale only (""touch"" or ""light,"" no numeric range) and applied to jab-only exchanges — coach states the target word aloud before they start. Immediately after a short jab exchange, both partners call out their felt word on the spot while the coach is still standing there to confirm agreement, removing the guessing gap between action and self-report.",,light_technical,Is the athlete repeating the target behaviour without the coach adding words.,literature_grounded_draft
{{PPBF_ORG_ID}},scl_0bd00c75527975,drl_cb54d49d71c270,B,True,"The drill as designed: standard system level, the intended real demand, no decoration.",,light_technical,Can the athlete still respond to one cue.,authored
{{PPBF_ORG_ID}},scl_abe09b684a4bd6,drl_cb54d49d71c270,C,False,"Partners set their own numeric cap (1-5) privately, without telling the coach the number, and work a mixed jab/hook exchange where one partner is cued beforehand to quietly nudge up half a level mid-exchange. Ratings aren't collected until after they've thrown a few more combinations past the exchange, so recall is delayed and the nudge isn't flagged in the moment — the mismatch still has to surface in their reported numbers for the coach to catch it.",,light_technical,"Does the harder version still display the same lesson, or has it changed the problem entirely.",literature_grounded_draft
{{PPBF_ORG_ID}},scl_eb6aee1ce1b9e4,drl_a1b0aa882e6719,A,False,"Simplify the picture by removing timing uncertainty: the coach stands directly in front of the athlete and delivers the single instruction at the exact moment the athlete settles into base, with no crowd noise, no fatigue, and no other voices present. The athlete's only job is to rehearse the clean sequence — exhale, hear the one cue, reset stance — until breathing-then-base becomes automatic.",,none,Is the athlete repeating the target behaviour without the coach adding words.,literature_grounded_draft
{{PPBF_ORG_ID}},scl_a0550a5fa25c39,drl_a1b0aa882e6719,B,True,"The drill as designed: standard system level, the intended real demand, no decoration.",,none,Can the athlete still respond to one cue.,authored
{{PPBF_ORG_ID}},scl_94eb0499458cde,drl_a1b0aa882e6719,C,False,"Add decision-under-noise stress: several corner voices call out instructions simultaneously (or in quick succession), but only one is the real coach cue and it must land at an unpredictable moment — sometimes right at the reset, sometimes delayed a beat after the athlete has already started breathing. The athlete must hold base, keep breathing, and identify and execute only the single genuine instruction while discarding the rest — the one-instruction cap and the breathe-then-base sequence must still appear cleanly, just under filtering and timing pressure rather than physical contact.",,none,"Does the harder version still display the same lesson, or has it changed the problem entirely.",literature_grounded_draft
{{PPBF_ORG_ID}},scl_492623450b646d,drl_dbde0fe502575d,A,False,"Fatigue comes from bodyweight/footwork work (not padwork), and the corner gives one single-word instruction (""jab"" or ""circle"") tied to a shadow-boxing bout with no partner reaction to read. This isolates ""hear it tired, do it next bout"" without also asking the athlete to solve a live decision — the picture is simplified to pure retention, nothing else competing for attention.",,none,Is the athlete repeating the target behaviour without the coach adding words.,literature_grounded_draft
{{PPBF_ORG_ID}},scl_821dcbfe55c1b0,drl_dbde0fe502575d,B,True,"The drill as designed: standard system level, the intended real demand, no decoration.",,none,Can the athlete still respond to one cue.,authored
{{PPBF_ORG_ID}},scl_20e7b900052194,drl_dbde0fe502575d,C,False,"Fatigue still comes from non-contact work, but the corner now delivers two instructions in the same breath, one of which contradicts what was said after the previous bout (""stop circling, walk him down now""), and calls it over ambient noise so it must be caught the first time. The athlete must still identify and execute the current correct instruction in the next bout — the lesson stays ""take instruction when tired,"" just now competing against noise, conflicting cues, and no repeats.",,none,"Does the harder version still display the same lesson, or has it changed the problem entirely.",literature_grounded_draft
{{PPBF_ORG_ID}},scl_8e6a6845193952,drl_2d85a3b7a132a7,A,False,"Clip is trimmed to one isolated exchange (5-10 seconds, not a full round) showing a single clean example of the target detail — e.g. ""does he exhale sharply on the punch or hold his breath."" The question is binary (yes/no) and printed on a card in view the whole time, and the athlete is free to pause and rewind before answering.",,none,Is the athlete repeating the target behaviour without the coach adding words.,literature_grounded_draft
{{PPBF_ORG_ID}},scl_2110721f81aa00,drl_2d85a3b7a132a7,B,True,"The drill as designed: standard system level, the intended real demand, no decoration.",,none,Can the athlete still respond to one cue.,authored
{{PPBF_ORG_ID}},scl_46da87cf82c74c,drl_2d85a3b7a132a7,C,False,"Same single stated question, but now shown inside a full, uncut round with crowd noise, multiple angles, and other action happening around the exchange — watched once, no rewind. A second, irrelevant question is called out partway through the clip as a decoy; the athlete must ignore it and still answer only the original question afterward, after a distracting task fills the gap before they respond.",,none,"Does the harder version still display the same lesson, or has it changed the problem entirely.",literature_grounded_draft
{{PPBF_ORG_ID}},scl_84276fdac89637,drl_1f5bf3a2ca967b,A,False,"Before filming, the athlete states one single intended element (e.g. ""jab retracts to guard"") for one shadow-boxing sequence, not a whole exchange. They watch only that clipped segment immediately after and name whether that one thing happened — a single stated intention, a single checkpoint, immediate playback. Success is a clean verbal match/mismatch on that one cue, so the ""compare intention to footage"" behaviour is felt without hunting through noise.",,none,Is the athlete repeating the target behaviour without the coach adding words.,literature_grounded_draft
{{PPBF_ORG_ID}},scl_b0814acc07f576,drl_1f5bf3a2ca967b,B,True,"The drill as designed: standard system level, the intended real demand, no decoration.",,none,Can the athlete still respond to one cue.,authored
{{PPBF_ORG_ID}},scl_812c0243f12338,drl_1f5bf3a2ca967b,C,False,"The athlete states their full intended game plan before a live sparring session, then reviews the footage a day later (delay removes fresh recall) and must reconstruct what they meant before judging the gap, with a partner or coach allowed to challenge their self-read before they finalize it. Multiple exchanges and fatigue-driven technique drift are in the footage, so they must sort signal from noise and still produce their own stated gap before hearing the coach's version. The target behaviour — self-generated comparison of intention vs. footage — must still come from the athlete first, not from being told the gap.",,none,"Does the harder version still display the same lesson, or has it changed the problem entirely.",literature_grounded_draft
{{PPBF_ORG_ID}},scl_b245de7d5c3383,drl_1315b52f037c2a,A,False,"Reduce to a single, binary observable criterion (e.g., ""chin tucked behind lead shoulder for the full jab-cross""), rated on one shadow-boxed rep with no delay — self-rating happens immediately after the movement, before it fades from memory. This narrows the picture so the athlete's rating and the coach's rating are very likely to match, letting them feel what accurate self-assessment against a stated criterion is supposed to feel like.",,none,Is the athlete repeating the target behaviour without the coach adding words.,literature_grounded_draft
{{PPBF_ORG_ID}},scl_99124e563ac39d,drl_1315b52f037c2a,B,True,"The drill as designed: standard system level, the intended real demand, no decoration.",,none,Can the athlete still respond to one cue.,authored
{{PPBF_ORG_ID}},scl_7e97145fe86c40,drl_1315b52f037c2a,C,False,"Athlete self-rates against the same written criterion, but only after performing it embedded inside a longer combination and following a delay (coach withholds the ""rate it"" cue until several exchanges later, forcing recall rather than immediate impression). Add a second, competing criterion at the same time (e.g., criterion on guard AND criterion on footwork) so the athlete must decide which criterion actually applies to what they recall before rating — decision load and memory decay are the stressors, but the act being tested is still rating own execution against a stated criterion before hearing the coach's rating.",,none,"Does the harder version still display the same lesson, or has it changed the problem entirely.",literature_grounded_draft
{{PPBF_ORG_ID}},scl_607f2f98018730,drl_e3362ef055ceff,A,False,"Coach hands the athlete a card with three preset intentions (e.g. ""footwork discipline,"" ""chin down,"" ""breathe on exhale""). Athlete circles one before stepping on the mat instead of composing their own from scratch — same act of committing to an intention, but the picture is simplified to a choice, not open-ended writing, so success is guaranteed and clean.",,none,Is the athlete repeating the target behaviour without the coach adding words.,literature_grounded_draft
{{PPBF_ORG_ID}},scl_9f360e41f9854a,drl_e3362ef055ceff,B,True,"The drill as designed: standard system level, the intended real demand, no decoration.",,none,Can the athlete still respond to one cue.,authored
{{PPBF_ORG_ID}},scl_d43abd970a922e,drl_e3362ef055ceff,C,False,"Athlete is told the session plan is changing right before warm-up ends (a genuine last-minute switch coaches make), forcing them to re-set their intention on the spot to match the new focus, then state it out loud to a partner who can question it once. The disruption and time pressure are added, but the athlete must still land on one clear, spoken intention before any drilling starts — the target behaviour stays intact.",,none,"Does the harder version still display the same lesson, or has it changed the problem entirely.",literature_grounded_draft
{{PPBF_ORG_ID}},scl_8b5b4d0bc503a1,drl_70d70c8e6af657,A,False,"Athlete names one specific technique (e.g. ""lead-hand jab to the body"") and closes eyes, rehearsing only the setup and the single moment of contact — not the whole exchange or footwork around it. Coach cues ""see the glove land"" as the trigger, then athlete opens eyes and throws that same technique once at a static target to confirm the picture matched the execution. Picture is simplified to one technique, one moment, no opponent reaction.",,none,Is the athlete repeating the target behaviour without the coach adding words.,literature_grounded_draft
{{PPBF_ORG_ID}},scl_7b972684ca0aec,drl_70d70c8e6af657,B,True,"The drill as designed: standard system level, the intended real demand, no decoration.",,none,Can the athlete still respond to one cue.,authored
{{PPBF_ORG_ID}},scl_c68215ece6ce26,drl_70d70c8e6af657,C,False,"Coach calls the technique to rehearse, but only after inserting a distraction — clapping, a shouted number, or moving the pads — right as the athlete closes their eyes, forcing them to rebuild the mental picture under interruption rather than in a quiet start state. Athlete must still rehearse that exact named technique (not a substitute or generalized flurry) before opening their eyes and throwing it at the pads/target. The disruption tests whether the rehearsal habit survives interference; if the athlete skips straight to throwing without completing the mental rehearsal, the lesson has been lost even though contact still occurred.",,none,"Does the harder version still display the same lesson, or has it changed the problem entirely.",literature_grounded_draft
{{PPBF_ORG_ID}},scl_32ac70ca5b4dc6,drl_81c1dc6ae59852,A,False,"Partner holds a static, exaggerated stance (feet taped or chalk-marked so lead foot is unmistakable) — no hand movement, no footwork, no feints. Athlete simply calls ""orthodox"" or ""southpaw"" and states the one consequence for lead-foot position before stepping. Picture is simplified to a frozen, obvious stance so the call-and-consequence pairing gets grooved cleanly.",,none,Is the athlete repeating the target behaviour without the coach adding words.,literature_grounded_draft
{{PPBF_ORG_ID}},scl_640c74afeb228d,drl_81c1dc6ae59852,B,True,"The drill as designed: standard system level, the intended real demand, no decoration.",,none,Can the athlete still respond to one cue.,authored
{{PPBF_ORG_ID}},scl_40264086e18d63,drl_81c1dc6ae59852,C,False,"Partner now shadow-steps continuously and inserts fake switch-steps (weight shift without a full stance change) alongside real switches, forcing the athlete to distinguish a committed stance change from a decoy before calling it. Athlete must still call stance and state the lead-foot consequence within a short window, now with partner's hands moving and a light non-contact jab cue thrown immediately after the call to test if the stated consequence was actually correct. Stress is added through deception and reaction time, not contact — the identify-then-consequence behaviour must still appear before any footwork happens.",,none,"Does the harder version still display the same lesson, or has it changed the problem entirely.",literature_grounded_draft
{{PPBF_ORG_ID}},scl_6908ccdfe007ec,drl_006134ad264754,A,False,"Partner holds a static opposite stance and only turns to face the athlete rather than stepping or circling — no contest, no chase. The athlete practices stepping the lead foot outside theirs and settling there, feeling the correct angle and weight distribution with a predictable, cooperative target.",,light_technical,Is the athlete repeating the target behaviour without the coach adding words.,literature_grounded_draft
{{PPBF_ORG_ID}},scl_6d334728ca08b7,drl_006134ad264754,B,True,"The drill as designed: standard system level, the intended real demand, no decoration.",,light_technical,Can the athlete still respond to one cue.,authored
{{PPBF_ORG_ID}},scl_871a87bc4ba7e9,drl_006134ad264754,C,False,"Partner circles continuously and randomly switches stance (orthodox to southpaw and back) mid-battle, forcing the athlete to re-read the outside-foot problem on the fly instead of solving it once. Partner also hand-fights and frames against the athlete's lead shoulder to disrupt balance while still contesting for outside position — the athlete must keep re-establishing the same foot relationship under that disruption, not abandon it for clinching or hand-fighting as the new task.",,light_technical,"Does the harder version still display the same lesson, or has it changed the problem entirely.",literature_grounded_draft
{{PPBF_ORG_ID}},scl_0268c77250f55d,drl_225e5d543beb1f,A,False,"Partner works one fixed, high-tell pattern (e.g., always slips outside after the athlete's second jab), so ""plan not working"" shows up as one unmistakable, repeatable signal instead of something the athlete must dig for. Athlete has exactly one pre-named backup plan to call and switch to — the decision is binary (stay or switch to the known alternative), not open-ended. Coach authorization is still required, using the same call-it cue, so the behaviour trained is purely ""notice failure, name it, ask, switch,"" at full clarity.",,light_technical,Is the athlete repeating the target behaviour without the coach adding words.,literature_grounded_draft
{{PPBF_ORG_ID}},scl_264a93e48f2783,drl_225e5d543beb1f,B,True,"The drill as designed: standard system level, the intended real demand, no decoration.",,conditioned,Can the athlete still respond to one cue.,authored
{{PPBF_ORG_ID}},scl_af10fb5471bc36,drl_225e5d543beb1f,C,False,"Partner now runs two or three counters that surface at different, unpredictable moments (sometimes plan A fails immediately, sometimes it works for a stretch then breaks), so the athlete must keep re-reading whether the current plan is actually failing rather than reacting to one obvious tell. Coach delays or first denies the requested switch once, forcing the athlete to hold the old plan a beat longer, reassess, and re-propose a different adjustment before getting authorization. The lesson stays identical — plan changes only through noticed failure plus authorized call — but now under ambiguity and a blocked first attempt instead of a clean single cue.",,conditioned,"Does the harder version still display the same lesson, or has it changed the problem entirely.",literature_grounded_draft
{{PPBF_ORG_ID}},scl_deb9ffcaf51432,drl_b2fcf989112703,A,False,"Coach assigns the partner one fixed, exaggerated behaviour (e.g., partner always lunges in with a straight right then resets to the same guard) and holds it constant. Athlete's only job is to name the pattern out loud to the coach and apply the single correct answer to it; coach can freeze the action to confirm the read before continuing. Success = correct identification and correct tool, not speed.",,light_technical,Is the athlete repeating the target behaviour without the coach adding words.,literature_grounded_draft
{{PPBF_ORG_ID}},scl_c8f359b82572e1,drl_b2fcf989112703,B,True,"The drill as designed: standard system level, the intended real demand, no decoration.",,conditioned,Can the athlete still respond to one cue.,authored
{{PPBF_ORG_ID}},scl_b225f7b55c2c4d,drl_b2fcf989112703,C,False,"Coach assigns the same single-behaviour problem, but changes it to a different behaviour on a silent cue mid-drill (no announcement) and/or stacks a second behaviour on top of the first, forcing the athlete to detect that the old read no longer fits and re-diagnose live. Contact stays conditioned and coach authorization/control of the assigned behaviour is unchanged — the added stress is the unannounced switch and the compounded problem, not extra force or speed.",,conditioned,"Does the harder version still display the same lesson, or has it changed the problem entirely.",literature_grounded_draft
{{PPBF_ORG_ID}},scl_250c037287d14b,drl_39ed71de8c14cd,A,False,"Coach breaks the wrap into checkpoints (thumb loop → knuckle pass → wrist wraps → tie-off) and inspects after each stage instead of only at the end, naming exactly what ""correct"" looks like at that stage before the athlete moves on. This turns one long sequence into a series of small, checked successes so the athlete feels correct tension and coverage at each step rather than guessing at the finished product.",,none,Is the athlete repeating the target behaviour without the coach adding words.,literature_grounded_draft
{{PPBF_ORG_ID}},scl_7956d9c74764c7,drl_39ed71de8c14cd,B,True,"The drill as designed: standard system level, the intended real demand, no decoration.",,none,Can the athlete still respond to one cue.,authored
{{PPBF_ORG_ID}},scl_1b1e2f61b40ad4,drl_39ed71de8c14cd,C,False,"Athlete wraps their own hands while the coach adds a verbal distraction task (counting backward, answering questions) and has planted one deliberate flaw earlier in that athlete's usual routine (e.g., a skipped knuckle pass) for them to catch and fix themselves before presenting for inspection. The decision demand — noticing and correcting the error under divided attention — is what's added; the coach still does the final coverage/tightness check before anything else happens, and contact level stays none.",,none,"Does the harder version still display the same lesson, or has it changed the problem entirely.",literature_grounded_draft
{{PPBF_ORG_ID}},scl_62d16d98d8c9b5,drl_dbb0347500e7eb,A,False,"Simplify the picture to a fixed, predictable sequence: walk → jog in place → arm circles → straight-line shadow footwork, one station at a time, always in the same order. The athlete moves at their own pace and finishes each movement pattern cleanly before the coach signals the next, so ""readiness"" is felt as one clean gear-change at a time rather than a blend.",,none,Is the athlete repeating the target behaviour without the coach adding words.,literature_grounded_draft
{{PPBF_ORG_ID}},scl_1466d76059d4f0,drl_dbb0347500e7eb,B,True,"The drill as designed: standard system level, the intended real demand, no decoration.",,none,Can the athlete still respond to one cue.,authored
{{PPBF_ORG_ID}},scl_6e56943e34f2a6,drl_dbb0347500e7eb,C,False,"Same build from walking to boxing footwork, but the coach calls out movement changes at random (switch direction, drop to shuffle, freeze-and-reset stance, change tempo) without warning, forcing the athlete to keep raising temperature and staying loose while reacting to an unpredictable cue instead of a known order. The lesson stays ""get warm and mobile through boxing-specific movement"" — the disruption is in when/what changes, not in adding contact, load, or turning it into a conditioning test.",,none,"Does the harder version still display the same lesson, or has it changed the problem entirely.",literature_grounded_draft
{{PPBF_ORG_ID}},scl_d815cace31c9be,drl_f54d4fe102fb09,A,False,"Break the punching range into its three isolated endpoints — jab extension, hook rotation, uppercut drive — and hold each shoulder position statically and slowly, one at a time, instead of linking them. Athlete confirms ""I feel this specific range"" before combining any two positions. Same joint-prep picture, just simplified to single positions with no sequencing demand.",,none,Is the athlete repeating the target behaviour without the coach adding words.,literature_grounded_draft
{{PPBF_ORG_ID}},scl_fe1261e7f8e2d6,drl_f54d4fe102fb09,B,True,"The drill as designed: standard system level, the intended real demand, no decoration.",,none,Can the athlete still respond to one cue.,authored
{{PPBF_ORG_ID}},scl_b40e4fd787cb57,drl_f54d4fe102fb09,C,False,"Coach calls out punch-path positions (jab/hook/uppercut extension) in random order and irregular tempo, including sudden mid-rotation pauses or reversed sequencing, so the athlete can't rehearse the pattern in advance. The rule stays fixed: shoulder must still arrive at full, correct, controlled range for whichever position is called, no shortcuts under the unpredictability. If the athlete starts guessing positions or rushing through partial range to keep up, the drill has failed — that removes the target behaviour.",,none,"Does the harder version still display the same lesson, or has it changed the problem entirely.",literature_grounded_draft
{{PPBF_ORG_ID}},scl_fe73b668e77851,drl_0eaa11e875ffef,A,False,"Break the range work into single-joint, stationary reps — ankle circles and hip openers done in place, feet not shifting, no stance or pivot attempted yet. Athlete checks each end-position against a mirror or coach cue (turned-out hip, weight-centered ankle) before moving to the next joint, so the *shape* of the position is felt cleanly with zero transition demand.",,none,Is the athlete repeating the target behaviour without the coach adding words.,literature_grounded_draft
{{PPBF_ORG_ID}},scl_9f9122667bec7e,drl_0eaa11e875ffef,B,True,"The drill as designed: standard system level, the intended real demand, no decoration.",,none,Can the athlete still respond to one cue.,authored
{{PPBF_ORG_ID}},scl_9b48475f595fb9,drl_0eaa11e875ffef,C,False,"Same ankle/hip range work, but now a random call (color, number, direction) interrupts the flow mid-rep and the athlete must resolve immediately into the correct stance foot position or pivot-ready hip angle — no set pattern to anticipate. Run it on a balance pad or with eyes closed part of the time so proprioception, not vision, has to confirm the position. The lesson stays: can they still find and hold the correct hip/ankle position for stance and pivot when the setup is disordered, not just when it's rehearsed.",,none,"Does the harder version still display the same lesson, or has it changed the problem entirely.",literature_grounded_draft
{{PPBF_ORG_ID}},scl_57d3c969d49cc7,drl_25e4934a3ab2ab,A,False,"Isolate one plane at a time — flexion/extension only, seated with hands resting lightly on thighs, athlete sets their own pace and range. No rotation, no lateral, no combining planes. This strips the picture down to ""one clean, controlled motion, one axis"" so the athlete can feel where control breaks down before adding complexity.",,none,Is the athlete repeating the target behaviour without the coach adding words.,literature_grounded_draft
{{PPBF_ORG_ID}},scl_0e5a1feaf42c1f,drl_25e4934a3ab2ab,B,True,"The drill as designed: standard system level, the intended real demand, no decoration.",,none,Can the athlete still respond to one cue.,authored
{{PPBF_ORG_ID}},scl_f2d0bb02716cd5,drl_25e4934a3ab2ab,C,False,"Same slow controlled range through all planes, but a partner calls out the direction (""up,"" ""left,"" ""rotate right"") at random, unpredictable moments, forcing the athlete to select and initiate the correct controlled movement on demand rather than running a memorized sequence. The decision timing is the added stress — the movement itself must stay just as slow and controlled as in B, or the rep doesn't count.",,none,"Does the harder version still display the same lesson, or has it changed the problem entirely.",literature_grounded_draft
{{PPBF_ORG_ID}},scl_39a0834cc433f3,drl_b101573cb451e4,A,False,"Single-plane isometric hold only (flexion against own palm resistance), removing the multi-directional switching demand of the full drill. Athlete sets neutral neck alignment, presses head into hand, and holds — same contraction quality and bracing cue as B, just one vector instead of four, so the endurance sensation and correct muscular recruitment are felt cleanly before adding direction changes.",,none,Is the athlete repeating the target behaviour without the coach adding words.,literature_grounded_draft
{{PPBF_ORG_ID}},scl_247094df5877d1,drl_b101573cb451e4,B,True,"The drill as designed: standard system level, the intended real demand, no decoration.",,none,Can the athlete still respond to one cue.,authored
{{PPBF_ORG_ID}},scl_33b024619f413a,drl_b101573cb451e4,C,False,"Partner applies resistance from an unannounced, randomly-changing direction (front/side/back/rotational) that the athlete must detect and match with the correct counter-tension, rather than moving through a known sequence. This forces a live decision about which muscles to brace under uncertainty while still requiring the same sustained isometric hold and neutral-spine cue as B — if the athlete starts guessing or bracing generically instead of matching the actual load direction, drop back to A/B until direction-reading is reliable.",,none,"Does the harder version still display the same lesson, or has it changed the problem entirely.",literature_grounded_draft
{{PPBF_ORG_ID}},scl_90a7902418e7a7,drl_61ef34ab64a92c,A,False,"Athlete stands square to a mirror, hands on hips (or a dowel across the shoulders), and performs slow, isolated trunk rotation with feet planted and hips locked — no stepping, no punching. Cue: ""turn until your back shows, not your shoulder."" Success = visible thoracic turn with the hips staying square and the arms passive.",,none,Is the athlete repeating the target behaviour without the coach adding words.,literature_grounded_draft
{{PPBF_ORG_ID}},scl_5e16859520029d,drl_61ef34ab64a92c,B,True,"The drill as designed: standard system level, the intended real demand, no decoration.",,none,Can the athlete still respond to one cue.,authored
{{PPBF_ORG_ID}},scl_bdd3247bb7f766,drl_61ef34ab64a92c,C,False,"Partner calls left/right (or a target height) unpredictably from outside the athlete's sightline while the athlete stands with one foot on an unstable pad, guard up. The athlete must rotate through the thoracic spine to face the called side *before* the arm moves — decision timing added on top of an unstable base. Same cue applies: ""lead with your spine, not your fist."" If the surprise call causes the rotation to collapse into a shoulder-shrug, drop the unstable base first and keep only the unpredictable calling until clean thoracic turn returns — the call, not the wobble, is what's preserving the lesson.",,none,"Does the harder version still display the same lesson, or has it changed the problem entirely.",literature_grounded_draft
{{PPBF_ORG_ID}},scl_c854aeaac0f058,drl_325b6ba2613eb0,A,False,"Athlete walks a straight marked line at an easy pace with one hand resting on the sternum, counting the exhale aloud (""out-2-3-4"") so the extended breath is felt and heard, not just attempted. No direction changes, no partner, no talking otherwise — the only job is noticing exhale-longer-than-inhale until the count naturally slows on its own.",,none,Is the athlete repeating the target behaviour without the coach adding words.,literature_grounded_draft
{{PPBF_ORG_ID}},scl_192042f5a041eb,drl_325b6ba2613eb0,B,True,"The drill as designed: standard system level, the intended real demand, no decoration.",,none,Can the athlete still respond to one cue.,authored
{{PPBF_ORG_ID}},scl_cf1ac1db1503c5,drl_325b6ba2613eb0,C,False,"Walk-and-breathe starts immediately after the hardest output segment of the session (straight from a gassed state, no pause to ""collect"" first), and the coach or partner asks the athlete simple questions or gives new walking directions (turn, weave a cone) while they go. The athlete must still find and lengthen the exhale under that cognitive/physical noise — if the breath count falls apart or reverts to shallow panting because of the distraction, the target behaviour has failed and the drill hasn't done its job.",,none,"Does the harder version still display the same lesson, or has it changed the problem entirely.",literature_grounded_draft
{{PPBF_ORG_ID}},scl_d56bd23a2cae45,drl_786d761c9321c0,A,False,"Simplify to one joint region at a time (shoulders, then hips, then t-spine) with the coach or a mirror leading each set of circles/rotations at a fixed slow tempo — athlete only copies, no sequencing between regions. This isolates the feel of ""controlled range returning"" before any flow or transition is added.",,none,Is the athlete repeating the target behaviour without the coach adding words.,literature_grounded_draft
{{PPBF_ORG_ID}},scl_c8e6e3733231ef,drl_786d761c9321c0,B,True,"The drill as designed: standard system level, the intended real demand, no decoration.",,none,Can the athlete still respond to one cue.,authored
{{PPBF_ORG_ID}},scl_91d841bbeb2efa,drl_786d761c9321c0,C,False,"Same three regions, but the coach calls them in random order with a short pause between the call and the start, so the athlete must recall and initiate the correct movement from memory under mild time pressure rather than following a set pattern. Mid-sequence, the coach interrupts with a clap or count; the athlete must resume the exact same range and tempo rather than rushing or shrinking the movement — the decision/interruption is the added stress, but full unloaded range must still show up every time.",,none,"Does the harder version still display the same lesson, or has it changed the problem entirely.",literature_grounded_draft
{{PPBF_ORG_ID}},scl_ac76b8baaed004,drl_ee5abe0d5aa056,A,False,"Athlete works to a single, fixed, evenly-spaced work/rest ratio (equal-length bells) on the bag rather than the variable structure of an actual sanctioned round format. The picture is simplified to one predictable interval pattern so the athlete can feel pacing themselves to hit the same output level at the start of the interval as at the end, and stop cleanly on the bell without coasting.",,none,Is the athlete repeating the target behaviour without the coach adding words.,literature_grounded_draft
{{PPBF_ORG_ID}},scl_119614049d22ef,drl_ee5abe0d5aa056,B,True,"The drill as designed: standard system level, the intended real demand, no decoration.",,none,Can the athlete still respond to one cue.,authored
{{PPBF_ORG_ID}},scl_e16f10e8e044b9,drl_ee5abe0d5aa056,C,False,"Round lengths and rest lengths are drawn from a scrambled set (still bounded by legal sanctioning-body ranges) and the bell/buzzer is triggered without a countdown warning, so the athlete must recognize the start/stop cue and re-pace mid-interval rather than anticipate it. This adds decision demand — reading an unexpected round boundary and adjusting effort distribution on the fly — while the target behaviour (output matched to the actual interval, not a memorized clock) still has to appear.",,none,"Does the harder version still display the same lesson, or has it changed the problem entirely.",literature_grounded_draft
{{PPBF_ORG_ID}},scl_b08b90ad004271,drl_81b9474a9fc367,A,False,"Shadowboxing footwork-plus-jab only, on flat ground, at a pace where the athlete can pass the talk test (answer a question in full sentences without gasping). No combination choices — just move, breathe through the nose, repeat the same simple pattern. Success = holding that steady rhythm continuously rather than surging and stalling.",,none,Is the athlete repeating the target behaviour without the coach adding words.,literature_grounded_draft
{{PPBF_ORG_ID}},scl_e9997522c0bf0e,drl_81b9474a9fc367,B,True,"The drill as designed: standard system level, the intended real demand, no decoration.",,none,Can the athlete still respond to one cue.,authored
{{PPBF_ORG_ID}},scl_59696bc3800dd3,drl_81b9474a9fc367,C,False,"Same continuous low-intensity movement, but the coach randomly calls out combo numbers or direction changes throughout, forcing the athlete to make selection decisions while staying inside the same pace/breathing window. The added stress is cognitive load and unpredictability, not speed or output — the athlete must keep passing the talk test and self-correct back to nasal breathing after each call, proving the aerobic base holds under distraction rather than reverting to interval effort.",,none,"Does the harder version still display the same lesson, or has it changed the problem entirely.",literature_grounded_draft
{{PPBF_ORG_ID}},scl_fb21c6a57ff877,drl_3a682d5a98e954,A,False,"Same short high-effort bag bursts, but recovery between them is generous and only trimmed slightly rather than crashed — so output stays close to identical rep after rep. Coach still calls out the moment power/speed dips, but because rest is forgiving the athlete usually doesn't hear that call: they learn to feel ""was that the same as last time?"" under real but low fatigue, cleanly.",,none,Is the athlete repeating the target behaviour without the coach adding words.,literature_grounded_draft
{{PPBF_ORG_ID}},scl_c7293c1c8d6866,drl_3a682d5a98e954,B,True,"The drill as designed: standard system level, the intended real demand, no decoration.",,none,Can the athlete still respond to one cue.,authored
{{PPBF_ORG_ID}},scl_6a255d2904af54,drl_3a682d5a98e954,C,False,"Recovery length is no longer told to the athlete or fixed — coach randomly shortens or extends the gap before each bag burst, so the athlete must decide their own output allocation without knowing how much rest is coming next. The same marker (effort number at which output first falls) is still tracked and named aloud, so the lesson — recognizing and reporting the drop — stays identical even though the disorder around recovery is new.",,none,"Does the harder version still display the same lesson, or has it changed the problem entirely.",literature_grounded_draft
{{PPBF_ORG_ID}},scl_031f940f2cb97d,drl_40acc6820f5df6,A,False,"Two-foot bounce skipping with a slow, wide rope turn — no speed variation, no foot-pattern changes. The athlete locks in one clean rhythm (turn-bounce-turn) so the calf-loading pattern and timing feel becomes obvious and repeatable before anything else is added.",,none,Is the athlete repeating the target behaviour without the coach adding words.,literature_grounded_draft
{{PPBF_ORG_ID}},scl_1c8c3ab4e33868,drl_40acc6820f5df6,B,True,"The drill as designed: standard system level, the intended real demand, no decoration.",,none,Can the athlete still respond to one cue.,authored
{{PPBF_ORG_ID}},scl_6becc52f24b2bd,drl_40acc6820f5df6,C,False,"Continuous skipping stays on, but the coach randomly calls foot-pattern switches (two-foot → single-leg → boxer shuffle → criss-cross) with no warning and no stopping the rope. The athlete must decide and change footwork mid-rhythm without breaking the continuous bounce or losing calf spring — same coordination/endurance target, now under decision pressure instead of just speed.",,none,"Does the harder version still display the same lesson, or has it changed the problem entirely.",literature_grounded_draft
{{PPBF_ORG_ID}},scl_311f83599cb97e,drl_b67ee94d958d32,A,False,"Same pattern vocabulary (boxer skip, high knees, crossover, side-to-side) but calls are pre-sequenced and told to the athlete before starting, delivered on a fixed, predictable count (e.g., every eighth skip). This strips the irregular-timing decision load so the athlete can feel the clean footwork transition itself before reacting to unpredictability.",,none,Is the athlete repeating the target behaviour without the coach adding words.,literature_grounded_draft
{{PPBF_ORG_ID}},scl_28b7ab1d19fd04,drl_b67ee94d958d32,B,True,"The drill as designed: standard system level, the intended real demand, no decoration.",,none,Can the athlete still respond to one cue.,authored
{{PPBF_ORG_ID}},scl_77f8f9607b22f1,drl_b67ee94d958d32,C,False,"Calls stay irregular but now include false/decoy calls (coach starts saying one pattern name, switches mid-word to another) and back-to-back double calls with no settling skips between them, forcing a second pattern change before the first is fully grooved. This raises decision and disruption demand while the required behaviour — clean coordinated transition on an unpredictable cue — must still be visibly present, not replaced by athlete just surviving/losing rhythm.",,none,"Does the harder version still display the same lesson, or has it changed the problem entirely.",literature_grounded_draft
{{PPBF_ORG_ID}},scl_c0790777107284,drl_7b05e2c6d49010,A,False,"Squat to a bench/box set at a fixed depth, hands reaching forward for balance, tempo slowed to a 3-count down. The box gives an external depth reference so the athlete only has to solve knee tracking, not depth judgment and knee tracking at once — coach calls out ""knees over mid-foot"" on each rep.",,none,Is the athlete repeating the target behaviour without the coach adding words.,literature_grounded_draft
{{PPBF_ORG_ID}},scl_e2cbdc518937ca,drl_7b05e2c6d49010,B,True,"The drill as designed: standard system level, the intended real demand, no decoration.",,none,Can the athlete still respond to one cue.,authored
{{PPBF_ORG_ID}},scl_447cfc12abb79b,drl_7b05e2c6d49010,C,False,"Same bodyweight squat, but the coach calls out a random depth target (""quarter… full… pause at half"") right as the athlete starts descending, forcing them to pick the correct depth mid-rep while still tracking the knee. No box, no rhythm — the decision comes first, and the pass/fail is still whether the knee stays over the foot at whatever depth is called.",,none,"Does the harder version still display the same lesson, or has it changed the problem entirely.",literature_grounded_draft
{{PPBF_ORG_ID}},scl_f9ac6e50b55c7c,drl_edb69a2d822df7,A,False,"Incline press-up: hands on a bench/box high enough that the athlete can complete full range (chest to hands, full elbow lockout) with a rigid plank line every rep. Lever is shortened, not the pattern — same shoulder/elbow tracking and hip position as the standard press-up, just less bodyweight to move so the technique is repeatable and clean.",,none,Is the athlete repeating the target behaviour without the coach adding words.,literature_grounded_draft
{{PPBF_ORG_ID}},scl_cc45dc5f30baa1,drl_edb69a2d822df7,B,True,"The drill as designed: standard system level, the intended real demand, no decoration.",,none,Can the athlete still respond to one cue.,authored
{{PPBF_ORG_ID}},scl_36f65c126f96d8,drl_edb69a2d822df7,C,False,"Standard-height press-up where a partner or coach calls a hand-position change (wide/diamond/staggered) between reps, forcing the athlete to decide and reset grip mid-set without breaking the plank line or shortening range on the next rep. The stress is decision-making under changing base of support, not added load or speed — the plank rigidity and full elbow lockout must still show up on every call.",,none,"Does the harder version still display the same lesson, or has it changed the problem entirely.",literature_grounded_draft
{{PPBF_ORG_ID}},scl_e9954606491524,drl_f84ea554b6aae6,A,False,"Two-hand band row anchored at chest height, both feet planted, no time or load pressure. Athlete pulls to a full pause at scapular retraction each rep before releasing — the picture is simplified to just ""elbows drive back, blades pinch"" with nothing else to manage, so the pulling cue is felt cleanly and repeated the same way every time.",,none,Is the athlete repeating the target behaviour without the coach adding words.,literature_grounded_draft
{{PPBF_ORG_ID}},scl_6b86abe98b729e,drl_f84ea554b6aae6,B,True,"The drill as designed: standard system level, the intended real demand, no decoration.",,none,Can the athlete still respond to one cue.,authored
{{PPBF_ORG_ID}},scl_246b52e041fe7b,drl_f84ea554b6aae6,C,False,"Single-arm inverted row on an unstable base (e.g., one foot elevated or off a swinging TRX), performed right after a pushing-heavy pad or bag segment so the pulling muscles are already pre-fatigued from the push work they're meant to balance. The added instability and asymmetric load force a decision each rep — brace harder or lose the scapular retraction — so the same ""blades pinch together"" behavior has to survive fatigue and disruption, not just raw effort.",,none,"Does the harder version still display the same lesson, or has it changed the problem entirely.",literature_grounded_draft
{{PPBF_ORG_ID}},scl_99eafa929b2ceb,drl_8549299fc8d8c7,A,False,"Athlete hinges holding a PVC pipe against the spine (three contact points: head, upper back, sacrum) toward a bench set at knee height, bodyweight only, no load. Losing contact anywhere on the pipe is the immediate, unambiguous fault signal, so the athlete gets clean feedback on the neutral-spine hinge before any weight is added.",,none,Is the athlete repeating the target behaviour without the coach adding words.,literature_grounded_draft
{{PPBF_ORG_ID}},scl_4e931d3b27f839,drl_8549299fc8d8c7,B,True,"The drill as designed: standard system level, the intended real demand, no decoration.",,none,Can the athlete still respond to one cue.,authored
{{PPBF_ORG_ID}},scl_22fff43465a04d,drl_8549299fc8d8c7,C,False,"Same hip hinge, now loaded (kettlebell or barbell deadlift), performed right after a burst of punch output so the athlete must re-find neutral spine and hip-dominant loading while breathing is disrupted. Mid-set the coach randomly calls ""add weight"" or ""pause at mid-shin,"" forcing an in-the-moment decision — but a rep only counts if the spine stays neutral and the hip hinges, so a rounded-back rep fails regardless of load moved.",,none,"Does the harder version still display the same lesson, or has it changed the problem entirely.",literature_grounded_draft
{{PPBF_ORG_ID}},scl_8ea46633f7af15,drl_ed59c17ae9a3b1,A,False,"Athlete stands flat-footed on the lead leg only, rear foot lifted to a bent 90° (not touching down), facing a fixed wall mark at eye level, with hip-knee-ankle stacked over the standing foot. No pivot is attempted — just holding the quiet base and correcting drift by feel. One fingertip may rest on a wall for reference only (not weight support), removed the moment balance settles.",,none,Is the athlete repeating the target behaviour without the coach adding words.,literature_grounded_draft
{{PPBF_ORG_ID}},scl_5753f06270464a,drl_ed59c17ae9a3b1,B,True,"The drill as designed: standard system level, the intended real demand, no decoration.",,none,Can the athlete still respond to one cue.,authored
{{PPBF_ORG_ID}},scl_e827e0d3762b01,drl_ed59c17ae9a3b1,C,False,"Same single-leg base, but now performed on an unstable pad, and the coach calls a random direction (""left pivot"" / ""right pivot"") at unpredictable moments. On the call, the athlete pivots on the standing leg and must re-stack hip-knee-ankle into a quiet base before the pad settles, never knowing which way or when the next call lands. The version only counts if the stack still resets stacked and quiet after each surprise pivot — if the athlete instead hops or over-rotates to catch balance, remove the pad and drill the unpredictable-call decision alone before adding it back.",,none,"Does the harder version still display the same lesson, or has it changed the problem entirely.",literature_grounded_draft
{{PPBF_ORG_ID}},scl_cf75698538fde6,drl_129b59c4f4dd76,A,False,"Half-kneeling rotational throw against the wall. Kneeling removes footwork and weight-transfer decisions entirely, so the only movement available is hip/torso rotation driving the ball — the athlete cannot cheat the sequence by stepping or loading through the legs. Coach checks that the throw still visibly initiates from the trailing hip rotating open, not the shoulders/arms yanking the ball.",,none,Is the athlete repeating the target behaviour without the coach adding words.,literature_grounded_draft
{{PPBF_ORG_ID}},scl_8918b7a65d0da5,drl_129b59c4f4dd76,B,True,"The drill as designed: standard system level, the intended real demand, no decoration.",,none,Can the athlete still respond to one cue.,authored
{{PPBF_ORG_ID}},scl_1aef60774aec4c,drl_129b59c4f4dd76,C,False,"Standing rotational throw against the wall, but a partner calls the rotation side (left/right) only as the athlete catches the rebound, forcing a split-second base reset before each throw. This adds decision demand and timing disruption on top of the same ground-up sequence — coach still checks that under the added choice/rush, the hips fire first and the arms don't become the starting point of the throw. If the call-and-reset causes the athlete to throw arm-first, the added stress has removed the target behaviour and the drill has failed, not succeeded.",,none,"Does the harder version still display the same lesson, or has it changed the problem entirely.",literature_grounded_draft
{{PPBF_ORG_ID}},scl_d475f9a943361a,drl_472ef7f81f3356,A,False,"Hands fixed on hips for the entire rep, removing the arm-swing coordination variable so the only thing being felt is the dip-and-drive: load into the ankles/knees/hips, then extend fully and land soft on the same spot. This isolates clean triple-extension mechanics and consistent landing position, giving a repeatable ""feel"" of maximal leg drive before arm timing is layered back in, with jump height still logged as the readiness number.",,none,Is the athlete repeating the target behaviour without the coach adding words.,literature_grounded_draft
{{PPBF_ORG_ID}},scl_b5b39ae845ed00,drl_472ef7f81f3356,B,True,"The drill as designed: standard system level, the intended real demand, no decoration.",,none,Can the athlete still respond to one cue.,authored
{{PPBF_ORG_ID}},scl_20c7c095debfb3,drl_472ef7f81f3356,C,False,"Jump is triggered by an unpredictable auditory cue (coach calls ""up"" at a random moment) rather than on the athlete's own rhythm, forcing a reaction-then-max-extension decision instead of a self-paced countermovement. Height/readiness is logged for this reactive rep alongside the athlete's self-timed baseline number from the same session — the comparison is the added stress, not a change to what's being measured, so the jump still has to show full, clean extension to count.",,none,"Does the harder version still display the same lesson, or has it changed the problem entirely.",literature_grounded_draft
{{PPBF_ORG_ID}},scl_83df010081f8fc,drl_f472a511f53d54,A,False,"Anchor the band at hip height and hold the anti-rotation stance with feet static and hands stationary at the sternum (no press-out) — a light, steady lateral pull only. Simplified picture: constant, predictable load and no upper-body task, so the athlete feels the obliques/lats lock the ribcage over the pelvis and can groove that bracing pattern cleanly before anything else is added.",,none,Is the athlete repeating the target behaviour without the coach adding words.,literature_grounded_draft
{{PPBF_ORG_ID}},scl_a29c73e1e05a89,drl_f472a511f53d54,B,True,"The drill as designed: standard system level, the intended real demand, no decoration.",,none,Can the athlete still respond to one cue.,authored
{{PPBF_ORG_ID}},scl_efc3d0913b0a7e,drl_f472a511f53d54,C,False,"Same stance, but the coach delivers the band pull as random unannounced yanks (varying angle and timing) while the athlete performs a slow overhead press or reaches across the body with the free hand. Added stress: unpredictable perturbation plus a competing upper-body task force a decision on when to re-brace — the trunk must still refuse to rotate under both load types, or the rep doesn't count.",,none,"Does the harder version still display the same lesson, or has it changed the problem entirely.",literature_grounded_draft
{{PPBF_ORG_ID}},scl_b73d47d9a9f290,drl_d0af795c388a24,A,False,"Carry two matched dumbbells (even load, symmetrical) for a short, flat, straight-line distance with a mirror or wall reference at the far end. Athlete sets the brace and checks shoulder level before the first step, then repeats the same clean line each pass so the picture of ""braced trunk, level shoulders"" is unmistakable.",,none,Is the athlete repeating the target behaviour without the coach adding words.,literature_grounded_draft
{{PPBF_ORG_ID}},scl_0849f13cffa0f6,drl_d0af795c388a24,B,True,"The drill as designed: standard system level, the intended real demand, no decoration.",,none,Can the athlete still respond to one cue.,authored
{{PPBF_ORG_ID}},scl_f70db392e2a2d6,drl_d0af795c388a24,C,False,"Switch to a single-arm suitcase carry (asymmetric load) over uneven or varied terrain, with random direction-change or grip-switch calls mid-carry. The athlete must now decide, moment to moment, how to re-brace and re-level the shoulders against the pull of the offset load — same target behaviour, but demanded under an added decision load rather than just fatigue.",,none,"Does the harder version still display the same lesson, or has it changed the problem entirely.",literature_grounded_draft
{{PPBF_ORG_ID}},scl_bb99180fce58c5,drl_af8541eacc70e5,A,False,"Pad holder stays in one fixed spot directly in front of the athlete and calls a single pre-set 2-punch combination on repeat. Range and target height are set once at the start and held constant, so the athlete only has to groove the seated mechanics — hip turn, extension, retraction — without any adjustment problem to solve.",,light_technical,Is the athlete repeating the target behaviour without the coach adding words.,literature_grounded_draft
{{PPBF_ORG_ID}},scl_12613c1cd8d48f,drl_af8541eacc70e5,B,True,"The drill as designed: standard system level, the intended real demand, no decoration.",,light_technical,Can the athlete still respond to one cue.,authored
{{PPBF_ORG_ID}},scl_7199bacc6f1f98,drl_af8541eacc70e5,C,False,"Pad holder shifts position and pad height between every combination (closer/farther, higher/lower relative to the athlete's seated centerline) and delays the visual cue so the athlete must read the new range and target before selecting and firing the combination. Athlete must stay seated throughout — no standing or scooting to close distance — so the lesson stays ""recalibrate range/height to self while grounded,"" not footwork.",,light_technical,"Does the harder version still display the same lesson, or has it changed the problem entirely.",literature_grounded_draft
{{PPBF_ORG_ID}},scl_0fa532c9f6775f,drl_47df49e2316ef0,A,False,"Athlete stands stationary in front of a heavy bag or coach-held mitt, working arm only, with the non-working arm locked in the redistributed guard position (elbow tucked, hand at temple covering the now-exposed side). Coach feeds one predictable strike-and-return line (e.g., single-arm jab-jab) at a fixed target, so the athlete repeats the guard redistribution and one-armed return-to-guard cleanly without footwork or angle changes to manage.",,light_technical,Is the athlete repeating the target behaviour without the coach adding words.,literature_grounded_draft
{{PPBF_ORG_ID}},scl_fe6bbc54059c71,drl_47df49e2316ef0,B,True,"The drill as designed: standard system level, the intended real demand, no decoration.",,light_technical,Can the athlete still respond to one cue.,authored
{{PPBF_ORG_ID}},scl_786b07857d0a7a,drl_47df49e2316ef0,C,False,"Partner on mitts/pads moves laterally and throws return taps at varied angles and unpredictable timing, forcing the athlete to reposition footwork and re-set the redistributed guard on the move while still throwing only with the working arm. Add a called ""switch"" cue mid-exchange (partner calls a new angle or feints toward the exposed side) so the athlete must decide, under time pressure, how to re-cover with the single guard arm rather than reverting to a two-arm guard — if the redistribution collapses back to habitual two-arm covering, the drill has failed regardless of output landed.",,light_technical,"Does the harder version still display the same lesson, or has it changed the problem entirely.",literature_grounded_draft
{{PPBF_ORG_ID}},scl_14bad498f409cf,drl_c11293701ebdec,A,False,"Athlete keeps one hand resting on a fixed rail or wall and performs a single, predictable footwork pattern (e.g., step-together shuffle straight forward and back) at a steady, unchanging rhythm. No direction changes or choices are introduced — the picture is reduced to ""maintain light aid contact while stepping cleanly,"" so the aid-assisted footwork behaviour is easy to feel and repeat correctly.",,none,Is the athlete repeating the target behaviour without the coach adding words.,literature_grounded_draft
{{PPBF_ORG_ID}},scl_f50102764b917a,drl_c11293701ebdec,B,True,"The drill as designed: standard system level, the intended real demand, no decoration.",,none,Can the athlete still respond to one cue.,authored
{{PPBF_ORG_ID}},scl_6a6a787af346d8,drl_c11293701ebdec,C,False,"The stability aid becomes a moving target instead of a fixed one — a partner's hand or shoulder that shifts position every few steps — while a caller shouts directional changes (left, pivot, back) that the athlete must read and answer with the correct footwork pattern. The athlete must keep finding and maintaining light contact with the relocating aid mid-pattern, adding a genuine decision/tracking demand without ever removing the stability-aid-assisted footwork itself.",,none,"Does the harder version still display the same lesson, or has it changed the problem entirely.",literature_grounded_draft
{{PPBF_ORG_ID}},scl_81ae64330165af,drl_06673587c434a7,A,False,"Coach uses one single, fixed cue in the agreed channel (e.g. one tap on the shoulder for jab, or one static visual hand-signal for slip) delivered from a stationary, face-on position with a pause before and after. Athlete performs the single response, coach confirms clean reception before repeating — no combinations, no coach movement, no second cue until the first is confirmed.",,light_technical,Is the athlete repeating the target behaviour without the coach adding words.,literature_grounded_draft
{{PPBF_ORG_ID}},scl_ee658aae5eea8b,drl_06673587c434a7,B,True,"The drill as designed: standard system level, the intended real demand, no decoration.",,light_technical,Can the athlete still respond to one cue.,authored
{{PPBF_ORG_ID}},scl_185c6e644d97b2,drl_06673587c434a7,C,False,"Coach keeps the same agreed channel as the sole cue for action but now delivers it while moving/repositioning around the athlete, layers in a competing distractor stimulus in a *different* channel that must be ignored (e.g. a visible hand-flash while the real cue is a tactile tap), and varies timing/placement so the athlete must actively discriminate the correct signal from noise. Athlete must still correctly identify and execute via the same adapted channel — if the drill switches the primary channel or removes the discrimination requirement, revert, as that erases the target behaviour.",,light_technical,"Does the harder version still display the same lesson, or has it changed the problem entirely.",literature_grounded_draft
{{PPBF_ORG_ID}},scl_0767af8d7ed6fa,drl_681a54fa579bb1,A,False,"Drop to three fixed stations (bag, rope, bodyweight) run in a set, unchanging order with the coach calling every transition. Athlete performs one movement pattern per station (e.g., jab-cross only on the bag, basic bounce on the rope) so the only job is clean output at a known pace — no station choice, no pattern mixing.",,none,Is the athlete repeating the target behaviour without the coach adding words.,literature_grounded_draft
{{PPBF_ORG_ID}},scl_aab0392056e2f2,drl_681a54fa579bb1,B,True,"The drill as designed: standard system level, the intended real demand, no decoration.",,none,Can the athlete still respond to one cue.,authored
{{PPBF_ORG_ID}},scl_59c28b64d8ae1f,drl_681a54fa579bb1,C,False,"Same three stations, but station order and movement pattern are called at random and can change mid-station, forcing the athlete to decide what to switch to and when without breaking output quality or footwork. Add a second callout (e.g., combo number or tempo change) layered on top so they're making two decisions at once — the behaviour tested is still clean non-contact conditioning, just under decision load instead of a fixed script.",,none,"Does the harder version still display the same lesson, or has it changed the problem entirely.",literature_grounded_draft
{{PPBF_ORG_ID}},scl_d83005e37648ad,drl_146f4afdc88839,A,False,"Athlete drills a single combination (e.g., jab-cross) on a stationary heavy bag or a pad held dead-still by the coach, self-paced, no footwork demand. This isolates the technical shape — stance, hip turn, hand return — so the athlete feels and repeats the clean picture before any movement or decision-making is added.",,none,Is the athlete repeating the target behaviour without the coach adding words.,literature_grounded_draft
{{PPBF_ORG_ID}},scl_08ce61758a7e0c,drl_146f4afdc88839,B,True,"The drill as designed: standard system level, the intended real demand, no decoration.",,none,Can the athlete still respond to one cue.,authored
{{PPBF_ORG_ID}},scl_550f8ca954ebff,drl_146f4afdc88839,C,False,"Same combinations, now on pads fed with randomized calls and slight lateral movement from the coach, plus a verbal distractor (coach counting, calling out unrelated numbers) to force the athlete to select and execute technique under mental load. Still zero contact and no scoring or opponent — the lesson stays ""technique for its own sake,"" just made harder by decision and disruption, not by introducing any progression toward contact.",,none,"Does the harder version still display the same lesson, or has it changed the problem entirely.",literature_grounded_draft
